multi_target_guides	single_mismatch_guides	pam_distal_single_mismatch_guides	pam_distal_double_mismatch_guides	guides_not_target_anywhere	guides_not_target_exon
sgABCB10_1	sgAADACL2_1	NA	sgA4GNT_1	sgAGAP3_3	sgABHD11_4
sgABCC6_1	sgAAMDC_1	NA	sgABCA6_2	sgCBLB_1	sgABI3BP_3
sgABCC6_2	sgAANAT_1	NA	sgACAT2_2	sgCBWD6_3	sgABLIM1_3
sgABCC6_3	sgAARSD1_2	NA	sgACOT1_2	sgCGB7_3	sgABLIM2_2
sgABCC6_4	sgAASDHPPT_4	NA	sgACP2_1	sgCLIC6_3	sgACD_4
sgABCE1_1	sgABAT_4	NA	sgACP2_2	sgDNAJC10_4	sgADAM15_4
sgABCG1_3	sgABCA9_3	NA	sgANKRD50_3	sgDPEP2_2	sgADAM20_2
sgABHD17A_1	sgABCB10_4	NA	sgANKS4B_3	sgF5_1	sgADAM21_3
sgABHD17A_2	sgABCB5_2	NA	sgAP1AR_3	sgGDF15_3	sgADAM8_4
sgABHD17A_3	sgABCC8_2	NA	sgAP2M1_3	sgHLA-B_2	sgADCY5_4
sgABHD17A_4	sgABCE1_3	NA	sgAPOBEC1_1	sgHLA-DRB1_2	sgAEBP2_2
sgABHD17C_1	sgABHD14A_1	NA	sgARCN1_1	sgHTRA1_3	sgAGT_1
sgACAA2_3	sgABHD16A_3	NA	sgARL8B_4	sgLAMTOR5_2	sgALOX12_4
sgACAA2_4	sgABT1_3	NA	sgASGR1_1	sgMCPH1_2	sgALPK3_1
sgACKR4_1	sgACCSL_3	NA	sgATF7_1	sgMRPS15_3	sgALPK3_3
sgACKR4_2	sgACER2_2	NA	sgATP6V1G2_1	sgNFXL1_2	sgALPK3_4
sgACKR4_3	sgACER2_3	NA	sgATP7B_2	sgNLRP11_3	sgANAPC7_1
sgACKR4_4	sgACER3_3	NA	sgBAHD1_1	sgOAS1_3	sgANAPC7_3
sgACO2_2	sgACER3_4	NA	sgBASP1_3	sgOR10J1_2	sgANK1_1
sgACO2_3	sgACKR2_3	NA	sgBCL7A_3	sgPDHX_4	sgANK1_2
sgACOT1_1	sgACOT13_2	NA	sgBLK_2	sgPDIA3_3	sgANK1_3
sgACOT4_2	sgACOT1_3	NA	sgBMI1_4	sgPLBD1_4	sgANK1_4
sgACOT4_4	sgACOT1_4	NA	sgC10orf82_3	sgPOTEM_1	sgANKRD2_4
sgACSM2A_1	sgACOT2_2	NA	sgC19orf84_2	sgRBMS3_1	sgANKRD33_3
sgACSM2A_2	sgACOT2_3	NA	sgC19orf84_3	sgSLC2A11_4	sgANKRD66_1
sgACSM2A_3	sgACOT4_3	NA	sgC1orf106_2	sgSMARCAD1_3	sgANKRD66_4
sgACSM5_1	sgACOT7_4	NA	sgC1orf146_1	sgSUGP2_1	sgANO7_2
sgACTB_1	sgACOT8_2	NA	sgC1orf210_3	sgTBC1D4_2	sgANO7_4
sgACTG1_1	sgACOX1_2	NA	sgC1orf226_1	sgTXNDC11_3	sgAOAH_2
sgACTG1_2	sgACPP_1	NA	sgC3orf38_4	sgZFPM1_1	sgAPOPT1_2
sgACTR1A_1	sgACRBP_1	NA	sgC3orf70_4	sgZNF280A_4	sgAPOPT1_3
sgACTR2_4	sgACSBG2_1	NA	sgCABS1_1	sgZNF768_4	sgAPTX_1
sgACTR3B_1	sgACSBG2_2	NA	sgCARTPT_4	NA	sgAPTX_4
sgACTR3B_2	sgACSL3_4	NA	sgCBLC_2	NA	sgARHGAP22_1
sgACTR3B_3	sgACSM2A_4	NA	sgCCAR2_1	NA	sgARL16_2
sgACTR3B_4	sgACSM2B_1	NA	sgCCDC125_2	NA	sgARL16_3
sgACTR3C_1	sgACSM2B_3	NA	sgCCDC39_4	NA	sgARL16_4
sgACTR3C_2	sgACSM2B_4	NA	sgCCDC3_1	NA	sgARRDC2_2
sgACTR5_1	sgACSM3_2	NA	sgCCDC42_4	NA	sgARRDC4_3
sgADAM21_2	sgACSM4_4	NA	sgCCDC63_4	NA	sgASAH1_2
sgADAM21_4	sgACSM6_1	NA	sgCDC42BPA_3	NA	sgASAH1_3
sgADAMTS2_2	sgACTA1_1	NA	sgCDHR5_3	NA	sgASIC2_1
sgADAMTS7_1	sgACTB_4	NA	sgCDK4_2	NA	sgASIC2_2
sgADAMTS7_3	sgACTC1_4	NA	sgCDKL3_4	NA	sgASIC2_3
sgADAMTS7_4	sgACTG1_4	NA	sgCEACAM7_1	NA	sgASIC2_4
sgADD1_1	sgACTN2_1	NA	sgCEP68_3	NA	sgASPH_1
sgADD1_3	sgACTN4_2	NA	sgCEP85_1	NA	sgASPRV1_1
sgADH1B_1	sgACTN4_3	NA	sgCHMP1A_2	NA	sgATP6V0E2_1
sgADH5_2	sgACTR10_4	NA	sgCHMP4C_4	NA	sgATP6V0E2_2
sgADH5_4	sgACTR2_1	NA	sgCHN2_2	NA	sgATXN7_3
sgADRBK2_4	sgACTR3B_5	NA	sgCHST4_3	NA	sgBCAS4_1
sgAFG3L2_1	sgACTR3B_6	NA	sgCIT_3	NA	sgBCAS4_3
sgAFG3L2_3	sgACTR3C_3	NA	sgCLEC12B_4	NA	sgBFSP2_4
sgAGAP4_1	sgACTR3C_4	NA	sgCNGA1_3	NA	sgBNIP2_1
sgAGAP4_2	sgACTR3_2	NA	sgCNIH1_2	NA	sgBNIP2_3
sgAGAP4_3	sgACTR8_4	NA	sgCNN2_3	NA	sgBNIP2_4
sgAGAP4_4	sgACVR1_2	NA	sgCOPE_1	NA	sgBPTF_4
sgAGAP5_1	sgADAM11_1	NA	sgCOX15_1	NA	sgBTBD11_1
sgAGAP5_2	sgADAM15_1	NA	sgCOX18_1	NA	sgC10orf113_1
sgAGAP5_3	sgADAM20_3	NA	sgCPSF3_2	NA	sgC10orf113_2
sgAGAP5_4	sgADAM23_3	NA	sgCRIP2_3	NA	sgC10orf113_3
sgAGAP5_5	sgADAM29_4	NA	sgCRISP2_3	NA	sgC10orf113_4
sgAGAP5_6	sgADAM32_3	NA	sgCRYBB3_3	NA	sgC10orf11_2
sgAGAP5_7	sgADAM8_1	NA	sgCRYGA_2	NA	sgC10orf95_1
sgAGAP5_8	sgADAMTS7_2	NA	sgCTLA4_2	NA	sgC10orf95_4
sgAGAP6_1	sgADAMTSL1_3	NA	sgCXCR1_2	NA	sgC11orf21_1
sgAGAP6_2	sgADAMTSL3_4	NA	sgCYFIP1_4	NA	sgC11orf21_2
sgAGAP6_6	sgADAMTSL4_4	NA	sgCYP11B2_2	NA	sgC11orf80_1
sgAGAP9_1	sgADAT1_1	NA	sgCYP2R1_4	NA	sgC11orf80_3
sgAGAP9_2	sgADAT1_2	NA	sgDCAF8_3	NA	sgC12orf43_1
sgAGAP9_3	sgADAT3_3	NA	sgDHX15_3	NA	sgC12orf76_1
sgAGAP9_4	sgADCY1_1	NA	sgDIXDC1_1	NA	sgC12orf76_3
sgAGAP9_6	sgADCYAP1_1	NA	sgDNAJB13_1	NA	sgC12orf76_4
sgAGAP9_8	sgADD2_3	NA	sgDNAJC28_2	NA	sgC16orf62_2
sgAGBL2_1	sgADH1A_2	NA	sgDOHH_1	NA	sgC19orf47_1
sgAHCTF1_1	sgADH1A_4	NA	sgEFCAB3_3	NA	sgC1QTNF2_2
sgAHCTF1_3	sgADH1B_2	NA	sgEGFL8_1	NA	sgC1orf162_2
sgAHCTF1_4	sgADH1B_4	NA	sgEGLN2_1	NA	sgC20orf202_3
sgAHCY_2	sgADH4_3	NA	sgEID2_3	NA	sgC20orf202_4
sgAHCY_3	sgADH5_3	NA	sgELL2_3	NA	sgC21orf58_1
sgAHNAK2_2	sgADIPOR1_1	NA	sgENDOD1_4	NA	sgC22orf39_4
sgAHNAK2_4	sgADIPOR1_4	NA	sgERV3-1_4	NA	sgC2orf15_1
sgAHNAK2_5	sgADIPOR2_2	NA	sgESCO2_2	NA	sgC2orf15_2
sgAIDA_2	sgADK_1	NA	sgEXOSC10_2	NA	sgC2orf48_1
sgAIDA_3	sgADORA2B_4	NA	sgFAF2_1	NA	sgC2orf48_2
sgAIDA_4	sgADORA3_1	NA	sgFAM134B_2	NA	sgC2orf48_3
sgAIMP2_3	sgADPGK_3	NA	sgFAS_2	NA	sgC2orf48_4
sgAK2_1	sgADRA2A_3	NA	sgFKBP4_4	NA	sgC2orf66_1
sgAK2_2	sgADRA2C_4	NA	sgFOXJ3_1	NA	sgC2orf66_3
sgAK2_3	sgADRB1_2	NA	sgGAB4_4	NA	sgC4orf45_4
sgAK2_4	sgADSS_4	NA	sgGDAP2_2	NA	sgC5orf58_1
sgAK3_1	sgAEN_3	NA	sgGIMAP5_2	NA	sgC5orf58_2
sgAK3_3	sgAEN_4	NA	sgGMPPB_1	NA	sgC5orf58_3
sgAK4_2	sgAFAP1L1_2	NA	sgGPATCH2L_2	NA	sgC6orf1_1
sgAK4_3	sgAFG3L2_4	NA	sgGPR160_4	NA	sgC9orf47_1
sgAK4_4	sgAGAP6_3	NA	sgGPR161_2	NA	sgC9orf47_2
sgAK6_1	sgAGAP6_4	NA	sgGPR171_4	NA	sgC9orf47_3
sgAK6_3	sgAGAP6_5	NA	sgGRAMD1B_3	NA	sgC9orf47_4
sgAKR1B15_3	sgAGAP6_7	NA	sgGSTA3_1	NA	sgC9orf57_1
sgAKR1B15_4	sgAGAP9_5	NA	sgHCRTR1_1	NA	sgC9orf57_5
sgAKR1B1_1	sgAGAP9_7	NA	sgHDGFL1_3	NA	sgC9orf84_1
sgAKR1C1_4	sgAGA_1	NA	sgHERPUD2_2	NA	sgC9orf84_2
sgAKR1C1_5	sgAGA_4	NA	sgHMGN3_2	NA	sgCALD1_2
sgAKR1C2_6	sgAHNAK2_1	NA	sgHR_2	NA	sgCAPRIN2_1
sgAKR1C2_7	sgAHNAK2_3	NA	sgHSPD1_3	NA	sgCAPRIN2_4
sgAKR7A3_1	sgAHSA1_3	NA	sgID4_4	NA	sgCAPS2_3
sgAKR7A3_4	sgAIF1L_2	NA	sgIFNLR1_2	NA	sgCCDC136_2
sgAKTIP_2	sgAIF1_1	NA	sgIL16_4	NA	sgCCDC136_4
sgAKTIP_4	sgAIFM2_1	NA	sgIL27RA_1	NA	sgCCDC149_1
sgALDH7A1_4	sgAIM2_3	NA	sgINHBC_1	NA	sgCCDC14_2
sgALG10_1	sgAIMP2_2	NA	sgINSL5_4	NA	sgCCDC14_3
sgALG3_2	sgAIPL1_3	NA	sgIQCE_1	NA	sgCCDC169_2
sgALOX15_2	sgAIPL1_4	NA	sgIQGAP3_4	NA	sgCCDC185_3
sgALOX15_3	sgAIP_1	NA	sgIRF2BP1_4	NA	sgCCDC28A_1
sgALPPL2_4	sgAIP_4	NA	sgIRF8_4	NA	sgCCDC28A_2
sgAMBN_4	sgAKAP5_1	NA	sgITGB5_1	NA	sgCCDC28A_3
sgAMBN_5	sgAKAP5_2	NA	sgIVD_2	NA	sgCCDC28A_4
sgAMD1_1	sgAKAP8_4	NA	sgKANK4_2	NA	sgCCDC74B_3
sgAMD1_3	sgAKAP9_3	NA	sgKCNIP3_1	NA	sgCDH26_1
sgAMPD1_1	sgAKIRIN1_4	NA	sgKCNN2_3	NA	sgCDH3_4
sgAMY1A_1	sgAKNA_4	NA	sgKIAA0753_2	NA	sgCDKN2A_1
sgAMY1A_2	sgAKR1B10_1	NA	sgKIAA1407_2	NA	sgCDKN2A_2
sgAMY1A_3	sgAKR1B10_2	NA	sgKIF5B_3	NA	sgCDKN2A_3
sgAMY1A_4	sgAKR1B10_3	NA	sgKRI1_3	NA	sgCDKN2A_4
sgAMY1B_1	sgAKR1B10_4	NA	sgKRT6A_3	NA	sgCENPC_1
sgAMY1B_2	sgAKR1B15_1	NA	sgLMAN1_2	NA	sgCENPM_1
sgAMY1B_3	sgAKR1B15_2	NA	sgLMO7_4	NA	sgCENPM_3
sgAMY1B_4	sgAKR1B1_3	NA	sgLY6E_3	NA	sgCENPM_4
sgAMY1C_1	sgAKR1C1_1	NA	sgMALT1_4	NA	sgCEP112_2
sgAMY1C_2	sgAKR1C1_2	NA	sgMAP7_3	NA	sgCEP112_4
sgAMY1C_3	sgAKR1C1_3	NA	sgMEAF6_3	NA	sgCEP19_1
sgAMY1C_4	sgAKR1C2_1	NA	sgMED25_1	NA	sgCERS2_3
sgAMY2A_2	sgAKR1C2_2	NA	sgMETTL20_2	NA	sgCERS5_4
sgAMY2A_4	sgAKR1C3_1	NA	sgMGAT1_2	NA	sgCES2_4
sgAMY2A_5	sgAKR1C3_2	NA	sgMNT_2	NA	sgCFC1B_1
sgAMY2A_6	sgAKR1C4_2	NA	sgMPHOSPH10_3	NA	sgCFC1B_2
sgAMY2B_2	sgAKR1C4_4	NA	sgMRAP2_4	NA	sgCFC1B_4
sgAMY2B_3	sgAKR1D1_1	NA	sgMRGPRX2_1	NA	sgCGB7_2
sgAMY2B_4	sgAKT1S1_4	NA	sgMTMR3_4	NA	sgCHAC1_1
sgAMY2B_5	sgAKT2_2	NA	sgMX1_3	NA	sgCHAC1_2
sgAMZ2_3	sgAKTIP_1	NA	sgMYH9_3	NA	sgCHMP4A_2
sgANAPC10_1	sgAKTIP_3	NA	sgNAF1_3	NA	sgCHMP4A_4
sgANAPC10_2	sgALB_2	NA	sgNAV2_3	NA	sgCHN1_1
sgANAPC15_4	sgALDH1A2_3	NA	sgNCEH1_1	NA	sgCHN1_2
sgANAPC1_1	sgALDH3B2_2	NA	sgNCOA2_4	NA	sgCHN1_3
sgANAPC1_2	sgALDH3B2_4	NA	sgNEB_2	NA	sgCHURC1_1
sgANAPC1_3	sgALDH7A1_3	NA	sgNFE2_3	NA	sgCHURC1_2
sgANAPC1_4	sgALDOA_1	NA	sgNFKBIB_3	NA	sgCHURC1_3
sgANKRD18A_3	sgALDOB_2	NA	sgNIN_3	NA	sgCIC_2
sgANKRD20A1_1	sgALG10B_1	NA	sgNKX6-1_4	NA	sgCLDN10_1
sgANKRD20A1_2	sgALG10_2	NA	sgNLE1_1	NA	sgCLDN10_2
sgANKRD20A1_3	sgALG10_4	NA	sgNOSTRIN_2	NA	sgCLDN10_3
sgANKRD20A1_4	sgALKBH2_3	NA	sgNPRL2_2	NA	sgCLDN10_4
sgANKRD30A_2	sgALKBH8_2	NA	sgNRDE2_2	NA	sgCLDN16_1
sgANKRD30A_3	sgALOX15_1	NA	sgNT5C3A_3	NA	sgCLDN16_2
sgANKRD36_2	sgALPI_1	NA	sgNTAN1_1	NA	sgCLDND1_3
sgANKRD36_3	sgALPK2_1	NA	sgNYAP2_2	NA	sgCLEC3A_2
sgANKRD36_4	sgALPPL2_1	NA	sgOASL_1	NA	sgCLEC3A_4
sgANKRD36_5	sgALPP_3	NA	sgOGFRL1_2	NA	sgCMSS1_1
sgANKRD36_6	sgAMD1_2	NA	sgOR10A7_3	NA	sgCOG5_4
sgANKRD36_7	sgAMDHD1_4	NA	sgOR14J1_1	NA	sgCOL9A1_4
sgANKRD36_8	sgAMICA1_3	NA	sgOR2M2_1	NA	sgCOLEC11_1
sgANP32A_1	sgAMMECR1L_4	NA	sgOR4D10_2	NA	sgCOLEC11_4
sgANP32A_2	sgAMOTL1_2	NA	sgOR51S1_2	NA	sgCOX7A2_1
sgANP32B_1	sgAMPD3_3	NA	sgOR8G5_4	NA	sgCOX7A2_2
sgANTXRL_2	sgAMY2A_1	NA	sgOSBPL9_1	NA	sgCOX7A2_3
sgANXA2_1	sgAMY2A_3	NA	sgPAK4_3	NA	sgCOX7A2_4
sgANXA2_3	sgAMY2A_7	NA	sgPDE6D_4	NA	sgCREB5_4
sgANXA2_4	sgAMZ1_3	NA	sgPGPEP1_2	NA	sgCRLS1_3
sgANXA8L1_2	sgAMZ2_4	NA	sgPJA2_4	NA	sgCSPP1_1
sgANXA8L1_3	sgANAPC10_4	NA	sgPLIN1_4	NA	sgCTAGE5_5
sgANXA8L1_4	sgANGEL1_1	NA	sgPOC1A_4	NA	sgCTHRC1_1
sgANXA8L1_5	sgANGPT4_2	NA	sgPRAMEF20_2	NA	sgCTXN3_4
sgANXA8L1_6	sgANGPTL1_1	NA	sgPRIMPOL_4	NA	sgCXCL14_3
sgANXA8L1_8	sgANG_3	NA	sgPRODH_2	NA	sgCXCL16_3
sgANXA8_2	sgANKAR_2	NA	sgPRPF4B_1	NA	sgCXCL16_4
sgANXA8_3	sgANKHD1_2	NA	sgPRSS8_4	NA	sgCYB561D1_4
sgANXA8_4	sgANKK1_4	NA	sgPSMA8_1	NA	sgCYP3A43_2
sgANXA8_6	sgANKRD11_3	NA	sgPTGDS_3	NA	sgDCAF13_1
sgAOC3_3	sgANKRD18A_1	NA	sgPTH_4	NA	sgDCAF13_3
sgAP3S1_1	sgANKRD18A_4	NA	sgPTN_4	NA	sgDCAF13_4
sgAP3S1_2	sgANKRD26_3	NA	sgPTPRN_1	NA	sgDDX27_3
sgAP3S1_3	sgANKRD2_1	NA	sgPYY_3	NA	sgDDX31_1
sgAP3S1_4	sgANKRD30B_1	NA	sgRAB2B_4	NA	sgDDX31_4
sgAP4S1_3	sgANKRD30B_2	NA	sgRABL6_3	NA	sgDEFB110_1
sgAP4S1_4	sgANKRD33B_3	NA	sgRADIL_3	NA	sgDEFB110_2
sgAPBA2_2	sgANKRD34C_2	NA	sgRASSF9_4	NA	sgDEFB110_4
sgAPI5_4	sgANKRD34C_4	NA	sgRBM8A_2	NA	sgDEFB112_3
sgAPIP_1	sgANKRD36_1	NA	sgRBP4_3	NA	sgDEFB131_1
sgAPOBEC3A_1	sgANKRD49_3	NA	sgRFXANK_1	NA	sgDENND2D_1
sgAPOBEC3A_2	sgANKRD49_4	NA	sgRHBDL3_2	NA	sgDIS3_2
sgAPOBEC3B_1	sgANKRD50_1	NA	sgRNF212B_1	NA	sgDIXDC1_3
sgAPOBEC3B_2	sgANKRD54_2	NA	sgRNF216_4	NA	sgDLG1_2
sgAPOBEC3B_5	sgANKRD7_3	NA	sgRPL34_4	NA	sgDLG2_1
sgAPOBEC3B_6	sgANKS6_4	NA	sgRTP4_4	NA	sgDMKN_1
sgAPOBEC3F_2	sgANO10_2	NA	sgSAMD10_1	NA	sgDMKN_2
sgAPOBEC3F_3	sgANO1_1	NA	sgSCN2B_4	NA	sgDMKN_3
sgAPOBEC3F_4	sgANP32B_4	NA	sgSERPINB4_4	NA	sgDNAJB12_2
sgAPOBEC3F_5	sgANP32D_4	NA	sgSETDB1_4	NA	sgDNAJB12_4
sgAPOBEC3F_6	sgANTXRL_1	NA	sgSEZ6L_4	NA	sgDPEP3_3
sgAPOBEC3G_2	sgANXA10_2	NA	sgSFMBT2_2	NA	sgDPY19L1_1
sgAPOBEC3G_4	sgANXA2_2	NA	sgSFTPA2_3	NA	sgDPY19L1_2
sgAPOBEC3G_7	sgANXA8L1_1	NA	sgSHISA6_3	NA	sgDPYSL3_1
sgAPOC1_1	sgANXA8L1_7	NA	sgSLC25A15_1	NA	sgDRD3_2
sgAPOC1_3	sgANXA8_1	NA	sgSLC2A10_3	NA	sgDST_1
sgAQP10_1	sgANXA8_5	NA	sgSLC2A5_1	NA	sgDST_2
sgAQP10_2	sgANXA9_4	NA	sgSLC3A2_4	NA	sgDST_4
sgAQP10_3	sgAOAH_4	NA	sgSLC9A2_4	NA	sgDYRK1A_1
sgAQP10_4	sgAOC1_4	NA	sgSLFN12_4	NA	sgDYSF_2
sgAQP12B_1	sgAOC3_1	NA	sgSLFN5_4	NA	sgDYSF_3
sgAQP12B_2	sgAP2B1_1	NA	sgSMARCE1_1	NA	sgEDARADD_3
sgAQP12B_3	sgAP2B1_2	NA	sgSMCO4_4	NA	sgEGR3_3
sgAQP12B_4	sgAP3D1_4	NA	sgSMG6_4	NA	sgEGR4_3
sgAQP7_1	sgAP3M2_3	NA	sgSMIM4_3	NA	sgEIF6_1
sgAQP7_2	sgAP4S1_2	NA	sgSPACA3_4	NA	sgEIF6_3
sgARF1_4	sgAPBA2_3	NA	sgSPIB_2	NA	sgEML2_2
sgARF4_1	sgAPBA3_3	NA	sgSPRYD4_2	NA	sgEML2_4
sgARF6_2	sgAPCS_3	NA	sgST6GALNAC1_2	NA	sgEML2_5
sgARF6_3	sgAPI5_3	NA	sgSTPG2_1	NA	sgEML2_8
sgARG2_1	sgAPIP_2	NA	sgSTX2_2	NA	sgEPB41L1_1
sgARGFX_3	sgAPIP_4	NA	sgSYNC_4	NA	sgEPB41L1_4
sgARGLU1_2	sgAPITD1_4	NA	sgTASP1_3	NA	sgEPHA6_3
sgARHGAP11A_2	sgAPLF_1	NA	sgTEDDM1_3	NA	sgERN2_2
sgARHGAP11A_3	sgAPOA1BP_2	NA	sgTEX9_1	NA	sgERN2_3
sgARHGAP11A_5	sgAPOA1BP_4	NA	sgTHAP5_2	NA	sgESYT2_2
sgARHGAP11B_2	sgAPOA4_2	NA	sgTHEMIS2_3	NA	sgESYT2_3
sgARHGAP11B_3	sgAPOBEC3B_3	NA	sgTIMM10_4	NA	sgETNK1_2
sgARHGAP11B_4	sgAPOBEC3B_4	NA	sgTLDC2_3	NA	sgETNK1_3
sgARHGAP21_2	sgAPOBEC3D_3	NA	sgTLN2_1	NA	sgETNK1_4
sgARHGAP21_3	sgAPOBEC3F_1	NA	sgTMC1_1	NA	sgEVI5_1
sgARHGAP23_2	sgAPOC1_2	NA	sgTMCO2_2	NA	sgEVI5_2
sgARHGAP26_2	sgAPOC1_4	NA	sgTMEM64_2	NA	sgEVI5_3
sgARHGAP5_3	sgAPOF_2	NA	sgTMPRSS11F_1	NA	sgFAM161B_1
sgARHGEF35_2	sgAPOL1_3	NA	sgTNFSF14_4	NA	sgFAM19A5_1
sgARHGEF5_1	sgAPOL1_4	NA	sgTP53INP1_3	NA	sgFAM19A5_4
sgARID3B_1	sgAPOLD1_3	NA	sgTPD52_4	NA	sgFAM213B_1
sgARID3B_2	sgAQP7_3	NA	sgTRIQK_3	NA	sgFAM47E_1
sgARID3B_4	sgAQP7_4	NA	sgTSC1_1	NA	sgFAM47E_2
sgARIH2_1	sgARF1_1	NA	sgTTC27_3	NA	sgFAM47E_7
sgARL17A_1	sgARF1_3	NA	sgTWSG1_4	NA	sgFBRSL1_1
sgARL17A_2	sgARF4_3	NA	sgUBE3A_3	NA	sgFGF2_1
sgARL17A_3	sgARF6_4	NA	sgULBP1_3	NA	sgFGF2_2
sgARL17A_4	sgARFGEF2_2	NA	sgUNC13C_3	NA	sgFGF2_3
sgARL17B_1	sgARGFX_2	NA	sgUSP1_4	NA	sgFGF2_4
sgARL17B_2	sgARHGAP10_2	NA	sgUSP49_3	NA	sgFGFR2_4
sgARL17B_3	sgARHGAP11A_1	NA	sgUSP50_4	NA	sgFLAD1_1
sgARL17B_4	sgARHGAP11A_4	NA	sgVGF_2	NA	sgFLVCR2_4
sgARL2BP_1	sgARHGAP11B_1	NA	sgWBP2_2	NA	sgFRMD3_1
sgARL2BP_2	sgARHGAP18_3	NA	sgZBBX_1	NA	sgFRMD3_2
sgARL4A_1	sgARHGAP21_4	NA	sgZBTB32_2	NA	sgFRMD3_3
sgARL4A_3	sgARHGAP23_3	NA	sgZBTB7B_3	NA	sgFRRS1L_2
sgARL4A_4	sgARHGAP23_4	NA	sgZCCHC11_3	NA	sgFSIP2_3
sgARL5A_2	sgARHGAP27_3	NA	sgZCRB1_4	NA	sgFXYD2_1
sgARL8B_3	sgARHGAP35_4	NA	sgZNF114_3	NA	sgGABBR1_2
sgARMC10_1	sgARHGEF35_1	NA	sgZNF12_3	NA	sgGABRA4_1
sgARMC10_3	sgARHGEF35_3	NA	sgZNF16_1	NA	sgGALC_4
sgARMC1_3	sgARHGEF35_4	NA	sgZNF283_1	NA	sgGCNT2_2
sgARMC1_4	sgARHGEF5_4	NA	sgZNF30_3	NA	sgGCNT2_3
sgARMC4_2	sgARID3A_1	NA	sgZNF354C_3	NA	sgGCNT2_4
sgARPC1A_3	sgARID3A_2	NA	sgZNF382_4	NA	sgGEMIN2_1
sgARPC3_2	sgARID3B_3	NA	sgZNF624_2	NA	sgGEMIN2_3
sgARPP19_2	sgARID5A_1	NA	sgZNHIT1_1	NA	sgGHRL_1
sgASAH2B_1	sgARID5B_3	NA	NA	NA	sgGHRL_4
sgASAH2B_3	sgARIH2_3	NA	NA	NA	sgGKN1_4
sgASAH2B_4	sgARIH2_4	NA	NA	NA	sgGLDC_2
sgASAH2_1	sgARL10_2	NA	NA	NA	sgGNA12_1
sgASAH2_3	sgARL14EPL_3	NA	NA	NA	sgGNA12_2
sgASAH2_5	sgARL14EP_3	NA	NA	NA	sgGNA12_3
sgASNS_1	sgARL14_2	NA	NA	NA	sgGNA12_4
sgASNS_2	sgARL15_4	NA	NA	NA	sgGNAS_1
sgASNS_3	sgARL1_1	NA	NA	NA	sgGNAS_2
sgASS1_3	sgARL2BP_4	NA	NA	NA	sgGNAS_3
sgATAD1_1	sgARL2_1	NA	NA	NA	sgGNAS_4
sgATAD1_2	sgARL4A_2	NA	NA	NA	sgGPR142_1
sgATAD3A_1	sgARL5A_3	NA	NA	NA	sgGPR142_2
sgATAD3B_1	sgARL5A_4	NA	NA	NA	sgGPR142_4
sgATF4_1	sgARL6IP1_3	NA	NA	NA	sgGRASP_1
sgATF4_2	sgARL8B_1	NA	NA	NA	sgGUCA2A_2
sgATF4_3	sgARL8B_2	NA	NA	NA	sgHDGF_4
sgATMIN_1	sgARMC10_2	NA	NA	NA	sgHDLBP_2
sgATMIN_4	sgARMC10_4	NA	NA	NA	sgHIST1H4D_3
sgATP12A_2	sgARMC1_2	NA	NA	NA	sgHKR1_2
sgATP1B1_3	sgARMC3_2	NA	NA	NA	sgHLA-A_3
sgATP1B3_4	sgARMC8_4	NA	NA	NA	sgHLA-B_1
sgATP5C1_2	sgARPC1A_2	NA	NA	NA	sgHLA-DQA1_2
sgATP5C1_4	sgARPC1A_4	NA	NA	NA	sgHLA-DQA1_3
sgATP5E_1	sgARPC1B_4	NA	NA	NA	sgHLA-DQA1_4
sgATP5E_3	sgARPC3_1	NA	NA	NA	sgHLA-DQB1_3
sgATP5E_4	sgARPC3_3	NA	NA	NA	sgHLA-DQB1_4
sgATP5F1_2	sgARPC3_4	NA	NA	NA	sgHNRNPR_4
sgATP5G2_2	sgARPC5L_2	NA	NA	NA	sgHP_5
sgATP5G2_4	sgARRB1_2	NA	NA	NA	sgHRASLS5_4
sgATP5G3_3	sgARSB_4	NA	NA	NA	sgHRASLS_1
sgATP5H_1	sgARV1_1	NA	NA	NA	sgHRASLS_2
sgATP5H_2	sgARVCF_2	NA	NA	NA	sgHRASLS_3
sgATP5J2_1	sgARVCF_4	NA	NA	NA	sgHRASLS_4
sgATP5J2_2	sgASAH1_4	NA	NA	NA	sgHTR3D_1
sgATP5J2_3	sgASAH2B_2	NA	NA	NA	sgIFRD2_2
sgATP5J_1	sgASB4_1	NA	NA	NA	sgIFRD2_3
sgATP5J_3	sgASB7_3	NA	NA	NA	sgIKBKE_2
sgATP6V0C_1	sgASCL3_1	NA	NA	NA	sgIL15_3
sgATP6V0C_2	sgASF1B_1	NA	NA	NA	sgIL37_4
sgATP6V0E1_3	sgASGR1_3	NA	NA	NA	sgIQSEC1_1
sgATP6V1E1_2	sgASGR2_3	NA	NA	NA	sgITGA7_1
sgATP6V1E1_3	sgASIC5_4	NA	NA	NA	sgITGAV_2
sgATP6V1E1_4	sgASNA1_1	NA	NA	NA	sgJMJD8_1
sgATP6V1F_1	sgASNA1_2	NA	NA	NA	sgJMJD8_2
sgB3GAT3_1	sgASNSD1_4	NA	NA	NA	sgKCNA7_1
sgB3GAT3_2	sgASPHD1_1	NA	NA	NA	sgKCNAB1_1
sgB3GAT3_3	sgASPRV1_4	NA	NA	NA	sgKCNAB1_4
sgB3GNT4_3	sgASPSCR1_4	NA	NA	NA	sgKCNE4_1
sgBAG4_2	sgASS1_1	NA	NA	NA	sgKCNE4_2
sgBAG4_3	sgASS1_4	NA	NA	NA	sgKCNE4_4
sgBAG4_4	sgASUN_1	NA	NA	NA	sgKCNIP3_2
sgBAK1_3	sgATAD1_3	NA	NA	NA	sgKCNIP3_4
sgBAK1_4	sgATAD1_4	NA	NA	NA	sgKCNMB3_1
sgBANF1_1	sgATAD3A_2	NA	NA	NA	sgKCTD17_4
sgBANF1_2	sgATAD3A_5	NA	NA	NA	sgKDM2A_2
sgBANF1_3	sgATAD3B_2	NA	NA	NA	sgKHK_1
sgBANF1_4	sgATAD3B_3	NA	NA	NA	sgKHK_3
sgBANP_2	sgATAD3B_4	NA	NA	NA	sgKIAA0226L_1
sgBANP_4	sgATAD3C_1	NA	NA	NA	sgKIAA0226L_3
sgBCAR1_3	sgATAD5_4	NA	NA	NA	sgKIAA0226_1
sgBCAR1_4	sgATF4_4	NA	NA	NA	sgKIAA0368_1
sgBCAS2_3	sgATF5_2	NA	NA	NA	sgKIAA1522_1
sgBCL2L12_4	sgATF7IP2_3	NA	NA	NA	sgKIAA1522_3
sgBCLAF1_1	sgATF7IP_2	NA	NA	NA	sgKIFC2_1
sgBCLAF1_2	sgATF7_2	NA	NA	NA	sgKLK14_3
sgBCLAF1_3	sgATG101_3	NA	NA	NA	sgKLRC3_2
sgBCLAF1_4	sgATG10_1	NA	NA	NA	sgKRT34_1
sgBDH2_2	sgATG12_1	NA	NA	NA	sgKRTAP4-9_2
sgBDH2_4	sgATG13_4	NA	NA	NA	sgKRTCAP2_4
sgBMPR1A_1	sgATIC_2	NA	NA	NA	sgL3MBTL1_1
sgBMPR1A_2	sgATMIN_2	NA	NA	NA	sgL3MBTL1_3
sgBMPR1A_3	sgATOH1_1	NA	NA	NA	sgLAMA3_4
sgBMS1_2	sgATOH1_3	NA	NA	NA	sgLAMTOR5_4
sgBNIP3_4	sgATP10B_2	NA	NA	NA	sgLAPTM4B_3
sgBOLA2B_1	sgATP13A3_4	NA	NA	NA	sgLAPTM4B_4
sgBOLA2B_2	sgATP1A4_1	NA	NA	NA	sgLARP1_1
sgBOLA2B_3	sgATP1A4_3	NA	NA	NA	sgLBX2_1
sgBOLA2B_4	sgATP1B2_3	NA	NA	NA	sgLBX2_3
sgBOLA2_1	sgATP1B3_2	NA	NA	NA	sgLCOR_1
sgBOLA2_2	sgATP2C1_1	NA	NA	NA	sgLCOR_2
sgBOLA2_3	sgATP2C2_1	NA	NA	NA	sgLCOR_3
sgBOLA2_4	sgATP4B_2	NA	NA	NA	sgLHX9_4
sgBRCA1_2	sgATP5A1_1	NA	NA	NA	sgLILRB3_3
sgBRD7_1	sgATP5A1_3	NA	NA	NA	sgLIMK1_1
sgBRD7_2	sgATP5A1_4	NA	NA	NA	sgLIN9_1
sgBRD7_4	sgATP5E_2	NA	NA	NA	sgLIN9_2
sgBRI3_1	sgATP5F1_1	NA	NA	NA	sgLMO1_1
sgBRI3_2	sgATP5F1_3	NA	NA	NA	sgLMTK3_2
sgBTBD10_1	sgATP5G1_3	NA	NA	NA	sgLPPR4_2
sgBTBD6_4	sgATP5G1_4	NA	NA	NA	sgLSR_1
sgBTF3L4_1	sgATP5G2_3	NA	NA	NA	sgLTN1_4
sgBTF3L4_2	sgATP5H_3	NA	NA	NA	sgLUC7L2_4
sgBTF3L4_3	sgATP5J2_4	NA	NA	NA	sgLYSMD1_1
sgBTF3L4_4	sgATP5J_4	NA	NA	NA	sgLZTFL1_3
sgBTF3_1	sgATP5L2_2	NA	NA	NA	sgLZTFL1_4
sgBTF3_2	sgATP5L_2	NA	NA	NA	sgMAP10_1
sgBTF3_3	sgATP5L_4	NA	NA	NA	sgMAP2K5_2
sgBTF3_4	sgATP5O_3	NA	NA	NA	sgMAP3K9_3
sgBTN2A2_2	sgATP5O_4	NA	NA	NA	sgMAT2B_2
sgBUB3_1	sgATP5S_1	NA	NA	NA	sgMATR3_3
sgC10orf88_1	sgATP6V0A4_3	NA	NA	NA	sgMCEMP1_4
sgC11orf73_1	sgATP6V1A_4	NA	NA	NA	sgMCF2L_3
sgC11orf73_2	sgATP6V1G1_1	NA	NA	NA	sgMED29_1
sgC11orf73_4	sgATP6V1G1_4	NA	NA	NA	sgMED29_2
sgC12orf29_3	sgATP8B4_3	NA	NA	NA	sgMFSD1_3
sgC12orf29_4	sgATPAF1_2	NA	NA	NA	sgMFSD1_4
sgC12orf71_3	sgATXN1L_4	NA	NA	NA	sgMICALCL_1
sgC12orf71_4	sgATXN2L_2	NA	NA	NA	sgMICALCL_2
sgC12orf76_2	sgATXN7L3B_2	NA	NA	NA	sgMICALCL_3
sgC15orf40_1	sgATXN7L3_2	NA	NA	NA	sgMICALCL_4
sgC15orf40_2	sgAURKA_1	NA	NA	NA	sgMIER1_1
sgC17orf58_3	sgAVIL_4	NA	NA	NA	sgMIER1_2
sgC17orf58_4	sgAZU1_1	NA	NA	NA	sgMINPP1_2
sgC17orf89_2	sgAZU1_2	NA	NA	NA	sgMKNK1_2
sgC17orf89_3	sgB3GAT3_4	NA	NA	NA	sgMNX1_3
sgC18orf25_2	sgB3GNT4_2	NA	NA	NA	sgMOCS1_1
sgC1GALT1_2	sgB4GALT3_4	NA	NA	NA	sgMOCS1_3
sgC1QTNF9B_1	sgB4GALT5_2	NA	NA	NA	sgMOCS1_4
sgC1QTNF9B_2	sgB9D2_4	NA	NA	NA	sgMOCS2_1
sgC1QTNF9B_5	sgBAG2_2	NA	NA	NA	sgMOCS2_2
sgC1QTNF9_1	sgBAIAP2L2_4	NA	NA	NA	sgMOCS2_3
sgC1QTNF9_2	sgBAIAP3_1	NA	NA	NA	sgMOCS2_4
sgC1QTNF9_3	sgBANF2_2	NA	NA	NA	sgMON1A_1
sgC2orf80_1	sgBANK1_4	NA	NA	NA	sgMON1A_2
sgC3orf38_2	sgBANP_1	NA	NA	NA	sgMON1A_4
sgC4A_1	sgBARX2_1	NA	NA	NA	sgMS4A6E_3
sgC4A_2	sgBASP1_2	NA	NA	NA	sgMSH5_4
sgC4A_3	sgBASP1_4	NA	NA	NA	sgMSI2_1
sgC4A_4	sgBATF_2	NA	NA	NA	sgMTUS2_1
sgC4B_1	sgBBC3_1	NA	NA	NA	sgMYCBPAP_1
sgC4B_2	sgBBOX1_1	NA	NA	NA	sgMYCBPAP_2
sgC4B_3	sgBBS10_4	NA	NA	NA	sgMYCL_4
sgC4B_4	sgBBS7_4	NA	NA	NA	sgMYD88_3
sgC4orf27_1	sgBCAS2_2	NA	NA	NA	sgMYH7B_2
sgC4orf27_2	sgBCCIP_4	NA	NA	NA	sgNAA38_1
sgC4orf27_3	sgBCDIN3D_3	NA	NA	NA	sgNAA38_3
sgC4orf46_2	sgBCHE_2	NA	NA	NA	sgNAA38_4
sgC4orf46_3	sgBCKDHB_3	NA	NA	NA	sgNADK_1
sgC6orf203_3	sgBCKDK_2	NA	NA	NA	sgNADK_3
sgC8orf46_1	sgBCL2L12_1	NA	NA	NA	sgNADK_4
sgC8orf59_2	sgBCL2L12_2	NA	NA	NA	sgNAGK_4
sgC8orf59_4	sgBCL2L12_3	NA	NA	NA	sgNDUFB1_1
sgC9orf16_3	sgBCL2L13_1	NA	NA	NA	sgNDUFB1_2
sgC9orf57_2	sgBCO1_1	NA	NA	NA	sgNDUFB1_4
sgC9orf57_3	sgBDH1_3	NA	NA	NA	sgNDUFC2_5
sgCA5A_2	sgBDH2_1	NA	NA	NA	sgNEBL_1
sgCA5A_4	sgBEGAIN_3	NA	NA	NA	sgNEBL_2
sgCABYR_1	sgBEND3_3	NA	NA	NA	sgNEFH_2
sgCACNA1B_1	sgBEND3_4	NA	NA	NA	sgNEIL2_1
sgCACYBP_1	sgBEND4_2	NA	NA	NA	sgNELFA_4
sgCACYBP_2	sgBHLHA15_2	NA	NA	NA	sgNETO1_2
sgCACYBP_3	sgBHLHE41_1	NA	NA	NA	sgNETO1_3
sgCACYBP_4	sgBHLHE41_3	NA	NA	NA	sgNFKBIE_2
sgCALCB_3	sgBIN2_2	NA	NA	NA	sgNGDN_1
sgCALM1_4	sgBIRC2_4	NA	NA	NA	sgNINJ2_1
sgCALM2_1	sgBIRC3_4	NA	NA	NA	sgNINJ2_2
sgCALM2_2	sgBLCAP_4	NA	NA	NA	sgNIPAL4_2
sgCALM2_4	sgBLMH_3	NA	NA	NA	sgNIPAL4_4
sgCAMSAP1_2	sgBLNK_2	NA	NA	NA	sgNKX6-3_1
sgCAP1_2	sgBLOC1S5_3	NA	NA	NA	sgNKX6-3_3
sgCAPZA2_4	sgBLOC1S5_4	NA	NA	NA	sgNKX6-3_4
sgCARD16_2	sgBLOC1S6_4	NA	NA	NA	sgNME6_1
sgCARD16_5	sgBLVRA_1	NA	NA	NA	sgNOD2_4
sgCASC4_2	sgBLZF1_2	NA	NA	NA	sgNPR3_2
sgCASC4_4	sgBMI1_2	NA	NA	NA	sgNPR3_4
sgCASP1_3	sgBMP10_3	NA	NA	NA	sgNR1I3_4
sgCASP1_4	sgBMP7_2	NA	NA	NA	sgNRD1_1
sgCATSPER2_2	sgBMP8A_2	NA	NA	NA	sgNRG1_1
sgCATSPER2_3	sgBMP8A_3	NA	NA	NA	sgNRG1_2
sgCATSPER2_4	sgBMP8B_2	NA	NA	NA	sgNRG1_3
sgCBWD1_1	sgBMP8B_4	NA	NA	NA	sgNRG1_4
sgCBWD1_2	sgBMS1_1	NA	NA	NA	sgNRG3_2
sgCBWD1_3	sgBNIP2_2	NA	NA	NA	sgNRXN1_1
sgCBWD1_4	sgBNIP3L_1	NA	NA	NA	sgNRXN3_1
sgCBWD1_6	sgBNIP3L_2	NA	NA	NA	sgNRXN3_4
sgCBWD1_7	sgBNIP3_2	NA	NA	NA	sgNT5C1B_1
sgCBWD1_8	sgBNIP3_3	NA	NA	NA	sgNT5C1B_2
sgCBWD1_9	sgBOC_2	NA	NA	NA	sgNT5C1B_3
sgCBWD2_2	sgBOD1L1_4	NA	NA	NA	sgNT5C1B_4
sgCBWD2_3	sgBOD1L2_2	NA	NA	NA	sgNUB1_1
sgCBWD2_4	sgBOLA1_2	NA	NA	NA	sgNUB1_4
sgCBWD2_5	sgBPI_4	NA	NA	NA	sgNUP160_1
sgCBWD5_1	sgBPNT1_1	NA	NA	NA	sgOAZ3_2
sgCBWD5_2	sgBPTF_3	NA	NA	NA	sgOR10S1_4
sgCBWD5_4	sgBRAF_4	NA	NA	NA	sgOR14I1_3
sgCBWD5_5	sgBRCA1_4	NA	NA	NA	sgOR1N2_3
sgCBWD6_1	sgBRD7_3	NA	NA	NA	sgOR2A1_1
sgCBWD6_2	sgBRD9_3	NA	NA	NA	sgOR2T1_1
sgCBWD6_4	sgBRINP2_2	NA	NA	NA	sgOR4A15_1
sgCBWD6_5	sgBRIX1_1	NA	NA	NA	sgOR4A15_4
sgCBX1_1	sgBRWD1_1	NA	NA	NA	sgOR4K17_4
sgCCDC121_2	sgBRWD1_2	NA	NA	NA	sgOR51T1_3
sgCCDC121_3	sgBRWD1_4	NA	NA	NA	sgOR52H1_4
sgCCDC121_4	sgBTAF1_4	NA	NA	NA	sgOR52I1_3
sgCCDC127_2	sgBTBD1_4	NA	NA	NA	sgOR52I2_1
sgCCDC127_3	sgBTBD6_3	NA	NA	NA	sgOR52I2_3
sgCCDC144A_3	sgBTBD7_1	NA	NA	NA	sgOR56A4_1
sgCCDC144A_4	sgBTBD7_2	NA	NA	NA	sgOR56A4_3
sgCCDC146_3	sgBTLA_2	NA	NA	NA	sgOR56A4_4
sgCCDC181_1	sgBTN1A1_4	NA	NA	NA	sgOR5P2_4
sgCCDC25_2	sgBTN2A1_1	NA	NA	NA	sgOR5T2_3
sgCCDC58_4	sgBTN2A1_2	NA	NA	NA	sgOR8D4_2
sgCCDC74A_2	sgBTN2A1_3	NA	NA	NA	sgOR8G5_3
sgCCDC74A_4	sgBTN2A1_4	NA	NA	NA	sgOR8J3_1
sgCCDC74B_5	sgBTN2A2_1	NA	NA	NA	sgOR8S1_3
sgCCL3L3_1	sgBTN2A2_3	NA	NA	NA	sgOR9G4_3
sgCCL3L3_2	sgBTN2A2_4	NA	NA	NA	sgOTOP3_1
sgCCL3L3_3	sgBTN3A2_3	NA	NA	NA	sgOTUD6B_4
sgCCL3L3_4	sgBTN3A3_2	NA	NA	NA	sgOXA1L_2
sgCCL3_2	sgBTN3A3_4	NA	NA	NA	sgOXR1_3
sgCCL3_4	sgBTNL9_1	NA	NA	NA	sgPALLD_1
sgCCL4L2_1	sgBUB3_2	NA	NA	NA	sgPALLD_2
sgCCL4L2_2	sgBUB3_4	NA	NA	NA	sgPALLD_3
sgCCL4L2_3	sgBZRAP1_4	NA	NA	NA	sgPALLD_4
sgCCL4L2_4	sgBZW1_1	NA	NA	NA	sgPARVA_4
sgCCL4_3	sgC10orf107_4	NA	NA	NA	sgPCK1_4
sgCCNB1IP1_2	sgC10orf11_3	NA	NA	NA	sgPCMT1_3
sgCCNB1IP1_3	sgC10orf12_1	NA	NA	NA	sgPCMTD1_1
sgCCNJ_2	sgC10orf71_1	NA	NA	NA	sgPCMTD1_2
sgCCNYL1_2	sgC10orf88_2	NA	NA	NA	sgPCMTD1_4
sgCCRN4L_3	sgC11orf58_2	NA	NA	NA	sgPDE1B_4
sgCCT5_3	sgC11orf58_4	NA	NA	NA	sgPDE4B_1
sgCCT6A_1	sgC11orf74_2	NA	NA	NA	sgPDE4B_4
sgCCT6A_4	sgC11orf94_3	NA	NA	NA	sgPDE7A_2
sgCCT7_2	sgC12orf29_2	NA	NA	NA	sgPDLIM3_4
sgCCT8L2_1	sgC12orf42_1	NA	NA	NA	sgPFKFB3_3
sgCCZ1B_1	sgC12orf43_4	NA	NA	NA	sgPGRMC2_3
sgCCZ1B_2	sgC12orf49_1	NA	NA	NA	sgPHKB_2
sgCCZ1B_3	sgC12orf49_2	NA	NA	NA	sgPISD_1
sgCCZ1B_4	sgC12orf4_4	NA	NA	NA	sgPISD_2
sgCCZ1_1	sgC12orf56_4	NA	NA	NA	sgPISD_4
sgCCZ1_2	sgC12orf65_1	NA	NA	NA	sgPLA2G4E_3
sgCCZ1_3	sgC12orf71_2	NA	NA	NA	sgPLB1_2
sgCCZ1_4	sgC14orf166_3	NA	NA	NA	sgPLSCR2_2
sgCD276_1	sgC14orf2_1	NA	NA	NA	sgPLSCR2_3
sgCD276_2	sgC14orf37_1	NA	NA	NA	sgPOLR1D_1
sgCD276_5	sgC14orf79_2	NA	NA	NA	sgPOLR1D_2
sgCD276_6	sgC15orf40_4	NA	NA	NA	sgPOLR1D_3
sgCD2BP2_2	sgC15orf40_5	NA	NA	NA	sgPOLR1D_4
sgCD300A_2	sgC15orf57_1	NA	NA	NA	sgPOTEE_1
sgCD300A_4	sgC15orf57_2	NA	NA	NA	sgPPARG_4
sgCD300C_1	sgC16orf58_4	NA	NA	NA	sgPPFIBP1_1
sgCD300C_2	sgC16orf86_3	NA	NA	NA	sgPPFIBP1_3
sgCD46_1	sgC17orf47_2	NA	NA	NA	sgPPP2R5C_1
sgCD46_2	sgC17orf58_1	NA	NA	NA	sgPPP2R5C_3
sgCD52_3	sgC17orf62_4	NA	NA	NA	sgPRKACB_2
sgCD8B_1	sgC17orf67_4	NA	NA	NA	sgPRKG1_1
sgCD8B_2	sgC17orf74_2	NA	NA	NA	sgPRKG1_2
sgCD8B_3	sgC17orf89_4	NA	NA	NA	sgPRKG1_3
sgCD97_2	sgC18orf25_1	NA	NA	NA	sgPRMT5_2
sgCDC14B_2	sgC18orf25_4	NA	NA	NA	sgPRRT4_4
sgCDC20_1	sgC19orf10_2	NA	NA	NA	sgPSMB8_2
sgCDC26_1	sgC19orf47_3	NA	NA	NA	sgPSMB8_3
sgCDC26_3	sgC19orf70_4	NA	NA	NA	sgPSMB8_4
sgCDC27_1	sgC19orf80_4	NA	NA	NA	sgPTGES3L_2
sgCDC27_2	sgC1D_1	NA	NA	NA	sgPTGES3L_3
sgCDC37_2	sgC1D_2	NA	NA	NA	sgPTGES3L_4
sgCDC37_4	sgC1D_3	NA	NA	NA	sgPTGES3L_5
sgCDC42_1	sgC1GALT1_1	NA	NA	NA	sgPTGFRN_4
sgCDC42_2	sgC1GALT1_4	NA	NA	NA	sgPTPDC1_1
sgCDC42_3	sgC1QBP_1	NA	NA	NA	sgPTPN7_2
sgCDC42_4	sgC1QBP_4	NA	NA	NA	sgPTPRK_4
sgCDH12_1	sgC1QTNF2_4	NA	NA	NA	sgPYCRL_4
sgCDH12_2	sgC1QTNF4_2	NA	NA	NA	sgQRFP_2
sgCDK11A_1	sgC1QTNF5_4	NA	NA	NA	sgRAB36_1
sgCDK11A_2	sgC1QTNF9B_3	NA	NA	NA	sgRAB36_2
sgCDK11A_3	sgC1QTNF9B_4	NA	NA	NA	sgRAB36_3
sgCDK2AP1_2	sgC1QTNF9_4	NA	NA	NA	sgRAB36_4
sgCDK2AP2_4	sgC1orf100_4	NA	NA	NA	sgRAB3IL1_2
sgCDK5RAP3_2	sgC1orf110_3	NA	NA	NA	sgRAB3IL1_4
sgCDK5_1	sgC1orf112_3	NA	NA	NA	sgRABGAP1L_1
sgCDK5_3	sgC1orf116_1	NA	NA	NA	sgRABGAP1L_2
sgCDPF1_3	sgC1orf146_4	NA	NA	NA	sgRABGAP1L_3
sgCDPF1_4	sgC1orf185_4	NA	NA	NA	sgRABGAP1L_4
sgCDRT15L2_1	sgC1orf186_4	NA	NA	NA	sgRAPGEF2_2
sgCDRT15L2_2	sgC1orf210_2	NA	NA	NA	sgRAPH1_1
sgCDRT15L2_4	sgC1orf228_3	NA	NA	NA	sgRBFOX2_4
sgCDRT15_1	sgC1orf27_4	NA	NA	NA	sgRCAN2_2
sgCDRT15_4	sgC1orf50_4	NA	NA	NA	sgREG4_4
sgCDV3_1	sgC1orf56_3	NA	NA	NA	sgRESP18_1
sgCDV3_3	sgC1orf68_3	NA	NA	NA	sgRESP18_2
sgCELA3A_3	sgC1orf86_4	NA	NA	NA	sgRGL1_4
sgCEL_1	sgC20orf141_2	NA	NA	NA	sgRGS3_2
sgCEL_2	sgC20orf202_2	NA	NA	NA	sgRGS3_3
sgCEL_4	sgC20orf27_4	NA	NA	NA	sgRGS3_4
sgCEND1_1	sgC21orf140_3	NA	NA	NA	sgRHCE_3
sgCEND1_2	sgC21orf59_1	NA	NA	NA	sgRIMBP3_1
sgCENPC_2	sgC22orf31_3	NA	NA	NA	sgRIMS2_1
sgCENPC_3	sgC2CD3_1	NA	NA	NA	sgRNASEK_1
sgCENPU_1	sgC2CD4A_1	NA	NA	NA	sgRNASEK_2
sgCEP170_1	sgC2CD4D_4	NA	NA	NA	sgRNASEK_3
sgCEP170_2	sgC2CD5_4	NA	NA	NA	sgRPRD2_3
sgCEP170_3	sgC2_1	NA	NA	NA	sgRSPH3_3
sgCEP170_4	sgC2orf54_3	NA	NA	NA	sgRSPH3_4
sgCEP57L1_2	sgC3orf30_2	NA	NA	NA	sgRTBDN_1
sgCEP57L1_3	sgC3orf84_2	NA	NA	NA	sgRTBDN_2
sgCEP83_3	sgC4orf27_4	NA	NA	NA	sgRTBDN_4
sgCES1_1	sgC4orf32_2	NA	NA	NA	sgRTN4_1
sgCES1_2	sgC4orf45_1	NA	NA	NA	sgRUNX1_4
sgCES1_3	sgC4orf46_1	NA	NA	NA	sgSALL2_1
sgCES1_4	sgC5orf34_1	NA	NA	NA	sgSCN3A_1
sgCFC1B_3	sgC5orf63_2	NA	NA	NA	sgSCOC_2
sgCFC1_1	sgC5orf63_3	NA	NA	NA	sgSCOC_4
sgCFC1_2	sgC6orf106_1	NA	NA	NA	sgSEBOX_1
sgCFC1_3	sgC6orf106_3	NA	NA	NA	sgSEPT1_1
sgCFC1_4	sgC6orf106_4	NA	NA	NA	sgSET_3
sgCFHR4_2	sgC6orf10_1	NA	NA	NA	sgSEZ6L2_1
sgCFHR4_3	sgC6orf10_2	NA	NA	NA	sgSFTPA2_1
sgCGB1_1	sgC7orf50_1	NA	NA	NA	sgSGK1_1
sgCGB1_2	sgC7orf57_2	NA	NA	NA	sgSGK1_3
sgCGB1_3	sgC7orf57_3	NA	NA	NA	sgSH2D4A_1
sgCGB1_4	sgC7orf73_3	NA	NA	NA	sgSH2D6_1
sgCGB1_5	sgC8A_1	NA	NA	NA	sgSHF_3
sgCGB1_6	sgC8B_2	NA	NA	NA	sgSKA2_1
sgCGB2_1	sgC8orf46_3	NA	NA	NA	sgSKA2_2
sgCGB2_2	sgC9_4	NA	NA	NA	sgSKA2_3
sgCGB2_3	sgC9orf152_2	NA	NA	NA	sgSKA2_4
sgCGB2_4	sgC9orf16_2	NA	NA	NA	sgSKOR1_2
sgCGB2_5	sgC9orf172_2	NA	NA	NA	sgSLC25A10_2
sgCGB2_6	sgC9orf172_3	NA	NA	NA	sgSLC25A24_3
sgCGB5_1	sgC9orf172_4	NA	NA	NA	sgSLC25A24_4
sgCGB5_2	sgC9orf41_2	NA	NA	NA	sgSLC25A25_4
sgCGB5_3	sgC9orf69_3	NA	NA	NA	sgSLC25A52_3
sgCGB5_4	sgC9orf78_4	NA	NA	NA	sgSLC2A11_3
sgCGB5_5	sgC9orf85_4	NA	NA	NA	sgSLC2A9_1
sgCGB7_1	sgCA11_3	NA	NA	NA	sgSLC35B1_2
sgCGB7_4	sgCA5A_1	NA	NA	NA	sgSLC35B1_4
sgCGB7_5	sgCA5A_3	NA	NA	NA	sgSLC35B3_4
sgCGB7_6	sgCA9_3	NA	NA	NA	sgSLC39A4_3
sgCGB8_1	sgCAAP1_4	NA	NA	NA	sgSLC43A2_1
sgCGB8_2	sgCAB39L_1	NA	NA	NA	sgSLC45A4_4
sgCGB8_3	sgCAB39L_4	NA	NA	NA	sgSLC4A1AP_1
sgCGB8_4	sgCABIN1_1	NA	NA	NA	sgSLC4A4_4
sgCGB8_5	sgCABIN1_4	NA	NA	NA	sgSLC6A2_3
sgCGB_1	sgCABLES1_4	NA	NA	NA	sgSMARCD3_2
sgCGB_2	sgCABP5_3	NA	NA	NA	sgSMARCD3_4
sgCGB_3	sgCABS1_2	NA	NA	NA	sgSMPD4_4
sgCGB_4	sgCABYR_3	NA	NA	NA	sgSNAP25_1
sgCGB_5	sgCACFD1_2	NA	NA	NA	sgSNAP25_4
sgCHCHD2_2	sgCACNA1D_3	NA	NA	NA	sgSNAP47_1
sgCHCHD2_3	sgCACNA2D4_1	NA	NA	NA	sgSPCS1_1
sgCHCHD2_4	sgCADM4_3	NA	NA	NA	sgSPCS1_2
sgCHCHD3_1	sgCALCA_2	NA	NA	NA	sgSPECC1_3
sgCHCHD4_3	sgCALCB_1	NA	NA	NA	sgSPERT_2
sgCHGB_2	sgCALHM1_2	NA	NA	NA	sgSPTBN1_2
sgCHIA_2	sgCALM1_1	NA	NA	NA	sgSRA1_1
sgCHIA_3	sgCALM1_2	NA	NA	NA	sgSYNE2_1
sgCHIA_4	sgCALM1_3	NA	NA	NA	sgTAS2R19_1
sgCHORDC1_2	sgCALM2_3	NA	NA	NA	sgTBL3_1
sgCHORDC1_3	sgCALM3_1	NA	NA	NA	sgTBPL2_2
sgCHORDC1_4	sgCALM3_2	NA	NA	NA	sgTBX1_3
sgCHRFAM7A_1	sgCALN1_4	NA	NA	NA	sgTCF12_2
sgCHRFAM7A_3	sgCALR3_1	NA	NA	NA	sgTCF4_3
sgCHRFAM7A_5	sgCAMK1G_1	NA	NA	NA	sgTCF4_4
sgCHRNA7_4	sgCAMKK2_3	NA	NA	NA	sgTEF_2
sgCIAPIN1_1	sgCAMKV_2	NA	NA	NA	sgTEPP_3
sgCIAPIN1_2	sgCAMSAP1_1	NA	NA	NA	sgTFEC_2
sgCIAPIN1_3	sgCAMSAP2_2	NA	NA	NA	sgTFF3_4
sgCIAPIN1_4	sgCAMTA1_4	NA	NA	NA	sgTHSD4_3
sgCKLF_3	sgCAND1_3	NA	NA	NA	sgTIAF1_2
sgCKLF_4	sgCAP1_1	NA	NA	NA	sgTIAF1_3
sgCKMT1A_1	sgCAP1_3	NA	NA	NA	sgTIAF1_4
sgCKMT1A_2	sgCAP1_4	NA	NA	NA	sgTIMM50_1
sgCKMT1A_3	sgCAPN9_2	NA	NA	NA	sgTIMM50_2
sgCKMT1A_4	sgCAPNS1_3	NA	NA	NA	sgTIMM50_3
sgCKMT1A_5	sgCAPNS1_4	NA	NA	NA	sgTIMM50_4
sgCKMT1A_6	sgCAPNS2_2	NA	NA	NA	sgTIMM8B_1
sgCKMT1B_1	sgCAPZA1_4	NA	NA	NA	sgTIMM8B_2
sgCKMT1B_2	sgCAPZB_4	NA	NA	NA	sgTIMM8B_4
sgCKMT1B_3	sgCARD10_1	NA	NA	NA	sgTMCO1_1
sgCKMT1B_4	sgCARD10_2	NA	NA	NA	sgTMCO1_2
sgCKMT1B_5	sgCARD16_1	NA	NA	NA	sgTMCO1_3
sgCKMT1B_6	sgCARD16_3	NA	NA	NA	sgTMCO1_4
sgCKS1B_2	sgCARD16_4	NA	NA	NA	sgTMEM133_1
sgCKS1B_3	sgCARD6_3	NA	NA	NA	sgTMEM133_2
sgCKS1B_4	sgCARD9_3	NA	NA	NA	sgTMEM133_3
sgCLCN3_1	sgCASC4_1	NA	NA	NA	sgTMEM133_4
sgCLCNKA_2	sgCASC5_3	NA	NA	NA	sgTMEM135_2
sgCLCNKB_5	sgCASKIN1_1	NA	NA	NA	sgTMEM181_1
sgCLDN22_1	sgCASP1_1	NA	NA	NA	sgTMEM181_2
sgCLDN22_3	sgCASP1_2	NA	NA	NA	sgTMEM67_4
sgCLDN22_5	sgCASP1_5	NA	NA	NA	sgTMEM80_3
sgCLDN24_1	sgCASP3_2	NA	NA	NA	sgTMEM80_4
sgCLDN24_3	sgCASP4_2	NA	NA	NA	sgTOR1AIP2_1
sgCLDN24_4	sgCASP4_4	NA	NA	NA	sgTOR1AIP2_2
sgCLDN6_2	sgCASP5_1	NA	NA	NA	sgTOR1AIP2_3
sgCLDN6_3	sgCASP5_3	NA	NA	NA	sgTOR1AIP2_4
sgCLDN6_4	sgCASP5_4	NA	NA	NA	sgTPM1_1
sgCLDN7_2	sgCASP9_4	NA	NA	NA	sgTPM1_2
sgCLDN7_4	sgCASQ2_2	NA	NA	NA	sgTRIM36_1
sgCLEC18A_4	sgCASZ1_4	NA	NA	NA	sgTRIM36_2
sgCLEC18A_6	sgCATIP_3	NA	NA	NA	sgTRIM36_3
sgCLEC18B_1	sgCATSPER2_1	NA	NA	NA	sgTRIM36_4
sgCLEC18B_2	sgCBFA2T3_4	NA	NA	NA	sgTRIOBP_3
sgCLEC18B_3	sgCBLB_2	NA	NA	NA	sgTRMT13_2
sgCLEC18B_4	sgCBLB_4	NA	NA	NA	sgTSC22D1_2
sgCLEC18B_5	sgCBLN1_1	NA	NA	NA	sgTSC22D1_3
sgCLEC18B_6	sgCBR1_2	NA	NA	NA	sgTSC22D1_4
sgCLEC18B_7	sgCBR1_3	NA	NA	NA	sgTTC39A_1
sgCLEC18C_1	sgCBR3_1	NA	NA	NA	sgTTLL11_2
sgCLEC18C_2	sgCBR3_3	NA	NA	NA	sgTTLL3_1
sgCLEC18C_3	sgCBS_2	NA	NA	NA	sgTTLL3_3
sgCLEC4G_1	sgCBS_3	NA	NA	NA	sgTTLL3_4
sgCLEC4G_4	sgCBWD1_5	NA	NA	NA	sgTTLL6_4
sgCLIC6_4	sgCBWD2_6	NA	NA	NA	sgTXNRD3NB_1
sgCLIC6_5	sgCBWD5_3	NA	NA	NA	sgTXNRD3NB_2
sgCLK2_3	sgCBWD6_6	NA	NA	NA	sgTXNRD3NB_3
sgCMTM2_1	sgCBX1_2	NA	NA	NA	sgTXNRD3NB_4
sgCMTM2_2	sgCBX1_3	NA	NA	NA	sgUBAC2_1
sgCNN2_1	sgCBX3_3	NA	NA	NA	sgUBAC2_4
sgCNN2_2	sgCBX5_1	NA	NA	NA	sgUBE2E1_3
sgCNOT6L_1	sgCC2D2A_1	NA	NA	NA	sgUBE2E1_4
sgCNOT6L_4	sgCC2D2B_2	NA	NA	NA	sgUBE2V1_1
sgCNOT7_1	sgCCDC101_2	NA	NA	NA	sgUBE2W_1
sgCNOT7_2	sgCCDC101_3	NA	NA	NA	sgUBE2W_2
sgCNOT7_3	sgCCDC102B_2	NA	NA	NA	sgUBE2W_3
sgCNOT7_4	sgCCDC104_1	NA	NA	NA	sgUNG_4
sgCNTNAP3B_1	sgCCDC106_1	NA	NA	NA	sgURI1_1
sgCNTNAP3B_3	sgCCDC106_3	NA	NA	NA	sgUSP17L10_5
sgCNTNAP3B_4	sgCCDC108_2	NA	NA	NA	sgUSP17L13_8
sgCNTNAP3_3	sgCCDC114_2	NA	NA	NA	sgUSP39_1
sgCOBL_3	sgCCDC122_2	NA	NA	NA	sgWBP1L_3
sgCOMMD4_3	sgCCDC12_4	NA	NA	NA	sgWDR36_1
sgCOMMD5_4	sgCCDC130_1	NA	NA	NA	sgWDR36_4
sgCOPS8_3	sgCCDC136_1	NA	NA	NA	sgWIBG_3
sgCOPS8_4	sgCCDC137_3	NA	NA	NA	sgWIPI2_3
sgCOX17_3	sgCCDC13_2	NA	NA	NA	sgXIRP2_1
sgCOX20_1	sgCCDC144A_1	NA	NA	NA	sgXIRP2_4
sgCOX20_2	sgCCDC148_1	NA	NA	NA	sgYAE1D1_2
sgCOX20_3	sgCCDC155_2	NA	NA	NA	sgYAE1D1_3
sgCOX20_4	sgCCDC155_3	NA	NA	NA	sgYAF2_3
sgCOX5A_1	sgCCDC159_3	NA	NA	NA	sgYIPF7_3
sgCOX5B_2	sgCCDC166_4	NA	NA	NA	sgZBTB10_3
sgCOX6A1_2	sgCCDC167_4	NA	NA	NA	sgZBTB3_1
sgCOX6A1_3	sgCCDC171_1	NA	NA	NA	sgZC3H14_2
sgCOX6A1_4	sgCCDC172_4	NA	NA	NA	sgZC3H14_3
sgCOX6C_1	sgCCDC177_3	NA	NA	NA	sgZFP36_1
sgCOX7C_3	sgCCDC178_3	NA	NA	NA	sgZFR2_2
sgCPAMD8_1	sgCCDC180_1	NA	NA	NA	sgZFR2_4
sgCPAMD8_2	sgCCDC181_2	NA	NA	NA	sgZIC5_1
sgCR1_4	sgCCDC186_3	NA	NA	NA	sgZNF135_2
sgCR1_5	sgCCDC24_3	NA	NA	NA	sgZNF135_3
sgCR1_6	sgCCDC28B_4	NA	NA	NA	sgZNF169_4
sgCR1_7	sgCCDC36_4	NA	NA	NA	sgZNF223_2
sgCR1_8	sgCCDC43_2	NA	NA	NA	sgZNF223_3
sgCR1_9	sgCCDC53_2	NA	NA	NA	sgZNF365_1
sgCROCC_1	sgCCDC53_3	NA	NA	NA	sgZNF365_2
sgCRYBB2_1	sgCCDC54_2	NA	NA	NA	sgZNF365_4
sgCRYGD_1	sgCCDC58_1	NA	NA	NA	sgZNF385A_1
sgCRYGD_2	sgCCDC58_2	NA	NA	NA	sgZNF451_1
sgCRYGD_3	sgCCDC59_2	NA	NA	NA	sgZNF451_2
sgCRYGD_4	sgCCDC66_4	NA	NA	NA	sgZNF451_3
sgCSGALNACT2_4	sgCCDC73_2	NA	NA	NA	sgZNF451_4
sgCSH1_1	sgCCDC74A_1	NA	NA	NA	sgZNF568_1
sgCSH1_2	sgCCDC74A_3	NA	NA	NA	sgZNF568_2
sgCSH1_3	sgCCDC74B_1	NA	NA	NA	sgZNF568_4
sgCSH1_4	sgCCDC74B_2	NA	NA	NA	sgZNF568_5
sgCSH1_5	sgCCDC74B_4	NA	NA	NA	sgZNF655_2
sgCSH2_1	sgCCDC77_1	NA	NA	NA	sgZNF688_1
sgCSH2_2	sgCCDC83_1	NA	NA	NA	sgZNF688_2
sgCSH2_3	sgCCDC84_2	NA	NA	NA	sgZNF688_4
sgCSH2_4	sgCCDC85B_4	NA	NA	NA	NA
sgCSH2_5	sgCCDC86_4	NA	NA	NA	NA
sgCSH2_6	sgCCDC88A_2	NA	NA	NA	NA
sgCSH2_7	sgCCDC90B_1	NA	NA	NA	NA
sgCSH2_8	sgCCDC90B_2	NA	NA	NA	NA
sgCSHL1_1	sgCCDC91_3	NA	NA	NA	NA
sgCSHL1_4	sgCCDC93_3	NA	NA	NA	NA
sgCSNK1A1_2	sgCCK_1	NA	NA	NA	NA
sgCSNK2A1_1	sgCCL11_1	NA	NA	NA	NA
sgCSNK2A1_3	sgCCL11_2	NA	NA	NA	NA
sgCSNK2A1_4	sgCCL13_1	NA	NA	NA	NA
sgCSNK2A1_6	sgCCL15_1	NA	NA	NA	NA
sgCSNK2A1_7	sgCCL15_3	NA	NA	NA	NA
sgCSNK2A1_8	sgCCL15_4	NA	NA	NA	NA
sgCSNK2A3_1	sgCCL17_2	NA	NA	NA	NA
sgCSNK2A3_2	sgCCL17_4	NA	NA	NA	NA
sgCSNK2A3_3	sgCCL19_4	NA	NA	NA	NA
sgCSNK2A3_4	sgCCL1_4	NA	NA	NA	NA
sgCSPG4_3	sgCCL25_1	NA	NA	NA	NA
sgCS_2	sgCCL25_2	NA	NA	NA	NA
sgCS_3	sgCCL3_3	NA	NA	NA	NA
sgCS_4	sgCCL4_1	NA	NA	NA	NA
sgCTAGE15_1	sgCCL4_2	NA	NA	NA	NA
sgCTAGE15_2	sgCCL7_1	NA	NA	NA	NA
sgCTAGE15_3	sgCCL7_3	NA	NA	NA	NA
sgCTAGE15_4	sgCCL7_4	NA	NA	NA	NA
sgCTAGE15_5	sgCCL8_1	NA	NA	NA	NA
sgCTAGE1_1	sgCCNA1_1	NA	NA	NA	NA
sgCTAGE4_1	sgCCNB1IP1_1	NA	NA	NA	NA
sgCTAGE4_2	sgCCNB1IP1_4	NA	NA	NA	NA
sgCTAGE4_3	sgCCNB2_3	NA	NA	NA	NA
sgCTAGE4_4	sgCCND2_4	NA	NA	NA	NA
sgCTAGE5_1	sgCCND3_2	NA	NA	NA	NA
sgCTAGE5_4	sgCCNG1_2	NA	NA	NA	NA
sgCTAGE6_1	sgCCNJ_3	NA	NA	NA	NA
sgCTAGE6_2	sgCCNJ_4	NA	NA	NA	NA
sgCTAGE6_3	sgCCNT1_2	NA	NA	NA	NA
sgCTAGE6_4	sgCCNYL1_4	NA	NA	NA	NA
sgCTAGE9_4	sgCCP110_4	NA	NA	NA	NA
sgCTAGE9_5	sgCCR2_1	NA	NA	NA	NA
sgCTAGE9_6	sgCCR2_2	NA	NA	NA	NA
sgCTAGE9_7	sgCCR2_3	NA	NA	NA	NA
sgCTDNEP1_1	sgCCR5_1	NA	NA	NA	NA
sgCTDNEP1_3	sgCCR5_3	NA	NA	NA	NA
sgCTRB1_3	sgCCRL2_2	NA	NA	NA	NA
sgCTRB2_3	sgCCT5_1	NA	NA	NA	NA
sgCTSC_3	sgCCT6A_3	NA	NA	NA	NA
sgCXADR_2	sgCCT8L2_4	NA	NA	NA	NA
sgCXADR_3	sgCCT8_1	NA	NA	NA	NA
sgCXADR_4	sgCCT8_2	NA	NA	NA	NA
sgCXCL1_4	sgCCT8_3	NA	NA	NA	NA
sgCXCL2_3	sgCCT8_4	NA	NA	NA	NA
sgCXCL3_4	sgCD1A_3	NA	NA	NA	NA
sgCYB5A_2	sgCD1E_3	NA	NA	NA	NA
sgCYCS_1	sgCD244_2	NA	NA	NA	NA
sgCYCS_3	sgCD276_4	NA	NA	NA	NA
sgCYP21A2_1	sgCD2AP_3	NA	NA	NA	NA
sgCYP21A2_3	sgCD300C_4	NA	NA	NA	NA
sgCYP2A13_1	sgCD300E_3	NA	NA	NA	NA
sgCYP2A6_4	sgCD33_1	NA	NA	NA	NA
sgCYP2B6_3	sgCD33_4	NA	NA	NA	NA
sgCYP2B6_4	sgCD46_3	NA	NA	NA	NA
sgCYP2C19_1	sgCD53_2	NA	NA	NA	NA
sgCYP2D6_1	sgCD5_1	NA	NA	NA	NA
sgCYP2D6_2	sgCD6_3	NA	NA	NA	NA
sgCYP2D6_3	sgCD82_4	NA	NA	NA	NA
sgCYP3A5_2	sgCD83_1	NA	NA	NA	NA
sgCYP3A5_3	sgCD8A_2	NA	NA	NA	NA
sgCYP4A11_1	sgCD8B_4	NA	NA	NA	NA
sgCYP4F12_1	sgCD97_4	NA	NA	NA	NA
sgCYP4F12_3	sgCDC14B_3	NA	NA	NA	NA
sgCYP4F2_4	sgCDC20_4	NA	NA	NA	NA
sgCYP4F3_4	sgCDC27_4	NA	NA	NA	NA
sgCYP4Z1_2	sgCDC37L1_4	NA	NA	NA	NA
sgCYP4Z1_4	sgCDC42BPA_4	NA	NA	NA	NA
sgCYP51A1_2	sgCDC42SE1_1	NA	NA	NA	NA
sgDAP3_3	sgCDC6_2	NA	NA	NA	NA
sgDAZL_1	sgCDC73_2	NA	NA	NA	NA
sgDAZL_4	sgCDCA8_1	NA	NA	NA	NA
sgDBF4_1	sgCDCA8_2	NA	NA	NA	NA
sgDBF4_2	sgCDCA8_3	NA	NA	NA	NA
sgDBF4_3	sgCDCA8_4	NA	NA	NA	NA
sgDBI_3	sgCDH10_4	NA	NA	NA	NA
sgDCLRE1C_3	sgCDH15_2	NA	NA	NA	NA
sgDCTN1_4	sgCDH17_2	NA	NA	NA	NA
sgDCTN6_4	sgCDH26_2	NA	NA	NA	NA
sgDDTL_1	sgCDHR4_1	NA	NA	NA	NA
sgDDT_1	sgCDK11A_4	NA	NA	NA	NA
sgDDX10_1	sgCDK14_4	NA	NA	NA	NA
sgDDX10_3	sgCDK18_1	NA	NA	NA	NA
sgDDX11_1	sgCDK2AP1_3	NA	NA	NA	NA
sgDDX11_3	sgCDK2AP1_4	NA	NA	NA	NA
sgDDX18_3	sgCDK3_4	NA	NA	NA	NA
sgDDX18_4	sgCDK4_3	NA	NA	NA	NA
sgDDX19A_1	sgCDK5RAP3_3	NA	NA	NA	NA
sgDDX19A_4	sgCDK5RAP3_4	NA	NA	NA	NA
sgDDX19B_1	sgCDK7_1	NA	NA	NA	NA
sgDDX19B_5	sgCDK7_2	NA	NA	NA	NA
sgDDX23_4	sgCDK7_3	NA	NA	NA	NA
sgDDX56_1	sgCDKL4_4	NA	NA	NA	NA
sgDDX6_2	sgCDKN2D_1	NA	NA	NA	NA
sgDDX6_4	sgCDRT15L2_3	NA	NA	NA	NA
sgDEFA1B_1	sgCDRT15_2	NA	NA	NA	NA
sgDEFA1B_2	sgCDRT15_3	NA	NA	NA	NA
sgDEFA1B_3	sgCDRT1_1	NA	NA	NA	NA
sgDEFA1B_4	sgCDRT1_2	NA	NA	NA	NA
sgDEFA1_1	sgCDRT1_3	NA	NA	NA	NA
sgDEFA1_2	sgCDRT1_4	NA	NA	NA	NA
sgDEFA1_3	sgCDV3_2	NA	NA	NA	NA
sgDEFA1_4	sgCEACAM1_1	NA	NA	NA	NA
sgDEFA3_1	sgCEACAM1_2	NA	NA	NA	NA
sgDEFA3_2	sgCEACAM3_2	NA	NA	NA	NA
sgDEFA3_3	sgCEACAM4_1	NA	NA	NA	NA
sgDEFA3_4	sgCEACAM4_4	NA	NA	NA	NA
sgDEFA5_2	sgCEACAM5_1	NA	NA	NA	NA
sgDEFA5_3	sgCEACAM5_4	NA	NA	NA	NA
sgDEFA5_4	sgCEACAM6_3	NA	NA	NA	NA
sgDEFB103A_1	sgCEACAM6_4	NA	NA	NA	NA
sgDEFB103A_2	sgCEACAM7_2	NA	NA	NA	NA
sgDEFB103A_3	sgCEACAM8_1	NA	NA	NA	NA
sgDEFB103A_4	sgCEACAM8_3	NA	NA	NA	NA
sgDEFB103B_1	sgCELA2A_3	NA	NA	NA	NA
sgDEFB103B_2	sgCELA3A_1	NA	NA	NA	NA
sgDEFB103B_3	sgCELA3A_4	NA	NA	NA	NA
sgDEFB103B_4	sgCELA3B_1	NA	NA	NA	NA
sgDEFB104A_1	sgCELA3B_3	NA	NA	NA	NA
sgDEFB104A_2	sgCEND1_4	NA	NA	NA	NA
sgDEFB104A_3	sgCENPB_2	NA	NA	NA	NA
sgDEFB104A_4	sgCEP350_4	NA	NA	NA	NA
sgDEFB104B_1	sgCEP41_2	NA	NA	NA	NA
sgDEFB104B_2	sgCEP68_1	NA	NA	NA	NA
sgDEFB104B_3	sgCEPT1_1	NA	NA	NA	NA
sgDEFB104B_4	sgCERS4_2	NA	NA	NA	NA
sgDEFB105A_1	sgCERS5_2	NA	NA	NA	NA
sgDEFB105A_2	sgCES5A_4	NA	NA	NA	NA
sgDEFB105A_3	sgCETN3_4	NA	NA	NA	NA
sgDEFB105A_4	sgCETP_2	NA	NA	NA	NA
sgDEFB105B_1	sgCFAP221_3	NA	NA	NA	NA
sgDEFB105B_2	sgCFD_2	NA	NA	NA	NA
sgDEFB105B_3	sgCFHR2_1	NA	NA	NA	NA
sgDEFB105B_4	sgCFHR4_1	NA	NA	NA	NA
sgDEFB106A_1	sgCFHR4_4	NA	NA	NA	NA
sgDEFB106A_2	sgCFHR4_5	NA	NA	NA	NA
sgDEFB106A_3	sgCFH_1	NA	NA	NA	NA
sgDEFB106A_4	sgCFL1_2	NA	NA	NA	NA
sgDEFB106B_1	sgCFL1_3	NA	NA	NA	NA
sgDEFB106B_2	sgCGGBP1_2	NA	NA	NA	NA
sgDEFB106B_3	sgCHADL_4	NA	NA	NA	NA
sgDEFB106B_4	sgCHAF1A_3	NA	NA	NA	NA
sgDEFB107A_1	sgCHAF1B_1	NA	NA	NA	NA
sgDEFB107A_2	sgCHAF1B_2	NA	NA	NA	NA
sgDEFB107A_3	sgCHAF1B_3	NA	NA	NA	NA
sgDEFB107A_4	sgCHAF1B_4	NA	NA	NA	NA
sgDEFB107A_5	sgCHAMP1_3	NA	NA	NA	NA
sgDEFB107A_6	sgCHCHD2_1	NA	NA	NA	NA
sgDEFB107B_1	sgCHCHD3_2	NA	NA	NA	NA
sgDEFB107B_2	sgCHCHD3_3	NA	NA	NA	NA
sgDEFB107B_3	sgCHCHD3_4	NA	NA	NA	NA
sgDEFB107B_4	sgCHCHD4_1	NA	NA	NA	NA
sgDEFB107B_5	sgCHCHD5_3	NA	NA	NA	NA
sgDEFB107B_6	sgCHD1L_2	NA	NA	NA	NA
sgDEFB108B_1	sgCHD3_1	NA	NA	NA	NA
sgDEFB108B_2	sgCHD6_1	NA	NA	NA	NA
sgDEFB108B_4	sgCHD8_3	NA	NA	NA	NA
sgDEFB118_3	sgCHD8_4	NA	NA	NA	NA
sgDEFB131_2	sgCHGA_2	NA	NA	NA	NA
sgDEFB131_3	sgCHGB_1	NA	NA	NA	NA
sgDEFB4A_1	sgCHGB_4	NA	NA	NA	NA
sgDEFB4A_2	sgCHI3L1_3	NA	NA	NA	NA
sgDEFB4A_3	sgCHI3L2_3	NA	NA	NA	NA
sgDEFB4A_4	sgCHID1_3	NA	NA	NA	NA
sgDEFB4A_5	sgCHMP1A_1	NA	NA	NA	NA
sgDEFB4B_1	sgCHMP2B_2	NA	NA	NA	NA
sgDEFB4B_3	sgCHMP4B_2	NA	NA	NA	NA
sgDEFB4B_4	sgCHMP4B_3	NA	NA	NA	NA
sgDENND5A_1	sgCHMP5_2	NA	NA	NA	NA
sgDENR_2	sgCHMP5_3	NA	NA	NA	NA
sgDENR_4	sgCHMP6_2	NA	NA	NA	NA
sgDEPDC1_1	sgCHMP7_3	NA	NA	NA	NA
sgDEPDC1_3	sgCHP1_2	NA	NA	NA	NA
sgDEPDC1_4	sgCHP1_4	NA	NA	NA	NA
sgDESI2_1	sgCHRDL2_3	NA	NA	NA	NA
sgDESI2_2	sgCHRD_1	NA	NA	NA	NA
sgDESI2_4	sgCHRFAM7A_2	NA	NA	NA	NA
sgDEXI_1	sgCHRFAM7A_4	NA	NA	NA	NA
sgDEXI_2	sgCHRM1_1	NA	NA	NA	NA
sgDEXI_3	sgCHRM2_2	NA	NA	NA	NA
sgDEXI_4	sgCHRM4_4	NA	NA	NA	NA
sgDGKZ_1	sgCHRNA3_1	NA	NA	NA	NA
sgDGKZ_2	sgCHRNA4_2	NA	NA	NA	NA
sgDGKZ_3	sgCHRNA4_3	NA	NA	NA	NA
sgDGKZ_4	sgCHRNG_4	NA	NA	NA	NA
sgDHFRL1_2	sgCHST13_2	NA	NA	NA	NA
sgDHFR_3	sgCHST5_2	NA	NA	NA	NA
sgDHFR_4	sgCHST5_3	NA	NA	NA	NA
sgDHRS4_2	sgCHST5_4	NA	NA	NA	NA
sgDHRS4_4	sgCHST6_1	NA	NA	NA	NA
sgDHX40_2	sgCHST6_2	NA	NA	NA	NA
sgDHX40_3	sgCHST6_3	NA	NA	NA	NA
sgDHX40_4	sgCHTF8_3	NA	NA	NA	NA
sgDHX9_1	sgCIB4_1	NA	NA	NA	NA
sgDKKL1_3	sgCIC_4	NA	NA	NA	NA
sgDMBT1_10	sgCIDEB_3	NA	NA	NA	NA
sgDMBT1_11	sgCIDEC_2	NA	NA	NA	NA
sgDMBT1_2	sgCISD1_2	NA	NA	NA	NA
sgDMBT1_3	sgCKB_3	NA	NA	NA	NA
sgDMBT1_5	sgCLASRP_1	NA	NA	NA	NA
sgDMBT1_6	sgCLCC1_4	NA	NA	NA	NA
sgDMBT1_7	sgCLCN3_4	NA	NA	NA	NA
sgDMBT1_8	sgCLCNKB_2	NA	NA	NA	NA
sgDMBT1_9	sgCLCNKB_3	NA	NA	NA	NA
sgDNAJA1_3	sgCLCNKB_4	NA	NA	NA	NA
sgDNAJB13_2	sgCLC_1	NA	NA	NA	NA
sgDNAJB14_3	sgCLDN3_4	NA	NA	NA	NA
sgDNAJB1_1	sgCLDN4_1	NA	NA	NA	NA
sgDNAJB6_1	sgCLDN4_2	NA	NA	NA	NA
sgDNAJB6_2	sgCLDN4_4	NA	NA	NA	NA
sgDNAJB6_4	sgCLEC12A_1	NA	NA	NA	NA
sgDNAJC19_1	sgCLEC14A_1	NA	NA	NA	NA
sgDNAJC19_2	sgCLEC18A_1	NA	NA	NA	NA
sgDNAJC19_3	sgCLEC18A_2	NA	NA	NA	NA
sgDNAJC19_4	sgCLEC18A_3	NA	NA	NA	NA
sgDNAJC8_1	sgCLEC18A_5	NA	NA	NA	NA
sgDNAJC8_3	sgCLEC18C_4	NA	NA	NA	NA
sgDNAJC9_2	sgCLEC1B_2	NA	NA	NA	NA
sgDNAJC9_3	sgCLEC4A_3	NA	NA	NA	NA
sgDNAJC9_4	sgCLEC4G_3	NA	NA	NA	NA
sgDND1_1	sgCLEC5A_1	NA	NA	NA	NA
sgDPF2_2	sgCLEC6A_2	NA	NA	NA	NA
sgDPH3_3	sgCLEC7A_1	NA	NA	NA	NA
sgDPP3_2	sgCLIC1_1	NA	NA	NA	NA
sgDPPA2_1	sgCLIC1_4	NA	NA	NA	NA
sgDPPA2_2	sgCLIC4_1	NA	NA	NA	NA
sgDPPA2_4	sgCLIC4_4	NA	NA	NA	NA
sgDPPA3_1	sgCLIC6_1	NA	NA	NA	NA
sgDPPA3_2	sgCLIP1_3	NA	NA	NA	NA
sgDPPA3_3	sgCLK1_1	NA	NA	NA	NA
sgDPPA3_4	sgCLK3_2	NA	NA	NA	NA
sgDPPA5_1	sgCLK4_1	NA	NA	NA	NA
sgDPPA5_2	sgCLN6_2	NA	NA	NA	NA
sgDPPA5_4	sgCLPP_2	NA	NA	NA	NA
sgDPRX_1	sgCLPTM1_3	NA	NA	NA	NA
sgDPRX_4	sgCLSPN_4	NA	NA	NA	NA
sgDPY19L2_1	sgCLVS2_4	NA	NA	NA	NA
sgDPY19L2_4	sgCMC1_2	NA	NA	NA	NA
sgDPY19L4_1	sgCMC2_2	NA	NA	NA	NA
sgDPY19L4_3	sgCMC2_4	NA	NA	NA	NA
sgDPY30_1	sgCMSS1_2	NA	NA	NA	NA
sgDRD5_2	sgCMTM3_1	NA	NA	NA	NA
sgDRG1_1	sgCMTR2_3	NA	NA	NA	NA
sgDRICH1_4	sgCNIH4_1	NA	NA	NA	NA
sgDSE_1	sgCNIH4_4	NA	NA	NA	NA
sgDSE_2	sgCNN2_4	NA	NA	NA	NA
sgDSTN_1	sgCNOT6L_2	NA	NA	NA	NA
sgDSTN_2	sgCNOT6L_3	NA	NA	NA	NA
sgDSTN_3	sgCNOT8_1	NA	NA	NA	NA
sgDSTN_4	sgCNTFR_4	NA	NA	NA	NA
sgDTD2_2	sgCNTLN_4	NA	NA	NA	NA
sgDTD2_4	sgCNTN4_3	NA	NA	NA	NA
sgDTWD1_2	sgCNTN4_4	NA	NA	NA	NA
sgDTWD1_4	sgCNTNAP2_2	NA	NA	NA	NA
sgDTX2_3	sgCNTNAP3B_2	NA	NA	NA	NA
sgDTX2_4	sgCNTNAP3_1	NA	NA	NA	NA
sgDUSP22_1	sgCNTNAP3_2	NA	NA	NA	NA
sgDUSP22_2	sgCNTNAP3_4	NA	NA	NA	NA
sgDUSP22_3	sgCNTNAP5_2	NA	NA	NA	NA
sgDUSP22_4	sgCOG5_1	NA	NA	NA	NA
sgDUSP8_1	sgCOIL_1	NA	NA	NA	NA
sgDUXA_3	sgCOIL_2	NA	NA	NA	NA
sgDUXA_4	sgCOL11A2_3	NA	NA	NA	NA
sgDYNC1I2_3	sgCOL17A1_1	NA	NA	NA	NA
sgDYNC1LI1_3	sgCOL24A1_1	NA	NA	NA	NA
sgDYNLL1_1	sgCOL5A1_2	NA	NA	NA	NA
sgDYNLL1_4	sgCOL8A1_1	NA	NA	NA	NA
sgDYNLRB1_2	sgCOL8A1_2	NA	NA	NA	NA
sgDYNLT1_1	sgCOL9A1_1	NA	NA	NA	NA
sgDYNLT1_2	sgCOMMD4_1	NA	NA	NA	NA
sgDYNLT1_4	sgCOMMD4_2	NA	NA	NA	NA
sgE2F6_1	sgCOMMD5_1	NA	NA	NA	NA
sgE2F6_3	sgCOMMD5_2	NA	NA	NA	NA
sgE2F6_4	sgCOMMD5_3	NA	NA	NA	NA
sgEBPL_1	sgCOPS2_1	NA	NA	NA	NA
sgEBPL_2	sgCOPS3_1	NA	NA	NA	NA
sgEED_4	sgCOPS5_1	NA	NA	NA	NA
sgEEF1A1_1	sgCOPS8_1	NA	NA	NA	NA
sgEEF1A1_2	sgCOPZ1_2	NA	NA	NA	NA
sgEEF1A1_3	sgCORIN_3	NA	NA	NA	NA
sgEEF1A1_4	sgCORT_3	NA	NA	NA	NA
sgEEF1B2_1	sgCOX17_1	NA	NA	NA	NA
sgEEF1B2_2	sgCOX17_2	NA	NA	NA	NA
sgEEF1B2_3	sgCOX5B_3	NA	NA	NA	NA
sgEEF1B2_4	sgCOX6C_4	NA	NA	NA	NA
sgEEF1D_1	sgCOX7C_1	NA	NA	NA	NA
sgEEF1E1_1	sgCOX7C_4	NA	NA	NA	NA
sgEEF1G_1	sgCOX8C_1	NA	NA	NA	NA
sgEEF1G_3	sgCOX8C_3	NA	NA	NA	NA
sgEEF1G_4	sgCOX8C_4	NA	NA	NA	NA
sgEFTUD1_1	sgCPAMD8_4	NA	NA	NA	NA
sgEFTUD1_2	sgCPEB3_3	NA	NA	NA	NA
sgEFTUD1_3	sgCPEB4_1	NA	NA	NA	NA
sgEIF1_1	sgCPNE2_3	NA	NA	NA	NA
sgEIF1_3	sgCPNE2_4	NA	NA	NA	NA
sgEIF1_4	sgCPOX_2	NA	NA	NA	NA
sgEIF2S2_1	sgCPQ_1	NA	NA	NA	NA
sgEIF2S2_2	sgCPQ_2	NA	NA	NA	NA
sgEIF2S2_3	sgCR1L_1	NA	NA	NA	NA
sgEIF2S2_4	sgCR1L_3	NA	NA	NA	NA
sgEIF3CL_1	sgCR1L_4	NA	NA	NA	NA
sgEIF3CL_2	sgCR1_1	NA	NA	NA	NA
sgEIF3CL_3	sgCR1_2	NA	NA	NA	NA
sgEIF3CL_4	sgCR1_3	NA	NA	NA	NA
sgEIF3CL_6	sgCRADD_3	NA	NA	NA	NA
sgEIF3C_1	sgCREB5_3	NA	NA	NA	NA
sgEIF3C_2	sgCREBZF_1	NA	NA	NA	NA
sgEIF3C_3	sgCREBZF_2	NA	NA	NA	NA
sgEIF3C_4	sgCRIP1_1	NA	NA	NA	NA
sgEIF3C_5	sgCRIP3_1	NA	NA	NA	NA
sgEIF3E_3	sgCRLF3_3	NA	NA	NA	NA
sgEIF3F_1	sgCRMP1_2	NA	NA	NA	NA
sgEIF3F_2	sgCROCC_2	NA	NA	NA	NA
sgEIF3F_3	sgCROCC_3	NA	NA	NA	NA
sgEIF3J_4	sgCRTC2_3	NA	NA	NA	NA
sgEIF4A1_1	sgCRYAB_1	NA	NA	NA	NA
sgEIF4A1_2	sgCRYBB3_2	NA	NA	NA	NA
sgEIF4A1_3	sgCRYGA_4	NA	NA	NA	NA
sgEIF4A1_4	sgCRYGB_1	NA	NA	NA	NA
sgEIF4B_1	sgCRYGB_3	NA	NA	NA	NA
sgEIF4B_2	sgCRYGB_4	NA	NA	NA	NA
sgEIF4B_3	sgCRYGC_1	NA	NA	NA	NA
sgEIF4B_4	sgCRYGC_2	NA	NA	NA	NA
sgEIF4E2_2	sgCRYZ_2	NA	NA	NA	NA
sgEIF4E_1	sgCSF3R_3	NA	NA	NA	NA
sgEIF4E_2	sgCSGALNACT1_2	NA	NA	NA	NA
sgEIF4E_3	sgCSHL1_2	NA	NA	NA	NA
sgEIF4H_1	sgCSHL1_3	NA	NA	NA	NA
sgEIF4H_2	sgCSHL1_5	NA	NA	NA	NA
sgEIF4H_3	sgCSN2_4	NA	NA	NA	NA
sgEIF5AL1_1	sgCSPG4_1	NA	NA	NA	NA
sgEIF5AL1_2	sgCSRNP3_3	NA	NA	NA	NA
sgEIF5AL1_3	sgCSRP2_1	NA	NA	NA	NA
sgEIF5AL1_4	sgCSRP2_2	NA	NA	NA	NA
sgELF2_2	sgCST2_1	NA	NA	NA	NA
sgELF2_3	sgCST3_4	NA	NA	NA	NA
sgEMC3_3	sgCST5_4	NA	NA	NA	NA
sgEMR2_1	sgCST7_3	NA	NA	NA	NA
sgENAH_3	sgCST8_3	NA	NA	NA	NA
sgENO1_2	sgCSTF3_3	NA	NA	NA	NA
sgENO1_3	sgCTAGE1_3	NA	NA	NA	NA
sgENOPH1_2	sgCTAGE5_2	NA	NA	NA	NA
sgENPEP_4	sgCTAGE9_1	NA	NA	NA	NA
sgENPP7_3	sgCTAGE9_2	NA	NA	NA	NA
sgENPP7_4	sgCTAGE9_3	NA	NA	NA	NA
sgENSA_3	sgCTBP1_2	NA	NA	NA	NA
sgENY2_4	sgCTBP2_1	NA	NA	NA	NA
sgEPB41L5_3	sgCTBP2_2	NA	NA	NA	NA
sgERH_1	sgCTCF_1	NA	NA	NA	NA
sgERVFRD-1_4	sgCTCF_2	NA	NA	NA	NA
sgERVV-1_1	sgCTDP1_1	NA	NA	NA	NA
sgERVV-1_2	sgCTDSP2_2	NA	NA	NA	NA
sgERVV-1_4	sgCTDSPL2_1	NA	NA	NA	NA
sgERVV-1_5	sgCTDSPL_3	NA	NA	NA	NA
sgERVV-2_1	sgCTF1_2	NA	NA	NA	NA
sgERVV-2_2	sgCTGF_3	NA	NA	NA	NA
sgERVV-2_4	sgCTLA4_1	NA	NA	NA	NA
sgERVV-2_5	sgCTNNA1_4	NA	NA	NA	NA
sgERVW-1_3	sgCTNNAL1_4	NA	NA	NA	NA
sgERVW-1_4	sgCTPS1_4	NA	NA	NA	NA
sgESPN_2	sgCTRB1_4	NA	NA	NA	NA
sgESPN_4	sgCTSB_4	NA	NA	NA	NA
sgESRRA_1	sgCTSF_4	NA	NA	NA	NA
sgESRRA_4	sgCTSG_1	NA	NA	NA	NA
sgETF1_2	sgCTSH_4	NA	NA	NA	NA
sgETF1_3	sgCTSO_1	NA	NA	NA	NA
sgETV3_3	sgCTXN3_1	NA	NA	NA	NA
sgEVA1C_1	sgCTXN3_2	NA	NA	NA	NA
sgEVA1C_2	sgCTXN3_3	NA	NA	NA	NA
sgEWSR1_2	sgCUL1_1	NA	NA	NA	NA
sgEWSR1_3	sgCUL1_4	NA	NA	NA	NA
sgEWSR1_4	sgCUL3_2	NA	NA	NA	NA
sgEXOC5_1	sgCUL7_4	NA	NA	NA	NA
sgEXOC8_3	sgCWC25_4	NA	NA	NA	NA
sgFABP5_1	sgCWC27_1	NA	NA	NA	NA
sgFABP5_2	sgCWC27_4	NA	NA	NA	NA
sgFABP5_3	sgCXCL13_4	NA	NA	NA	NA
sgFABP5_4	sgCXCL14_1	NA	NA	NA	NA
sgFAF2_3	sgCXCL17_1	NA	NA	NA	NA
sgFAHD2A_1	sgCXCL17_3	NA	NA	NA	NA
sgFAHD2A_3	sgCXCL2_2	NA	NA	NA	NA
sgFAHD2B_1	sgCXCL2_4	NA	NA	NA	NA
sgFAHD2B_2	sgCXCL3_1	NA	NA	NA	NA
sgFAHD2B_3	sgCXCL3_2	NA	NA	NA	NA
sgFAM103A1_1	sgCXCL3_3	NA	NA	NA	NA
sgFAM103A1_2	sgCXCL5_3	NA	NA	NA	NA
sgFAM103A1_4	sgCXCL5_4	NA	NA	NA	NA
sgFAM115A_2	sgCXCL6_2	NA	NA	NA	NA
sgFAM115C_1	sgCXCL6_3	NA	NA	NA	NA
sgFAM115C_2	sgCXCR1_1	NA	NA	NA	NA
sgFAM115C_4	sgCXCR2_1	NA	NA	NA	NA
sgFAM120A_1	sgCXCR2_2	NA	NA	NA	NA
sgFAM120A_2	sgCXCR5_4	NA	NA	NA	NA
sgFAM120A_6	sgCYB561A3_4	NA	NA	NA	NA
sgFAM131C_2	sgCYB5R2_3	NA	NA	NA	NA
sgFAM131C_3	sgCYB5R2_4	NA	NA	NA	NA
sgFAM131C_4	sgCYB5RL_3	NA	NA	NA	NA
sgFAM133B_1	sgCYBA_1	NA	NA	NA	NA
sgFAM133B_2	sgCYC1_4	NA	NA	NA	NA
sgFAM133B_3	sgCYCS_2	NA	NA	NA	NA
sgFAM149B1_4	sgCYCS_4	NA	NA	NA	NA
sgFAM151A_1	sgCYHR1_2	NA	NA	NA	NA
sgFAM151A_3	sgCYP11B1_3	NA	NA	NA	NA
sgFAM153A_1	sgCYP11B2_3	NA	NA	NA	NA
sgFAM153A_4	sgCYP1A1_4	NA	NA	NA	NA
sgFAM153A_5	sgCYP21A2_2	NA	NA	NA	NA
sgFAM153A_6	sgCYP21A2_4	NA	NA	NA	NA
sgFAM153A_7	sgCYP26C1_1	NA	NA	NA	NA
sgFAM166A_4	sgCYP2A13_2	NA	NA	NA	NA
sgFAM175A_1	sgCYP2A13_3	NA	NA	NA	NA
sgFAM175A_4	sgCYP2A6_1	NA	NA	NA	NA
sgFAM177A1_1	sgCYP2A6_2	NA	NA	NA	NA
sgFAM183A_1	sgCYP2A6_3	NA	NA	NA	NA
sgFAM183A_2	sgCYP2A7_2	NA	NA	NA	NA
sgFAM185A_1	sgCYP2A7_4	NA	NA	NA	NA
sgFAM185A_2	sgCYP2B6_1	NA	NA	NA	NA
sgFAM192A_2	sgCYP2B6_2	NA	NA	NA	NA
sgFAM204A_4	sgCYP2C18_1	NA	NA	NA	NA
sgFAM205A_1	sgCYP2C18_3	NA	NA	NA	NA
sgFAM205A_2	sgCYP2C19_4	NA	NA	NA	NA
sgFAM205A_3	sgCYP2C8_1	NA	NA	NA	NA
sgFAM205A_4	sgCYP2R1_1	NA	NA	NA	NA
sgFAM206A_1	sgCYP39A1_3	NA	NA	NA	NA
sgFAM207A_1	sgCYP3A43_3	NA	NA	NA	NA
sgFAM207A_2	sgCYP3A4_1	NA	NA	NA	NA
sgFAM207A_3	sgCYP3A7_2	NA	NA	NA	NA
sgFAM209A_2	sgCYP3A7_3	NA	NA	NA	NA
sgFAM209B_2	sgCYP4A11_2	NA	NA	NA	NA
sgFAM213A_3	sgCYP4A22_1	NA	NA	NA	NA
sgFAM214B_2	sgCYP4A22_2	NA	NA	NA	NA
sgFAM21A_3	sgCYP4A22_4	NA	NA	NA	NA
sgFAM21C_1	sgCYP4F11_1	NA	NA	NA	NA
sgFAM21C_2	sgCYP4F11_3	NA	NA	NA	NA
sgFAM21C_3	sgCYP4F11_4	NA	NA	NA	NA
sgFAM25A_2	sgCYP4F12_2	NA	NA	NA	NA
sgFAM25A_3	sgCYP4F22_3	NA	NA	NA	NA
sgFAM25C_1	sgCYP4F2_3	NA	NA	NA	NA
sgFAM25C_2	sgCYP4F3_1	NA	NA	NA	NA
sgFAM25C_3	sgCYP4F3_2	NA	NA	NA	NA
sgFAM25C_4	sgCYP4F3_3	NA	NA	NA	NA
sgFAM25G_1	sgCYP51A1_4	NA	NA	NA	NA
sgFAM25G_2	sgCYP8B1_4	NA	NA	NA	NA
sgFAM25G_3	sgCYR61_4	NA	NA	NA	NA
sgFAM25G_4	sgCYS1_4	NA	NA	NA	NA
sgFAM35A_2	sgCYSRT1_2	NA	NA	NA	NA
sgFAM35A_3	sgDAGLB_4	NA	NA	NA	NA
sgFAM35A_4	sgDAND5_3	NA	NA	NA	NA
sgFAM3C_2	sgDAP3_2	NA	NA	NA	NA
sgFAM45A_1	sgDAP3_4	NA	NA	NA	NA
sgFAM45A_2	sgDAP_3	NA	NA	NA	NA
sgFAM45A_3	sgDARS_2	NA	NA	NA	NA
sgFAM45A_4	sgDAZAP2_1	NA	NA	NA	NA
sgFAM60A_1	sgDAZAP2_3	NA	NA	NA	NA
sgFAM60A_2	sgDBN1_1	NA	NA	NA	NA
sgFAM60A_4	sgDCAF13_2	NA	NA	NA	NA
sgFAM64A_2	sgDCAF15_2	NA	NA	NA	NA
sgFAM76A_1	sgDCAF16_2	NA	NA	NA	NA
sgFAM86A_1	sgDCAF4_1	NA	NA	NA	NA
sgFAM86A_2	sgDCAF4_3	NA	NA	NA	NA
sgFAM86A_3	sgDCAF6_1	NA	NA	NA	NA
sgFAM86A_4	sgDCAF6_2	NA	NA	NA	NA
sgFAM86A_5	sgDCDC1_3	NA	NA	NA	NA
sgFAM86A_7	sgDCDC2_2	NA	NA	NA	NA
sgFAM86A_8	sgDCLRE1C_2	NA	NA	NA	NA
sgFAM86A_9	sgDCP2_4	NA	NA	NA	NA
sgFAM86B1_1	sgDCUN1D1_1	NA	NA	NA	NA
sgFAM86B1_2	sgDCUN1D1_2	NA	NA	NA	NA
sgFAM86B1_3	sgDCUN1D1_4	NA	NA	NA	NA
sgFAM86B1_4	sgDCUN1D3_1	NA	NA	NA	NA
sgFAM86B2_1	sgDCUN1D3_3	NA	NA	NA	NA
sgFAM86B2_2	sgDDA1_2	NA	NA	NA	NA
sgFAM86B2_3	sgDDA1_3	NA	NA	NA	NA
sgFAM86B2_4	sgDDAH1_3	NA	NA	NA	NA
sgFAM86B2_5	sgDDB1_3	NA	NA	NA	NA
sgFAM86B2_6	sgDDB2_2	NA	NA	NA	NA
sgFAM86B2_7	sgDDHD2_1	NA	NA	NA	NA
sgFAM86B2_8	sgDDIT3_3	NA	NA	NA	NA
sgFAM90A1_1	sgDDIT4_2	NA	NA	NA	NA
sgFAM90A1_4	sgDDN_4	NA	NA	NA	NA
sgFAM91A1_2	sgDDTL_4	NA	NA	NA	NA
sgFAM91A1_3	sgDDT_4	NA	NA	NA	NA
sgFAM92A1_1	sgDDX10_4	NA	NA	NA	NA
sgFAM92A1_3	sgDDX11_2	NA	NA	NA	NA
sgFAM92A1_4	sgDDX11_4	NA	NA	NA	NA
sgFANCD2_1	sgDDX18_2	NA	NA	NA	NA
sgFANCD2_4	sgDDX19A_3	NA	NA	NA	NA
sgFAU_2	sgDDX19B_2	NA	NA	NA	NA
sgFAU_3	sgDDX23_1	NA	NA	NA	NA
sgFBLIM1_3	sgDDX23_3	NA	NA	NA	NA
sgFBXO36_2	sgDDX24_1	NA	NA	NA	NA
sgFBXO7_2	sgDDX24_4	NA	NA	NA	NA
sgFBXW4_1	sgDDX27_1	NA	NA	NA	NA
sgFCF1_1	sgDDX39A_1	NA	NA	NA	NA
sgFCF1_2	sgDDX50_1	NA	NA	NA	NA
sgFCF1_3	sgDDX50_4	NA	NA	NA	NA
sgFCF1_4	sgDDX52_3	NA	NA	NA	NA
sgFCGR1A_1	sgDDX59_3	NA	NA	NA	NA
sgFCGR1A_2	sgDDX6_1	NA	NA	NA	NA
sgFCGR1A_3	sgDDX6_3	NA	NA	NA	NA
sgFCGR1A_4	sgDEDD2_2	NA	NA	NA	NA
sgFCGR1A_5	sgDEF8_3	NA	NA	NA	NA
sgFCGR1A_6	sgDEFA5_1	NA	NA	NA	NA
sgFCGR1A_7	sgDEFB108B_3	NA	NA	NA	NA
sgFCGR1A_8	sgDEFB115_4	NA	NA	NA	NA
sgFCGR2B_1	sgDEFB118_1	NA	NA	NA	NA
sgFCGR2B_2	sgDEFB128_1	NA	NA	NA	NA
sgFCGR2B_3	sgDEFB136_1	NA	NA	NA	NA
sgFCGR3A_1	sgDEFB4B_2	NA	NA	NA	NA
sgFCGR3A_2	sgDEGS1_3	NA	NA	NA	NA
sgFCGR3A_3	sgDENND1C_3	NA	NA	NA	NA
sgFCGR3A_4	sgDENND2A_4	NA	NA	NA	NA
sgFCGR3B_2	sgDENND2D_4	NA	NA	NA	NA
sgFCRL5_1	sgDENND5B_4	NA	NA	NA	NA
sgFDPS_3	sgDENND6A_4	NA	NA	NA	NA
sgFECH_2	sgDENND6B_2	NA	NA	NA	NA
sgFEM1A_1	sgDERL2_3	NA	NA	NA	NA
sgFEM1A_2	sgDERL3_1	NA	NA	NA	NA
sgFEM1A_4	sgDESI1_1	NA	NA	NA	NA
sgFEN1_2	sgDFNB31_1	NA	NA	NA	NA
sgFFAR3_1	sgDFNB59_1	NA	NA	NA	NA
sgFFAR3_2	sgDGAT1_4	NA	NA	NA	NA
sgFFAR3_3	sgDGCR6L_1	NA	NA	NA	NA
sgFFAR3_4	sgDGCR6L_2	NA	NA	NA	NA
sgFGD5_2	sgDGCR6L_3	NA	NA	NA	NA
sgFGF10_3	sgDGCR6_2	NA	NA	NA	NA
sgFGFR1OP2_2	sgDGCR6_3	NA	NA	NA	NA
sgFIBIN_1	sgDGKB_4	NA	NA	NA	NA
sgFKBP1A_3	sgDGKE_4	NA	NA	NA	NA
sgFKBP1A_4	sgDGKH_1	NA	NA	NA	NA
sgFKBP6_1	sgDGKI_2	NA	NA	NA	NA
sgFKBP6_2	sgDHFRL1_1	NA	NA	NA	NA
sgFKBP6_3	sgDHFRL1_3	NA	NA	NA	NA
sgFKBP6_4	sgDHFRL1_4	NA	NA	NA	NA
sgFKBP8_3	sgDHRS13_3	NA	NA	NA	NA
sgFKBP9_2	sgDHRS2_2	NA	NA	NA	NA
sgFKBP9_3	sgDHRS4_1	NA	NA	NA	NA
sgFKBP9_4	sgDHRS4_3	NA	NA	NA	NA
sgFLNB_1	sgDHTKD1_1	NA	NA	NA	NA
sgFN3K_2	sgDHX16_4	NA	NA	NA	NA
sgFNTA_2	sgDHX36_3	NA	NA	NA	NA
sgFOLH1_1	sgDHX37_2	NA	NA	NA	NA
sgFOLH1_2	sgDHX40_1	NA	NA	NA	NA
sgFOLH1_3	sgDKKL1_2	NA	NA	NA	NA
sgFOLR2_2	sgDLEC1_4	NA	NA	NA	NA
sgFOLR2_4	sgDLG1_3	NA	NA	NA	NA
sgFOXD2_4	sgDLG1_4	NA	NA	NA	NA
sgFOXD3_5	sgDLGAP5_2	NA	NA	NA	NA
sgFOXD4L1_1	sgDLK2_4	NA	NA	NA	NA
sgFOXD4L1_3	sgDLST_2	NA	NA	NA	NA
sgFOXD4L1_4	sgDMBT1_1	NA	NA	NA	NA
sgFOXD4L3_1	sgDMBT1_4	NA	NA	NA	NA
sgFOXD4L3_2	sgDMP1_2	NA	NA	NA	NA
sgFOXD4L3_3	sgDMRTA2_2	NA	NA	NA	NA
sgFOXD4L3_4	sgDMRTA2_4	NA	NA	NA	NA
sgFOXD4L4_2	sgDMXL2_4	NA	NA	NA	NA
sgFOXD4L4_3	sgDNAH14_2	NA	NA	NA	NA
sgFOXD4L4_4	sgDNAJA1_1	NA	NA	NA	NA
sgFOXD4L5_1	sgDNAJA1_2	NA	NA	NA	NA
sgFOXD4L5_3	sgDNAJB14_4	NA	NA	NA	NA
sgFOXD4L5_4	sgDNAJB1_2	NA	NA	NA	NA
sgFOXD4L6_1	sgDNAJB1_3	NA	NA	NA	NA
sgFOXD4L6_2	sgDNAJB7_4	NA	NA	NA	NA
sgFOXD4L6_3	sgDNAJC17_1	NA	NA	NA	NA
sgFOXD4L6_4	sgDNAJC17_2	NA	NA	NA	NA
sgFOXD4_3	sgDNAJC17_3	NA	NA	NA	NA
sgFOXD4_6	sgDNAJC18_3	NA	NA	NA	NA
sgFOXD4_7	sgDNAJC22_1	NA	NA	NA	NA
sgFOXN3_4	sgDNAJC22_4	NA	NA	NA	NA
sgFOXO1_1	sgDNAJC5_3	NA	NA	NA	NA
sgFOXO3_2	sgDNAJC7_1	NA	NA	NA	NA
sgFOXO3_3	sgDNAJC7_2	NA	NA	NA	NA
sgFOXO3_4	sgDNAJC9_1	NA	NA	NA	NA
sgFRG1_3	sgDNAL1_1	NA	NA	NA	NA
sgFRG2B_2	sgDNASE1L3_2	NA	NA	NA	NA
sgFRG2B_3	sgDNASE1_4	NA	NA	NA	NA
sgFRG2B_4	sgDNASE2B_1	NA	NA	NA	NA
sgFRG2B_5	sgDND1_3	NA	NA	NA	NA
sgFRG2C_1	sgDND1_4	NA	NA	NA	NA
sgFRG2C_2	sgDNM1_3	NA	NA	NA	NA
sgFRG2C_3	sgDNTTIP1_4	NA	NA	NA	NA
sgFRG2C_4	sgDNTT_1	NA	NA	NA	NA
sgFRG2_1	sgDOCK10_3	NA	NA	NA	NA
sgFRG2_2	sgDOCK4_2	NA	NA	NA	NA
sgFRG2_3	sgDOCK8_2	NA	NA	NA	NA
sgFRG2_4	sgDOCK9_1	NA	NA	NA	NA
sgFSCN1_1	sgDOK1_1	NA	NA	NA	NA
sgFTH1_1	sgDOK1_2	NA	NA	NA	NA
sgFTH1_2	sgDOK2_2	NA	NA	NA	NA
sgFTH1_3	sgDOK5_1	NA	NA	NA	NA
sgFTL_4	sgDPAGT1_4	NA	NA	NA	NA
sgFTO_4	sgDPCD_1	NA	NA	NA	NA
sgFUT2_1	sgDPCR1_1	NA	NA	NA	NA
sgFUT2_3	sgDPEP3_4	NA	NA	NA	NA
sgFXR1_3	sgDPF2_1	NA	NA	NA	NA
sgFXR1_4	sgDPH1_3	NA	NA	NA	NA
sgFXYD1_3	sgDPH3_1	NA	NA	NA	NA
sgG2E3_1	sgDPH3_2	NA	NA	NA	NA
sgG2E3_2	sgDPH3_4	NA	NA	NA	NA
sgGABPA_1	sgDPP10_4	NA	NA	NA	NA
sgGABPA_2	sgDPP3_1	NA	NA	NA	NA
sgGAPDH_1	sgDPP3_4	NA	NA	NA	NA
sgGAPDH_2	sgDPP9_2	NA	NA	NA	NA
sgGAPDH_4	sgDPPA4_2	NA	NA	NA	NA
sgGATSL2_1	sgDPPA4_3	NA	NA	NA	NA
sgGATSL2_2	sgDPPA4_4	NA	NA	NA	NA
sgGATSL2_3	sgDPRX_2	NA	NA	NA	NA
sgGATSL2_4	sgDPRX_3	NA	NA	NA	NA
sgGBA_1	sgDPT_1	NA	NA	NA	NA
sgGBA_2	sgDPYSL5_1	NA	NA	NA	NA
sgGBA_3	sgDRAM2_3	NA	NA	NA	NA
sgGBP1_3	sgDRAXIN_3	NA	NA	NA	NA
sgGCSH_1	sgDRG1_2	NA	NA	NA	NA
sgGCSH_2	sgDRG1_4	NA	NA	NA	NA
sgGCSH_4	sgDRGX_3	NA	NA	NA	NA
sgGDI2_3	sgDRICH1_1	NA	NA	NA	NA
sgGEMIN7_1	sgDSC1_1	NA	NA	NA	NA
sgGEMIN7_4	sgDSG4_1	NA	NA	NA	NA
sgGGCT_2	sgDTD2_1	NA	NA	NA	NA
sgGGT1_1	sgDTHD1_1	NA	NA	NA	NA
sgGGT1_2	sgDTHD1_3	NA	NA	NA	NA
sgGGT1_3	sgDTWD1_1	NA	NA	NA	NA
sgGGT1_4	sgDTX2_1	NA	NA	NA	NA
sgGGT5_2	sgDTX4_4	NA	NA	NA	NA
sgGGTLC2_1	sgDUOX1_2	NA	NA	NA	NA
sgGGTLC2_4	sgDUOX2_2	NA	NA	NA	NA
sgGJA1_2	sgDUOX2_3	NA	NA	NA	NA
sgGJC3_2	sgDUOXA1_1	NA	NA	NA	NA
sgGJC3_3	sgDUSP16_1	NA	NA	NA	NA
sgGLDC_4	sgDUSP7_1	NA	NA	NA	NA
sgGLRX5_1	sgDUSP8_2	NA	NA	NA	NA
sgGLRX_3	sgDUSP8_4	NA	NA	NA	NA
sgGLRX_4	sgDUT_1	NA	NA	NA	NA
sgGLTP_2	sgDXO_2	NA	NA	NA	NA
sgGLUL_2	sgDYNC1I2_4	NA	NA	NA	NA
sgGLUL_3	sgDYNLL1_2	NA	NA	NA	NA
sgGLUL_4	sgDYNLL1_3	NA	NA	NA	NA
sgGLYATL2_2	sgDYNLT1_3	NA	NA	NA	NA
sgGMCL1_4	sgDYRK4_1	NA	NA	NA	NA
sgGMFB_1	sgDYX1C1_3	NA	NA	NA	NA
sgGNAQ_1	sgDZIP3_2	NA	NA	NA	NA
sgGNAQ_2	sgE2F3_2	NA	NA	NA	NA
sgGNAQ_3	sgE2F3_3	NA	NA	NA	NA
sgGNAQ_4	sgE2F7_2	NA	NA	NA	NA
sgGNG10_2	sgEBF1_2	NA	NA	NA	NA
sgGNG10_3	sgEBF2_4	NA	NA	NA	NA
sgGNG10_4	sgEBI3_1	NA	NA	NA	NA
sgGNG5_4	sgEBLN2_1	NA	NA	NA	NA
sgGNPNAT1_1	sgEBNA1BP2_1	NA	NA	NA	NA
sgGNPNAT1_2	sgECEL1_2	NA	NA	NA	NA
sgGNPNAT1_4	sgECH1_3	NA	NA	NA	NA
sgGOLGA6A_1	sgECHDC3_2	NA	NA	NA	NA
sgGOLGA6A_2	sgEDDM3A_2	NA	NA	NA	NA
sgGOLGA6A_3	sgEDEM1_4	NA	NA	NA	NA
sgGOLGA6A_4	sgEDN1_4	NA	NA	NA	NA
sgGOLGA6A_5	sgEDNRA_2	NA	NA	NA	NA
sgGOLGA6A_6	sgEED_2	NA	NA	NA	NA
sgGOLGA6A_7	sgEEF1D_4	NA	NA	NA	NA
sgGOLGA6B_1	sgEFCAB14_1	NA	NA	NA	NA
sgGOLGA6B_2	sgEFTUD1_4	NA	NA	NA	NA
sgGOLGA6B_3	sgEGFL7_1	NA	NA	NA	NA
sgGOLGA6B_4	sgEGFR_3	NA	NA	NA	NA
sgGOLGA6B_5	sgEIF1B_2	NA	NA	NA	NA
sgGOLGA6B_6	sgEIF2AK1_3	NA	NA	NA	NA
sgGOLGA6B_7	sgEIF2B3_2	NA	NA	NA	NA
sgGOLGA6C_1	sgEIF3A_2	NA	NA	NA	NA
sgGOLGA6C_2	sgEIF3B_2	NA	NA	NA	NA
sgGOLGA6C_3	sgEIF3CL_5	NA	NA	NA	NA
sgGOLGA6C_4	sgEIF3E_2	NA	NA	NA	NA
sgGOLGA6D_1	sgEIF3E_4	NA	NA	NA	NA
sgGOLGA6D_2	sgEIF3H_3	NA	NA	NA	NA
sgGOLGA6D_3	sgEIF3I_3	NA	NA	NA	NA
sgGOLGA6D_4	sgEIF4A2_2	NA	NA	NA	NA
sgGOLGA6D_5	sgEIF4A2_3	NA	NA	NA	NA
sgGOLGA6D_6	sgEIF4A2_4	NA	NA	NA	NA
sgGOLGA6L10_1	sgEIF4A3_3	NA	NA	NA	NA
sgGOLGA6L10_2	sgEIF4E2_1	NA	NA	NA	NA
sgGOLGA6L10_3	sgEIF4EBP2_1	NA	NA	NA	NA
sgGOLGA6L10_5	sgEIF4EBP2_2	NA	NA	NA	NA
sgGOLGA6L10_6	sgEIF4EBP2_4	NA	NA	NA	NA
sgGOLGA6L10_7	sgEIF4E_4	NA	NA	NA	NA
sgGOLGA6L10_8	sgEIF4G3_4	NA	NA	NA	NA
sgGOLGA6L10_9	sgEIF5A2_2	NA	NA	NA	NA
sgGOLGA6L1_1	sgEIF5A2_3	NA	NA	NA	NA
sgGOLGA6L1_2	sgEIF5A_1	NA	NA	NA	NA
sgGOLGA6L1_3	sgEIF5A_2	NA	NA	NA	NA
sgGOLGA6L1_4	sgEIF5B_2	NA	NA	NA	NA
sgGOLGA6L6_3	sgELAVL4_2	NA	NA	NA	NA
sgGOLGA6L9_1	sgELF2_1	NA	NA	NA	NA
sgGOLGA6L9_2	sgELL3_2	NA	NA	NA	NA
sgGOLGA6L9_3	sgELMO2_4	NA	NA	NA	NA
sgGOLGA6L9_4	sgELOVL7_1	NA	NA	NA	NA
sgGOLGA7_1	sgEMB_3	NA	NA	NA	NA
sgGOLGA8A_1	sgEMC3_4	NA	NA	NA	NA
sgGOLGA8A_2	sgEMC6_3	NA	NA	NA	NA
sgGOLGA8A_3	sgEMC9_4	NA	NA	NA	NA
sgGOLGA8A_4	sgEML2_6	NA	NA	NA	NA
sgGOLGA8A_5	sgEML5_2	NA	NA	NA	NA
sgGOLGA8A_6	sgEML6_2	NA	NA	NA	NA
sgGOLGA8A_7	sgEMP2_4	NA	NA	NA	NA
sgGOLGA8B_1	sgEMR1_2	NA	NA	NA	NA
sgGOLGA8B_2	sgEMR1_3	NA	NA	NA	NA
sgGOLGA8B_3	sgEMR2_3	NA	NA	NA	NA
sgGOLGA8B_4	sgEMR2_4	NA	NA	NA	NA
sgGOLGA8B_5	sgEN1_2	NA	NA	NA	NA
sgGOLGA8B_6	sgEN2_4	NA	NA	NA	NA
sgGOLGA8B_7	sgENAH_1	NA	NA	NA	NA
sgGOLGA8H_1	sgENC1_3	NA	NA	NA	NA
sgGOLGA8H_3	sgENHO_4	NA	NA	NA	NA
sgGOLGA8H_4	sgENO2_2	NA	NA	NA	NA
sgGOLGA8H_6	sgENSA_2	NA	NA	NA	NA
sgGOLGA8J_1	sgENTHD1_1	NA	NA	NA	NA
sgGOLGA8J_2	sgENTPD2_2	NA	NA	NA	NA
sgGOLGA8J_3	sgENTPD5_2	NA	NA	NA	NA
sgGOLGA8J_4	sgENY2_1	NA	NA	NA	NA
sgGOLGA8K_1	sgENY2_3	NA	NA	NA	NA
sgGOLGA8K_2	sgEP400_2	NA	NA	NA	NA
sgGOLGA8K_3	sgEPAS1_2	NA	NA	NA	NA
sgGOLGA8K_4	sgEPB41L2_1	NA	NA	NA	NA
sgGOLGA8M_1	sgEPB41L5_4	NA	NA	NA	NA
sgGOLGA8M_2	sgEPC1_2	NA	NA	NA	NA
sgGOLGA8M_3	sgEPDR1_2	NA	NA	NA	NA
sgGOLGA8M_4	sgEPHA5_3	NA	NA	NA	NA
sgGOLGA8M_5	sgEPHX2_3	NA	NA	NA	NA
sgGOLGA8M_6	sgEPN1_4	NA	NA	NA	NA
sgGOLGA8M_7	sgEPN3_2	NA	NA	NA	NA
sgGOLGA8N_2	sgEPS8L2_1	NA	NA	NA	NA
sgGOLGA8N_4	sgEPX_4	NA	NA	NA	NA
sgGOLGA8N_5	sgERCC4_2	NA	NA	NA	NA
sgGOLGA8N_6	sgERH_3	NA	NA	NA	NA
sgGOLGA8O_1	sgERI1_3	NA	NA	NA	NA
sgGOLGA8O_2	sgERI1_4	NA	NA	NA	NA
sgGOLGA8O_3	sgERLEC1_1	NA	NA	NA	NA
sgGOLGA8O_4	sgERLEC1_4	NA	NA	NA	NA
sgGOLGA8R_1	sgERP27_1	NA	NA	NA	NA
sgGOLGA8R_2	sgERV3-1_1	NA	NA	NA	NA
sgGOLGA8R_3	sgERV3-1_3	NA	NA	NA	NA
sgGOLGA8R_4	sgERVFRD-1_3	NA	NA	NA	NA
sgGOLGA8R_5	sgERVV-1_3	NA	NA	NA	NA
sgGOLGA8R_7	sgERVV-2_3	NA	NA	NA	NA
sgGOLGA8R_8	sgERVW-1_1	NA	NA	NA	NA
sgGOSR2_4	sgERVW-1_2	NA	NA	NA	NA
sgGOT2_3	sgESF1_1	NA	NA	NA	NA
sgGPAT2_1	sgESF1_4	NA	NA	NA	NA
sgGPAT2_2	sgESM1_1	NA	NA	NA	NA
sgGPAT2_3	sgESPN_1	NA	NA	NA	NA
sgGPAT2_4	sgESPN_3	NA	NA	NA	NA
sgGPATCH8_3	sgESRRA_2	NA	NA	NA	NA
sgGPCPD1_2	sgESRRA_3	NA	NA	NA	NA
sgGPR125_1	sgETFB_3	NA	NA	NA	NA
sgGPR125_2	sgETS2_2	NA	NA	NA	NA
sgGPR32_1	sgETV1_1	NA	NA	NA	NA
sgGPR32_3	sgETV5_3	NA	NA	NA	NA
sgGPR32_4	sgEVA1C_4	NA	NA	NA	NA
sgGPRIN2_1	sgEVC_2	NA	NA	NA	NA
sgGPRIN2_2	sgEVI2A_2	NA	NA	NA	NA
sgGPRIN2_4	sgEVI2B_2	NA	NA	NA	NA
sgGPX1_2	sgEVPLL_3	NA	NA	NA	NA
sgGPX1_3	sgEVPL_1	NA	NA	NA	NA
sgGRAPL_1	sgEXO5_3	NA	NA	NA	NA
sgGRAPL_2	sgEXOC3L1_4	NA	NA	NA	NA
sgGRAPL_3	sgEXOC3_4	NA	NA	NA	NA
sgGRAPL_4	sgEXOC5_3	NA	NA	NA	NA
sgGRAPL_5	sgEXOG_4	NA	NA	NA	NA
sgGRAPL_6	sgEYA2_2	NA	NA	NA	NA
sgGRAPL_7	sgEZR_1	NA	NA	NA	NA
sgGRAPL_8	sgEZR_3	NA	NA	NA	NA
sgGRAP_1	sgF11R_1	NA	NA	NA	NA
sgGRAP_2	sgF11_4	NA	NA	NA	NA
sgGRAP_3	sgF2_3	NA	NA	NA	NA
sgGRAP_4	sgF3_4	NA	NA	NA	NA
sgGRAP_5	sgF5_3	NA	NA	NA	NA
sgGRAP_6	sgFA2H_2	NA	NA	NA	NA
sgGRAP_7	sgFABP12_3	NA	NA	NA	NA
sgGRAP_8	sgFABP7_2	NA	NA	NA	NA
sgGRK6_4	sgFADS2_3	NA	NA	NA	NA
sgGRM5_4	sgFAF1_2	NA	NA	NA	NA
sgGRM8_2	sgFAF2_4	NA	NA	NA	NA
sgGSTA1_4	sgFAHD2A_4	NA	NA	NA	NA
sgGSTA2_3	sgFAHD2B_4	NA	NA	NA	NA
sgGSTA5_2	sgFAIM_2	NA	NA	NA	NA
sgGSTA5_3	sgFAM103A1_3	NA	NA	NA	NA
sgGTF2A2_4	sgFAM110A_1	NA	NA	NA	NA
sgGTF2F2_3	sgFAM110D_2	NA	NA	NA	NA
sgGTF2H1_1	sgFAM110D_3	NA	NA	NA	NA
sgGTF2H2C_2	sgFAM115A_3	NA	NA	NA	NA
sgGTF2H2C_3	sgFAM115C_3	NA	NA	NA	NA
sgGTF2H2C_4	sgFAM117A_1	NA	NA	NA	NA
sgGTF2H2_2	sgFAM120A_4	NA	NA	NA	NA
sgGTF2H2_3	sgFAM124A_3	NA	NA	NA	NA
sgGTF2H2_4	sgFAM153A_2	NA	NA	NA	NA
sgGTF2IRD2B_1	sgFAM154B_2	NA	NA	NA	NA
sgGTF2IRD2B_2	sgFAM154B_4	NA	NA	NA	NA
sgGTF2IRD2B_3	sgFAM159A_1	NA	NA	NA	NA
sgGTF2IRD2B_4	sgFAM159A_2	NA	NA	NA	NA
sgGTF2IRD2B_5	sgFAM160B1_1	NA	NA	NA	NA
sgGTF2IRD2B_6	sgFAM161B_3	NA	NA	NA	NA
sgGTF2IRD2B_7	sgFAM162A_4	NA	NA	NA	NA
sgGTF2IRD2B_8	sgFAM167A_1	NA	NA	NA	NA
sgGTF2IRD2_1	sgFAM170B_4	NA	NA	NA	NA
sgGTF2IRD2_2	sgFAM174B_3	NA	NA	NA	NA
sgGTF2IRD2_3	sgFAM175A_2	NA	NA	NA	NA
sgGTF2IRD2_4	sgFAM177A1_3	NA	NA	NA	NA
sgGTF2IRD2_5	sgFAM177A1_4	NA	NA	NA	NA
sgGTF2IRD2_6	sgFAM180A_1	NA	NA	NA	NA
sgGTF2IRD2_7	sgFAM184A_3	NA	NA	NA	NA
sgGTF2IRD2_8	sgFAM185A_3	NA	NA	NA	NA
sgGTF2I_3	sgFAM189A1_3	NA	NA	NA	NA
sgGTF3C6_1	sgFAM192A_3	NA	NA	NA	NA
sgGTF3C6_2	sgFAM195A_2	NA	NA	NA	NA
sgGYPA_1	sgFAM195B_2	NA	NA	NA	NA
sgGYPA_3	sgFAM196B_1	NA	NA	NA	NA
sgGYPA_5	sgFAM204A_2	NA	NA	NA	NA
sgGYPA_6	sgFAM206A_4	NA	NA	NA	NA
sgGYPA_7	sgFAM209A_1	NA	NA	NA	NA
sgGYPB_1	sgFAM209B_1	NA	NA	NA	NA
sgGYPB_2	sgFAM20B_4	NA	NA	NA	NA
sgGYPB_3	sgFAM21A_1	NA	NA	NA	NA
sgGYPB_4	sgFAM21A_4	NA	NA	NA	NA
sgGYPB_5	sgFAM21C_4	NA	NA	NA	NA
sgGYPE_1	sgFAM220A_1	NA	NA	NA	NA
sgGYPE_4	sgFAM227B_2	NA	NA	NA	NA
sgGYPE_6	sgFAM25A_1	NA	NA	NA	NA
sgGZMB_1	sgFAM25A_4	NA	NA	NA	NA
sgGZMH_1	sgFAM25A_5	NA	NA	NA	NA
sgH2AFV_1	sgFAM25A_6	NA	NA	NA	NA
sgH2AFV_2	sgFAM26D_1	NA	NA	NA	NA
sgH2AFV_3	sgFAM35A_1	NA	NA	NA	NA
sgH2AFV_4	sgFAM47E_4	NA	NA	NA	NA
sgH2AFZ_2	sgFAM47E_5	NA	NA	NA	NA
sgH2AFZ_3	sgFAM47E_8	NA	NA	NA	NA
sgH2AFZ_4	sgFAM49B_4	NA	NA	NA	NA
sgH3F3A_1	sgFAM64A_1	NA	NA	NA	NA
sgH3F3A_2	sgFAM64A_3	NA	NA	NA	NA
sgH3F3A_3	sgFAM64A_4	NA	NA	NA	NA
sgH3F3A_4	sgFAM69C_2	NA	NA	NA	NA
sgHADHA_1	sgFAM71C_1	NA	NA	NA	NA
sgHADHA_3	sgFAM71C_2	NA	NA	NA	NA
sgHADHA_4	sgFAM71F1_2	NA	NA	NA	NA
sgHADHB_2	sgFAM71F2_2	NA	NA	NA	NA
sgHAMP_2	sgFAM86A_6	NA	NA	NA	NA
sgHAUS1_3	sgFAM8A1_1	NA	NA	NA	NA
sgHAUS4_2	sgFAM90A1_2	NA	NA	NA	NA
sgHAUS6_1	sgFAM90A1_3	NA	NA	NA	NA
sgHAUS6_2	sgFAM91A1_1	NA	NA	NA	NA
sgHAUS6_4	sgFAM91A1_4	NA	NA	NA	NA
sgHAVCR1_2	sgFAM96A_2	NA	NA	NA	NA
sgHAVCR1_3	sgFANCA_1	NA	NA	NA	NA
sgHAX1_1	sgFANCF_2	NA	NA	NA	NA
sgHAX1_3	sgFANCL_1	NA	NA	NA	NA
sgHBA1_1	sgFARSB_4	NA	NA	NA	NA
sgHBA1_2	sgFASLG_2	NA	NA	NA	NA
sgHBA1_3	sgFASLG_3	NA	NA	NA	NA
sgHBA1_4	sgFASLG_4	NA	NA	NA	NA
sgHBA2_1	sgFASTKD1_1	NA	NA	NA	NA
sgHBA2_2	sgFASTKD1_2	NA	NA	NA	NA
sgHBA2_3	sgFASTKD1_4	NA	NA	NA	NA
sgHBA2_4	sgFAU_1	NA	NA	NA	NA
sgHBG1_1	sgFAU_4	NA	NA	NA	NA
sgHBG1_2	sgFAXC_1	NA	NA	NA	NA
sgHBG1_4	sgFBLIM1_1	NA	NA	NA	NA
sgHBG2_1	sgFBLIM1_2	NA	NA	NA	NA
sgHBG2_2	sgFBL_3	NA	NA	NA	NA
sgHBG2_3	sgFBN2_3	NA	NA	NA	NA
sgHBG2_4	sgFBN3_2	NA	NA	NA	NA
sgHBZ_1	sgFBXL13_3	NA	NA	NA	NA
sgHBZ_2	sgFBXL6_2	NA	NA	NA	NA
sgHBZ_3	sgFBXO34_1	NA	NA	NA	NA
sgHCN2_4	sgFBXO44_2	NA	NA	NA	NA
sgHERC2_1	sgFBXO44_4	NA	NA	NA	NA
sgHERC2_3	sgFBXO46_2	NA	NA	NA	NA
sgHIGD1A_1	sgFBXO7_1	NA	NA	NA	NA
sgHIGD1A_3	sgFBXW10_1	NA	NA	NA	NA
sgHIST1H2AB_2	sgFBXW10_2	NA	NA	NA	NA
sgHIST1H2AD_2	sgFBXW10_3	NA	NA	NA	NA
sgHIST1H2AI_1	sgFBXW10_4	NA	NA	NA	NA
sgHIST1H2AI_2	sgFBXW11_2	NA	NA	NA	NA
sgHIST1H2AI_3	sgFBXW12_1	NA	NA	NA	NA
sgHIST1H2AJ_1	sgFBXW2_2	NA	NA	NA	NA
sgHIST1H2AJ_2	sgFCGR2A_3	NA	NA	NA	NA
sgHIST1H2AJ_3	sgFCGR2B_4	NA	NA	NA	NA
sgHIST1H2BB_1	sgFCGR3B_1	NA	NA	NA	NA
sgHIST1H2BF_2	sgFCGR3B_3	NA	NA	NA	NA
sgHIST1H2BI_1	sgFCHO2_4	NA	NA	NA	NA
sgHIST1H2BK_1	sgFCN1_1	NA	NA	NA	NA
sgHIST1H2BK_2	sgFCN1_3	NA	NA	NA	NA
sgHIST1H2BK_3	sgFCN2_1	NA	NA	NA	NA
sgHIST1H2BK_4	sgFCN2_2	NA	NA	NA	NA
sgHIST1H2BK_5	sgFCN2_3	NA	NA	NA	NA
sgHIST1H4J_1	sgFDPS_1	NA	NA	NA	NA
sgHIST1H4J_2	sgFDPS_2	NA	NA	NA	NA
sgHIST1H4J_3	sgFDX1_1	NA	NA	NA	NA
sgHIST1H4J_4	sgFDX1_2	NA	NA	NA	NA
sgHIST1H4K_1	sgFECH_3	NA	NA	NA	NA
sgHIST1H4K_2	sgFEN1_1	NA	NA	NA	NA
sgHIST1H4K_3	sgFEN1_3	NA	NA	NA	NA
sgHIST1H4K_4	sgFEN1_4	NA	NA	NA	NA
sgHIST2H2AA3_1	sgFER1L6_4	NA	NA	NA	NA
sgHIST2H2AA3_2	sgFERD3L_3	NA	NA	NA	NA
sgHIST2H2AA3_3	sgFERMT2_1	NA	NA	NA	NA
sgHIST2H2AA3_4	sgFETUB_4	NA	NA	NA	NA
sgHIST2H2AA4_1	sgFFAR4_3	NA	NA	NA	NA
sgHIST2H2AA4_2	sgFGD5_1	NA	NA	NA	NA
sgHIST2H2AA4_3	sgFGD6_1	NA	NA	NA	NA
sgHIST2H2AA4_4	sgFGFBP1_1	NA	NA	NA	NA
sgHIST2H2AB_2	sgFGFBP1_3	NA	NA	NA	NA
sgHIST2H2AC_2	sgFGFR1OP_1	NA	NA	NA	NA
sgHIST2H2AC_4	sgFGFR2_3	NA	NA	NA	NA
sgHIST2H2BE_1	sgFHOD3_4	NA	NA	NA	NA
sgHIST2H2BE_4	sgFIZ1_3	NA	NA	NA	NA
sgHIST2H2BF_1	sgFKBP15_1	NA	NA	NA	NA
sgHIST2H2BF_2	sgFKBP1A_1	NA	NA	NA	NA
sgHIST2H3A_1	sgFKBP4_3	NA	NA	NA	NA
sgHIST2H3A_2	sgFKBP8_2	NA	NA	NA	NA
sgHIST2H3A_3	sgFKTN_1	NA	NA	NA	NA
sgHIST2H3A_4	sgFLG_1	NA	NA	NA	NA
sgHIST2H3C_1	sgFLOT1_1	NA	NA	NA	NA
sgHIST2H3C_2	sgFLOT1_3	NA	NA	NA	NA
sgHIST2H3C_3	sgFLRT1_2	NA	NA	NA	NA
sgHIST2H3C_4	sgFLRT2_3	NA	NA	NA	NA
sgHIST2H3D_1	sgFLYWCH1_4	NA	NA	NA	NA
sgHIST2H3D_2	sgFMNL2_2	NA	NA	NA	NA
sgHIST2H3D_3	sgFMO5_4	NA	NA	NA	NA
sgHIST2H3D_4	sgFNDC3B_3	NA	NA	NA	NA
sgHIST2H3D_5	sgFNDC4_2	NA	NA	NA	NA
sgHIST2H4A_1	sgFNDC7_3	NA	NA	NA	NA
sgHIST2H4A_2	sgFNDC8_4	NA	NA	NA	NA
sgHIST2H4A_3	sgFNTA_1	NA	NA	NA	NA
sgHIST2H4A_4	sgFOCAD_1	NA	NA	NA	NA
sgHIST2H4B_1	sgFOLH1_4	NA	NA	NA	NA
sgHIST2H4B_2	sgFOLR2_1	NA	NA	NA	NA
sgHIST2H4B_3	sgFOLR2_3	NA	NA	NA	NA
sgHIST2H4B_4	sgFOPNL_3	NA	NA	NA	NA
sgHIST3H2BB_2	sgFOSL1_2	NA	NA	NA	NA
sgHK2_1	sgFOS_1	NA	NA	NA	NA
sgHLA-A_2	sgFOXA1_1	NA	NA	NA	NA
sgHMGA1_1	sgFOXB1_1	NA	NA	NA	NA
sgHMGA1_2	sgFOXB1_3	NA	NA	NA	NA
sgHMGA1_3	sgFOXB2_1	NA	NA	NA	NA
sgHMGA1_4	sgFOXB2_3	NA	NA	NA	NA
sgHMGB1_1	sgFOXC2_1	NA	NA	NA	NA
sgHMGB1_2	sgFOXC2_3	NA	NA	NA	NA
sgHMGB1_3	sgFOXD2_1	NA	NA	NA	NA
sgHMGB1_4	sgFOXD2_2	NA	NA	NA	NA
sgHMGB2_1	sgFOXD2_5	NA	NA	NA	NA
sgHMGN1_1	sgFOXD3_3	NA	NA	NA	NA
sgHMGN1_2	sgFOXD4L4_1	NA	NA	NA	NA
sgHNRNPA1L2_3	sgFOXD4L5_2	NA	NA	NA	NA
sgHNRNPA1_3	sgFOXD4L5_5	NA	NA	NA	NA
sgHNRNPA3_1	sgFOXD4_1	NA	NA	NA	NA
sgHNRNPA3_2	sgFOXD4_2	NA	NA	NA	NA
sgHNRNPA3_4	sgFOXD4_4	NA	NA	NA	NA
sgHNRNPAB_3	sgFOXD4_5	NA	NA	NA	NA
sgHNRNPCL1_2	sgFOXE3_4	NA	NA	NA	NA
sgHNRNPCL1_4	sgFOXJ1_4	NA	NA	NA	NA
sgHNRNPC_1	sgFOXJ2_3	NA	NA	NA	NA
sgHNRNPC_2	sgFOXJ3_3	NA	NA	NA	NA
sgHNRNPC_3	sgFOXN3_3	NA	NA	NA	NA
sgHNRNPC_4	sgFOXO3_1	NA	NA	NA	NA
sgHNRNPK_2	sgFOXP4_1	NA	NA	NA	NA
sgHNRNPK_4	sgFPGS_1	NA	NA	NA	NA
sgHNRNPL_2	sgFPR2_2	NA	NA	NA	NA
sgHNRNPR_1	sgFPR2_3	NA	NA	NA	NA
sgHNRNPR_3	sgFPR3_2	NA	NA	NA	NA
sgHOMER2_4	sgFRAT2_1	NA	NA	NA	NA
sgHORMAD1_4	sgFRAT2_2	NA	NA	NA	NA
sgHPR_4	sgFRAT2_3	NA	NA	NA	NA
sgHPS1_1	sgFRAT2_4	NA	NA	NA	NA
sgHPS1_2	sgFRG1_1	NA	NA	NA	NA
sgHP_6	sgFRG1_4	NA	NA	NA	NA
sgHRSP12_2	sgFRG2B_1	NA	NA	NA	NA
sgHS6ST1_1	sgFRG2B_6	NA	NA	NA	NA
sgHS6ST1_3	sgFRG2C_5	NA	NA	NA	NA
sgHS6ST1_4	sgFRMD6_4	NA	NA	NA	NA
sgHSBP1_2	sgFRMPD2_4	NA	NA	NA	NA
sgHSD17B1_1	sgFSBP_1	NA	NA	NA	NA
sgHSD17B1_4	sgFSCN1_2	NA	NA	NA	NA
sgHSD17B4_1	sgFSCN1_4	NA	NA	NA	NA
sgHSD17B7_1	sgFSIP1_1	NA	NA	NA	NA
sgHSD17B7_2	sgFSIP1_4	NA	NA	NA	NA
sgHSD17B7_3	sgFTL_1	NA	NA	NA	NA
sgHSD17B7_4	sgFTL_2	NA	NA	NA	NA
sgHSD3B1_2	sgFTL_3	NA	NA	NA	NA
sgHSP90AA1_2	sgFTMT_2	NA	NA	NA	NA
sgHSP90AA1_4	sgFTO_2	NA	NA	NA	NA
sgHSP90AB1_2	sgFURIN_4	NA	NA	NA	NA
sgHSP90AB1_3	sgFUT1_3	NA	NA	NA	NA
sgHSP90AB1_4	sgFUT1_4	NA	NA	NA	NA
sgHSPA1A_2	sgFUT3_3	NA	NA	NA	NA
sgHSPA1A_3	sgFUT3_4	NA	NA	NA	NA
sgHSPA1A_4	sgFUT5_2	NA	NA	NA	NA
sgHSPA1A_5	sgFUT5_3	NA	NA	NA	NA
sgHSPA1A_6	sgFUT5_4	NA	NA	NA	NA
sgHSPA1B_2	sgFUT6_1	NA	NA	NA	NA
sgHSPA1B_3	sgFUT6_2	NA	NA	NA	NA
sgHSPA1B_4	sgFXN_3	NA	NA	NA	NA
sgHSPA1B_5	sgFXR1_2	NA	NA	NA	NA
sgHSPA1B_6	sgFXYD4_3	NA	NA	NA	NA
sgHSPA5_1	sgFXYD6_3	NA	NA	NA	NA
sgHSPA6_1	sgFYTTD1_4	NA	NA	NA	NA
sgHSPA6_2	sgFZD7_1	NA	NA	NA	NA
sgHSPA6_3	sgFZD7_2	NA	NA	NA	NA
sgHSPA6_4	sgFZD7_3	NA	NA	NA	NA
sgHSPA6_5	sgG3BP1_3	NA	NA	NA	NA
sgHSPA9_1	sgGAB2_2	NA	NA	NA	NA
sgHSPB1_2	sgGAB4_3	NA	NA	NA	NA
sgHSPD1_1	sgGABARAPL1_1	NA	NA	NA	NA
sgHSPD1_2	sgGABARAPL1_2	NA	NA	NA	NA
sgHSPD1_4	sgGABARAPL2_1	NA	NA	NA	NA
sgHSPE1_1	sgGABPA_3	NA	NA	NA	NA
sgHSPE1_2	sgGABRG2_2	NA	NA	NA	NA
sgHSPE1_3	sgGABRR1_4	NA	NA	NA	NA
sgHSPE1_4	sgGAL3ST2_4	NA	NA	NA	NA
sgHTN1_3	sgGALNT13_4	NA	NA	NA	NA
sgHTN1_4	sgGALNT18_3	NA	NA	NA	NA
sgHTN3_4	sgGALNT6_1	NA	NA	NA	NA
sgHTN3_5	sgGALNT6_3	NA	NA	NA	NA
sgHYDIN_1	sgGALNT8_3	NA	NA	NA	NA
sgHYDIN_4	sgGALNT9_2	NA	NA	NA	NA
sgICE2_1	sgGALP_2	NA	NA	NA	NA
sgID2_4	sgGAMT_1	NA	NA	NA	NA
sgIDI1_2	sgGAR1_2	NA	NA	NA	NA
sgIFIT1B_4	sgGAR1_3	NA	NA	NA	NA
sgIFITM3_1	sgGATA3_2	NA	NA	NA	NA
sgIFITM3_2	sgGATA3_3	NA	NA	NA	NA
sgIFITM3_3	sgGBP1_1	NA	NA	NA	NA
sgIFITM3_4	sgGBP1_2	NA	NA	NA	NA
sgIFNA10_3	sgGBP1_4	NA	NA	NA	NA
sgIFNA10_6	sgGBP2_3	NA	NA	NA	NA
sgIFNA13_1	sgGBP3_2	NA	NA	NA	NA
sgIFNA13_2	sgGBP4_2	NA	NA	NA	NA
sgIFNA13_3	sgGBP5_3	NA	NA	NA	NA
sgIFNA13_4	sgGBP6_2	NA	NA	NA	NA
sgIFNA14_3	sgGBP6_3	NA	NA	NA	NA
sgIFNA16_5	sgGBP7_3	NA	NA	NA	NA
sgIFNA17_1	sgGCAT_2	NA	NA	NA	NA
sgIFNA17_4	sgGCAT_3	NA	NA	NA	NA
sgIFNA1_2	sgGCDH_3	NA	NA	NA	NA
sgIFNA1_3	sgGCG_4	NA	NA	NA	NA
sgIFNA21_2	sgGCNT1_2	NA	NA	NA	NA
sgIFNA21_4	sgGCNT2_1	NA	NA	NA	NA
sgIFNA4_2	sgGDF11_3	NA	NA	NA	NA
sgIFNA4_6	sgGDF15_2	NA	NA	NA	NA
sgIFNA6_2	sgGDF5_4	NA	NA	NA	NA
sgIFNA6_4	sgGDI2_1	NA	NA	NA	NA
sgIFNE_1	sgGDPD3_4	NA	NA	NA	NA
sgIFNW1_3	sgGEMIN7_2	NA	NA	NA	NA
sgIFNW1_4	sgGEMIN7_3	NA	NA	NA	NA
sgIFT122_4	sgGFI1B_3	NA	NA	NA	NA
sgIGF2BP2_3	sgGFOD2_4	NA	NA	NA	NA
sgIGLON5_2	sgGFPT2_4	NA	NA	NA	NA
sgIGLON5_3	sgGGA1_4	NA	NA	NA	NA
sgIGSF3_1	sgGGCT_3	NA	NA	NA	NA
sgIGSF3_3	sgGGT5_1	NA	NA	NA	NA
sgIGSF3_4	sgGGTLC1_1	NA	NA	NA	NA
sgIGSF5_4	sgGGTLC1_2	NA	NA	NA	NA
sgIK_1	sgGGTLC1_3	NA	NA	NA	NA
sgIK_3	sgGGTLC1_4	NA	NA	NA	NA
sgIL6ST_2	sgGGTLC2_2	NA	NA	NA	NA
sgIMMP1L_2	sgGGTLC2_3	NA	NA	NA	NA
sgIMMT_4	sgGH1_3	NA	NA	NA	NA
sgIMPA1_3	sgGH1_4	NA	NA	NA	NA
sgIMPDH1_1	sgGH2_1	NA	NA	NA	NA
sgIMPDH1_3	sgGH2_4	NA	NA	NA	NA
sgIMPDH1_4	sgGHDC_1	NA	NA	NA	NA
sgINTS4_1	sgGHRHR_3	NA	NA	NA	NA
sgINTS4_3	sgGHSR_3	NA	NA	NA	NA
sgINTS4_4	sgGIGYF1_3	NA	NA	NA	NA
sgIPMK_1	sgGIMAP7_4	NA	NA	NA	NA
sgIPO7_1	sgGIN1_4	NA	NA	NA	NA
sgIPO7_2	sgGIPC1_3	NA	NA	NA	NA
sgIQCB1_4	sgGIPC3_2	NA	NA	NA	NA
sgIQCF1_2	sgGIPC3_3	NA	NA	NA	NA
sgISCA1_2	sgGIT1_1	NA	NA	NA	NA
sgISCA1_3	sgGJA1_1	NA	NA	NA	NA
sgISCA1_4	sgGJA1_3	NA	NA	NA	NA
sgISG20L2_4	sgGJA1_4	NA	NA	NA	NA
sgISM2_2	sgGJA3_1	NA	NA	NA	NA
sgISM2_3	sgGJA3_4	NA	NA	NA	NA
sgIST1_4	sgGJA5_3	NA	NA	NA	NA
sgIVL_2	sgGJB4_1	NA	NA	NA	NA
sgIVL_3	sgGJB7_1	NA	NA	NA	NA
sgKAT7_1	sgGJC3_1	NA	NA	NA	NA
sgKAT7_2	sgGJC3_4	NA	NA	NA	NA
sgKCNJ12_1	sgGJD2_2	NA	NA	NA	NA
sgKCNJ12_2	sgGK2_1	NA	NA	NA	NA
sgKCNJ12_3	sgGK5_1	NA	NA	NA	NA
sgKCTD1_1	sgGLDC_3	NA	NA	NA	NA
sgKCTD1_2	sgGLI4_1	NA	NA	NA	NA
sgKCTD1_3	sgGLI4_4	NA	NA	NA	NA
sgKCTD5_2	sgGLIPR1L2_2	NA	NA	NA	NA
sgKCTD5_3	sgGLIPR1L2_3	NA	NA	NA	NA
sgKCTD5_4	sgGLIPR1_2	NA	NA	NA	NA
sgKCTD9_1	sgGLIS3_3	NA	NA	NA	NA
sgKCTD9_2	sgGLP1R_1	NA	NA	NA	NA
sgKCTD9_3	sgGLRA3_1	NA	NA	NA	NA
sgKCTD9_4	sgGLRX3_1	NA	NA	NA	NA
sgKDM4E_1	sgGLRX5_2	NA	NA	NA	NA
sgKDM4E_2	sgGLRX5_4	NA	NA	NA	NA
sgKDM4E_3	sgGLRX_2	NA	NA	NA	NA
sgKDM4E_4	sgGLS_1	NA	NA	NA	NA
sgKHDC1_1	sgGLT1D1_1	NA	NA	NA	NA
sgKHDC1_4	sgGLTP_3	NA	NA	NA	NA
sgKIAA0895L_1	sgGLTSCR2_2	NA	NA	NA	NA
sgKIAA1143_3	sgGLYATL2_4	NA	NA	NA	NA
sgKIAA1143_4	sgGLYR1_2	NA	NA	NA	NA
sgKIAA1191_1	sgGM2A_1	NA	NA	NA	NA
sgKIAA1191_3	sgGM2A_4	NA	NA	NA	NA
sgKIAA1328_3	sgGMCL1_2	NA	NA	NA	NA
sgKIAA1328_4	sgGMEB1_4	NA	NA	NA	NA
sgKIAA1456_4	sgGMFB_4	NA	NA	NA	NA
sgKIAA2013_1	sgGMNN_4	NA	NA	NA	NA
sgKIAA2013_2	sgGNA11_1	NA	NA	NA	NA
sgKIAA2013_3	sgGNA11_3	NA	NA	NA	NA
sgKIF27_2	sgGNAO1_4	NA	NA	NA	NA
sgKIF27_3	sgGNAT1_2	NA	NA	NA	NA
sgKIR2DL1_4	sgGNB1_1	NA	NA	NA	NA
sgKIR2DL3_2	sgGNB1_2	NA	NA	NA	NA
sgKIR2DL3_3	sgGNB3_4	NA	NA	NA	NA
sgKIR2DL3_4	sgGNG10_1	NA	NA	NA	NA
sgKIR3DL3_4	sgGNG11_2	NA	NA	NA	NA
sgKLF7_3	sgGNG12_2	NA	NA	NA	NA
sgKLHL2_3	sgGNG5_1	NA	NA	NA	NA
sgKLHL2_4	sgGNG5_2	NA	NA	NA	NA
sgKLRC4_3	sgGNL3_3	NA	NA	NA	NA
sgKPNA4_3	sgGNLY_1	NA	NA	NA	NA
sgKPNA4_4	sgGNPNAT1_3	NA	NA	NA	NA
sgKRAS_1	sgGNRH1_2	NA	NA	NA	NA
sgKRR1_4	sgGNRH1_3	NA	NA	NA	NA
sgKRT16_1	sgGNRHR_2	NA	NA	NA	NA
sgKRT16_2	sgGOLGA1_3	NA	NA	NA	NA
sgKRT17_1	sgGOLGA1_4	NA	NA	NA	NA
sgKRT17_2	sgGOLGA2_2	NA	NA	NA	NA
sgKRT17_3	sgGOLGA2_4	NA	NA	NA	NA
sgKRT17_4	sgGOLGA6L10_4	NA	NA	NA	NA
sgKRT18_2	sgGOLGA6L6_1	NA	NA	NA	NA
sgKRT18_3	sgGOLGA6L6_2	NA	NA	NA	NA
sgKRT18_4	sgGOLGA6L6_4	NA	NA	NA	NA
sgKRT19_2	sgGOLGA7B_2	NA	NA	NA	NA
sgKRT19_4	sgGOLGA7_3	NA	NA	NA	NA
sgKRT6A_5	sgGOLGA8H_2	NA	NA	NA	NA
sgKRT6B_2	sgGOLGA8N_1	NA	NA	NA	NA
sgKRT6C_1	sgGOLGA8N_3	NA	NA	NA	NA
sgKRT83_3	sgGOLGA8R_6	NA	NA	NA	NA
sgKRT83_4	sgGOLM1_3	NA	NA	NA	NA
sgKRT85_3	sgGORAB_3	NA	NA	NA	NA
sgKRT85_4	sgGPATCH2_1	NA	NA	NA	NA
sgKRT86_3	sgGPBP1_3	NA	NA	NA	NA
sgKRT86_5	sgGPC2_4	NA	NA	NA	NA
sgKRT86_6	sgGPCPD1_1	NA	NA	NA	NA
sgKRT8_1	sgGPCPD1_3	NA	NA	NA	NA
sgKRT8_2	sgGPD1L_1	NA	NA	NA	NA
sgKRT8_4	sgGPD2_3	NA	NA	NA	NA
sgKRTAP1-1_1	sgGPIHBP1_3	NA	NA	NA	NA
sgKRTAP1-3_1	sgGPNMB_1	NA	NA	NA	NA
sgKRTAP1-3_2	sgGPR113_4	NA	NA	NA	NA
sgKRTAP1-3_3	sgGPR125_3	NA	NA	NA	NA
sgKRTAP1-4_2	sgGPR126_2	NA	NA	NA	NA
sgKRTAP1-5_3	sgGPR148_1	NA	NA	NA	NA
sgKRTAP10-12_1	sgGPR180_1	NA	NA	NA	NA
sgKRTAP10-12_3	sgGPR180_2	NA	NA	NA	NA
sgKRTAP10-12_4	sgGPR19_1	NA	NA	NA	NA
sgKRTAP10-12_5	sgGPR21_3	NA	NA	NA	NA
sgKRTAP10-1_3	sgGPR35_3	NA	NA	NA	NA
sgKRTAP10-1_4	sgGPR35_4	NA	NA	NA	NA
sgKRTAP10-2_3	sgGPR37L1_2	NA	NA	NA	NA
sgKRTAP10-3_2	sgGPR61_2	NA	NA	NA	NA
sgKRTAP10-4_3	sgGPR68_4	NA	NA	NA	NA
sgKRTAP10-4_4	sgGPRC5B_4	NA	NA	NA	NA
sgKRTAP10-4_6	sgGPRC6A_3	NA	NA	NA	NA
sgKRTAP10-4_7	sgGPRIN2_3	NA	NA	NA	NA
sgKRTAP10-4_8	sgGPS1_4	NA	NA	NA	NA
sgKRTAP10-5_5	sgGPS2_4	NA	NA	NA	NA
sgKRTAP10-6_1	sgGPT2_4	NA	NA	NA	NA
sgKRTAP10-6_3	sgGPT_2	NA	NA	NA	NA
sgKRTAP10-6_4	sgGPX1_1	NA	NA	NA	NA
sgKRTAP10-6_5	sgGPX1_4	NA	NA	NA	NA
sgKRTAP10-6_6	sgGPX5_3	NA	NA	NA	NA
sgKRTAP10-6_7	sgGRAMD1A_1	NA	NA	NA	NA
sgKRTAP10-6_8	sgGRAMD2_4	NA	NA	NA	NA
sgKRTAP10-9_3	sgGRAMD3_1	NA	NA	NA	NA
sgKRTAP10-9_6	sgGRB7_4	NA	NA	NA	NA
sgKRTAP19-1_4	sgGRIK5_3	NA	NA	NA	NA
sgKRTAP19-3_2	sgGRIN2A_4	NA	NA	NA	NA
sgKRTAP19-8_2	sgGRIN3B_4	NA	NA	NA	NA
sgKRTAP2-1_1	sgGRK6_2	NA	NA	NA	NA
sgKRTAP2-1_2	sgGRK6_3	NA	NA	NA	NA
sgKRTAP2-1_3	sgGRSF1_1	NA	NA	NA	NA
sgKRTAP2-1_4	sgGSC2_4	NA	NA	NA	NA
sgKRTAP2-2_1	sgGSG1_3	NA	NA	NA	NA
sgKRTAP2-2_2	sgGSPT1_1	NA	NA	NA	NA
sgKRTAP2-2_3	sgGSTA1_1	NA	NA	NA	NA
sgKRTAP2-2_4	sgGSTA1_2	NA	NA	NA	NA
sgKRTAP2-3_1	sgGSTA1_3	NA	NA	NA	NA
sgKRTAP2-3_2	sgGSTA2_4	NA	NA	NA	NA
sgKRTAP2-3_3	sgGSTA3_2	NA	NA	NA	NA
sgKRTAP2-3_4	sgGSTA3_4	NA	NA	NA	NA
sgKRTAP2-3_5	sgGSTA5_1	NA	NA	NA	NA
sgKRTAP2-4_1	sgGSTA5_4	NA	NA	NA	NA
sgKRTAP2-4_2	sgGSTCD_2	NA	NA	NA	NA
sgKRTAP2-4_3	sgGSTM3_1	NA	NA	NA	NA
sgKRTAP2-4_4	sgGSTM4_1	NA	NA	NA	NA
sgKRTAP2-4_5	sgGSTM4_3	NA	NA	NA	NA
sgKRTAP21-1_3	sgGSTM4_4	NA	NA	NA	NA
sgKRTAP21-1_4	sgGSTM5_3	NA	NA	NA	NA
sgKRTAP4-12_2	sgGSTM5_4	NA	NA	NA	NA
sgKRTAP4-12_3	sgGSTO1_1	NA	NA	NA	NA
sgKRTAP4-12_5	sgGSTZ1_1	NA	NA	NA	NA
sgKRTAP4-2_2	sgGTF2H1_3	NA	NA	NA	NA
sgKRTAP4-2_3	sgGTF2H2C_1	NA	NA	NA	NA
sgKRTAP4-2_4	sgGTF2H2_1	NA	NA	NA	NA
sgKRTAP4-2_5	sgGTF2I_2	NA	NA	NA	NA
sgKRTAP4-2_6	sgGTSF1_2	NA	NA	NA	NA
sgKRTAP4-3_1	sgGUCA2A_1	NA	NA	NA	NA
sgKRTAP4-3_2	sgGUCA2A_3	NA	NA	NA	NA
sgKRTAP4-3_3	sgGUSB_3	NA	NA	NA	NA
sgKRTAP4-3_6	sgGXYLT1_3	NA	NA	NA	NA
sgKRTAP4-3_7	sgGXYLT2_1	NA	NA	NA	NA
sgKRTAP4-4_2	sgGYG1_2	NA	NA	NA	NA
sgKRTAP4-4_3	sgGYG1_3	NA	NA	NA	NA
sgKRTAP4-4_4	sgGYG1_4	NA	NA	NA	NA
sgKRTAP4-4_5	sgGYPA_4	NA	NA	NA	NA
sgKRTAP4-5_3	sgGYPC_4	NA	NA	NA	NA
sgKRTAP4-5_4	sgGYPE_5	NA	NA	NA	NA
sgKRTAP4-5_5	sgGYS1_4	NA	NA	NA	NA
sgKRTAP4-5_6	sgGZMB_3	NA	NA	NA	NA
sgKRTAP4-6_3	sgGZMH_2	NA	NA	NA	NA
sgKRTAP4-6_4	sgGZMH_5	NA	NA	NA	NA
sgKRTAP4-7_1	sgH1FOO_4	NA	NA	NA	NA
sgKRTAP4-7_2	sgH2AFJ_2	NA	NA	NA	NA
sgKRTAP4-7_3	sgH2AFX_2	NA	NA	NA	NA
sgKRTAP4-7_4	sgH2AFX_4	NA	NA	NA	NA
sgKRTAP4-9_3	sgH2AFY2_2	NA	NA	NA	NA
sgKRTAP4-9_5	sgH3F3B_4	NA	NA	NA	NA
sgKRTAP4-9_6	sgH3F3C_2	NA	NA	NA	NA
sgKRTAP4-9_7	sgH3F3C_3	NA	NA	NA	NA
sgKRTAP4-9_8	sgH6PD_3	NA	NA	NA	NA
sgKRTAP5-11_2	sgHADHA_2	NA	NA	NA	NA
sgKRTAP5-11_4	sgHADHB_1	NA	NA	NA	NA
sgKRTAP5-2_4	sgHADHB_4	NA	NA	NA	NA
sgKRTAP5-3_3	sgHADH_1	NA	NA	NA	NA
sgKRTAP5-3_5	sgHAMP_4	NA	NA	NA	NA
sgKRTAP5-6_4	sgHARS_2	NA	NA	NA	NA
sgKRTAP5-7_1	sgHAUS1_1	NA	NA	NA	NA
sgKRTAP5-7_2	sgHAUS6_3	NA	NA	NA	NA
sgKRTAP5-8_2	sgHAVCR1_1	NA	NA	NA	NA
sgKRTAP5-8_3	sgHAX1_4	NA	NA	NA	NA
sgKRTAP5-9_3	sgHBB_2	NA	NA	NA	NA
sgKRTAP6-1_5	sgHBB_4	NA	NA	NA	NA
sgKRTAP9-1_4	sgHBD_2	NA	NA	NA	NA
sgKRTAP9-2_1	sgHBD_3	NA	NA	NA	NA
sgKRTAP9-2_2	sgHBE1_3	NA	NA	NA	NA
sgKRTAP9-2_3	sgHBG1_3	NA	NA	NA	NA
sgKRTAP9-2_4	sgHBS1L_1	NA	NA	NA	NA
sgKRTAP9-3_3	sgHBS1L_4	NA	NA	NA	NA
sgKRTAP9-3_5	sgHBZ_4	NA	NA	NA	NA
sgKRTAP9-4_2	sgHCAR2_3	NA	NA	NA	NA
sgKRTAP9-4_4	sgHCAR2_4	NA	NA	NA	NA
sgKRTAP9-4_5	sgHCAR3_3	NA	NA	NA	NA
sgKRTAP9-9_2	sgHCAR3_4	NA	NA	NA	NA
sgKRTAP9-9_6	sgHCFC1R1_2	NA	NA	NA	NA
sgLAP3_2	sgHCLS1_1	NA	NA	NA	NA
sgLAP3_3	sgHCN2_3	NA	NA	NA	NA
sgLAPTM4B_2	sgHCRTR1_4	NA	NA	NA	NA
sgLARP7_1	sgHDAC10_4	NA	NA	NA	NA
sgLCE1A_1	sgHDAC1_2	NA	NA	NA	NA
sgLCE1A_2	sgHDC_1	NA	NA	NA	NA
sgLCE1A_3	sgHDC_2	NA	NA	NA	NA
sgLCE1A_4	sgHDGFRP3_1	NA	NA	NA	NA
sgLCE1A_5	sgHDGF_1	NA	NA	NA	NA
sgLCE1A_6	sgHDGF_3	NA	NA	NA	NA
sgLCE1A_7	sgHEATR4_4	NA	NA	NA	NA
sgLCE1A_8	sgHEBP2_4	NA	NA	NA	NA
sgLCE1B_1	sgHECA_1	NA	NA	NA	NA
sgLCE1B_3	sgHECTD2_2	NA	NA	NA	NA
sgLCE1B_5	sgHELB_3	NA	NA	NA	NA
sgLCE1B_7	sgHELLS_3	NA	NA	NA	NA
sgLCE1C_1	sgHERC2_2	NA	NA	NA	NA
sgLCE1C_2	sgHERC4_3	NA	NA	NA	NA
sgLCE1C_3	sgHES6_3	NA	NA	NA	NA
sgLCE1C_4	sgHES6_4	NA	NA	NA	NA
sgLCE1D_1	sgHEXB_3	NA	NA	NA	NA
sgLCE1D_3	sgHEYL_3	NA	NA	NA	NA
sgLCE1D_5	sgHFE2_2	NA	NA	NA	NA
sgLCE1D_6	sgHGFAC_3	NA	NA	NA	NA
sgLCE1D_8	sgHHATL_2	NA	NA	NA	NA
sgLCE1D_9	sgHHIPL2_2	NA	NA	NA	NA
sgLCE1E_2	sgHHLA2_2	NA	NA	NA	NA
sgLCE1E_3	sgHIBADH_4	NA	NA	NA	NA
sgLCE1E_4	sgHIF3A_1	NA	NA	NA	NA
sgLCE1E_5	sgHIGD1A_2	NA	NA	NA	NA
sgLCE1E_6	sgHIGD1B_1	NA	NA	NA	NA
sgLCE1F_1	sgHIGD1B_2	NA	NA	NA	NA
sgLCE1F_2	sgHIGD2A_2	NA	NA	NA	NA
sgLCE1F_3	sgHIGD2A_3	NA	NA	NA	NA
sgLCE1F_4	sgHIGD2A_4	NA	NA	NA	NA
sgLCE1F_5	sgHINT3_3	NA	NA	NA	NA
sgLCE1F_6	sgHIST1H1B_2	NA	NA	NA	NA
sgLCE2A_3	sgHIST1H2AB_5	NA	NA	NA	NA
sgLCE2A_4	sgHIST1H2AC_2	NA	NA	NA	NA
sgLCE2B_2	sgHIST1H2AC_4	NA	NA	NA	NA
sgLCE2B_5	sgHIST1H2AD_1	NA	NA	NA	NA
sgLCE2B_6	sgHIST1H2AE_2	NA	NA	NA	NA
sgLCE2C_1	sgHIST1H2AE_4	NA	NA	NA	NA
sgLCE2C_2	sgHIST1H2AG_3	NA	NA	NA	NA
sgLCE2C_3	sgHIST1H2AH_4	NA	NA	NA	NA
sgLCE2C_4	sgHIST1H2AI_4	NA	NA	NA	NA
sgLCE2D_3	sgHIST1H2AJ_4	NA	NA	NA	NA
sgLCE3C_3	sgHIST1H2AL_1	NA	NA	NA	NA
sgLCE3C_6	sgHIST1H2AL_3	NA	NA	NA	NA
sgLCE3D_2	sgHIST1H2AM_1	NA	NA	NA	NA
sgLCE3D_3	sgHIST1H2AM_2	NA	NA	NA	NA
sgLCE3D_4	sgHIST1H2BA_1	NA	NA	NA	NA
sgLCE3D_6	sgHIST1H2BB_2	NA	NA	NA	NA
sgLCE3E_2	sgHIST1H2BB_4	NA	NA	NA	NA
sgLCE3E_3	sgHIST1H2BC_1	NA	NA	NA	NA
sgLCE3E_5	sgHIST1H2BC_2	NA	NA	NA	NA
sgLCE5A_2	sgHIST1H2BC_3	NA	NA	NA	NA
sgLCE5A_3	sgHIST1H2BC_4	NA	NA	NA	NA
sgLCE5A_4	sgHIST1H2BD_1	NA	NA	NA	NA
sgLCN1_1	sgHIST1H2BE_1	NA	NA	NA	NA
sgLCN1_2	sgHIST1H2BE_2	NA	NA	NA	NA
sgLCN1_3	sgHIST1H2BE_3	NA	NA	NA	NA
sgLCN1_4	sgHIST1H2BE_4	NA	NA	NA	NA
sgLDHAL6A_1	sgHIST1H2BF_1	NA	NA	NA	NA
sgLDHA_3	sgHIST1H2BF_3	NA	NA	NA	NA
sgLEFTY1_2	sgHIST1H2BF_4	NA	NA	NA	NA
sgLEFTY2_5	sgHIST1H2BG_1	NA	NA	NA	NA
sgLGALS13_4	sgHIST1H2BG_2	NA	NA	NA	NA
sgLGALS13_6	sgHIST1H2BH_1	NA	NA	NA	NA
sgLGALS16_1	sgHIST1H2BH_2	NA	NA	NA	NA
sgLGALS16_3	sgHIST1H2BH_3	NA	NA	NA	NA
sgLGALS7B_2	sgHIST1H2BH_4	NA	NA	NA	NA
sgLGALS7B_3	sgHIST1H2BI_3	NA	NA	NA	NA
sgLGALS7B_4	sgHIST1H2BI_5	NA	NA	NA	NA
sgLGALS9B_1	sgHIST1H2BJ_1	NA	NA	NA	NA
sgLGALS9B_2	sgHIST1H2BJ_2	NA	NA	NA	NA
sgLGALS9B_3	sgHIST1H2BJ_3	NA	NA	NA	NA
sgLGALS9C_3	sgHIST1H2BJ_4	NA	NA	NA	NA
sgLGALS9C_4	sgHIST1H2BL_1	NA	NA	NA	NA
sgLGALS9_3	sgHIST1H2BL_2	NA	NA	NA	NA
sgLGMN_3	sgHIST1H2BL_3	NA	NA	NA	NA
sgLILRB2_4	sgHIST1H2BL_4	NA	NA	NA	NA
sgLIMS1_1	sgHIST1H2BM_1	NA	NA	NA	NA
sgLIMS1_3	sgHIST1H2BM_2	NA	NA	NA	NA
sgLIMS1_4	sgHIST1H2BM_4	NA	NA	NA	NA
sgLIMS1_5	sgHIST1H2BN_1	NA	NA	NA	NA
sgLIMS1_6	sgHIST1H2BN_2	NA	NA	NA	NA
sgLIMS1_7	sgHIST1H2BN_3	NA	NA	NA	NA
sgLIMS1_8	sgHIST1H2BN_4	NA	NA	NA	NA
sgLIMS3L_1	sgHIST1H2BO_1	NA	NA	NA	NA
sgLIMS3L_2	sgHIST1H3A_1	NA	NA	NA	NA
sgLIMS3L_3	sgHIST1H3A_3	NA	NA	NA	NA
sgLIMS3L_4	sgHIST1H3A_4	NA	NA	NA	NA
sgLIN28B_3	sgHIST1H3D_1	NA	NA	NA	NA
sgLLPH_1	sgHIST1H3G_1	NA	NA	NA	NA
sgLLPH_2	sgHIST1H3G_2	NA	NA	NA	NA
sgLLPH_3	sgHIST1H3H_1	NA	NA	NA	NA
sgLLPH_4	sgHIST1H3I_1	NA	NA	NA	NA
sgLMO1_2	sgHIST1H3J_2	NA	NA	NA	NA
sgLPA_3	sgHIST1H4E_2	NA	NA	NA	NA
sgLPA_4	sgHIST2H2AC_3	NA	NA	NA	NA
sgLRRC28_1	sgHIST2H2AC_5	NA	NA	NA	NA
sgLRRC37A2_1	sgHIST2H2AC_6	NA	NA	NA	NA
sgLRRC37A2_2	sgHIST2H2BE_2	NA	NA	NA	NA
sgLRRC37A2_3	sgHIST2H2BF_3	NA	NA	NA	NA
sgLRRC37A2_4	sgHIST2H2BF_4	NA	NA	NA	NA
sgLRRC37A2_5	sgHJURP_4	NA	NA	NA	NA
sgLRRC37A2_6	sgHK2_2	NA	NA	NA	NA
sgLRRC37A3_1	sgHK2_4	NA	NA	NA	NA
sgLRRC37A3_2	sgHLA-A_1	NA	NA	NA	NA
sgLRRC37A3_3	sgHLA-A_4	NA	NA	NA	NA
sgLRRC37A3_4	sgHLA-B_3	NA	NA	NA	NA
sgLRRC37A3_5	sgHLA-B_4	NA	NA	NA	NA
sgLRRC37A3_6	sgHLA-C_1	NA	NA	NA	NA
sgLRRC37A3_7	sgHLA-C_3	NA	NA	NA	NA
sgLRRC37A_1	sgHLA-C_4	NA	NA	NA	NA
sgLRRC37A_2	sgHLA-DQA1_1	NA	NA	NA	NA
sgLRRC37A_4	sgHLA-DQA2_1	NA	NA	NA	NA
sgLRRC37A_5	sgHLA-DQB1_2	NA	NA	NA	NA
sgLRRC37B_1	sgHLA-DQB2_2	NA	NA	NA	NA
sgLRRC37B_3	sgHLA-DQB2_4	NA	NA	NA	NA
sgLRRC49_1	sgHLA-DRB1_1	NA	NA	NA	NA
sgLRRC57_1	sgHLA-DRB1_3	NA	NA	NA	NA
sgLSM12_1	sgHLA-DRB1_4	NA	NA	NA	NA
sgLSM12_2	sgHLA-E_1	NA	NA	NA	NA
sgLSM12_4	sgHLA-E_2	NA	NA	NA	NA
sgLSM3_1	sgHLA-E_4	NA	NA	NA	NA
sgLYPLA1_3	sgHLA-F_1	NA	NA	NA	NA
sgLYPLA2_1	sgHLA-F_2	NA	NA	NA	NA
sgLYPLA2_2	sgHLA-F_4	NA	NA	NA	NA
sgLYPLA2_3	sgHLA-G_2	NA	NA	NA	NA
sgLYPLA2_4	sgHLA-G_4	NA	NA	NA	NA
sgLYRM5_1	sgHMBOX1_1	NA	NA	NA	NA
sgLYRM5_2	sgHMG20A_4	NA	NA	NA	NA
sgLYRM5_3	sgHMGB2_2	NA	NA	NA	NA
sgLYZL1_1	sgHMGB4_3	NA	NA	NA	NA
sgLYZL1_2	sgHMGN1_3	NA	NA	NA	NA
sgLYZL1_4	sgHMGN2_2	NA	NA	NA	NA
sgLYZL2_1	sgHMGN2_3	NA	NA	NA	NA
sgLYZL2_2	sgHMGN3_3	NA	NA	NA	NA
sgLYZL2_4	sgHMGN4_4	NA	NA	NA	NA
sgM6PR_1	sgHMHB1_3	NA	NA	NA	NA
sgMAD2L1_3	sgHMOX2_2	NA	NA	NA	NA
sgMAGOHB_1	sgHMSD_3	NA	NA	NA	NA
sgMANBAL_1	sgHN1_2	NA	NA	NA	NA
sgMAP1LC3B2_3	sgHNF1A_2	NA	NA	NA	NA
sgMAP1LC3B2_4	sgHNF1B_1	NA	NA	NA	NA
sgMAP1LC3B2_5	sgHNRNPA1L2_1	NA	NA	NA	NA
sgMAP1LC3B2_6	sgHNRNPA1L2_2	NA	NA	NA	NA
sgMAP1LC3B_3	sgHNRNPA1L2_4	NA	NA	NA	NA
sgMAP1LC3B_4	sgHNRNPA2B1_1	NA	NA	NA	NA
sgMAP1LC3B_5	sgHNRNPCL1_1	NA	NA	NA	NA
sgMAP1LC3B_6	sgHNRNPD_4	NA	NA	NA	NA
sgMAP2K1_1	sgHNRNPF_3	NA	NA	NA	NA
sgMAP2K2_1	sgHNRNPH1_1	NA	NA	NA	NA
sgMAP2K2_3	sgHNRNPH1_3	NA	NA	NA	NA
sgMAP2K2_4	sgHNRNPH1_4	NA	NA	NA	NA
sgMAP2K3_2	sgHNRNPL_1	NA	NA	NA	NA
sgMAP2K3_3	sgHNRNPL_3	NA	NA	NA	NA
sgMAP2K3_4	sgHNRNPM_1	NA	NA	NA	NA
sgMAP2K4_1	sgHNRNPU_3	NA	NA	NA	NA
sgMAPK1IP1L_1	sgHOGA1_3	NA	NA	NA	NA
sgMAPK1IP1L_3	sgHOMER2_1	NA	NA	NA	NA
sgMAPK6_4	sgHOOK1_3	NA	NA	NA	NA
sgMAPRE1_2	sgHOOK3_4	NA	NA	NA	NA
sgMAPRE1_3	sgHORMAD1_3	NA	NA	NA	NA
sgMARCKSL1_3	sgHOXA6_4	NA	NA	NA	NA
sgMAST2_3	sgHOXA7_2	NA	NA	NA	NA
sgMBD3L2_1	sgHOXA7_3	NA	NA	NA	NA
sgMBD3L2_2	sgHOXD13_4	NA	NA	NA	NA
sgMBD3L2_3	sgHPCAL1_2	NA	NA	NA	NA
sgMBD3L2_4	sgHPCA_3	NA	NA	NA	NA
sgMBD3L2_5	sgHPN_3	NA	NA	NA	NA
sgMBD3L2_6	sgHPS1_3	NA	NA	NA	NA
sgMBD3L2_7	sgHPSE2_4	NA	NA	NA	NA
sgMBD3L3_1	sgHRC_4	NA	NA	NA	NA
sgMBD3L3_2	sgHRG_2	NA	NA	NA	NA
sgMBD3L3_3	sgHRG_4	NA	NA	NA	NA
sgMBD3L3_4	sgHRSP12_1	NA	NA	NA	NA
sgMBD3L4_1	sgHS3ST3A1_1	NA	NA	NA	NA
sgMBD3L4_2	sgHS3ST3A1_4	NA	NA	NA	NA
sgMBD3L4_3	sgHS3ST3B1_3	NA	NA	NA	NA
sgMBD3L4_4	sgHS3ST4_2	NA	NA	NA	NA
sgMBD3L5_1	sgHS3ST5_2	NA	NA	NA	NA
sgMBD3L5_2	sgHS6ST1_2	NA	NA	NA	NA
sgMBD3L5_3	sgHS6ST3_1	NA	NA	NA	NA
sgMBD3L5_4	sgHSBP1L1_2	NA	NA	NA	NA
sgMCFD2_5	sgHSCB_1	NA	NA	NA	NA
sgMDH1_3	sgHSD11B2_4	NA	NA	NA	NA
sgMED13L_3	sgHSD17B11_1	NA	NA	NA	NA
sgMED27_1	sgHSD17B12_1	NA	NA	NA	NA
sgMED27_2	sgHSD17B12_3	NA	NA	NA	NA
sgMED27_4	sgHSD17B1_3	NA	NA	NA	NA
sgMEF2A_1	sgHSD17B4_2	NA	NA	NA	NA
sgMEF2A_3	sgHSD17B4_3	NA	NA	NA	NA
sgMEMO1_1	sgHSD17B6_4	NA	NA	NA	NA
sgMEMO1_2	sgHSD3B1_1	NA	NA	NA	NA
sgMEMO1_3	sgHSD3B1_3	NA	NA	NA	NA
sgMEMO1_4	sgHSD3B2_1	NA	NA	NA	NA
sgMEST_3	sgHSD3B2_3	NA	NA	NA	NA
sgMETAP2_2	sgHSD3B2_4	NA	NA	NA	NA
sgMETTL15_1	sgHSF2_1	NA	NA	NA	NA
sgMETTL15_2	sgHSF2_3	NA	NA	NA	NA
sgMETTL15_4	sgHSF2_4	NA	NA	NA	NA
sgMETTL2B_4	sgHSP90B1_3	NA	NA	NA	NA
sgMETTL7A_3	sgHSPA1A_1	NA	NA	NA	NA
sgMFF_1	sgHSPA1B_1	NA	NA	NA	NA
sgMFF_4	sgHSPA1L_4	NA	NA	NA	NA
sgMKI67_3	sgHSPA4L_2	NA	NA	NA	NA
sgMKI67_4	sgHSPA5_2	NA	NA	NA	NA
sgMKNK1_1	sgHSPA5_3	NA	NA	NA	NA
sgMKRN1_1	sgHSPA5_4	NA	NA	NA	NA
sgMKRN1_2	sgHSPA8_2	NA	NA	NA	NA
sgMKRN1_3	sgHSPA8_3	NA	NA	NA	NA
sgMKRN1_4	sgHSPA9_2	NA	NA	NA	NA
sgMMADHC_2	sgHSPA9_4	NA	NA	NA	NA
sgMMADHC_3	sgHTN1_2	NA	NA	NA	NA
sgMMP23B_1	sgHTN3_2	NA	NA	NA	NA
sgMMP23B_2	sgHTR1E_3	NA	NA	NA	NA
sgMMP23B_3	sgHTR2A_2	NA	NA	NA	NA
sgMMP23B_4	sgHTR3D_4	NA	NA	NA	NA
sgMOB4_1	sgHTR7_1	NA	NA	NA	NA
sgMOB4_5	sgHTR7_2	NA	NA	NA	NA
sgMOG_3	sgHTR7_4	NA	NA	NA	NA
sgMORF4L1_2	sgHYAL1_1	NA	NA	NA	NA
sgMPEG1_4	sgHYKK_1	NA	NA	NA	NA
sgMPHOSPH10_1	sgHYPK_1	NA	NA	NA	NA
sgMPHOSPH10_4	sgHYPK_2	NA	NA	NA	NA
sgMPHOSPH8_4	sgIAPP_1	NA	NA	NA	NA
sgMPPE1_1	sgICAM4_4	NA	NA	NA	NA
sgMPPE1_2	sgICAM5_1	NA	NA	NA	NA
sgMPPE1_3	sgID2_1	NA	NA	NA	NA
sgMPPE1_4	sgID2_3	NA	NA	NA	NA
sgMPRIP_2	sgIDH1_1	NA	NA	NA	NA
sgMPRIP_3	sgIDH3A_2	NA	NA	NA	NA
sgMPRIP_4	sgIDO1_1	NA	NA	NA	NA
sgMPV17L_1	sgIFFO1_1	NA	NA	NA	NA
sgMPV17L_3	sgIFFO2_1	NA	NA	NA	NA
sgMPV17L_4	sgIFFO2_2	NA	NA	NA	NA
sgMPZL1_2	sgIFI16_1	NA	NA	NA	NA
sgMPZL1_3	sgIFI16_3	NA	NA	NA	NA
sgMRE11A_1	sgIFI16_4	NA	NA	NA	NA
sgMRE11A_2	sgIFIT1_3	NA	NA	NA	NA
sgMRGPRX1_1	sgIFIT1_4	NA	NA	NA	NA
sgMRGPRX1_2	sgIFIT2_2	NA	NA	NA	NA
sgMRGPRX1_3	sgIFITM1_4	NA	NA	NA	NA
sgMRGPRX1_4	sgIFITM2_1	NA	NA	NA	NA
sgMRGPRX3_2	sgIFITM2_2	NA	NA	NA	NA
sgMRGPRX3_3	sgIFITM2_4	NA	NA	NA	NA
sgMRGPRX3_4	sgIFNA10_2	NA	NA	NA	NA
sgMRPL10_2	sgIFNA10_5	NA	NA	NA	NA
sgMRPL10_3	sgIFNA14_1	NA	NA	NA	NA
sgMRPL11_3	sgIFNA14_2	NA	NA	NA	NA
sgMRPL11_4	sgIFNA14_4	NA	NA	NA	NA
sgMRPL2_4	sgIFNA14_5	NA	NA	NA	NA
sgMRPL32_2	sgIFNA16_2	NA	NA	NA	NA
sgMRPL32_4	sgIFNA16_3	NA	NA	NA	NA
sgMRPL35_4	sgIFNA16_4	NA	NA	NA	NA
sgMRPL36_1	sgIFNA17_2	NA	NA	NA	NA
sgMRPL3_2	sgIFNA17_3	NA	NA	NA	NA
sgMRPL3_3	sgIFNA1_1	NA	NA	NA	NA
sgMRPL45_3	sgIFNA1_4	NA	NA	NA	NA
sgMRPL45_4	sgIFNA21_1	NA	NA	NA	NA
sgMRPL50_1	sgIFNA21_3	NA	NA	NA	NA
sgMRPL50_4	sgIFNA2_4	NA	NA	NA	NA
sgMRPS16_2	sgIFNA4_3	NA	NA	NA	NA
sgMRPS17_1	sgIFNA4_4	NA	NA	NA	NA
sgMRPS18A_1	sgIFNA4_5	NA	NA	NA	NA
sgMRPS18A_2	sgIFNA5_1	NA	NA	NA	NA
sgMRPS18A_3	sgIFNA5_2	NA	NA	NA	NA
sgMRPS18B_4	sgIFNA5_3	NA	NA	NA	NA
sgMRPS21_3	sgIFNA6_1	NA	NA	NA	NA
sgMRPS31_2	sgIFNA7_2	NA	NA	NA	NA
sgMRPS31_4	sgIFNA7_3	NA	NA	NA	NA
sgMRPS33_4	sgIFNA7_4	NA	NA	NA	NA
sgMRPS36_2	sgIFNA8_2	NA	NA	NA	NA
sgMRPS36_3	sgIFNA8_3	NA	NA	NA	NA
sgMRTO4_4	sgIFNB1_2	NA	NA	NA	NA
sgMS4A4A_2	sgIFNL1_2	NA	NA	NA	NA
sgMS4A6A_1	sgIFNL2_1	NA	NA	NA	NA
sgMS4A6A_2	sgIFNL2_2	NA	NA	NA	NA
sgMS4A6E_1	sgIFNL2_3	NA	NA	NA	NA
sgMS4A6E_2	sgIFNL3_1	NA	NA	NA	NA
sgMSANTD3_3	sgIFNL3_2	NA	NA	NA	NA
sgMST1_2	sgIFNL3_3	NA	NA	NA	NA
sgMST1_3	sgIFT122_1	NA	NA	NA	NA
sgMST1_4	sgIFT140_4	NA	NA	NA	NA
sgMSTO1_1	sgIFT46_4	NA	NA	NA	NA
sgMSTO1_2	sgIFT80_3	NA	NA	NA	NA
sgMSTO1_3	sgIFT80_4	NA	NA	NA	NA
sgMSTO1_4	sgIGF2BP2_2	NA	NA	NA	NA
sgMT1A_1	sgIGF2BP3_3	NA	NA	NA	NA
sgMT1B_4	sgIGF2BP3_4	NA	NA	NA	NA
sgMT1E_2	sgIGFBP7_2	NA	NA	NA	NA
sgMT1E_3	sgIGFBPL1_2	NA	NA	NA	NA
sgMT1E_4	sgIGFL4_1	NA	NA	NA	NA
sgMT1F_1	sgIGLL1_2	NA	NA	NA	NA
sgMT1G_2	sgIGLL5_3	NA	NA	NA	NA
sgMT1HL1_1	sgIGLON5_4	NA	NA	NA	NA
sgMT1HL1_2	sgIGSF10_3	NA	NA	NA	NA
sgMT1H_1	sgIGSF9_3	NA	NA	NA	NA
sgMT1H_2	sgIHH_1	NA	NA	NA	NA
sgMT1M_1	sgIL11RA_3	NA	NA	NA	NA
sgMT1X_1	sgIL12A_2	NA	NA	NA	NA
sgMT2A_2	sgIL17A_2	NA	NA	NA	NA
sgMT3_3	sgIL17RD_4	NA	NA	NA	NA
sgMTAP_2	sgIL20RA_4	NA	NA	NA	NA
sgMTFR1_1	sgIL21R_2	NA	NA	NA	NA
sgMTIF3_4	sgIL24_3	NA	NA	NA	NA
sgMTRF1L_1	sgIL37_1	NA	NA	NA	NA
sgMTRF1L_3	sgIL4_1	NA	NA	NA	NA
sgMTRF1L_4	sgIL6ST_3	NA	NA	NA	NA
sgMUC12_2	sgIL7_1	NA	NA	NA	NA
sgMUC12_3	sgILF2_1	NA	NA	NA	NA
sgMUC12_4	sgILF2_2	NA	NA	NA	NA
sgMUC12_5	sgILKAP_3	NA	NA	NA	NA
sgMUC12_6	sgILKAP_4	NA	NA	NA	NA
sgMUC12_7	sgIMMP1L_3	NA	NA	NA	NA
sgMUC12_8	sgIMMT_1	NA	NA	NA	NA
sgMUC12_9	sgIMMT_2	NA	NA	NA	NA
sgMUC17_4	sgIMP3_4	NA	NA	NA	NA
sgMUC17_5	sgIMPA1_2	NA	NA	NA	NA
sgMUC20_2	sgIMPACT_2	NA	NA	NA	NA
sgMUC20_3	sgIMPDH1_2	NA	NA	NA	NA
sgMUC20_4	sgINCA1_3	NA	NA	NA	NA
sgMXRA7_1	sgINCENP_3	NA	NA	NA	NA
sgMXRA7_2	sgING1_2	NA	NA	NA	NA
sgMXRA7_3	sgING1_4	NA	NA	NA	NA
sgMXRA7_4	sgINIP_4	NA	NA	NA	NA
sgMYADM_3	sgINSIG2_1	NA	NA	NA	NA
sgMYEOV2_2	sgINSL3_1	NA	NA	NA	NA
sgMYL12A_1	sgINSL5_1	NA	NA	NA	NA
sgMYL12A_2	sgINTS3_3	NA	NA	NA	NA
sgMYL12B_1	sgIP6K3_2	NA	NA	NA	NA
sgMYL12B_2	sgIPO7_4	NA	NA	NA	NA
sgMYL12B_3	sgIPO8_2	NA	NA	NA	NA
sgMYL12B_6	sgIQCB1_2	NA	NA	NA	NA
sgMYL5_2	sgIQCE_3	NA	NA	NA	NA
sgMYL6_3	sgIQCF2_1	NA	NA	NA	NA
sgMYL9_4	sgIQCF2_3	NA	NA	NA	NA
sgMZT2A_3	sgIQCF3_4	NA	NA	NA	NA
sgMZT2B_2	sgIRAK4_2	NA	NA	NA	NA
sgNAB1_1	sgIRF2BP2_1	NA	NA	NA	NA
sgNACA_1	sgIRF2BP2_2	NA	NA	NA	NA
sgNACA_4	sgIRF2BPL_1	NA	NA	NA	NA
sgNAIP_1	sgIRF3_3	NA	NA	NA	NA
sgNAIP_2	sgIRF6_4	NA	NA	NA	NA
sgNAIP_3	sgIRF7_2	NA	NA	NA	NA
sgNAIP_4	sgIRX5_2	NA	NA	NA	NA
sgNAMPT_4	sgISCA2_2	NA	NA	NA	NA
sgNANOG_2	sgISCA2_4	NA	NA	NA	NA
sgNANOG_3	sgISM2_5	NA	NA	NA	NA
sgNANOG_4	sgISOC1_2	NA	NA	NA	NA
sgNANP_1	sgIST1_1	NA	NA	NA	NA
sgNANP_4	sgIST1_2	NA	NA	NA	NA
sgNAP1L1_2	sgIST1_3	NA	NA	NA	NA
sgNAPSA_2	sgISY1_3	NA	NA	NA	NA
sgNAT8_3	sgITGAD_3	NA	NA	NA	NA
sgNBEA_4	sgITGAE_3	NA	NA	NA	NA
sgNBPF11_1	sgITGAM_2	NA	NA	NA	NA
sgNBPF11_10	sgITLN2_1	NA	NA	NA	NA
sgNBPF11_2	sgITPK1_1	NA	NA	NA	NA
sgNBPF11_3	sgITPK1_3	NA	NA	NA	NA
sgNBPF11_4	sgITPKB_2	NA	NA	NA	NA
sgNBPF11_5	sgITPR2_3	NA	NA	NA	NA
sgNBPF11_6	sgITPRIPL1_4	NA	NA	NA	NA
sgNBPF11_7	sgIVL_1	NA	NA	NA	NA
sgNBPF11_8	sgIYD_3	NA	NA	NA	NA
sgNBPF11_9	sgJAZF1_1	NA	NA	NA	NA
sgNBPF15_1	sgJMJD1C_1	NA	NA	NA	NA
sgNBPF15_2	sgJMJD4_2	NA	NA	NA	NA
sgNBPF15_3	sgJUNB_2	NA	NA	NA	NA
sgNBPF15_4	sgKANK4_3	NA	NA	NA	NA
sgNBPF3_4	sgKANSL1L_2	NA	NA	NA	NA
sgNBPF4_1	sgKAT6A_2	NA	NA	NA	NA
sgNBPF4_2	sgKATNA1_2	NA	NA	NA	NA
sgNBPF4_3	sgKATNA1_4	NA	NA	NA	NA
sgNBPF4_4	sgKATNBL1_1	NA	NA	NA	NA
sgNBPF6_1	sgKATNBL1_2	NA	NA	NA	NA
sgNBPF6_2	sgKATNBL1_3	NA	NA	NA	NA
sgNBPF6_3	sgKBTBD11_4	NA	NA	NA	NA
sgNBPF6_4	sgKBTBD4_2	NA	NA	NA	NA
sgNCF1_1	sgKBTBD4_3	NA	NA	NA	NA
sgNCF1_2	sgKBTBD6_2	NA	NA	NA	NA
sgNCF1_3	sgKBTBD6_3	NA	NA	NA	NA
sgNCOA4_1	sgKBTBD6_4	NA	NA	NA	NA
sgNCOA4_2	sgKBTBD7_2	NA	NA	NA	NA
sgNCOR1_2	sgKBTBD7_4	NA	NA	NA	NA
sgNCR2_4	sgKCNA10_4	NA	NA	NA	NA
sgNDUFA5_2	sgKCNA1_3	NA	NA	NA	NA
sgNDUFA5_3	sgKCNA3_4	NA	NA	NA	NA
sgNDUFAF1_4	sgKCNA7_4	NA	NA	NA	NA
sgNDUFAF2_1	sgKCNC3_2	NA	NA	NA	NA
sgNDUFAF2_2	sgKCNC4_2	NA	NA	NA	NA
sgNDUFAF2_4	sgKCND2_1	NA	NA	NA	NA
sgNDUFAF4_2	sgKCNJ12_4	NA	NA	NA	NA
sgNDUFB4_4	sgKCNK10_4	NA	NA	NA	NA
sgNDUFV2_1	sgKCNK18_3	NA	NA	NA	NA
sgNDUFV2_3	sgKCNMB3_2	NA	NA	NA	NA
sgNDUFV2_4	sgKCNN3_1	NA	NA	NA	NA
sgNEB_4	sgKCNN3_3	NA	NA	NA	NA
sgNEB_5	sgKCNQ2_1	NA	NA	NA	NA
sgNECAP1_1	sgKCNQ4_1	NA	NA	NA	NA
sgNEFH_1	sgKCNS1_3	NA	NA	NA	NA
sgNEK2_2	sgKCTD17_2	NA	NA	NA	NA
sgNEK2_3	sgKCTD19_1	NA	NA	NA	NA
sgNENF_2	sgKDELC1_4	NA	NA	NA	NA
sgNFE2L3_1	sgKDF1_2	NA	NA	NA	NA
sgNFE2L3_2	sgKDM1A_1	NA	NA	NA	NA
sgNFE2L3_3	sgKDM1A_2	NA	NA	NA	NA
sgNGRN_2	sgKDM1A_4	NA	NA	NA	NA
sgNHP2_3	sgKDM4A_4	NA	NA	NA	NA
sgNICN1_2	sgKHDC1L_3	NA	NA	NA	NA
sgNIFK_3	sgKHDC1_2	NA	NA	NA	NA
sgNIT2_3	sgKHDC1_3	NA	NA	NA	NA
sgNME2_2	sgKHSRP_3	NA	NA	NA	NA
sgNME2_3	sgKIAA0020_1	NA	NA	NA	NA
sgNMNAT1_4	sgKIAA0319_2	NA	NA	NA	NA
sgNOB1_2	sgKIAA0391_1	NA	NA	NA	NA
sgNOB1_4	sgKIAA0391_3	NA	NA	NA	NA
sgNOC2L_1	sgKIAA0895L_3	NA	NA	NA	NA
sgNOC2L_2	sgKIAA0907_4	NA	NA	NA	NA
sgNOL11_1	sgKIAA1191_2	NA	NA	NA	NA
sgNOL11_2	sgKIAA1211L_2	NA	NA	NA	NA
sgNOL11_4	sgKIAA1328_2	NA	NA	NA	NA
sgNOL8_2	sgKIAA1430_1	NA	NA	NA	NA
sgNOMO1_3	sgKIAA1430_4	NA	NA	NA	NA
sgNOMO1_4	sgKIAA1468_3	NA	NA	NA	NA
sgNOMO1_7	sgKIAA1671_1	NA	NA	NA	NA
sgNOMO2_4	sgKIAA1715_1	NA	NA	NA	NA
sgNOMO2_5	sgKIAA1731_4	NA	NA	NA	NA
sgNOMO2_7	sgKIAA1804_4	NA	NA	NA	NA
sgNOMO3_2	sgKIAA1958_2	NA	NA	NA	NA
sgNOMO3_3	sgKIAA2013_4	NA	NA	NA	NA
sgNOMO3_4	sgKIF11_1	NA	NA	NA	NA
sgNOTCH2NL_1	sgKIF13B_4	NA	NA	NA	NA
sgNOTCH2NL_2	sgKIF14_1	NA	NA	NA	NA
sgNOTCH2NL_3	sgKIF14_4	NA	NA	NA	NA
sgNOTCH2NL_4	sgKIF18B_1	NA	NA	NA	NA
sgNOTCH2_3	sgKIF20B_2	NA	NA	NA	NA
sgNOTCH2_4	sgKIF21A_1	NA	NA	NA	NA
sgNPEPPS_1	sgKIF21A_3	NA	NA	NA	NA
sgNPEPPS_2	sgKIF27_1	NA	NA	NA	NA
sgNPEPPS_4	sgKIF2A_4	NA	NA	NA	NA
sgNPIPA1_1	sgKIF2C_4	NA	NA	NA	NA
sgNPIPA1_2	sgKIF3B_3	NA	NA	NA	NA
sgNPIPA1_3	sgKIF4B_1	NA	NA	NA	NA
sgNPIPA1_4	sgKIR2DL1_1	NA	NA	NA	NA
sgNPIPA2_1	sgKIR2DL1_2	NA	NA	NA	NA
sgNPIPA2_2	sgKIR2DL1_3	NA	NA	NA	NA
sgNPIPA2_3	sgKIR2DL3_1	NA	NA	NA	NA
sgNPIPA2_4	sgKIR3DL1_2	NA	NA	NA	NA
sgNPIPA5_1	sgKIR3DL1_3	NA	NA	NA	NA
sgNPIPA5_2	sgKIR3DL1_4	NA	NA	NA	NA
sgNPIPA5_3	sgKIR3DL2_1	NA	NA	NA	NA
sgNPIPA5_4	sgKIR3DL2_2	NA	NA	NA	NA
sgNPIPA5_5	sgKIR3DL3_1	NA	NA	NA	NA
sgNPIPA7_1	sgKIR3DL3_2	NA	NA	NA	NA
sgNPIPA7_2	sgKIRREL3_3	NA	NA	NA	NA
sgNPIPA7_3	sgKIRREL_3	NA	NA	NA	NA
sgNPIPA7_4	sgKISS1R_4	NA	NA	NA	NA
sgNPIPA8_1	sgKLF10_1	NA	NA	NA	NA
sgNPIPA8_2	sgKLF17_4	NA	NA	NA	NA
sgNPIPA8_3	sgKLF7_1	NA	NA	NA	NA
sgNPIPA8_4	sgKLF7_2	NA	NA	NA	NA
sgNPIPB5_1	sgKLF7_4	NA	NA	NA	NA
sgNPIPB5_2	sgKLHDC1_1	NA	NA	NA	NA
sgNPIPB5_3	sgKLHDC7B_1	NA	NA	NA	NA
sgNPIPB5_4	sgKLHDC7B_4	NA	NA	NA	NA
sgNPIPB5_5	sgKLHL10_3	NA	NA	NA	NA
sgNPIPB6_1	sgKLHL12_4	NA	NA	NA	NA
sgNPIPB6_2	sgKLHL17_3	NA	NA	NA	NA
sgNPIPB6_3	sgKLHL32_2	NA	NA	NA	NA
sgNPIPB6_4	sgKLHL32_4	NA	NA	NA	NA
sgNPM1_1	sgKLHL3_3	NA	NA	NA	NA
sgNPM1_2	sgKLHL3_4	NA	NA	NA	NA
sgNPM1_3	sgKLHL7_1	NA	NA	NA	NA
sgNPM1_4	sgKLHL7_2	NA	NA	NA	NA
sgNPNT_1	sgKLK12_3	NA	NA	NA	NA
sgNPY4R_1	sgKLK13_3	NA	NA	NA	NA
sgNPY4R_2	sgKLK13_4	NA	NA	NA	NA
sgNPY4R_3	sgKLK1_3	NA	NA	NA	NA
sgNPY4R_4	sgKLK3_1	NA	NA	NA	NA
sgNR3C1_3	sgKLK3_2	NA	NA	NA	NA
sgNRBF2_4	sgKLK9_2	NA	NA	NA	NA
sgNREP_1	sgKLRC3_3	NA	NA	NA	NA
sgNREP_2	sgKLRC3_4	NA	NA	NA	NA
sgNREP_3	sgKLRC4_4	NA	NA	NA	NA
sgNREP_4	sgKLRF2_1	NA	NA	NA	NA
sgNSA2_2	sgKLRF2_3	NA	NA	NA	NA
sgNSA2_3	sgKMT2B_1	NA	NA	NA	NA
sgNSA2_4	sgKMT2C_1	NA	NA	NA	NA
sgNSF_1	sgKMT2D_4	NA	NA	NA	NA
sgNSF_2	sgKNG1_3	NA	NA	NA	NA
sgNSF_3	sgKNOP1_3	NA	NA	NA	NA
sgNSF_4	sgKNOP1_4	NA	NA	NA	NA
sgNSRP1_1	sgKPNA1_2	NA	NA	NA	NA
sgNSUN5_4	sgKPNA1_4	NA	NA	NA	NA
sgNT5C3A_1	sgKPNA2_2	NA	NA	NA	NA
sgNTAN1_2	sgKPNA2_3	NA	NA	NA	NA
sgNTM_3	sgKPNA2_4	NA	NA	NA	NA
sgNUBP1_1	sgKPNA7_2	NA	NA	NA	NA
sgNUDC_2	sgKRT10_1	NA	NA	NA	NA
sgNUDC_3	sgKRT10_2	NA	NA	NA	NA
sgNUDT4_1	sgKRT12_2	NA	NA	NA	NA
sgNUDT4_2	sgKRT13_3	NA	NA	NA	NA
sgNUDT4_3	sgKRT14_1	NA	NA	NA	NA
sgNUDT4_4	sgKRT16_3	NA	NA	NA	NA
sgNUFIP1_4	sgKRT16_4	NA	NA	NA	NA
sgNUP50_1	sgKRT1_3	NA	NA	NA	NA
sgNUP50_3	sgKRT23_4	NA	NA	NA	NA
sgNUP50_4	sgKRT25_4	NA	NA	NA	NA
sgNUS1_1	sgKRT27_2	NA	NA	NA	NA
sgNUS1_2	sgKRT28_2	NA	NA	NA	NA
sgNUS1_3	sgKRT28_4	NA	NA	NA	NA
sgNUS1_4	sgKRT2_2	NA	NA	NA	NA
sgNUTF2_1	sgKRT31_1	NA	NA	NA	NA
sgNUTF2_2	sgKRT31_2	NA	NA	NA	NA
sgNUTF2_4	sgKRT31_4	NA	NA	NA	NA
sgNUTM2A_1	sgKRT32_3	NA	NA	NA	NA
sgNUTM2A_2	sgKRT33A_1	NA	NA	NA	NA
sgNUTM2B_1	sgKRT33A_3	NA	NA	NA	NA
sgNUTM2B_2	sgKRT33B_1	NA	NA	NA	NA
sgNUTM2B_3	sgKRT33B_3	NA	NA	NA	NA
sgNUTM2B_4	sgKRT33B_4	NA	NA	NA	NA
sgNUTM2F_5	sgKRT34_3	NA	NA	NA	NA
sgNUTM2G_1	sgKRT35_1	NA	NA	NA	NA
sgNUTM2G_3	sgKRT35_4	NA	NA	NA	NA
sgOAT_3	sgKRT37_2	NA	NA	NA	NA
sgOBP2A_1	sgKRT37_4	NA	NA	NA	NA
sgOBP2A_2	sgKRT38_3	NA	NA	NA	NA
sgOBP2A_3	sgKRT3_1	NA	NA	NA	NA
sgOBP2A_4	sgKRT5_3	NA	NA	NA	NA
sgOBP2A_5	sgKRT5_4	NA	NA	NA	NA
sgOBP2A_6	sgKRT6A_1	NA	NA	NA	NA
sgOBP2B_1	sgKRT6A_2	NA	NA	NA	NA
sgOBP2B_2	sgKRT6A_4	NA	NA	NA	NA
sgOBP2B_3	sgKRT6B_1	NA	NA	NA	NA
sgOBP2B_4	sgKRT6B_3	NA	NA	NA	NA
sgOBP2B_5	sgKRT6B_4	NA	NA	NA	NA
sgOBP2B_6	sgKRT6C_2	NA	NA	NA	NA
sgOCLN_1	sgKRT6C_3	NA	NA	NA	NA
sgOCLN_2	sgKRT6C_4	NA	NA	NA	NA
sgOCLN_3	sgKRT71_1	NA	NA	NA	NA
sgOCLN_4	sgKRT73_1	NA	NA	NA	NA
sgOLA1_2	sgKRT73_3	NA	NA	NA	NA
sgOOEP_2	sgKRT74_1	NA	NA	NA	NA
sgOPCML_3	sgKRT77_3	NA	NA	NA	NA
sgOR10G2_4	sgKRT78_2	NA	NA	NA	NA
sgOR10G3_1	sgKRT83_2	NA	NA	NA	NA
sgOR10H2_2	sgKRT83_5	NA	NA	NA	NA
sgOR10Q1_2	sgKRT86_4	NA	NA	NA	NA
sgOR10W1_2	sgKRT8_3	NA	NA	NA	NA
sgOR11H12_1	sgKRT9_1	NA	NA	NA	NA
sgOR11H12_2	sgKRTAP1-1_2	NA	NA	NA	NA
sgOR11H12_3	sgKRTAP1-3_4	NA	NA	NA	NA
sgOR11H12_4	sgKRTAP1-4_3	NA	NA	NA	NA
sgOR11H1_1	sgKRTAP10-10_1	NA	NA	NA	NA
sgOR11H1_2	sgKRTAP10-10_3	NA	NA	NA	NA
sgOR11H1_3	sgKRTAP10-10_4	NA	NA	NA	NA
sgOR11H1_4	sgKRTAP10-11_1	NA	NA	NA	NA
sgOR11H1_5	sgKRTAP10-11_2	NA	NA	NA	NA
sgOR13C2_2	sgKRTAP10-11_3	NA	NA	NA	NA
sgOR13C2_3	sgKRTAP10-11_4	NA	NA	NA	NA
sgOR13C5_2	sgKRTAP10-12_2	NA	NA	NA	NA
sgOR13C5_3	sgKRTAP10-1_1	NA	NA	NA	NA
sgOR13C9_5	sgKRTAP10-1_2	NA	NA	NA	NA
sgOR13D1_2	sgKRTAP10-2_1	NA	NA	NA	NA
sgOR13D1_4	sgKRTAP10-2_2	NA	NA	NA	NA
sgOR13G1_1	sgKRTAP10-2_4	NA	NA	NA	NA
sgOR1D2_1	sgKRTAP10-3_1	NA	NA	NA	NA
sgOR1D5_1	sgKRTAP10-3_3	NA	NA	NA	NA
sgOR1D5_2	sgKRTAP10-3_4	NA	NA	NA	NA
sgOR1D5_3	sgKRTAP10-3_5	NA	NA	NA	NA
sgOR1D5_4	sgKRTAP10-4_1	NA	NA	NA	NA
sgOR1E1_1	sgKRTAP10-4_2	NA	NA	NA	NA
sgOR1E2_1	sgKRTAP10-4_5	NA	NA	NA	NA
sgOR1E2_2	sgKRTAP10-5_3	NA	NA	NA	NA
sgOR1F1_4	sgKRTAP10-5_4	NA	NA	NA	NA
sgOR2A1_3	sgKRTAP10-6_2	NA	NA	NA	NA
sgOR2A1_4	sgKRTAP10-9_1	NA	NA	NA	NA
sgOR2A25_5	sgKRTAP10-9_5	NA	NA	NA	NA
sgOR2A2_4	sgKRTAP12-2_1	NA	NA	NA	NA
sgOR2A4_2	sgKRTAP12-3_1	NA	NA	NA	NA
sgOR2A4_5	sgKRTAP12-3_2	NA	NA	NA	NA
sgOR2AT4_2	sgKRTAP12-3_3	NA	NA	NA	NA
sgOR2F2_2	sgKRTAP12-3_4	NA	NA	NA	NA
sgOR2H1_2	sgKRTAP13-1_1	NA	NA	NA	NA
sgOR2H2_3	sgKRTAP13-1_2	NA	NA	NA	NA
sgOR2J3_1	sgKRTAP13-1_3	NA	NA	NA	NA
sgOR2J3_3	sgKRTAP13-2_1	NA	NA	NA	NA
sgOR2L2_1	sgKRTAP13-2_2	NA	NA	NA	NA
sgOR2L2_4	sgKRTAP13-2_3	NA	NA	NA	NA
sgOR2L3_2	sgKRTAP13-2_4	NA	NA	NA	NA
sgOR2L3_3	sgKRTAP13-4_2	NA	NA	NA	NA
sgOR2L5_1	sgKRTAP15-1_2	NA	NA	NA	NA
sgOR2L8_1	sgKRTAP19-2_2	NA	NA	NA	NA
sgOR2M7_2	sgKRTAP19-2_4	NA	NA	NA	NA
sgOR2T10_2	sgKRTAP19-3_1	NA	NA	NA	NA
sgOR2T1_3	sgKRTAP19-3_3	NA	NA	NA	NA
sgOR2T27_1	sgKRTAP19-3_4	NA	NA	NA	NA
sgOR2T27_2	sgKRTAP19-4_1	NA	NA	NA	NA
sgOR2T27_3	sgKRTAP19-4_2	NA	NA	NA	NA
sgOR2T29_2	sgKRTAP19-4_3	NA	NA	NA	NA
sgOR2T29_3	sgKRTAP19-4_4	NA	NA	NA	NA
sgOR2T29_4	sgKRTAP19-5_1	NA	NA	NA	NA
sgOR2T2_1	sgKRTAP19-5_3	NA	NA	NA	NA
sgOR2T2_3	sgKRTAP19-7_2	NA	NA	NA	NA
sgOR2T2_4	sgKRTAP19-8_4	NA	NA	NA	NA
sgOR2T33_1	sgKRTAP20-1_2	NA	NA	NA	NA
sgOR2T33_2	sgKRTAP20-1_4	NA	NA	NA	NA
sgOR2T33_3	sgKRTAP20-3_2	NA	NA	NA	NA
sgOR2T34_2	sgKRTAP21-1_2	NA	NA	NA	NA
sgOR2T34_3	sgKRTAP21-2_4	NA	NA	NA	NA
sgOR2T34_5	sgKRTAP29-1_2	NA	NA	NA	NA
sgOR2T35_3	sgKRTAP3-1_4	NA	NA	NA	NA
sgOR2T3_1	sgKRTAP3-2_1	NA	NA	NA	NA
sgOR2T3_2	sgKRTAP3-2_3	NA	NA	NA	NA
sgOR2T3_4	sgKRTAP3-2_4	NA	NA	NA	NA
sgOR2T5_2	sgKRTAP3-3_1	NA	NA	NA	NA
sgOR2T5_3	sgKRTAP3-3_2	NA	NA	NA	NA
sgOR2T6_2	sgKRTAP3-3_3	NA	NA	NA	NA
sgOR2T8_1	sgKRTAP3-3_4	NA	NA	NA	NA
sgOR2T8_2	sgKRTAP4-11_1	NA	NA	NA	NA
sgOR2T8_3	sgKRTAP4-11_2	NA	NA	NA	NA
sgOR2T8_4	sgKRTAP4-11_3	NA	NA	NA	NA
sgOR3A1_3	sgKRTAP4-11_4	NA	NA	NA	NA
sgOR3A1_4	sgKRTAP4-12_1	NA	NA	NA	NA
sgOR3A2_1	sgKRTAP4-12_4	NA	NA	NA	NA
sgOR3A2_2	sgKRTAP4-2_1	NA	NA	NA	NA
sgOR3A2_3	sgKRTAP4-3_4	NA	NA	NA	NA
sgOR3A2_6	sgKRTAP4-3_5	NA	NA	NA	NA
sgOR3A3_1	sgKRTAP4-4_1	NA	NA	NA	NA
sgOR3A3_2	sgKRTAP4-4_6	NA	NA	NA	NA
sgOR3A3_3	sgKRTAP4-5_1	NA	NA	NA	NA
sgOR3A3_6	sgKRTAP4-5_2	NA	NA	NA	NA
sgOR4A15_2	sgKRTAP4-5_8	NA	NA	NA	NA
sgOR4A47_1	sgKRTAP4-6_1	NA	NA	NA	NA
sgOR4A47_2	sgKRTAP4-9_1	NA	NA	NA	NA
sgOR4A47_3	sgKRTAP4-9_4	NA	NA	NA	NA
sgOR4A47_4	sgKRTAP4-9_9	NA	NA	NA	NA
sgOR4A5_1	sgKRTAP5-11_3	NA	NA	NA	NA
sgOR4A5_2	sgKRTAP5-11_5	NA	NA	NA	NA
sgOR4A5_4	sgKRTAP5-11_6	NA	NA	NA	NA
sgOR4C13_2	sgKRTAP5-2_1	NA	NA	NA	NA
sgOR4C13_4	sgKRTAP5-2_2	NA	NA	NA	NA
sgOR4C16_1	sgKRTAP5-3_1	NA	NA	NA	NA
sgOR4C3_3	sgKRTAP5-3_2	NA	NA	NA	NA
sgOR4C46_2	sgKRTAP5-3_4	NA	NA	NA	NA
sgOR4C46_3	sgKRTAP5-6_1	NA	NA	NA	NA
sgOR4C46_4	sgKRTAP5-6_2	NA	NA	NA	NA
sgOR4D10_4	sgKRTAP5-6_3	NA	NA	NA	NA
sgOR4E2_2	sgKRTAP5-6_5	NA	NA	NA	NA
sgOR4F16_1	sgKRTAP5-7_3	NA	NA	NA	NA
sgOR4F16_2	sgKRTAP5-8_1	NA	NA	NA	NA
sgOR4F16_3	sgKRTAP5-9_1	NA	NA	NA	NA
sgOR4F17_1	sgKRTAP5-9_2	NA	NA	NA	NA
sgOR4F17_2	sgKRTAP5-9_4	NA	NA	NA	NA
sgOR4F17_3	sgKRTAP6-1_3	NA	NA	NA	NA
sgOR4F17_4	sgKRTAP6-2_3	NA	NA	NA	NA
sgOR4K15_2	sgKRTAP9-1_2	NA	NA	NA	NA
sgOR4K15_3	sgKRTAP9-1_3	NA	NA	NA	NA
sgOR4K15_4	sgKRTAP9-3_1	NA	NA	NA	NA
sgOR4N2_4	sgKRTAP9-3_2	NA	NA	NA	NA
sgOR4N4_3	sgKRTAP9-3_4	NA	NA	NA	NA
sgOR4N5_1	sgKRTAP9-4_1	NA	NA	NA	NA
sgOR4N5_4	sgKRTAP9-4_3	NA	NA	NA	NA
sgOR4Q3_1	sgKRTAP9-9_1	NA	NA	NA	NA
sgOR4Q3_2	sgKRTAP9-9_3	NA	NA	NA	NA
sgOR4Q3_3	sgKRTAP9-9_4	NA	NA	NA	NA
sgOR4Q3_4	sgKRTAP9-9_5	NA	NA	NA	NA
sgOR4S1_3	sgKRTCAP2_3	NA	NA	NA	NA
sgOR52E2_2	sgL2HGDH_3	NA	NA	NA	NA
sgOR52E2_3	sgL2HGDH_4	NA	NA	NA	NA
sgOR52I1_2	sgL3HYPDH_3	NA	NA	NA	NA
sgOR52I2_2	sgL3MBTL1_2	NA	NA	NA	NA
sgOR52L1_1	sgL3MBTL3_4	NA	NA	NA	NA
sgOR56A1_2	sgLACTB_4	NA	NA	NA	NA
sgOR56B4_4	sgLAIR1_2	NA	NA	NA	NA
sgOR5AK2_1	sgLAIR2_2	NA	NA	NA	NA
sgOR5AK2_3	sgLAIR2_4	NA	NA	NA	NA
sgOR5B3_4	sgLAMC1_4	NA	NA	NA	NA
sgOR5C1_2	sgLAMP1_3	NA	NA	NA	NA
sgOR5F1_1	sgLAMTOR2_3	NA	NA	NA	NA
sgOR5F1_3	sgLAMTOR5_1	NA	NA	NA	NA
sgOR5F1_4	sgLAMTOR5_3	NA	NA	NA	NA
sgOR5H14_2	sgLARP4B_1	NA	NA	NA	NA
sgOR5H14_4	sgLARS_2	NA	NA	NA	NA
sgOR5H14_5	sgLAT2_2	NA	NA	NA	NA
sgOR5H15_1	sgLATS2_1	NA	NA	NA	NA
sgOR5H15_3	sgLCA5L_1	NA	NA	NA	NA
sgOR5H1_1	sgLCE1B_4	NA	NA	NA	NA
sgOR5H1_2	sgLCE1B_6	NA	NA	NA	NA
sgOR5H1_4	sgLCE1D_4	NA	NA	NA	NA
sgOR5H1_5	sgLCE1D_7	NA	NA	NA	NA
sgOR5H6_1	sgLCE1E_1	NA	NA	NA	NA
sgOR5H6_3	sgLCE2A_2	NA	NA	NA	NA
sgOR5K1_5	sgLCE2B_1	NA	NA	NA	NA
sgOR5K1_6	sgLCE2B_7	NA	NA	NA	NA
sgOR5K2_3	sgLCE2D_1	NA	NA	NA	NA
sgOR5K2_4	sgLCE2D_2	NA	NA	NA	NA
sgOR5M3_2	sgLCE2D_4	NA	NA	NA	NA
sgOR5M8_4	sgLCE3A_2	NA	NA	NA	NA
sgOR6C6_1	sgLCE3A_4	NA	NA	NA	NA
sgOR6C6_2	sgLCE3B_2	NA	NA	NA	NA
sgOR6C75_3	sgLCE3C_1	NA	NA	NA	NA
sgOR7A10_3	sgLCE3D_1	NA	NA	NA	NA
sgOR7A17_3	sgLCE3D_5	NA	NA	NA	NA
sgOR7D4_1	sgLCE3E_1	NA	NA	NA	NA
sgOR7D4_4	sgLCE3E_4	NA	NA	NA	NA
sgOR7E24_2	sgLCE4A_1	NA	NA	NA	NA
sgOR8B12_2	sgLCE4A_2	NA	NA	NA	NA
sgOR8B2_2	sgLCE5A_5	NA	NA	NA	NA
sgOR8B2_5	sgLCMT1_1	NA	NA	NA	NA
sgOR8B3_2	sgLCMT1_3	NA	NA	NA	NA
sgOR8B3_4	sgLCN10_2	NA	NA	NA	NA
sgOR8H3_3	sgLDB3_3	NA	NA	NA	NA
sgOR8K5_2	sgLDHAL6A_3	NA	NA	NA	NA
sgOR9A2_4	sgLDHAL6B_1	NA	NA	NA	NA
sgOR9G1_1	sgLDHAL6B_3	NA	NA	NA	NA
sgOR9G1_2	sgLDHAL6B_4	NA	NA	NA	NA
sgOR9G1_3	sgLDHA_1	NA	NA	NA	NA
sgOR9G1_4	sgLDHA_2	NA	NA	NA	NA
sgORC3_3	sgLDHA_4	NA	NA	NA	NA
sgOSBPL9_4	sgLDHB_1	NA	NA	NA	NA
sgOSTC_2	sgLDHB_2	NA	NA	NA	NA
sgOTOP1_2	sgLDHB_3	NA	NA	NA	NA
sgOXCT2_1	sgLDHB_4	NA	NA	NA	NA
sgOXCT2_2	sgLDHC_1	NA	NA	NA	NA
sgOXCT2_4	sgLDLRAD3_2	NA	NA	NA	NA
sgOXR1_1	sgLEFTY1_1	NA	NA	NA	NA
sgPA2G4_2	sgLEFTY1_3	NA	NA	NA	NA
sgPA2G4_3	sgLEFTY2_2	NA	NA	NA	NA
sgPABPC1_3	sgLEKR1_3	NA	NA	NA	NA
sgPAFAH1B1_3	sgLETM1_1	NA	NA	NA	NA
sgPAFAH1B2_4	sgLETMD1_3	NA	NA	NA	NA
sgPAICS_4	sgLGALS16_4	NA	NA	NA	NA
sgPAIP1_2	sgLGALS7B_1	NA	NA	NA	NA
sgPAIP1_4	sgLGALS7_1	NA	NA	NA	NA
sgPAK2_1	sgLGALS7_2	NA	NA	NA	NA
sgPARL_2	sgLGALS7_3	NA	NA	NA	NA
sgPARP4_2	sgLGALS7_4	NA	NA	NA	NA
sgPARP8_4	sgLGALS7_5	NA	NA	NA	NA
sgPATL1_1	sgLGALS8_3	NA	NA	NA	NA
sgPBX2_2	sgLGALS9B_4	NA	NA	NA	NA
sgPBX2_4	sgLGALS9C_1	NA	NA	NA	NA
sgPCBP2_2	sgLGALS9C_2	NA	NA	NA	NA
sgPCGF6_1	sgLGALS9_1	NA	NA	NA	NA
sgPCNA_2	sgLGALS9_2	NA	NA	NA	NA
sgPCNP_1	sgLGALS9_4	NA	NA	NA	NA
sgPCNP_3	sgLGMN_1	NA	NA	NA	NA
sgPCNP_4	sgLGR6_2	NA	NA	NA	NA
sgPDAP1_1	sgLHB_1	NA	NA	NA	NA
sgPDCL2_2	sgLHX8_4	NA	NA	NA	NA
sgPDCL2_4	sgLILRA1_1	NA	NA	NA	NA
sgPDCL3_1	sgLILRA1_2	NA	NA	NA	NA
sgPDCL3_3	sgLILRA1_3	NA	NA	NA	NA
sgPDCL3_4	sgLILRA2_1	NA	NA	NA	NA
sgPDE4DIP_1	sgLILRA2_2	NA	NA	NA	NA
sgPDE4DIP_2	sgLILRA2_3	NA	NA	NA	NA
sgPDE4DIP_3	sgLILRA5_1	NA	NA	NA	NA
sgPDE4DIP_4	sgLILRB1_2	NA	NA	NA	NA
sgPDIA3_1	sgLILRB2_3	NA	NA	NA	NA
sgPDIA3_4	sgLILRB3_1	NA	NA	NA	NA
sgPDLIM1_4	sgLILRB3_2	NA	NA	NA	NA
sgPDPK1_1	sgLILRB3_4	NA	NA	NA	NA
sgPDPK1_2	sgLILRB4_1	NA	NA	NA	NA
sgPDPK1_3	sgLILRB5_3	NA	NA	NA	NA
sgPDPK1_4	sgLIMD1_2	NA	NA	NA	NA
sgPDPR_1	sgLIMS1_2	NA	NA	NA	NA
sgPDPR_2	sgLIN28A_3	NA	NA	NA	NA
sgPDPR_3	sgLIN28B_4	NA	NA	NA	NA
sgPDPR_4	sgLIN37_4	NA	NA	NA	NA
sgPDXDC1_1	sgLIPA_1	NA	NA	NA	NA
sgPDXDC1_2	sgLIPA_3	NA	NA	NA	NA
sgPDXDC1_3	sgLIPC_2	NA	NA	NA	NA
sgPDXDC1_4	sgLIPF_1	NA	NA	NA	NA
sgPDZK1_1	sgLIPJ_2	NA	NA	NA	NA
sgPDZK1_2	sgLIPT2_1	NA	NA	NA	NA
sgPDZK1_4	sgLMAN2_1	NA	NA	NA	NA
sgPEBP1_1	sgLMBR1_3	NA	NA	NA	NA
sgPEBP1_2	sgLMO2_2	NA	NA	NA	NA
sgPEF1_2	sgLMO7_3	NA	NA	NA	NA
sgPEF1_3	sgLNP1_3	NA	NA	NA	NA
sgPET100_1	sgLONRF2_1	NA	NA	NA	NA
sgPET100_2	sgLONRF2_3	NA	NA	NA	NA
sgPET100_4	sgLOXHD1_2	NA	NA	NA	NA
sgPEX5_4	sgLOXL4_2	NA	NA	NA	NA
sgPFDN1_1	sgLPAR1_2	NA	NA	NA	NA
sgPFDN5_1	sgLPA_1	NA	NA	NA	NA
sgPFDN5_4	sgLPA_2	NA	NA	NA	NA
sgPFN1_2	sgLPPR2_2	NA	NA	NA	NA
sgPGA3_1	sgLPPR4_3	NA	NA	NA	NA
sgPGA3_2	sgLRFN4_2	NA	NA	NA	NA
sgPGA3_3	sgLRMP_4	NA	NA	NA	NA
sgPGA3_4	sgLRP10_3	NA	NA	NA	NA
sgPGA4_1	sgLRP8_2	NA	NA	NA	NA
sgPGA4_2	sgLRRC19_2	NA	NA	NA	NA
sgPGA4_3	sgLRRC28_2	NA	NA	NA	NA
sgPGA4_4	sgLRRC28_4	NA	NA	NA	NA
sgPGA5_1	sgLRRC2_1	NA	NA	NA	NA
sgPGA5_2	sgLRRC32_2	NA	NA	NA	NA
sgPGA5_3	sgLRRC32_3	NA	NA	NA	NA
sgPGA5_4	sgLRRC36_4	NA	NA	NA	NA
sgPGAM1_1	sgLRRC37A3_8	NA	NA	NA	NA
sgPGAM1_2	sgLRRC37A_3	NA	NA	NA	NA
sgPGAM1_3	sgLRRC37B_2	NA	NA	NA	NA
sgPGAM1_4	sgLRRC37B_4	NA	NA	NA	NA
sgPGGT1B_2	sgLRRC40_3	NA	NA	NA	NA
sgPGGT1B_4	sgLRRC42_4	NA	NA	NA	NA
sgPGM5_1	sgLRRC57_2	NA	NA	NA	NA
sgPGM5_2	sgLRRC59_3	NA	NA	NA	NA
sgPGM5_3	sgLRRC6_3	NA	NA	NA	NA
sgPGM5_4	sgLRRC72_1	NA	NA	NA	NA
sgPHB_2	sgLRRC8B_2	NA	NA	NA	NA
sgPHB_3	sgLRRC8B_3	NA	NA	NA	NA
sgPHB_4	sgLRRC8C_3	NA	NA	NA	NA
sgPHC1_1	sgLRRFIP1_4	NA	NA	NA	NA
sgPHC1_2	sgLRTM1_2	NA	NA	NA	NA
sgPHC1_3	sgLRTM2_1	NA	NA	NA	NA
sgPHC1_4	sgLSM14A_3	NA	NA	NA	NA
sgPHF10_2	sgLSM14B_4	NA	NA	NA	NA
sgPHF10_3	sgLSM1_2	NA	NA	NA	NA
sgPHOSPHO1_4	sgLSM2_3	NA	NA	NA	NA
sgPI4KA_4	sgLSM3_2	NA	NA	NA	NA
sgPIGF_2	sgLSM3_3	NA	NA	NA	NA
sgPIGF_3	sgLSM3_4	NA	NA	NA	NA
sgPIGF_4	sgLSM5_4	NA	NA	NA	NA
sgPIGH_2	sgLSM6_2	NA	NA	NA	NA
sgPIGH_3	sgLSM6_3	NA	NA	NA	NA
sgPIGH_4	sgLSM6_4	NA	NA	NA	NA
sgPIGU_2	sgLSM7_4	NA	NA	NA	NA
sgPILRB_4	sgLSP1_3	NA	NA	NA	NA
sgPIP5K1A_1	sgLTA_3	NA	NA	NA	NA
sgPIP5K1A_2	sgLTBR_1	NA	NA	NA	NA
sgPKD1_1	sgLTBR_2	NA	NA	NA	NA
sgPKD1_2	sgLUC7L_1	NA	NA	NA	NA
sgPKD1_3	sgLUM_3	NA	NA	NA	NA
sgPKD1_4	sgLUZP2_1	NA	NA	NA	NA
sgPKM_3	sgLY75_3	NA	NA	NA	NA
sgPKP2_3	sgLY75_4	NA	NA	NA	NA
sgPKP2_4	sgLYPD2_4	NA	NA	NA	NA
sgPLA2G12A_1	sgLYPLA1_1	NA	NA	NA	NA
sgPLA2G12A_3	sgLYPLAL1_1	NA	NA	NA	NA
sgPLAC8_3	sgLYRM5_4	NA	NA	NA	NA
sgPLD5_1	sgLYSMD3_2	NA	NA	NA	NA
sgPLD5_2	sgLYZL1_3	NA	NA	NA	NA
sgPLEKHA3_1	sgLYZL2_3	NA	NA	NA	NA
sgPLEKHA3_4	sgLYZL4_1	NA	NA	NA	NA
sgPLEKHA4_3	sgLZIC_4	NA	NA	NA	NA
sgPLEKHM1_1	sgLZTFL1_1	NA	NA	NA	NA
sgPLEKHM1_2	sgLZTS1_1	NA	NA	NA	NA
sgPLEKHM1_3	sgM6PR_4	NA	NA	NA	NA
sgPLGLB1_1	sgMAB21L3_4	NA	NA	NA	NA
sgPLGLB1_2	sgMACC1_3	NA	NA	NA	NA
sgPLGLB1_3	sgMAD2L1BP_1	NA	NA	NA	NA
sgPLGLB1_4	sgMAD2L1BP_3	NA	NA	NA	NA
sgPLGLB2_1	sgMAD2L1_1	NA	NA	NA	NA
sgPLGLB2_2	sgMAD2L1_2	NA	NA	NA	NA
sgPLGLB2_3	sgMAEL_3	NA	NA	NA	NA
sgPLGLB2_4	sgMAFK_2	NA	NA	NA	NA
sgPLG_1	sgMAGI3_1	NA	NA	NA	NA
sgPLG_2	sgMAGI3_4	NA	NA	NA	NA
sgPLG_3	sgMAGOH_1	NA	NA	NA	NA
sgPLG_4	sgMAGOH_2	NA	NA	NA	NA
sgPLG_5	sgMAK16_3	NA	NA	NA	NA
sgPLG_6	sgMAK_4	NA	NA	NA	NA
sgPLG_7	sgMALT1_1	NA	NA	NA	NA
sgPLIN4_1	sgMAN2A1_1	NA	NA	NA	NA
sgPLIN4_2	sgMAN2A1_4	NA	NA	NA	NA
sgPLIN4_5	sgMANBAL_2	NA	NA	NA	NA
sgPLIN4_6	sgMANBAL_3	NA	NA	NA	NA
sgPLIN4_7	sgMANBAL_4	NA	NA	NA	NA
sgPLLP_4	sgMAP1LC3B2_1	NA	NA	NA	NA
sgPMM2_3	sgMAP1LC3B_1	NA	NA	NA	NA
sgPMPCA_3	sgMAP2K1_2	NA	NA	NA	NA
sgPMS2_1	sgMAP2K1_4	NA	NA	NA	NA
sgPMS2_2	sgMAP2K4_2	NA	NA	NA	NA
sgPNKD_1	sgMAP2K4_4	NA	NA	NA	NA
sgPNKD_4	sgMAP2K7_3	NA	NA	NA	NA
sgPNRC2_1	sgMAP3K12_3	NA	NA	NA	NA
sgPNRC2_2	sgMAP3K4_1	NA	NA	NA	NA
sgPNRC2_3	sgMAP4K4_3	NA	NA	NA	NA
sgPOLR2C_3	sgMAPK10_2	NA	NA	NA	NA
sgPOLR2J2_1	sgMAPK1IP1L_4	NA	NA	NA	NA
sgPOLR2J2_2	sgMAPK6_1	NA	NA	NA	NA
sgPOLR2J2_3	sgMAPK6_3	NA	NA	NA	NA
sgPOLR2J2_4	sgMAPK8_2	NA	NA	NA	NA
sgPOLR2J3_1	sgMAPK9_1	NA	NA	NA	NA
sgPOLR2J3_2	sgMAPRE2_3	NA	NA	NA	NA
sgPOLR2J3_3	sgMARC2_3	NA	NA	NA	NA
sgPOLR2J3_4	sgMARCH4_1	NA	NA	NA	NA
sgPOLR2J_1	sgMARCH5_3	NA	NA	NA	NA
sgPOLR2J_2	sgMARCH8_1	NA	NA	NA	NA
sgPOLR2J_3	sgMARK2_1	NA	NA	NA	NA
sgPOLR2J_4	sgMARK3_1	NA	NA	NA	NA
sgPOLR2M_2	sgMAS1L_1	NA	NA	NA	NA
sgPOLR2M_3	sgMASTL_3	NA	NA	NA	NA
sgPOLR2M_4	sgMATR3_2	NA	NA	NA	NA
sgPOLR3G_3	sgMBIP_3	NA	NA	NA	NA
sgPOLR3G_4	sgMBIP_4	NA	NA	NA	NA
sgPOLRMT_4	sgMBOAT4_2	NA	NA	NA	NA
sgPOM121C_1	sgMBOAT4_3	NA	NA	NA	NA
sgPOM121C_2	sgMBOAT7_4	NA	NA	NA	NA
sgPOM121C_3	sgMBTD1_3	NA	NA	NA	NA
sgPOM121C_4	sgMC5R_1	NA	NA	NA	NA
sgPOM121_1	sgMC5R_2	NA	NA	NA	NA
sgPOM121_4	sgMCCD1_2	NA	NA	NA	NA
sgPOMZP3_1	sgMCCD1_3	NA	NA	NA	NA
sgPOMZP3_2	sgMCC_2	NA	NA	NA	NA
sgPOMZP3_4	sgMCFD2_1	NA	NA	NA	NA
sgPOTEB2_1	sgMCHR1_1	NA	NA	NA	NA
sgPOTEB2_2	sgMCM5_4	NA	NA	NA	NA
sgPOTEB2_3	sgMCM9_3	NA	NA	NA	NA
sgPOTEB2_4	sgMDC1_1	NA	NA	NA	NA
sgPOTEC_1	sgMDFIC_2	NA	NA	NA	NA
sgPOTEC_2	sgMDGA2_1	NA	NA	NA	NA
sgPOTED_2	sgMDH1_1	NA	NA	NA	NA
sgPOTED_4	sgMDK_4	NA	NA	NA	NA
sgPOTED_5	sgMDN1_4	NA	NA	NA	NA
sgPOTED_6	sgME2_1	NA	NA	NA	NA
sgPOTEG_1	sgME2_2	NA	NA	NA	NA
sgPOTEG_2	sgME2_4	NA	NA	NA	NA
sgPOTEG_5	sgME3_3	NA	NA	NA	NA
sgPOTEH_3	sgMEA1_3	NA	NA	NA	NA
sgPOTEH_4	sgMEA1_4	NA	NA	NA	NA
sgPOTEH_5	sgMED15_2	NA	NA	NA	NA
sgPOTEH_6	sgMED21_1	NA	NA	NA	NA
sgPOTEI_3	sgMED28_1	NA	NA	NA	NA
sgPOTEI_4	sgMED30_1	NA	NA	NA	NA
sgPOTEI_5	sgMEF2A_4	NA	NA	NA	NA
sgPOTEI_7	sgMEGF11_1	NA	NA	NA	NA
sgPOTEI_8	sgMEGF11_2	NA	NA	NA	NA
sgPOTEJ_1	sgMEIG1_4	NA	NA	NA	NA
sgPOTEJ_2	sgMEIS3_4	NA	NA	NA	NA
sgPOTEJ_3	sgMEPE_1	NA	NA	NA	NA
sgPOTEJ_4	sgMETAP1_3	NA	NA	NA	NA
sgPOTEM_2	sgMETTL15_3	NA	NA	NA	NA
sgPOTEM_3	sgMETTL1_3	NA	NA	NA	NA
sgPOTEM_4	sgMETTL21A_3	NA	NA	NA	NA
sgPOU5F1B_1	sgMETTL24_2	NA	NA	NA	NA
sgPOU5F1B_2	sgMETTL2A_2	NA	NA	NA	NA
sgPOU5F1B_3	sgMETTL2A_3	NA	NA	NA	NA
sgPOU5F1B_4	sgMETTL2A_4	NA	NA	NA	NA
sgPOU5F1_1	sgMETTL2B_2	NA	NA	NA	NA
sgPOU5F1_4	sgMETTL2B_3	NA	NA	NA	NA
sgPOU5F1_5	sgMETTL7A_1	NA	NA	NA	NA
sgPPCS_2	sgMEX3A_1	NA	NA	NA	NA
sgPPIAL4B_1	sgMEX3B_3	NA	NA	NA	NA
sgPPIAL4B_3	sgMEX3C_3	NA	NA	NA	NA
sgPPIAL4B_4	sgMFAP3_2	NA	NA	NA	NA
sgPPIAL4B_5	sgMFAP5_2	NA	NA	NA	NA
sgPPIAL4B_6	sgMFAP5_3	NA	NA	NA	NA
sgPPIAL4C_1	sgMFN2_3	NA	NA	NA	NA
sgPPIAL4C_3	sgMFSD6_2	NA	NA	NA	NA
sgPPIAL4C_4	sgMGAM_2	NA	NA	NA	NA
sgPPIAL4C_5	sgMGAM_4	NA	NA	NA	NA
sgPPIAL4C_6	sgMGARP_4	NA	NA	NA	NA
sgPPIAL4D_1	sgMGAT5B_2	NA	NA	NA	NA
sgPPIAL4D_2	sgMICA_2	NA	NA	NA	NA
sgPPIAL4D_3	sgMICA_3	NA	NA	NA	NA
sgPPIAL4D_4	sgMICB_1	NA	NA	NA	NA
sgPPIAL4D_5	sgMICB_2	NA	NA	NA	NA
sgPPIAL4D_6	sgMICU1_1	NA	NA	NA	NA
sgPPIAL4D_7	sgMIEN1_4	NA	NA	NA	NA
sgPPIAL4D_8	sgMIER1_3	NA	NA	NA	NA
sgPPIAL4G_2	sgMINOS1_3	NA	NA	NA	NA
sgPPIAL4G_4	sgMIOS_4	NA	NA	NA	NA
sgPPIAL4G_7	sgMIPOL1_2	NA	NA	NA	NA
sgPPIA_3	sgMIS18A_3	NA	NA	NA	NA
sgPPIA_4	sgMIS18A_4	NA	NA	NA	NA
sgPPIA_5	sgMKL1_3	NA	NA	NA	NA
sgPPIE_4	sgMKRN2OS_3	NA	NA	NA	NA
sgPPIG_3	sgMKX_2	NA	NA	NA	NA
sgPPIH_2	sgMLH1_4	NA	NA	NA	NA
sgPPIP5K1_1	sgMLLT4_4	NA	NA	NA	NA
sgPPIP5K1_2	sgMLX_4	NA	NA	NA	NA
sgPPIP5K1_3	sgMMADHC_1	NA	NA	NA	NA
sgPPIP5K2_1	sgMMD_4	NA	NA	NA	NA
sgPPM1A_2	sgMME_3	NA	NA	NA	NA
sgPPP1R12B_3	sgMMP10_4	NA	NA	NA	NA
sgPPP1R14B_1	sgMMP13_3	NA	NA	NA	NA
sgPPP1R14B_2	sgMMP27_2	NA	NA	NA	NA
sgPPP1R14B_4	sgMMP3_2	NA	NA	NA	NA
sgPPP2R5C_2	sgMMP9_2	NA	NA	NA	NA
sgPPP2R5C_4	sgMMS22L_1	NA	NA	NA	NA
sgPPP4R2_1	sgMNS1_1	NA	NA	NA	NA
sgPPP4R2_2	sgMNX1_1	NA	NA	NA	NA
sgPPP4R2_3	sgMOAP1_1	NA	NA	NA	NA
sgPPP4R2_4	sgMOB2_3	NA	NA	NA	NA
sgPRADC1_2	sgMOB4_3	NA	NA	NA	NA
sgPRADC1_4	sgMOB4_4	NA	NA	NA	NA
sgPRAMEF10_1	sgMOCS3_1	NA	NA	NA	NA
sgPRAMEF10_3	sgMOGAT2_2	NA	NA	NA	NA
sgPRAMEF10_4	sgMORF4L1_1	NA	NA	NA	NA
sgPRAMEF10_5	sgMORF4L1_3	NA	NA	NA	NA
sgPRAMEF10_6	sgMORF4L1_4	NA	NA	NA	NA
sgPRAMEF10_7	sgMOXD1_4	NA	NA	NA	NA
sgPRAMEF11_3	sgMPDZ_2	NA	NA	NA	NA
sgPRAMEF11_4	sgMPEG1_2	NA	NA	NA	NA
sgPRAMEF11_6	sgMPEG1_3	NA	NA	NA	NA
sgPRAMEF11_7	sgMPHOSPH8_2	NA	NA	NA	NA
sgPRAMEF11_9	sgMPPED1_4	NA	NA	NA	NA
sgPRAMEF14_2	sgMPPED2_2	NA	NA	NA	NA
sgPRAMEF15_1	sgMPRIP_1	NA	NA	NA	NA
sgPRAMEF15_2	sgMPST_3	NA	NA	NA	NA
sgPRAMEF15_3	sgMPV17_1	NA	NA	NA	NA
sgPRAMEF15_4	sgMPV17_2	NA	NA	NA	NA
sgPRAMEF15_5	sgMPZL1_4	NA	NA	NA	NA
sgPRAMEF15_6	sgMPZL3_3	NA	NA	NA	NA
sgPRAMEF17_1	sgMR1_1	NA	NA	NA	NA
sgPRAMEF17_2	sgMR1_3	NA	NA	NA	NA
sgPRAMEF17_3	sgMR1_4	NA	NA	NA	NA
sgPRAMEF17_4	sgMRC1_3	NA	NA	NA	NA
sgPRAMEF4_10	sgMRGPRX4_1	NA	NA	NA	NA
sgPRAMEF4_2	sgMRGPRX4_3	NA	NA	NA	NA
sgPRAMEF4_3	sgMRGPRX4_4	NA	NA	NA	NA
sgPRAMEF4_6	sgMRI1_1	NA	NA	NA	NA
sgPRAMEF4_7	sgMROH7_4	NA	NA	NA	NA
sgPRAMEF4_8	sgMRO_4	NA	NA	NA	NA
sgPRAMEF5_1	sgMRPL11_2	NA	NA	NA	NA
sgPRAMEF5_2	sgMRPL15_2	NA	NA	NA	NA
sgPRAMEF5_3	sgMRPL30_2	NA	NA	NA	NA
sgPRAMEF5_4	sgMRPL30_3	NA	NA	NA	NA
sgPRAMEF5_5	sgMRPL32_1	NA	NA	NA	NA
sgPRAMEF5_6	sgMRPL33_2	NA	NA	NA	NA
sgPRAMEF6_1	sgMRPL35_1	NA	NA	NA	NA
sgPRAMEF6_2	sgMRPL3_4	NA	NA	NA	NA
sgPRAMEF6_4	sgMRPL42_2	NA	NA	NA	NA
sgPRAMEF6_5	sgMRPL45_1	NA	NA	NA	NA
sgPRAMEF6_6	sgMRPL48_4	NA	NA	NA	NA
sgPRAMEF6_7	sgMRPL49_1	NA	NA	NA	NA
sgPRAMEF6_8	sgMRPL51_3	NA	NA	NA	NA
sgPRAMEF7_1	sgMRPL53_2	NA	NA	NA	NA
sgPRAMEF7_2	sgMRPS16_3	NA	NA	NA	NA
sgPRAMEF7_3	sgMRPS17_2	NA	NA	NA	NA
sgPRAMEF7_4	sgMRPS17_4	NA	NA	NA	NA
sgPRAMEF8_1	sgMRPS18C_3	NA	NA	NA	NA
sgPRAMEF8_3	sgMRPS18C_4	NA	NA	NA	NA
sgPRAMEF8_4	sgMRPS21_1	NA	NA	NA	NA
sgPRAMEF9_1	sgMRPS21_2	NA	NA	NA	NA
sgPRAMEF9_2	sgMRPS25_1	NA	NA	NA	NA
sgPRAMEF9_3	sgMRPS31_3	NA	NA	NA	NA
sgPRAMEF9_4	sgMRPS34_2	NA	NA	NA	NA
sgPRAMEF9_5	sgMRPS34_3	NA	NA	NA	NA
sgPRAMEF9_6	sgMRPS5_4	NA	NA	NA	NA
sgPRB2_1	sgMRPS6_4	NA	NA	NA	NA
sgPRB2_2	sgMRPS7_4	NA	NA	NA	NA
sgPRB4_1	sgMRRF_2	NA	NA	NA	NA
sgPRB4_2	sgMRRF_3	NA	NA	NA	NA
sgPRB4_3	sgMRRF_4	NA	NA	NA	NA
sgPRB4_4	sgMRTO4_1	NA	NA	NA	NA
sgPRDX2_1	sgMRTO4_3	NA	NA	NA	NA
sgPRDX3_1	sgMRVI1_2	NA	NA	NA	NA
sgPRDX3_2	sgMS4A12_1	NA	NA	NA	NA
sgPRDX3_4	sgMS4A4A_1	NA	NA	NA	NA
sgPRDX6_1	sgMS4A4A_4	NA	NA	NA	NA
sgPRELID1_1	sgMS4A5_2	NA	NA	NA	NA
sgPRELID1_3	sgMS4A6E_4	NA	NA	NA	NA
sgPRELID1_4	sgMS4A6E_5	NA	NA	NA	NA
sgPRH2_2	sgMSANTD3_2	NA	NA	NA	NA
sgPRH2_3	sgMSANTD3_4	NA	NA	NA	NA
sgPRH2_4	sgMSMO1_1	NA	NA	NA	NA
sgPRKCI_1	sgMSRB1_3	NA	NA	NA	NA
sgPRKRIR_1	sgMSRB3_4	NA	NA	NA	NA
sgPRKRIR_2	sgMST1_1	NA	NA	NA	NA
sgPROS1_1	sgMSTN_1	NA	NA	NA	NA
sgPROS1_4	sgMT1A_2	NA	NA	NA	NA
sgPRPF38A_2	sgMT1A_3	NA	NA	NA	NA
sgPRPF4B_3	sgMT1B_1	NA	NA	NA	NA
sgPRR13_1	sgMT1B_3	NA	NA	NA	NA
sgPRR13_2	sgMT1B_5	NA	NA	NA	NA
sgPRR13_3	sgMT1E_1	NA	NA	NA	NA
sgPRR20A_1	sgMT1F_4	NA	NA	NA	NA
sgPRR20A_2	sgMT1G_1	NA	NA	NA	NA
sgPRR20A_3	sgMT1G_3	NA	NA	NA	NA
sgPRR20A_4	sgMT1G_4	NA	NA	NA	NA
sgPRR20B_1	sgMT1HL1_3	NA	NA	NA	NA
sgPRR20B_2	sgMT1H_3	NA	NA	NA	NA
sgPRR20B_3	sgMT1M_2	NA	NA	NA	NA
sgPRR20B_4	sgMT1M_4	NA	NA	NA	NA
sgPRR20C_1	sgMT1X_2	NA	NA	NA	NA
sgPRR20C_2	sgMT1X_3	NA	NA	NA	NA
sgPRR20C_3	sgMT2A_1	NA	NA	NA	NA
sgPRR20C_4	sgMT2A_3	NA	NA	NA	NA
sgPRR20D_1	sgMT2A_4	NA	NA	NA	NA
sgPRR20D_2	sgMT4_4	NA	NA	NA	NA
sgPRR20D_3	sgMTA1_2	NA	NA	NA	NA
sgPRR20D_4	sgMTAP_4	NA	NA	NA	NA
sgPRR20E_1	sgMTCH1_3	NA	NA	NA	NA
sgPRR20E_2	sgMTERF1_1	NA	NA	NA	NA
sgPRR20E_3	sgMTERF2_3	NA	NA	NA	NA
sgPRR20E_4	sgMTF2_3	NA	NA	NA	NA
sgPRR23D1_1	sgMTF2_4	NA	NA	NA	NA
sgPRR23D1_2	sgMTFR2_1	NA	NA	NA	NA
sgPRR23D1_3	sgMTHFD2_3	NA	NA	NA	NA
sgPRR23D1_4	sgMTHFD2_4	NA	NA	NA	NA
sgPRR23D2_1	sgMTHFSD_1	NA	NA	NA	NA
sgPRR23D2_2	sgMTMR10_3	NA	NA	NA	NA
sgPRR23D2_3	sgMTMR14_4	NA	NA	NA	NA
sgPRR23D2_4	sgMTNR1B_1	NA	NA	NA	NA
sgPRSS1_2	sgMTRF1_2	NA	NA	NA	NA
sgPRSS1_3	sgMTR_1	NA	NA	NA	NA
sgPRSS3_1	sgMTURN_3	NA	NA	NA	NA
sgPRSS3_4	sgMTUS1_1	NA	NA	NA	NA
sgPRSS50_1	sgMUC12_1	NA	NA	NA	NA
sgPRUNE_4	sgMUC12_10	NA	NA	NA	NA
sgPSG11_3	sgMUC17_2	NA	NA	NA	NA
sgPSG11_4	sgMUC17_3	NA	NA	NA	NA
sgPSG2_1	sgMUC20_1	NA	NA	NA	NA
sgPSG2_2	sgMUC5B_3	NA	NA	NA	NA
sgPSG2_4	sgMUSTN1_3	NA	NA	NA	NA
sgPSG2_5	sgMUSTN1_4	NA	NA	NA	NA
sgPSG3_5	sgMUTYH_2	NA	NA	NA	NA
sgPSG5_2	sgMVB12A_4	NA	NA	NA	NA
sgPSG5_3	sgMVK_4	NA	NA	NA	NA
sgPSG8_2	sgMX1_2	NA	NA	NA	NA
sgPSG8_4	sgMYADM_2	NA	NA	NA	NA
sgPSIP1_3	sgMYBBP1A_4	NA	NA	NA	NA
sgPSMA6_2	sgMYBL1_2	NA	NA	NA	NA
sgPSMC1_1	sgMYB_3	NA	NA	NA	NA
sgPSMC1_2	sgMYCBP_2	NA	NA	NA	NA
sgPSMC2_2	sgMYCBP_3	NA	NA	NA	NA
sgPSMC3_2	sgMYCL_1	NA	NA	NA	NA
sgPSMC3_3	sgMYF6_3	NA	NA	NA	NA
sgPSMC6_1	sgMYH13_1	NA	NA	NA	NA
sgPSMC6_4	sgMYH1_2	NA	NA	NA	NA
sgPSMD12_2	sgMYH1_3	NA	NA	NA	NA
sgPSMD2_3	sgMYH2_1	NA	NA	NA	NA
sgPSMD2_4	sgMYH2_4	NA	NA	NA	NA
sgPSMD4_1	sgMYH3_4	NA	NA	NA	NA
sgPSMD4_2	sgMYH7_2	NA	NA	NA	NA
sgPSMD7_1	sgMYH8_2	NA	NA	NA	NA
sgPSMD8_4	sgMYH8_4	NA	NA	NA	NA
sgPSME1_1	sgMYL10_1	NA	NA	NA	NA
sgPSME2_1	sgMYL10_3	NA	NA	NA	NA
sgPSME2_2	sgMYL12A_3	NA	NA	NA	NA
sgPSME2_3	sgMYL12A_4	NA	NA	NA	NA
sgPSPH_3	sgMYL12B_5	NA	NA	NA	NA
sgPTCD2_4	sgMYL4_2	NA	NA	NA	NA
sgPTCD3_4	sgMYL5_4	NA	NA	NA	NA
sgPTCHD3_2	sgMYL6B_2	NA	NA	NA	NA
sgPTEN_2	sgMYL6_1	NA	NA	NA	NA
sgPTEN_3	sgMYL9_3	NA	NA	NA	NA
sgPTEN_4	sgMYLPF_4	NA	NA	NA	NA
sgPTGES3_3	sgMYO10_2	NA	NA	NA	NA
sgPTGES3_4	sgMYO3A_4	NA	NA	NA	NA
sgPTGR1_4	sgMYO3B_4	NA	NA	NA	NA
sgPTMA_3	sgMYO5C_3	NA	NA	NA	NA
sgPTMA_4	sgMYOCD_4	NA	NA	NA	NA
sgPTMS_4	sgMYOZ1_1	NA	NA	NA	NA
sgPTOV1_4	sgMYRF_2	NA	NA	NA	NA
sgPTP4A1_2	sgMYT1L_3	NA	NA	NA	NA
sgPTP4A2_2	sgMZB1_3	NA	NA	NA	NA
sgPTP4A2_3	sgMZB1_4	NA	NA	NA	NA
sgPTP4A2_4	sgMZT1_4	NA	NA	NA	NA
sgPTPN11_2	sgMZT2A_1	NA	NA	NA	NA
sgPTPN20B_2	sgMZT2A_2	NA	NA	NA	NA
sgPTPN20B_3	sgMZT2A_4	NA	NA	NA	NA
sgPTPN20B_4	sgMZT2B_1	NA	NA	NA	NA
sgPTTG2_2	sgMZT2B_3	NA	NA	NA	NA
sgPVRIG_1	sgMZT2B_5	NA	NA	NA	NA
sgPVRIG_4	sgNAA15_3	NA	NA	NA	NA
sgPYHIN1_3	sgNAA35_3	NA	NA	NA	NA
sgPYROXD1_2	sgNAA40_4	NA	NA	NA	NA
sgPYURF_4	sgNAA50_3	NA	NA	NA	NA
sgPYY_2	sgNAB1_2	NA	NA	NA	NA
sgRAB13_1	sgNAB1_3	NA	NA	NA	NA
sgRAB13_3	sgNABP2_4	NA	NA	NA	NA
sgRAB13_4	sgNACA_2	NA	NA	NA	NA
sgRAB18_3	sgNAMPT_2	NA	NA	NA	NA
sgRAB18_4	sgNAMPT_3	NA	NA	NA	NA
sgRAB1A_2	sgNANOG_1	NA	NA	NA	NA
sgRAB1B_1	sgNAP1L1_3	NA	NA	NA	NA
sgRAB31_2	sgNAP1L4_2	NA	NA	NA	NA
sgRAB42_1	sgNAP1L4_3	NA	NA	NA	NA
sgRAB42_2	sgNAP1L4_4	NA	NA	NA	NA
sgRAB42_3	sgNAPSA_1	NA	NA	NA	NA
sgRAB42_4	sgNAT1_2	NA	NA	NA	NA
sgRAB43_1	sgNAT2_3	NA	NA	NA	NA
sgRAB43_3	sgNAT8_2	NA	NA	NA	NA
sgRAB5A_2	sgNAT9_1	NA	NA	NA	NA
sgRAB5A_3	sgNBAS_2	NA	NA	NA	NA
sgRAB6A_2	sgNBPF3_2	NA	NA	NA	NA
sgRAB6C_1	sgNBR1_4	NA	NA	NA	NA
sgRAB6C_2	sgNCAPD2_2	NA	NA	NA	NA
sgRAB6C_3	sgNCAPG_1	NA	NA	NA	NA
sgRAB6C_4	sgNCCRP1_1	NA	NA	NA	NA
sgRABGEF1_1	sgNCK2_4	NA	NA	NA	NA
sgRABGEF1_3	sgNCKAP1L_1	NA	NA	NA	NA
sgRABGEF1_4	sgNCKAP5_2	NA	NA	NA	NA
sgRABGGTB_4	sgNCOA4_4	NA	NA	NA	NA
sgRABL2A_3	sgNCR3LG1_4	NA	NA	NA	NA
sgRABL2B_4	sgNDEL1_2	NA	NA	NA	NA
sgRAC1_1	sgNDEL1_3	NA	NA	NA	NA
sgRAC1_3	sgNDN_1	NA	NA	NA	NA
sgRACGAP1_4	sgNDRG4_3	NA	NA	NA	NA
sgRAD17_4	sgNDST3_4	NA	NA	NA	NA
sgRAD1_2	sgNDUFA11_3	NA	NA	NA	NA
sgRAD21_3	sgNDUFA8_3	NA	NA	NA	NA
sgRAD23B_3	sgNDUFA9_2	NA	NA	NA	NA
sgRAD23B_4	sgNDUFA9_4	NA	NA	NA	NA
sgRAD52_2	sgNDUFAF1_3	NA	NA	NA	NA
sgRAD52_3	sgNDUFAF2_3	NA	NA	NA	NA
sgRALA_3	sgNDUFAF4_3	NA	NA	NA	NA
sgRALGAPA1_1	sgNDUFAF4_4	NA	NA	NA	NA
sgRALGAPA1_2	sgNDUFB1_3	NA	NA	NA	NA
sgRALGAPA1_3	sgNDUFB3_1	NA	NA	NA	NA
sgRALGAPA1_4	sgNDUFB3_3	NA	NA	NA	NA
sgRANBP1_1	sgNDUFB3_4	NA	NA	NA	NA
sgRANBP2_1	sgNDUFB4_2	NA	NA	NA	NA
sgRANBP2_2	sgNDUFB8_1	NA	NA	NA	NA
sgRANBP2_7	sgNDUFB9_1	NA	NA	NA	NA
sgRANBP2_8	sgNDUFB9_3	NA	NA	NA	NA
sgRAN_2	sgNDUFB9_4	NA	NA	NA	NA
sgRAN_4	sgNDUFS5_1	NA	NA	NA	NA
sgRAP1A_1	sgNDUFS5_3	NA	NA	NA	NA
sgRAP1A_3	sgNDUFS5_4	NA	NA	NA	NA
sgRAP1B_1	sgNDUFS7_2	NA	NA	NA	NA
sgRAP1B_2	sgNEBL_3	NA	NA	NA	NA
sgRAP1B_4	sgNECAB3_1	NA	NA	NA	NA
sgRASA4B_1	sgNECAB3_4	NA	NA	NA	NA
sgRASA4B_3	sgNEDD8_1	NA	NA	NA	NA
sgRASA4_1	sgNEDD8_4	NA	NA	NA	NA
sgRASA4_4	sgNEDD9_4	NA	NA	NA	NA
sgRBAK_4	sgNEFH_3	NA	NA	NA	NA
sgRBAK_8	sgNEFM_2	NA	NA	NA	NA
sgRBBP4_2	sgNEIL3_2	NA	NA	NA	NA
sgRBBP4_3	sgNEK2_1	NA	NA	NA	NA
sgRBBP4_4	sgNEK5_4	NA	NA	NA	NA
sgRBM17_3	sgNEK6_3	NA	NA	NA	NA
sgRBM17_4	sgNELFE_1	NA	NA	NA	NA
sgRBM22_3	sgNETO2_1	NA	NA	NA	NA
sgRBM4B_1	sgNETO2_2	NA	NA	NA	NA
sgRBM4B_2	sgNEU3_4	NA	NA	NA	NA
sgRBM4B_3	sgNEUROD6_1	NA	NA	NA	NA
sgRBM4_1	sgNEXN_1	NA	NA	NA	NA
sgRBM4_2	sgNEXN_2	NA	NA	NA	NA
sgRBM4_3	sgNFIB_4	NA	NA	NA	NA
sgRBM8A_3	sgNFIC_2	NA	NA	NA	NA
sgRBMS1_4	sgNFIL3_1	NA	NA	NA	NA
sgRBMS2_1	sgNFIX_3	NA	NA	NA	NA
sgRBMS2_2	sgNFKB1_4	NA	NA	NA	NA
sgRBMS2_3	sgNFRKB_3	NA	NA	NA	NA
sgRBMS2_4	sgNFYC_2	NA	NA	NA	NA
sgRBMXL1_2	sgNFYC_3	NA	NA	NA	NA
sgRBMXL1_4	sgNGFR_2	NA	NA	NA	NA
sgRBMXL1_6	sgNGRN_4	NA	NA	NA	NA
sgRBPJ_2	sgNHLH2_4	NA	NA	NA	NA
sgRCC2_1	sgNHP2L1_2	NA	NA	NA	NA
sgRCC2_3	sgNHP2L1_3	NA	NA	NA	NA
sgRCN1_1	sgNHP2L1_4	NA	NA	NA	NA
sgRCN1_3	sgNHP2_1	NA	NA	NA	NA
sgRCN1_4	sgNHP2_2	NA	NA	NA	NA
sgRCOR2_1	sgNHP2_4	NA	NA	NA	NA
sgRDX_1	sgNHSL1_1	NA	NA	NA	NA
sgRDX_2	sgNICN1_1	NA	NA	NA	NA
sgREST_2	sgNID2_3	NA	NA	NA	NA
sgREXO4_2	sgNIM1K_3	NA	NA	NA	NA
sgREXO4_3	sgNIPAL1_2	NA	NA	NA	NA
sgRFESD_3	sgNIPAL4_1	NA	NA	NA	NA
sgRFESD_4	sgNIPSNAP3A_3	NA	NA	NA	NA
sgRFPL1_3	sgNIPSNAP3A_4	NA	NA	NA	NA
sgRFPL2_4	sgNIPSNAP3B_2	NA	NA	NA	NA
sgRFPL3_3	sgNIT1_2	NA	NA	NA	NA
sgRFPL4AL1_2	sgNIT1_4	NA	NA	NA	NA
sgRFPL4AL1_3	sgNKAPL_3	NA	NA	NA	NA
sgRFPL4AL1_4	sgNKX2-5_3	NA	NA	NA	NA
sgRFPL4A_2	sgNKX6-3_2	NA	NA	NA	NA
sgRFPL4A_3	sgNLRC5_4	NA	NA	NA	NA
sgRFPL4A_4	sgNLRP12_2	NA	NA	NA	NA
sgRGPD1_1	sgNLRP14_1	NA	NA	NA	NA
sgRGPD1_2	sgNLRP14_2	NA	NA	NA	NA
sgRGPD1_3	sgNLRP14_3	NA	NA	NA	NA
sgRGPD1_4	sgNLRP1_1	NA	NA	NA	NA
sgRGPD1_5	sgNLRP2_1	NA	NA	NA	NA
sgRGPD2_1	sgNLRP2_2	NA	NA	NA	NA
sgRGPD2_2	sgNLRP2_3	NA	NA	NA	NA
sgRGPD2_3	sgNLRP2_4	NA	NA	NA	NA
sgRGPD2_4	sgNLRP7_2	NA	NA	NA	NA
sgRGPD2_5	sgNLRP7_4	NA	NA	NA	NA
sgRGPD2_6	sgNLRP8_2	NA	NA	NA	NA
sgRGPD2_8	sgNMD3_3	NA	NA	NA	NA
sgRGPD3_1	sgNMNAT1_2	NA	NA	NA	NA
sgRGPD3_2	sgNMNAT1_3	NA	NA	NA	NA
sgRGPD3_3	sgNMNAT3_1	NA	NA	NA	NA
sgRGPD3_4	sgNOB1_1	NA	NA	NA	NA
sgRGPD3_6	sgNOB1_3	NA	NA	NA	NA
sgRGPD4_1	sgNOC2L_3	NA	NA	NA	NA
sgRGPD4_3	sgNOC2L_4	NA	NA	NA	NA
sgRGPD4_7	sgNOC3L_2	NA	NA	NA	NA
sgRGPD5_1	sgNOL3_3	NA	NA	NA	NA
sgRGPD5_2	sgNOL8_1	NA	NA	NA	NA
sgRGPD5_3	sgNOLC1_4	NA	NA	NA	NA
sgRGPD5_4	sgNOMO1_1	NA	NA	NA	NA
sgRGPD5_5	sgNOMO1_2	NA	NA	NA	NA
sgRGPD6_1	sgNOMO1_5	NA	NA	NA	NA
sgRGPD6_2	sgNOMO1_6	NA	NA	NA	NA
sgRGPD6_3	sgNOMO2_1	NA	NA	NA	NA
sgRGPD6_4	sgNOMO2_2	NA	NA	NA	NA
sgRGPD6_5	sgNOS1AP_2	NA	NA	NA	NA
sgRGPD8_1	sgNOS1AP_4	NA	NA	NA	NA
sgRGPD8_2	sgNOS1_4	NA	NA	NA	NA
sgRGPD8_3	sgNOVA2_1	NA	NA	NA	NA
sgRGPD8_4	sgNOX4_3	NA	NA	NA	NA
sgRGPD8_5	sgNPAS1_1	NA	NA	NA	NA
sgRHD_2	sgNPEPPS_3	NA	NA	NA	NA
sgRHD_4	sgNPHP1_3	NA	NA	NA	NA
sgRHEB_1	sgNPM3_1	NA	NA	NA	NA
sgRHEB_2	sgNR1I3_1	NA	NA	NA	NA
sgRHOA_3	sgNR2F2_2	NA	NA	NA	NA
sgRHOQ_2	sgNR3C1_2	NA	NA	NA	NA
sgRHOQ_3	sgNR3C1_4	NA	NA	NA	NA
sgRHOQ_4	sgNR4A1_4	NA	NA	NA	NA
sgRHOT1_2	sgNR5A2_1	NA	NA	NA	NA
sgRHPN2_3	sgNRBF2_1	NA	NA	NA	NA
sgRIMBP3B_1	sgNRBF2_2	NA	NA	NA	NA
sgRIMBP3B_2	sgNRBF2_3	NA	NA	NA	NA
sgRIMBP3B_4	sgNRBP1_1	NA	NA	NA	NA
sgRIMBP3B_5	sgNRBP1_2	NA	NA	NA	NA
sgRIMBP3B_6	sgNRL_3	NA	NA	NA	NA
sgRIMBP3_2	sgNRROS_2	NA	NA	NA	NA
sgRIMBP3_3	sgNSA2_1	NA	NA	NA	NA
sgRIMBP3_6	sgNSRP1_2	NA	NA	NA	NA
sgRIMBP3_7	sgNSRP1_4	NA	NA	NA	NA
sgRIMBP3_9	sgNSUN3_1	NA	NA	NA	NA
sgRIMKLB_1	sgNSUN5_1	NA	NA	NA	NA
sgRIMKLB_2	sgNSUN5_3	NA	NA	NA	NA
sgRIMKLB_3	sgNT5C1A_2	NA	NA	NA	NA
sgRMND5A_2	sgNT5C3A_2	NA	NA	NA	NA
sgRMND5A_3	sgNT5C3B_2	NA	NA	NA	NA
sgRMND5A_4	sgNT5C_4	NA	NA	NA	NA
sgRNASEH1_2	sgNTAN1_3	NA	NA	NA	NA
sgRNASEH2C_4	sgNTAN1_4	NA	NA	NA	NA
sgRNASET2_2	sgNTF4_2	NA	NA	NA	NA
sgRNASET2_3	sgNTMT1_4	NA	NA	NA	NA
sgRNF115_1	sgNTM_4	NA	NA	NA	NA
sgRNF11_1	sgNTRK1_2	NA	NA	NA	NA
sgRNF126_2	sgNUCB1_1	NA	NA	NA	NA
sgRNF126_3	sgNUCB1_3	NA	NA	NA	NA
sgRNF138_1	sgNUDC_1	NA	NA	NA	NA
sgRNF138_4	sgNUDT16_4	NA	NA	NA	NA
sgRNF145_1	sgNUDT2_1	NA	NA	NA	NA
sgRNF145_2	sgNUFIP1_1	NA	NA	NA	NA
sgRNF145_3	sgNUFIP1_2	NA	NA	NA	NA
sgRNF181_2	sgNUP210L_2	NA	NA	NA	NA
sgRNF2_3	sgNUP35_3	NA	NA	NA	NA
sgRNF5_1	sgNUP35_4	NA	NA	NA	NA
sgRNF5_2	sgNUP50_2	NA	NA	NA	NA
sgRNF5_3	sgNUP54_4	NA	NA	NA	NA
sgRNF5_4	sgNUP62_3	NA	NA	NA	NA
sgRNF6_4	sgNUP93_2	NA	NA	NA	NA
sgRNPS1_1	sgNUP93_3	NA	NA	NA	NA
sgRNPS1_2	sgNUPR1L_1	NA	NA	NA	NA
sgRNPS1_3	sgNUPR1L_3	NA	NA	NA	NA
sgRNPS1_4	sgNUPR1L_4	NA	NA	NA	NA
sgROBO2_2	sgNUTF2_3	NA	NA	NA	NA
sgRP9_3	sgNUTM2A_3	NA	NA	NA	NA
sgRPAP2_4	sgNUTM2A_4	NA	NA	NA	NA
sgRPEL1_1	sgNUTM2F_1	NA	NA	NA	NA
sgRPEL1_4	sgNUTM2F_2	NA	NA	NA	NA
sgRPE_3	sgNUTM2F_4	NA	NA	NA	NA
sgRPE_5	sgNUTM2G_4	NA	NA	NA	NA
sgRPE_6	sgNXN_3	NA	NA	NA	NA
sgRPL10A_2	sgNXPE2_1	NA	NA	NA	NA
sgRPL10A_4	sgNXPE2_2	NA	NA	NA	NA
sgRPL10L_2	sgNXPE2_3	NA	NA	NA	NA
sgRPL12_4	sgOAF_2	NA	NA	NA	NA
sgRPL13A_1	sgOAS1_2	NA	NA	NA	NA
sgRPL13A_2	sgOBSL1_3	NA	NA	NA	NA
sgRPL13A_3	sgOCEL1_4	NA	NA	NA	NA
sgRPL13A_4	sgOCIAD2_2	NA	NA	NA	NA
sgRPL13_1	sgOCM2_1	NA	NA	NA	NA
sgRPL13_2	sgOCM2_2	NA	NA	NA	NA
sgRPL13_3	sgOCM2_3	NA	NA	NA	NA
sgRPL13_4	sgOCM2_4	NA	NA	NA	NA
sgRPL14_1	sgOCM_1	NA	NA	NA	NA
sgRPL14_2	sgOCM_2	NA	NA	NA	NA
sgRPL15_1	sgOCM_3	NA	NA	NA	NA
sgRPL15_2	sgOCM_4	NA	NA	NA	NA
sgRPL15_3	sgODC1_2	NA	NA	NA	NA
sgRPL15_4	sgODF3L1_3	NA	NA	NA	NA
sgRPL17_2	sgOGFOD1_1	NA	NA	NA	NA
sgRPL17_3	sgOGFOD2_1	NA	NA	NA	NA
sgRPL17_5	sgOLA1_1	NA	NA	NA	NA
sgRPL18A_1	sgOLA1_3	NA	NA	NA	NA
sgRPL18A_2	sgOLFM1_2	NA	NA	NA	NA
sgRPL18A_3	sgOLFML1_2	NA	NA	NA	NA
sgRPL18A_4	sgOLFML2A_4	NA	NA	NA	NA
sgRPL18_4	sgOLFML3_1	NA	NA	NA	NA
sgRPL19_2	sgOLR1_3	NA	NA	NA	NA
sgRPL19_4	sgOMP_4	NA	NA	NA	NA
sgRPL21_1	sgONECUT2_2	NA	NA	NA	NA
sgRPL21_2	sgOOEP_1	NA	NA	NA	NA
sgRPL21_3	sgOOEP_4	NA	NA	NA	NA
sgRPL21_4	sgOPRD1_4	NA	NA	NA	NA
sgRPL22_1	sgOPRK1_1	NA	NA	NA	NA
sgRPL22_2	sgOPTN_1	NA	NA	NA	NA
sgRPL22_3	sgOPTN_2	NA	NA	NA	NA
sgRPL22_4	sgOR10A2_4	NA	NA	NA	NA
sgRPL23A_1	sgOR10A3_2	NA	NA	NA	NA
sgRPL23A_2	sgOR10A3_4	NA	NA	NA	NA
sgRPL23A_3	sgOR10A4_1	NA	NA	NA	NA
sgRPL23A_4	sgOR10A4_2	NA	NA	NA	NA
sgRPL24_1	sgOR10A4_3	NA	NA	NA	NA
sgRPL24_3	sgOR10A5_2	NA	NA	NA	NA
sgRPL24_4	sgOR10A6_4	NA	NA	NA	NA
sgRPL26L1_1	sgOR10AD1_2	NA	NA	NA	NA
sgRPL26L1_2	sgOR10C1_3	NA	NA	NA	NA
sgRPL26L1_3	sgOR10G2_1	NA	NA	NA	NA
sgRPL26L1_4	sgOR10G2_2	NA	NA	NA	NA
sgRPL26_1	sgOR10G4_1	NA	NA	NA	NA
sgRPL26_2	sgOR10G4_2	NA	NA	NA	NA
sgRPL26_3	sgOR10G4_3	NA	NA	NA	NA
sgRPL27A_1	sgOR10G4_4	NA	NA	NA	NA
sgRPL27A_3	sgOR10G7_1	NA	NA	NA	NA
sgRPL27_3	sgOR10G7_2	NA	NA	NA	NA
sgRPL28_2	sgOR10G7_3	NA	NA	NA	NA
sgRPL28_3	sgOR10G7_4	NA	NA	NA	NA
sgRPL28_4	sgOR10G8_2	NA	NA	NA	NA
sgRPL29_1	sgOR10G9_1	NA	NA	NA	NA
sgRPL29_2	sgOR10G9_2	NA	NA	NA	NA
sgRPL29_3	sgOR10G9_3	NA	NA	NA	NA
sgRPL29_4	sgOR10G9_4	NA	NA	NA	NA
sgRPL30_1	sgOR10H1_1	NA	NA	NA	NA
sgRPL31_1	sgOR10H1_2	NA	NA	NA	NA
sgRPL31_3	sgOR10H1_3	NA	NA	NA	NA
sgRPL32_1	sgOR10H1_4	NA	NA	NA	NA
sgRPL32_2	sgOR10H2_1	NA	NA	NA	NA
sgRPL32_3	sgOR10H2_3	NA	NA	NA	NA
sgRPL32_4	sgOR10H2_4	NA	NA	NA	NA
sgRPL34_1	sgOR10H3_2	NA	NA	NA	NA
sgRPL34_2	sgOR10H4_1	NA	NA	NA	NA
sgRPL34_3	sgOR10H4_2	NA	NA	NA	NA
sgRPL35A_1	sgOR10H4_4	NA	NA	NA	NA
sgRPL35A_2	sgOR10H5_1	NA	NA	NA	NA
sgRPL35A_3	sgOR10H5_2	NA	NA	NA	NA
sgRPL35_1	sgOR10H5_3	NA	NA	NA	NA
sgRPL35_2	sgOR10H5_4	NA	NA	NA	NA
sgRPL35_3	sgOR10J1_4	NA	NA	NA	NA
sgRPL36AL_3	sgOR10J5_1	NA	NA	NA	NA
sgRPL36AL_4	sgOR10J5_4	NA	NA	NA	NA
sgRPL36_4	sgOR10K2_1	NA	NA	NA	NA
sgRPL37A_1	sgOR10Q1_1	NA	NA	NA	NA
sgRPL37A_4	sgOR10Z1_2	NA	NA	NA	NA
sgRPL37_1	sgOR11A1_3	NA	NA	NA	NA
sgRPL37_3	sgOR11H6_3	NA	NA	NA	NA
sgRPL39L_3	sgOR12D2_1	NA	NA	NA	NA
sgRPL3_1	sgOR12D2_2	NA	NA	NA	NA
sgRPL3_3	sgOR12D2_3	NA	NA	NA	NA
sgRPL41_2	sgOR12D2_4	NA	NA	NA	NA
sgRPL41_4	sgOR13C2_1	NA	NA	NA	NA
sgRPL4_2	sgOR13C2_4	NA	NA	NA	NA
sgRPL4_3	sgOR13C3_2	NA	NA	NA	NA
sgRPL4_4	sgOR13C3_4	NA	NA	NA	NA
sgRPL5_1	sgOR13C5_1	NA	NA	NA	NA
sgRPL6_1	sgOR13C5_4	NA	NA	NA	NA
sgRPL6_2	sgOR13C8_3	NA	NA	NA	NA
sgRPL6_3	sgOR13C8_4	NA	NA	NA	NA
sgRPL6_4	sgOR13C9_1	NA	NA	NA	NA
sgRPL7A_2	sgOR13C9_2	NA	NA	NA	NA
sgRPL7A_3	sgOR13C9_4	NA	NA	NA	NA
sgRPL7A_4	sgOR13D1_1	NA	NA	NA	NA
sgRPL7L1_1	sgOR13D1_3	NA	NA	NA	NA
sgRPL7L1_2	sgOR13F1_3	NA	NA	NA	NA
sgRPL7L1_3	sgOR13F1_4	NA	NA	NA	NA
sgRPL7_4	sgOR13J1_1	NA	NA	NA	NA
sgRPL8_1	sgOR14I1_4	NA	NA	NA	NA
sgRPL9_1	sgOR1A1_1	NA	NA	NA	NA
sgRPL9_3	sgOR1A2_1	NA	NA	NA	NA
sgRPLP0_4	sgOR1A2_2	NA	NA	NA	NA
sgRPLP1_1	sgOR1C1_2	NA	NA	NA	NA
sgRPLP1_2	sgOR1C1_4	NA	NA	NA	NA
sgRPLP1_3	sgOR1D2_2	NA	NA	NA	NA
sgRPLP1_4	sgOR1D2_4	NA	NA	NA	NA
sgRPLP2_1	sgOR1E1_2	NA	NA	NA	NA
sgRPS10_1	sgOR1E1_3	NA	NA	NA	NA
sgRPS10_2	sgOR1E1_5	NA	NA	NA	NA
sgRPS10_3	sgOR1E2_3	NA	NA	NA	NA
sgRPS12_3	sgOR1E2_4	NA	NA	NA	NA
sgRPS12_4	sgOR1E2_5	NA	NA	NA	NA
sgRPS13_2	sgOR1F1_1	NA	NA	NA	NA
sgRPS13_4	sgOR1F1_3	NA	NA	NA	NA
sgRPS14_1	sgOR1G1_1	NA	NA	NA	NA
sgRPS14_2	sgOR1I1_4	NA	NA	NA	NA
sgRPS14_3	sgOR1J1_2	NA	NA	NA	NA
sgRPS14_4	sgOR1J1_3	NA	NA	NA	NA
sgRPS15A_1	sgOR1J2_2	NA	NA	NA	NA
sgRPS15A_2	sgOR1J4_3	NA	NA	NA	NA
sgRPS15A_3	sgOR1K1_3	NA	NA	NA	NA
sgRPS15_1	sgOR1L1_3	NA	NA	NA	NA
sgRPS15_2	sgOR1L6_1	NA	NA	NA	NA
sgRPS15_4	sgOR1M1_2	NA	NA	NA	NA
sgRPS16_4	sgOR1M1_3	NA	NA	NA	NA
sgRPS17_2	sgOR1N2_1	NA	NA	NA	NA
sgRPS17_3	sgOR1S1_1	NA	NA	NA	NA
sgRPS18_1	sgOR1S1_4	NA	NA	NA	NA
sgRPS18_2	sgOR1S2_1	NA	NA	NA	NA
sgRPS18_3	sgOR2A14_2	NA	NA	NA	NA
sgRPS18_4	sgOR2A14_3	NA	NA	NA	NA
sgRPS19_1	sgOR2A14_4	NA	NA	NA	NA
sgRPS19_3	sgOR2A1_2	NA	NA	NA	NA
sgRPS20_3	sgOR2A25_2	NA	NA	NA	NA
sgRPS21_1	sgOR2A25_3	NA	NA	NA	NA
sgRPS21_4	sgOR2A25_4	NA	NA	NA	NA
sgRPS23_1	sgOR2A4_1	NA	NA	NA	NA
sgRPS23_2	sgOR2A4_3	NA	NA	NA	NA
sgRPS23_3	sgOR2AE1_1	NA	NA	NA	NA
sgRPS24_1	sgOR2AE1_3	NA	NA	NA	NA
sgRPS24_3	sgOR2AG1_1	NA	NA	NA	NA
sgRPS24_4	sgOR2AG1_2	NA	NA	NA	NA
sgRPS25_1	sgOR2AG2_2	NA	NA	NA	NA
sgRPS25_2	sgOR2AT4_1	NA	NA	NA	NA
sgRPS26_1	sgOR2AT4_3	NA	NA	NA	NA
sgRPS26_2	sgOR2B11_2	NA	NA	NA	NA
sgRPS26_3	sgOR2B2_2	NA	NA	NA	NA
sgRPS26_4	sgOR2B2_3	NA	NA	NA	NA
sgRPS27A_2	sgOR2B2_4	NA	NA	NA	NA
sgRPS27A_3	sgOR2B3_1	NA	NA	NA	NA
sgRPS27A_4	sgOR2B6_1	NA	NA	NA	NA
sgRPS27_1	sgOR2B6_2	NA	NA	NA	NA
sgRPS27_3	sgOR2B6_4	NA	NA	NA	NA
sgRPS27_4	sgOR2C3_1	NA	NA	NA	NA
sgRPS28_1	sgOR2C3_4	NA	NA	NA	NA
sgRPS28_2	sgOR2D2_3	NA	NA	NA	NA
sgRPS28_3	sgOR2G2_2	NA	NA	NA	NA
sgRPS29_2	sgOR2G6_3	NA	NA	NA	NA
sgRPS29_3	sgOR2H2_1	NA	NA	NA	NA
sgRPS2_1	sgOR2J2_1	NA	NA	NA	NA
sgRPS2_2	sgOR2J2_2	NA	NA	NA	NA
sgRPS2_3	sgOR2J2_3	NA	NA	NA	NA
sgRPS2_4	sgOR2J2_4	NA	NA	NA	NA
sgRPS3A_1	sgOR2J3_2	NA	NA	NA	NA
sgRPS3A_2	sgOR2K2_2	NA	NA	NA	NA
sgRPS3A_3	sgOR2L2_2	NA	NA	NA	NA
sgRPS3A_4	sgOR2L2_3	NA	NA	NA	NA
sgRPS3_1	sgOR2L3_1	NA	NA	NA	NA
sgRPS3_4	sgOR2L3_4	NA	NA	NA	NA
sgRPS5_2	sgOR2L5_2	NA	NA	NA	NA
sgRPS5_3	sgOR2L5_3	NA	NA	NA	NA
sgRPS6KB1_1	sgOR2L5_4	NA	NA	NA	NA
sgRPS6KB1_3	sgOR2L8_2	NA	NA	NA	NA
sgRPS6_3	sgOR2L8_3	NA	NA	NA	NA
sgRPS6_4	sgOR2L8_4	NA	NA	NA	NA
sgRPS7_1	sgOR2M2_3	NA	NA	NA	NA
sgRPS7_2	sgOR2M2_4	NA	NA	NA	NA
sgRPS7_3	sgOR2M3_2	NA	NA	NA	NA
sgRPS7_4	sgOR2M3_3	NA	NA	NA	NA
sgRPS8_1	sgOR2M3_4	NA	NA	NA	NA
sgRPS8_2	sgOR2M4_2	NA	NA	NA	NA
sgRPS8_4	sgOR2M5_2	NA	NA	NA	NA
sgRPS9_2	sgOR2M7_3	NA	NA	NA	NA
sgRPS9_4	sgOR2M7_4	NA	NA	NA	NA
sgRPSA_1	sgOR2S2_1	NA	NA	NA	NA
sgRPSA_2	sgOR2S2_3	NA	NA	NA	NA
sgRPSA_3	sgOR2T10_3	NA	NA	NA	NA
sgRPSA_4	sgOR2T27_4	NA	NA	NA	NA
sgRPTN_2	sgOR2T29_1	NA	NA	NA	NA
sgRPTN_3	sgOR2T2_2	NA	NA	NA	NA
sgRPTN_4	sgOR2T33_4	NA	NA	NA	NA
sgRRAS2_1	sgOR2T34_4	NA	NA	NA	NA
sgRRAS2_2	sgOR2T35_1	NA	NA	NA	NA
sgRRN3_1	sgOR2T35_2	NA	NA	NA	NA
sgRRN3_2	sgOR2T35_4	NA	NA	NA	NA
sgRRN3_3	sgOR2T35_5	NA	NA	NA	NA
sgRRN3_4	sgOR2T3_3	NA	NA	NA	NA
sgRRP7A_4	sgOR2T5_1	NA	NA	NA	NA
sgRSL1D1_3	sgOR2T5_4	NA	NA	NA	NA
sgRSL24D1_1	sgOR2T8_5	NA	NA	NA	NA
sgRSL24D1_4	sgOR2T8_6	NA	NA	NA	NA
sgRSPH10B2_1	sgOR2V1_1	NA	NA	NA	NA
sgRSPH10B2_3	sgOR2V2_1	NA	NA	NA	NA
sgRSPH10B2_4	sgOR2V2_2	NA	NA	NA	NA
sgRSPH10B_1	sgOR2V2_4	NA	NA	NA	NA
sgRSPH10B_3	sgOR2Y1_4	NA	NA	NA	NA
sgRSPH10B_4	sgOR2Z1_4	NA	NA	NA	NA
sgRSU1_1	sgOR3A1_1	NA	NA	NA	NA
sgRSU1_3	sgOR3A1_5	NA	NA	NA	NA
sgRTEL1_1	sgOR3A1_6	NA	NA	NA	NA
sgRTEL1_2	sgOR3A2_4	NA	NA	NA	NA
sgRTN3_1	sgOR3A2_5	NA	NA	NA	NA
sgRTN3_2	sgOR3A3_4	NA	NA	NA	NA
sgRTN3_3	sgOR3A3_5	NA	NA	NA	NA
sgRTN4IP1_1	sgOR4A15_3	NA	NA	NA	NA
sgRWDD1_3	sgOR4A16_2	NA	NA	NA	NA
sgRWDD4_1	sgOR4A16_3	NA	NA	NA	NA
sgRWDD4_3	sgOR4A5_3	NA	NA	NA	NA
sgRWDD4_4	sgOR4B1_2	NA	NA	NA	NA
sgS100A7A_1	sgOR4C12_1	NA	NA	NA	NA
sgS100A7A_4	sgOR4C12_2	NA	NA	NA	NA
sgS100A7A_5	sgOR4C12_3	NA	NA	NA	NA
sgS100A7A_6	sgOR4C12_4	NA	NA	NA	NA
sgS100A7_1	sgOR4C13_1	NA	NA	NA	NA
sgS100A7_3	sgOR4C13_3	NA	NA	NA	NA
sgS100A7_4	sgOR4C16_4	NA	NA	NA	NA
sgS100A7_5	sgOR4C3_2	NA	NA	NA	NA
sgSAA1_1	sgOR4C3_4	NA	NA	NA	NA
sgSAA1_2	sgOR4C6_1	NA	NA	NA	NA
sgSAA1_3	sgOR4D10_1	NA	NA	NA	NA
sgSAA1_4	sgOR4D2_4	NA	NA	NA	NA
sgSAA1_5	sgOR4D9_1	NA	NA	NA	NA
sgSAA2_1	sgOR4D9_4	NA	NA	NA	NA
sgSAA2_2	sgOR4E2_3	NA	NA	NA	NA
sgSAA2_3	sgOR4F15_2	NA	NA	NA	NA
sgSAA2_5	sgOR4F16_4	NA	NA	NA	NA
sgSALL4_1	sgOR4F6_1	NA	NA	NA	NA
sgSAP25_2	sgOR4K1_4	NA	NA	NA	NA
sgSAPCD2_1	sgOR4M1_2	NA	NA	NA	NA
sgSAR1A_1	sgOR4M2_1	NA	NA	NA	NA
sgSAR1A_4	sgOR4M2_2	NA	NA	NA	NA
sgSAV1_1	sgOR4M2_3	NA	NA	NA	NA
sgSAV1_2	sgOR4N2_1	NA	NA	NA	NA
sgSCD_1	sgOR4N2_3	NA	NA	NA	NA
sgSCYL2_1	sgOR4N4_1	NA	NA	NA	NA
sgSCYL2_3	sgOR4N4_4	NA	NA	NA	NA
sgSCYL2_4	sgOR4S1_1	NA	NA	NA	NA
sgSDCBP_2	sgOR4S1_2	NA	NA	NA	NA
sgSDCBP_3	sgOR4S2_2	NA	NA	NA	NA
sgSDF2_4	sgOR4X2_4	NA	NA	NA	NA
sgSDHA_1	sgOR51A7_2	NA	NA	NA	NA
sgSDHA_2	sgOR51B2_1	NA	NA	NA	NA
sgSDHA_3	sgOR51B2_2	NA	NA	NA	NA
sgSDHC_1	sgOR51B5_2	NA	NA	NA	NA
sgSDHC_2	sgOR51B5_3	NA	NA	NA	NA
sgSDHC_3	sgOR51B6_3	NA	NA	NA	NA
sgSDHD_1	sgOR51D1_3	NA	NA	NA	NA
sgSDHD_2	sgOR51E1_3	NA	NA	NA	NA
sgSDHD_3	sgOR51G1_3	NA	NA	NA	NA
sgSEC11A_2	sgOR51G2_4	NA	NA	NA	NA
sgSEC13_2	sgOR51L1_1	NA	NA	NA	NA
sgSEC14L1_1	sgOR51L1_2	NA	NA	NA	NA
sgSEC61A1_3	sgOR51L1_4	NA	NA	NA	NA
sgSEC61A1_4	sgOR51M1_4	NA	NA	NA	NA
sgSELK_4	sgOR51V1_1	NA	NA	NA	NA
sgSELT_2	sgOR52B2_4	NA	NA	NA	NA
sgSELT_3	sgOR52E2_1	NA	NA	NA	NA
sgSEPHS1_4	sgOR52E4_2	NA	NA	NA	NA
sgSEPHS2_1	sgOR52E6_2	NA	NA	NA	NA
sgSEPT10_2	sgOR52E6_4	NA	NA	NA	NA
sgSEPT10_3	sgOR52E8_1	NA	NA	NA	NA
sgSEPT14_1	sgOR52E8_3	NA	NA	NA	NA
sgSEPT14_4	sgOR52E8_4	NA	NA	NA	NA
sgSERBP1_1	sgOR52I1_1	NA	NA	NA	NA
sgSERBP1_2	sgOR52I1_4	NA	NA	NA	NA
sgSERBP1_3	sgOR52I2_4	NA	NA	NA	NA
sgSERBP1_4	sgOR52J3_3	NA	NA	NA	NA
sgSERF1A_1	sgOR52K1_3	NA	NA	NA	NA
sgSERF1A_2	sgOR52K2_1	NA	NA	NA	NA
sgSERF1A_3	sgOR52K2_2	NA	NA	NA	NA
sgSERF1A_4	sgOR52K2_4	NA	NA	NA	NA
sgSERF1B_1	sgOR52L1_2	NA	NA	NA	NA
sgSERF1B_2	sgOR52L1_3	NA	NA	NA	NA
sgSERF1B_3	sgOR52N2_1	NA	NA	NA	NA
sgSERF1B_4	sgOR52N4_3	NA	NA	NA	NA
sgSERHL2_1	sgOR52N4_4	NA	NA	NA	NA
sgSERHL2_2	sgOR52N5_2	NA	NA	NA	NA
sgSERHL2_3	sgOR52R1_4	NA	NA	NA	NA
sgSERHL2_4	sgOR56A3_1	NA	NA	NA	NA
sgSETD8_1	sgOR56A3_2	NA	NA	NA	NA
sgSETD8_4	sgOR5AC2_2	NA	NA	NA	NA
sgSF3A3_3	sgOR5AC2_3	NA	NA	NA	NA
sgSF3A3_4	sgOR5AK2_2	NA	NA	NA	NA
sgSFR1_3	sgOR5AN1_1	NA	NA	NA	NA
sgSFTPA1_2	sgOR5AS1_2	NA	NA	NA	NA
sgSH3GL1_1	sgOR5B17_2	NA	NA	NA	NA
sgSHFM1_2	sgOR5B2_4	NA	NA	NA	NA
sgSHISA5_3	sgOR5D14_1	NA	NA	NA	NA
sgSHMT1_1	sgOR5D14_4	NA	NA	NA	NA
sgSHMT1_2	sgOR5D16_1	NA	NA	NA	NA
sgSHMT1_4	sgOR5D16_4	NA	NA	NA	NA
sgSHOC2_3	sgOR5D18_4	NA	NA	NA	NA
sgSIGLEC10_4	sgOR5F1_2	NA	NA	NA	NA
sgSIGLEC11_1	sgOR5H14_1	NA	NA	NA	NA
sgSIGLEC11_2	sgOR5H14_3	NA	NA	NA	NA
sgSIGLEC11_3	sgOR5H15_2	NA	NA	NA	NA
sgSIGLEC11_4	sgOR5H15_4	NA	NA	NA	NA
sgSIGLEC14_1	sgOR5H15_6	NA	NA	NA	NA
sgSIGLEC14_2	sgOR5H1_3	NA	NA	NA	NA
sgSIGLEC14_3	sgOR5H2_1	NA	NA	NA	NA
sgSIGLEC14_4	sgOR5H6_2	NA	NA	NA	NA
sgSIMC1_1	sgOR5H6_4	NA	NA	NA	NA
sgSIMC1_2	sgOR5J2_3	NA	NA	NA	NA
sgSIMC1_4	sgOR5K1_2	NA	NA	NA	NA
sgSIRPA_2	sgOR5K1_3	NA	NA	NA	NA
sgSIRPA_4	sgOR5K1_4	NA	NA	NA	NA
sgSIRPB1_7	sgOR5K2_1	NA	NA	NA	NA
sgSKA3_1	sgOR5K2_2	NA	NA	NA	NA
sgSKA3_2	sgOR5K3_1	NA	NA	NA	NA
sgSKA3_3	sgOR5K3_3	NA	NA	NA	NA
sgSKP1_1	sgOR5K3_4	NA	NA	NA	NA
sgSKP1_2	sgOR5K4_2	NA	NA	NA	NA
sgSKP1_3	sgOR5K4_3	NA	NA	NA	NA
sgSLC16A6_3	sgOR5K4_4	NA	NA	NA	NA
sgSLC19A1_3	sgOR5L1_1	NA	NA	NA	NA
sgSLC19A3_1	sgOR5L1_3	NA	NA	NA	NA
sgSLC19A3_2	sgOR5L2_1	NA	NA	NA	NA
sgSLC25A20_1	sgOR5L2_2	NA	NA	NA	NA
sgSLC25A20_4	sgOR5L2_3	NA	NA	NA	NA
sgSLC25A33_1	sgOR5L2_4	NA	NA	NA	NA
sgSLC25A33_3	sgOR5M10_1	NA	NA	NA	NA
sgSLC25A38_3	sgOR5M10_2	NA	NA	NA	NA
sgSLC25A51_4	sgOR5M10_3	NA	NA	NA	NA
sgSLC25A52_1	sgOR5M10_4	NA	NA	NA	NA
sgSLC29A4_1	sgOR5M1_1	NA	NA	NA	NA
sgSLC29A4_3	sgOR5M1_3	NA	NA	NA	NA
sgSLC2A14_4	sgOR5M1_4	NA	NA	NA	NA
sgSLC2A3_4	sgOR5M3_1	NA	NA	NA	NA
sgSLC35E1_3	sgOR5M3_4	NA	NA	NA	NA
sgSLC35E2B_1	sgOR5M8_3	NA	NA	NA	NA
sgSLC35E2B_3	sgOR5P2_2	NA	NA	NA	NA
sgSLC35E2B_5	sgOR5R1_1	NA	NA	NA	NA
sgSLC35E2B_8	sgOR6B1_2	NA	NA	NA	NA
sgSLC35G6_1	sgOR6B2_1	NA	NA	NA	NA
sgSLC6A6_2	sgOR6B2_2	NA	NA	NA	NA
sgSLC6A6_4	sgOR6B2_3	NA	NA	NA	NA
sgSLC7A5_1	sgOR6B2_4	NA	NA	NA	NA
sgSLC7A5_2	sgOR6B3_1	NA	NA	NA	NA
sgSLC9B1_2	sgOR6B3_2	NA	NA	NA	NA
sgSLC9B1_4	sgOR6B3_4	NA	NA	NA	NA
sgSLIT2_2	sgOR6C3_4	NA	NA	NA	NA
sgSLMO2_2	sgOR6C4_2	NA	NA	NA	NA
sgSLMO2_4	sgOR6C65_2	NA	NA	NA	NA
sgSLX1A_1	sgOR6F1_1	NA	NA	NA	NA
sgSLX1A_2	sgOR6F1_3	NA	NA	NA	NA
sgSLX1A_3	sgOR6K6_3	NA	NA	NA	NA
sgSLX1A_4	sgOR6M1_1	NA	NA	NA	NA
sgSLX1B_1	sgOR6M1_2	NA	NA	NA	NA
sgSLX1B_2	sgOR6P1_4	NA	NA	NA	NA
sgSLX1B_3	sgOR6S1_3	NA	NA	NA	NA
sgSLX1B_4	sgOR6Y1_2	NA	NA	NA	NA
sgSMG1_1	sgOR7A10_1	NA	NA	NA	NA
sgSMG1_2	sgOR7A10_2	NA	NA	NA	NA
sgSMG1_4	sgOR7A17_1	NA	NA	NA	NA
sgSMIM15_2	sgOR7A17_2	NA	NA	NA	NA
sgSMN1_1	sgOR7A5_2	NA	NA	NA	NA
sgSMN1_2	sgOR7A5_4	NA	NA	NA	NA
sgSMN1_3	sgOR7C1_2	NA	NA	NA	NA
sgSMN1_4	sgOR7D4_2	NA	NA	NA	NA
sgSMN2_1	sgOR7D4_3	NA	NA	NA	NA
sgSMN2_2	sgOR7E24_3	NA	NA	NA	NA
sgSMN2_3	sgOR7G2_3	NA	NA	NA	NA
sgSMN2_4	sgOR8A1_2	NA	NA	NA	NA
sgSMPD4_1	sgOR8A1_3	NA	NA	NA	NA
sgSMPD4_2	sgOR8B12_4	NA	NA	NA	NA
sgSMPD4_3	sgOR8B2_1	NA	NA	NA	NA
sgSMR3A_1	sgOR8B2_4	NA	NA	NA	NA
sgSMR3A_6	sgOR8B2_6	NA	NA	NA	NA
sgSMR3B_2	sgOR8B3_1	NA	NA	NA	NA
sgSMR3B_4	sgOR8B3_3	NA	NA	NA	NA
sgSMU1_2	sgOR8B8_2	NA	NA	NA	NA
sgSMU1_4	sgOR8B8_4	NA	NA	NA	NA
sgSNAPC5_4	sgOR8D1_2	NA	NA	NA	NA
sgSNF8_1	sgOR8D1_3	NA	NA	NA	NA
sgSNRNP27_2	sgOR8D4_1	NA	NA	NA	NA
sgSNRNP40_2	sgOR8D4_4	NA	NA	NA	NA
sgSNRNP40_3	sgOR8G5_2	NA	NA	NA	NA
sgSNRPA1_1	sgOR8H1_3	NA	NA	NA	NA
sgSNRPA1_2	sgOR8H1_4	NA	NA	NA	NA
sgSNRPA1_3	sgOR8H2_1	NA	NA	NA	NA
sgSNRPB2_4	sgOR8H2_2	NA	NA	NA	NA
sgSNRPC_3	sgOR8H2_4	NA	NA	NA	NA
sgSNRPD2_2	sgOR8H3_1	NA	NA	NA	NA
sgSNRPD2_3	sgOR8H3_2	NA	NA	NA	NA
sgSNRPD2_4	sgOR8H3_4	NA	NA	NA	NA
sgSNRPE_1	sgOR8I2_2	NA	NA	NA	NA
sgSNRPF_1	sgOR8I2_4	NA	NA	NA	NA
sgSNRPF_2	sgOR8J1_1	NA	NA	NA	NA
sgSNRPG_1	sgOR8J1_3	NA	NA	NA	NA
sgSNRPG_2	sgOR8J3_2	NA	NA	NA	NA
sgSNRPG_3	sgOR8J3_4	NA	NA	NA	NA
sgSNW1_2	sgOR8K3_1	NA	NA	NA	NA
sgSNX19_2	sgOR8K3_3	NA	NA	NA	NA
sgSNX25_2	sgOR9A2_1	NA	NA	NA	NA
sgSNX25_3	sgOR9A2_2	NA	NA	NA	NA
sgSNX29_2	sgOR9A4_4	NA	NA	NA	NA
sgSOCS5_2	sgOR9G4_4	NA	NA	NA	NA
sgSOCS5_3	sgOR9I1_2	NA	NA	NA	NA
sgSOCS5_4	sgOR9K2_3	NA	NA	NA	NA
sgSORD_3	sgOR9Q2_1	NA	NA	NA	NA
sgSOX30_2	sgOR9Q2_2	NA	NA	NA	NA
sgSOX5_2	sgORC2_4	NA	NA	NA	NA
sgSP100_1	sgORC3_1	NA	NA	NA	NA
sgSP3_3	sgORC3_2	NA	NA	NA	NA
sgSPACA7_1	sgORMDL2_3	NA	NA	NA	NA
sgSPACA7_2	sgOSCAR_3	NA	NA	NA	NA
sgSPAG11A_1	sgOSER1_4	NA	NA	NA	NA
sgSPAG11A_2	sgOSTC_1	NA	NA	NA	NA
sgSPAG11A_3	sgOSTC_3	NA	NA	NA	NA
sgSPAG11A_4	sgOTOP2_1	NA	NA	NA	NA
sgSPAG11A_5	sgOTUD4_1	NA	NA	NA	NA
sgSPAG11B_1	sgOTUD4_4	NA	NA	NA	NA
sgSPAG11B_2	sgOTUD7B_2	NA	NA	NA	NA
sgSPAG11B_3	sgOVOL2_2	NA	NA	NA	NA
sgSPAG11B_4	sgOXA1L_1	NA	NA	NA	NA
sgSPAG11B_5	sgOXCT2_3	NA	NA	NA	NA
sgSPATA31A1_2	sgOXER1_2	NA	NA	NA	NA
sgSPATA31A1_4	sgOXR1_2	NA	NA	NA	NA
sgSPATA31A1_5	sgOXTR_4	NA	NA	NA	NA
sgSPATA31A1_6	sgP2RX4_2	NA	NA	NA	NA
sgSPATA31A3_2	sgP2RX6_1	NA	NA	NA	NA
sgSPATA31A3_3	sgP2RX6_2	NA	NA	NA	NA
sgSPATA31A3_4	sgP2RX6_3	NA	NA	NA	NA
sgSPATA31A3_5	sgP2RX6_4	NA	NA	NA	NA
sgSPATA31A3_6	sgP2RY13_2	NA	NA	NA	NA
sgSPATA31A6_1	sgPA2G4_1	NA	NA	NA	NA
sgSPATA31A6_3	sgPA2G4_4	NA	NA	NA	NA
sgSPATA31A6_4	sgPABPC1L_3	NA	NA	NA	NA
sgSPATA31A6_5	sgPABPC1_1	NA	NA	NA	NA
sgSPATA31A6_6	sgPABPC1_2	NA	NA	NA	NA
sgSPATA31A6_7	sgPABPC1_4	NA	NA	NA	NA
sgSPATA31A6_8	sgPABPC3_3	NA	NA	NA	NA
sgSPATA31A7_1	sgPABPC3_4	NA	NA	NA	NA
sgSPATA31A7_3	sgPABPN1L_1	NA	NA	NA	NA
sgSPATA31A7_4	sgPABPN1_3	NA	NA	NA	NA
sgSPATA31A7_5	sgPABPN1_4	NA	NA	NA	NA
sgSPATA31D1_1	sgPACSIN3_4	NA	NA	NA	NA
sgSPATA31D1_4	sgPADI1_3	NA	NA	NA	NA
sgSPCS2_1	sgPADI4_3	NA	NA	NA	NA
sgSPCS2_3	sgPAEP_1	NA	NA	NA	NA
sgSPDYE1_3	sgPAEP_4	NA	NA	NA	NA
sgSPDYE1_4	sgPAFAH1B1_2	NA	NA	NA	NA
sgSPDYE1_5	sgPAFAH1B2_3	NA	NA	NA	NA
sgSPDYE1_6	sgPAICS_1	NA	NA	NA	NA
sgSPDYE2B_1	sgPAK1_2	NA	NA	NA	NA
sgSPDYE2B_2	sgPAK2_3	NA	NA	NA	NA
sgSPDYE2B_3	sgPAK4_2	NA	NA	NA	NA
sgSPDYE2B_4	sgPALM2-AKAP2_2	NA	NA	NA	NA
sgSPDYE2B_5	sgPALM3_2	NA	NA	NA	NA
sgSPDYE2_1	sgPAM16_1	NA	NA	NA	NA
sgSPDYE2_2	sgPAN2_2	NA	NA	NA	NA
sgSPDYE2_3	sgPANK3_1	NA	NA	NA	NA
sgSPDYE2_4	sgPANK3_3	NA	NA	NA	NA
sgSPDYE2_5	sgPANX1_4	NA	NA	NA	NA
sgSPDYE2_6	sgPAPSS1_1	NA	NA	NA	NA
sgSPDYE3_1	sgPAQR7_1	NA	NA	NA	NA
sgSPDYE3_10	sgPAQR7_2	NA	NA	NA	NA
sgSPDYE3_11	sgPARD6A_4	NA	NA	NA	NA
sgSPDYE3_12	sgPARK2_4	NA	NA	NA	NA
sgSPDYE3_2	sgPARL_3	NA	NA	NA	NA
sgSPDYE3_3	sgPARP1_4	NA	NA	NA	NA
sgSPDYE3_4	sgPARP3_3	NA	NA	NA	NA
sgSPDYE3_5	sgPARP4_3	NA	NA	NA	NA
sgSPDYE3_6	sgPARVB_1	NA	NA	NA	NA
sgSPDYE3_7	sgPARVB_3	NA	NA	NA	NA
sgSPDYE3_8	sgPASK_4	NA	NA	NA	NA
sgSPDYE3_9	sgPATL1_2	NA	NA	NA	NA
sgSPDYE4_2	sgPATL2_4	NA	NA	NA	NA
sgSPHKAP_4	sgPAX3_3	NA	NA	NA	NA
sgSPIC_3	sgPAX7_2	NA	NA	NA	NA
sgSPRR1A_1	sgPAX7_4	NA	NA	NA	NA
sgSPRR1A_3	sgPAX9_2	NA	NA	NA	NA
sgSPRR1B_1	sgPBK_1	NA	NA	NA	NA
sgSPRR1B_4	sgPBX2_1	NA	NA	NA	NA
sgSPRR1B_5	sgPBX2_3	NA	NA	NA	NA
sgSPRR2A_1	sgPCBP2_3	NA	NA	NA	NA
sgSPRR2A_2	sgPCBP2_4	NA	NA	NA	NA
sgSPRR2A_3	sgPCDH1_2	NA	NA	NA	NA
sgSPRR2A_4	sgPCGF3_2	NA	NA	NA	NA
sgSPRR2B_1	sgPCM1_2	NA	NA	NA	NA
sgSPRR2B_2	sgPCMT1_4	NA	NA	NA	NA
sgSPRR2B_3	sgPCMTD1_3	NA	NA	NA	NA
sgSPRR2B_4	sgPCOLCE_4	NA	NA	NA	NA
sgSPRR2D_1	sgPCTP_3	NA	NA	NA	NA
sgSPRR2D_2	sgPDAP1_2	NA	NA	NA	NA
sgSPRR2D_3	sgPDAP1_3	NA	NA	NA	NA
sgSPRR2D_4	sgPDAP1_4	NA	NA	NA	NA
sgSPRR2E_1	sgPDCD10_3	NA	NA	NA	NA
sgSPRR2E_2	sgPDCD2_1	NA	NA	NA	NA
sgSPRR2E_3	sgPDCD2_2	NA	NA	NA	NA
sgSPRR2E_4	sgPDCD4_4	NA	NA	NA	NA
sgSPRR2F_1	sgPDCD5_3	NA	NA	NA	NA
sgSPRR2F_2	sgPDCD6_1	NA	NA	NA	NA
sgSPRR2G_1	sgPDCD6_2	NA	NA	NA	NA
sgSPRR2G_2	sgPDCD6_3	NA	NA	NA	NA
sgSPRR2G_5	sgPDCD6_4	NA	NA	NA	NA
sgSPTLC1_2	sgPDCL2_1	NA	NA	NA	NA
sgSPTLC1_3	sgPDE11A_1	NA	NA	NA	NA
sgSPTLC1_4	sgPDE11A_3	NA	NA	NA	NA
sgSPTLC3_4	sgPDE6C_4	NA	NA	NA	NA
sgSPZ1_2	sgPDE6G_4	NA	NA	NA	NA
sgSPZ1_3	sgPDE7A_3	NA	NA	NA	NA
sgSRD5A1_3	sgPDGFC_1	NA	NA	NA	NA
sgSREK1IP1_2	sgPDIA5_1	NA	NA	NA	NA
sgSRI_1	sgPDIA5_3	NA	NA	NA	NA
sgSRP14_1	sgPDK2_2	NA	NA	NA	NA
sgSRP14_2	sgPDLIM5_2	NA	NA	NA	NA
sgSRP14_4	sgPDLIM7_1	NA	NA	NA	NA
sgSRP9_2	sgPDZD7_3	NA	NA	NA	NA
sgSRP9_3	sgPDZRN4_4	NA	NA	NA	NA
sgSRPK2_1	sgPEAR1_3	NA	NA	NA	NA
sgSRRM1_2	sgPEBP1_3	NA	NA	NA	NA
sgSRSF10_1	sgPEBP1_4	NA	NA	NA	NA
sgSRSF3_3	sgPELI2_2	NA	NA	NA	NA
sgSRSF6_1	sgPEPD_2	NA	NA	NA	NA
sgSRSF6_3	sgPEPD_4	NA	NA	NA	NA
sgSRSF6_4	sgPER1_3	NA	NA	NA	NA
sgSRSF9_1	sgPER1_4	NA	NA	NA	NA
sgSS18L2_2	sgPER2_4	NA	NA	NA	NA
sgSS18L2_3	sgPET100_3	NA	NA	NA	NA
sgSSBP2_1	sgPEX10_3	NA	NA	NA	NA
sgSSBP3_1	sgPEX11A_4	NA	NA	NA	NA
sgSSBP3_2	sgPEX12_2	NA	NA	NA	NA
sgSSBP3_4	sgPEX14_4	NA	NA	NA	NA
sgSSBP4_4	sgPEX16_1	NA	NA	NA	NA
sgSSB_1	sgPEX16_2	NA	NA	NA	NA
sgSSB_2	sgPEX3_1	NA	NA	NA	NA
sgSSB_3	sgPEX5_1	NA	NA	NA	NA
sgSSC4D_4	sgPF4V1_2	NA	NA	NA	NA
sgSSC4D_5	sgPF4V1_4	NA	NA	NA	NA
sgST13_2	sgPF4_2	NA	NA	NA	NA
sgST13_3	sgPF4_3	NA	NA	NA	NA
sgST13_4	sgPFDN4_3	NA	NA	NA	NA
sgST3GAL1_3	sgPFKL_2	NA	NA	NA	NA
sgST3GAL1_4	sgPFKM_1	NA	NA	NA	NA
sgSTAG3_1	sgPFKM_3	NA	NA	NA	NA
sgSTAU2_4	sgPFKP_1	NA	NA	NA	NA
sgSTEAP1_3	sgPFN1_3	NA	NA	NA	NA
sgSTIP1_2	sgPGD_1	NA	NA	NA	NA
sgSTK24_1	sgPGD_4	NA	NA	NA	NA
sgSTMN2_1	sgPGF_2	NA	NA	NA	NA
sgSTRADB_3	sgPGGT1B_1	NA	NA	NA	NA
sgSTRAP_1	sgPGGT1B_3	NA	NA	NA	NA
sgSTRAP_3	sgPGK2_1	NA	NA	NA	NA
sgSTRAP_4	sgPGLYRP4_2	NA	NA	NA	NA
sgSTRC_1	sgPGPEP1_4	NA	NA	NA	NA
sgSTRC_2	sgPGRMC2_2	NA	NA	NA	NA
sgSTRC_3	sgPHB_1	NA	NA	NA	NA
sgSTRC_4	sgPHF10_4	NA	NA	NA	NA
sgSTX18_1	sgPHF21B_1	NA	NA	NA	NA
sgSTX18_2	sgPHF21B_4	NA	NA	NA	NA
sgSUB1_3	sgPHF2_4	NA	NA	NA	NA
sgSUCLG2_2	sgPHF5A_2	NA	NA	NA	NA
sgSUCLG2_4	sgPHF5A_3	NA	NA	NA	NA
sgSUGT1_1	sgPHF5A_4	NA	NA	NA	NA
sgSULT1A1_1	sgPHKG1_3	NA	NA	NA	NA
sgSULT1A1_4	sgPHOSPHO1_1	NA	NA	NA	NA
sgSULT1A1_6	sgPHOSPHO2_3	NA	NA	NA	NA
sgSULT1A2_2	sgPI4K2A_4	NA	NA	NA	NA
sgSULT1A2_5	sgPI4KA_1	NA	NA	NA	NA
sgSULT1A3_1	sgPI4KA_3	NA	NA	NA	NA
sgSULT1A3_2	sgPI4KB_2	NA	NA	NA	NA
sgSULT1A3_3	sgPIAS4_4	NA	NA	NA	NA
sgSULT1A3_4	sgPICALM_3	NA	NA	NA	NA
sgSULT1A4_1	sgPIDD1_2	NA	NA	NA	NA
sgSULT1A4_2	sgPIF1_3	NA	NA	NA	NA
sgSULT1A4_3	sgPIGC_2	NA	NA	NA	NA
sgSULT1A4_4	sgPIGF_1	NA	NA	NA	NA
sgSUMO1_2	sgPIGK_1	NA	NA	NA	NA
sgSUMO2_1	sgPIGN_1	NA	NA	NA	NA
sgSUMO2_2	sgPIGO_4	NA	NA	NA	NA
sgSUMO2_3	sgPIGU_3	NA	NA	NA	NA
sgSUMO2_4	sgPIGW_3	NA	NA	NA	NA
sgSUMO2_5	sgPIGX_3	NA	NA	NA	NA
sgSUMO2_6	sgPIGY_1	NA	NA	NA	NA
sgSUMO2_7	sgPIGY_2	NA	NA	NA	NA
sgSUMO4_1	sgPIGY_4	NA	NA	NA	NA
sgSUMO4_3	sgPIH1D1_3	NA	NA	NA	NA
sgSUMO4_4	sgPILRA_1	NA	NA	NA	NA
sgSUPT16H_2	sgPILRA_2	NA	NA	NA	NA
sgSUPT16H_3	sgPILRB_3	NA	NA	NA	NA
sgSUPT4H1_2	sgPIN1_2	NA	NA	NA	NA
sgSUSD2_4	sgPINK1_2	NA	NA	NA	NA
sgSUZ12_1	sgPIP5K1A_4	NA	NA	NA	NA
sgSUZ12_2	sgPIP5K1C_1	NA	NA	NA	NA
sgSUZ12_4	sgPIP_2	NA	NA	NA	NA
sgSYNCRIP_2	sgPITPNC1_2	NA	NA	NA	NA
sgSYNCRIP_4	sgPIWIL4_1	NA	NA	NA	NA
sgSYNGR2_1	sgPKD2_4	NA	NA	NA	NA
sgSYT15_2	sgPKMYT1_3	NA	NA	NA	NA
sgSYT15_3	sgPKM_4	NA	NA	NA	NA
sgSYT15_4	sgPKN2_1	NA	NA	NA	NA
sgSYT1_1	sgPKP1_1	NA	NA	NA	NA
sgTAAR8_3	sgPKP2_1	NA	NA	NA	NA
sgTAF5L_3	sgPKP2_2	NA	NA	NA	NA
sgTAF5L_4	sgPLA2G12A_2	NA	NA	NA	NA
sgTAF9_3	sgPLA2G15_1	NA	NA	NA	NA
sgTAF9_4	sgPLA2G4B_3	NA	NA	NA	NA
sgTAGLN2_3	sgPLAGL2_2	NA	NA	NA	NA
sgTARBP2_4	sgPLAT_2	NA	NA	NA	NA
sgTARDBP_1	sgPLB1_1	NA	NA	NA	NA
sgTARDBP_2	sgPLBD1_1	NA	NA	NA	NA
sgTARDBP_3	sgPLCB4_2	NA	NA	NA	NA
sgTARDBP_4	sgPLCG2_1	NA	NA	NA	NA
sgTARS2_4	sgPLCG2_3	NA	NA	NA	NA
sgTAS2R19_2	sgPLCH1_2	NA	NA	NA	NA
sgTAS2R20_4	sgPLCH1_4	NA	NA	NA	NA
sgTAS2R30_1	sgPLD4_2	NA	NA	NA	NA
sgTAS2R30_5	sgPLEKHA3_3	NA	NA	NA	NA
sgTASP1_2	sgPLEKHA8_1	NA	NA	NA	NA
sgTASP1_4	sgPLEKHA8_2	NA	NA	NA	NA
sgTATDN1_1	sgPLEKHA8_3	NA	NA	NA	NA
sgTBC1D26_3	sgPLEKHA8_4	NA	NA	NA	NA
sgTBC1D28_1	sgPLEKHG3_2	NA	NA	NA	NA
sgTBC1D28_4	sgPLEKHS1_1	NA	NA	NA	NA
sgTBC1D3B_5	sgPLEKHS1_2	NA	NA	NA	NA
sgTBC1D3B_6	sgPLEK_1	NA	NA	NA	NA
sgTBC1D3B_7	sgPLIN2_1	NA	NA	NA	NA
sgTBC1D3F_1	sgPLIN2_3	NA	NA	NA	NA
sgTBC1D3F_2	sgPLIN4_3	NA	NA	NA	NA
sgTBC1D3F_3	sgPLK1_3	NA	NA	NA	NA
sgTBC1D3F_4	sgPLLP_2	NA	NA	NA	NA
sgTBC1D3F_5	sgPLS1_2	NA	NA	NA	NA
sgTBC1D3F_6	sgPLSCR4_2	NA	NA	NA	NA
sgTBC1D3H_1	sgPLTP_2	NA	NA	NA	NA
sgTBC1D3H_3	sgPLXDC2_4	NA	NA	NA	NA
sgTBC1D3H_4	sgPLXNA1_1	NA	NA	NA	NA
sgTBC1D3H_5	sgPLXNB1_2	NA	NA	NA	NA
sgTBC1D3_1	sgPLXNC1_3	NA	NA	NA	NA
sgTBC1D3_2	sgPLXND1_1	NA	NA	NA	NA
sgTBC1D3_3	sgPM20D1_3	NA	NA	NA	NA
sgTBC1D3_4	sgPMAIP1_2	NA	NA	NA	NA
sgTBCA_1	sgPMEL_1	NA	NA	NA	NA
sgTBCA_3	sgPMEL_4	NA	NA	NA	NA
sgTBCCD1_2	sgPMEPA1_4	NA	NA	NA	NA
sgTBCCD1_3	sgPMPCA_4	NA	NA	NA	NA
sgTCEA1_1	sgPMS1_4	NA	NA	NA	NA
sgTCEA1_4	sgPNKD_3	NA	NA	NA	NA
sgTCEB1_1	sgPNLIPRP3_1	NA	NA	NA	NA
sgTCEB1_2	sgPNLIP_4	NA	NA	NA	NA
sgTCEB1_3	sgPNMA2_2	NA	NA	NA	NA
sgTCEB1_4	sgPNPLA1_2	NA	NA	NA	NA
sgTCEB3B_4	sgPNPLA3_2	NA	NA	NA	NA
sgTCEB3B_6	sgPNRC2_4	NA	NA	NA	NA
sgTDGF1_1	sgPODXL_4	NA	NA	NA	NA
sgTDGF1_3	sgPOLE_4	NA	NA	NA	NA
sgTDG_1	sgPOLM_3	NA	NA	NA	NA
sgTDG_2	sgPOLN_1	NA	NA	NA	NA
sgTDG_3	sgPOLR2E_3	NA	NA	NA	NA
sgTECR_4	sgPOLR2K_2	NA	NA	NA	NA
sgTERF1_1	sgPOLR2K_3	NA	NA	NA	NA
sgTERF1_3	sgPOLR2M_1	NA	NA	NA	NA
sgTERF1_4	sgPOLR3D_2	NA	NA	NA	NA
sgTERF2IP_3	sgPOLRMT_2	NA	NA	NA	NA
sgTFB2M_2	sgPOLRMT_3	NA	NA	NA	NA
sgTFDP1_1	sgPOM121C_5	NA	NA	NA	NA
sgTFDP1_2	sgPOM121L12_1	NA	NA	NA	NA
sgTFDP1_4	sgPOM121_2	NA	NA	NA	NA
sgTGFBR1_3	sgPOM121_3	NA	NA	NA	NA
sgTGIF1_2	sgPOM121_5	NA	NA	NA	NA
sgTHAP5_1	sgPOM121_6	NA	NA	NA	NA
sgTHAP5_3	sgPOMGNT1_2	NA	NA	NA	NA
sgTHAP5_4	sgPOMZP3_3	NA	NA	NA	NA
sgTHEM4_1	sgPOSTN_4	NA	NA	NA	NA
sgTHEM4_4	sgPOTEC_3	NA	NA	NA	NA
sgTHOC3_1	sgPOTEC_4	NA	NA	NA	NA
sgTHOC3_2	sgPOTEC_5	NA	NA	NA	NA
sgTHOC3_3	sgPOTEC_6	NA	NA	NA	NA
sgTHOC3_4	sgPOTED_1	NA	NA	NA	NA
sgTIGD1_1	sgPOTED_3	NA	NA	NA	NA
sgTIGD1_2	sgPOTEE_2	NA	NA	NA	NA
sgTIMM23_2	sgPOTEE_3	NA	NA	NA	NA
sgTIMM23_4	sgPOTEE_4	NA	NA	NA	NA
sgTIRAP_2	sgPOTEF_1	NA	NA	NA	NA
sgTJAP1_2	sgPOTEF_2	NA	NA	NA	NA
sgTJAP1_3	sgPOTEF_3	NA	NA	NA	NA
sgTLE1_2	sgPOTEF_4	NA	NA	NA	NA
sgTLE1_3	sgPOTEG_3	NA	NA	NA	NA
sgTLK1_2	sgPOTEG_4	NA	NA	NA	NA
sgTLK1_3	sgPOTEG_6	NA	NA	NA	NA
sgTLK1_4	sgPOTEG_7	NA	NA	NA	NA
sgTLK2_1	sgPOTEH_1	NA	NA	NA	NA
sgTLK2_2	sgPOTEH_2	NA	NA	NA	NA
sgTLK2_3	sgPOTEI_1	NA	NA	NA	NA
sgTLK2_4	sgPOTEI_2	NA	NA	NA	NA
sgTMA16_1	sgPOTEI_6	NA	NA	NA	NA
sgTMA16_3	sgPOTEM_5	NA	NA	NA	NA
sgTMA7_1	sgPOTEM_6	NA	NA	NA	NA
sgTMA7_3	sgPOU3F1_2	NA	NA	NA	NA
sgTMCC3_1	sgPOU5F1_6	NA	NA	NA	NA
sgTMED10_2	sgPOU5F1_7	NA	NA	NA	NA
sgTMEM132B_3	sgPPA1_1	NA	NA	NA	NA
sgTMEM141_2	sgPPA1_2	NA	NA	NA	NA
sgTMEM14B_1	sgPPARGC1B_3	NA	NA	NA	NA
sgTMEM14B_2	sgPPAT_1	NA	NA	NA	NA
sgTMEM14B_3	sgPPBP_2	NA	NA	NA	NA
sgTMEM14B_4	sgPPBP_3	NA	NA	NA	NA
sgTMEM14C_1	sgPPCDC_3	NA	NA	NA	NA
sgTMEM14C_3	sgPPFIA1_3	NA	NA	NA	NA
sgTMEM167A_1	sgPPFIBP2_3	NA	NA	NA	NA
sgTMEM167A_2	sgPPIAL4B_2	NA	NA	NA	NA
sgTMEM167A_4	sgPPIAL4C_2	NA	NA	NA	NA
sgTMEM183A_2	sgPPIAL4G_1	NA	NA	NA	NA
sgTMEM230_1	sgPPIAL4G_3	NA	NA	NA	NA
sgTMEM230_2	sgPPIAL4G_5	NA	NA	NA	NA
sgTMEM230_3	sgPPIAL4G_6	NA	NA	NA	NA
sgTMEM231_1	sgPPIC_1	NA	NA	NA	NA
sgTMEM242_4	sgPPIE_2	NA	NA	NA	NA
sgTMEM251_2	sgPPIH_1	NA	NA	NA	NA
sgTMEM50B_1	sgPPIL1_3	NA	NA	NA	NA
sgTMEM56_1	sgPPIL4_4	NA	NA	NA	NA
sgTMEM69_3	sgPPIL6_1	NA	NA	NA	NA
sgTMEM69_4	sgPPIP5K2_4	NA	NA	NA	NA
sgTMEM92_3	sgPPM1E_2	NA	NA	NA	NA
sgTMEM98_2	sgPPM1M_3	NA	NA	NA	NA
sgTMSB10_1	sgPPP1R11_3	NA	NA	NA	NA
sgTMX1_2	sgPPP1R11_4	NA	NA	NA	NA
sgTMX1_4	sgPPP1R12B_2	NA	NA	NA	NA
sgTNXB_1	sgPPP1R14B_3	NA	NA	NA	NA
sgTNXB_2	sgPPP1R17_2	NA	NA	NA	NA
sgTNXB_3	sgPPP1R1A_2	NA	NA	NA	NA
sgTNXB_4	sgPPP1R26_3	NA	NA	NA	NA
sgTOMM40_2	sgPPP1R2_2	NA	NA	NA	NA
sgTOMM40_4	sgPPP1R3A_1	NA	NA	NA	NA
sgTOMM6_4	sgPPP1R3G_2	NA	NA	NA	NA
sgTOMM7_2	sgPPP1R3G_4	NA	NA	NA	NA
sgTOMM7_3	sgPPP1R8_4	NA	NA	NA	NA
sgTOX4_2	sgPPP2CB_2	NA	NA	NA	NA
sgTP53TG3B_1	sgPPP2CB_3	NA	NA	NA	NA
sgTP53TG3B_2	sgPPP2R1B_1	NA	NA	NA	NA
sgTP53TG3B_3	sgPPP2R3A_2	NA	NA	NA	NA
sgTP53TG3B_4	sgPPP2R5A_4	NA	NA	NA	NA
sgTP53TG3B_5	sgPPP2R5D_3	NA	NA	NA	NA
sgTP53TG3D_1	sgPPP2R5E_4	NA	NA	NA	NA
sgTP53TG3D_2	sgPPP3CC_2	NA	NA	NA	NA
sgTP53TG3D_3	sgPPP3R1_1	NA	NA	NA	NA
sgTP53TG3D_4	sgPPP5C_3	NA	NA	NA	NA
sgTP53TG3D_5	sgPPP6R2_1	NA	NA	NA	NA
sgTP53TG3_1	sgPPY_2	NA	NA	NA	NA
sgTP53TG3_2	sgPPY_4	NA	NA	NA	NA
sgTP53TG3_3	sgPRADC1_1	NA	NA	NA	NA
sgTP53TG3_4	sgPRAMEF10_2	NA	NA	NA	NA
sgTP53TG3_5	sgPRAMEF11_1	NA	NA	NA	NA
sgTPD52L2_3	sgPRAMEF11_2	NA	NA	NA	NA
sgTPD52L2_4	sgPRAMEF11_5	NA	NA	NA	NA
sgTPI1_3	sgPRAMEF11_8	NA	NA	NA	NA
sgTPK1_3	sgPRAMEF12_2	NA	NA	NA	NA
sgTPM3_1	sgPRAMEF12_3	NA	NA	NA	NA
sgTPM3_4	sgPRAMEF12_4	NA	NA	NA	NA
sgTPM4_2	sgPRAMEF14_1	NA	NA	NA	NA
sgTPM4_3	sgPRAMEF14_3	NA	NA	NA	NA
sgTPMT_1	sgPRAMEF14_4	NA	NA	NA	NA
sgTPRX1_2	sgPRAMEF1_1	NA	NA	NA	NA
sgTPSAB1_3	sgPRAMEF1_2	NA	NA	NA	NA
sgTPSAB1_4	sgPRAMEF1_3	NA	NA	NA	NA
sgTPT1_2	sgPRAMEF1_4	NA	NA	NA	NA
sgTPT1_3	sgPRAMEF20_1	NA	NA	NA	NA
sgTPTE2_1	sgPRAMEF20_4	NA	NA	NA	NA
sgTPTE2_3	sgPRAMEF20_5	NA	NA	NA	NA
sgTPTE2_4	sgPRAMEF20_6	NA	NA	NA	NA
sgTPTE2_6	sgPRAMEF2_1	NA	NA	NA	NA
sgTPTE2_7	sgPRAMEF2_2	NA	NA	NA	NA
sgTPTE_1	sgPRAMEF2_3	NA	NA	NA	NA
sgTPTE_2	sgPRAMEF2_4	NA	NA	NA	NA
sgTPTE_3	sgPRAMEF4_4	NA	NA	NA	NA
sgTPTE_4	sgPRAMEF4_9	NA	NA	NA	NA
sgTPTE_5	sgPRAMEF6_3	NA	NA	NA	NA
sgTRAF6_3	sgPRAMEF8_2	NA	NA	NA	NA
sgTREML2_2	sgPRAME_1	NA	NA	NA	NA
sgTREML2_4	sgPRB2_3	NA	NA	NA	NA
sgTREML4_2	sgPRB2_4	NA	NA	NA	NA
sgTRIM16_2	sgPRB2_5	NA	NA	NA	NA
sgTRIM34_4	sgPRCP_2	NA	NA	NA	NA
sgTRIM38_2	sgPRDM15_3	NA	NA	NA	NA
sgTRIM43_1	sgPRDM15_4	NA	NA	NA	NA
sgTRIM43_2	sgPRDM6_3	NA	NA	NA	NA
sgTRIM43_3	sgPRDM7_3	NA	NA	NA	NA
sgTRIM48_1	sgPRDX1_2	NA	NA	NA	NA
sgTRIM48_3	sgPRDX2_3	NA	NA	NA	NA
sgTRIM48_4	sgPRDX3_3	NA	NA	NA	NA
sgTRIM48_5	sgPRDX5_3	NA	NA	NA	NA
sgTRIM49B_2	sgPRDX6_4	NA	NA	NA	NA
sgTRIM49B_5	sgPRELID1_2	NA	NA	NA	NA
sgTRIM49B_6	sgPRELP_2	NA	NA	NA	NA
sgTRIM49B_7	sgPREX1_4	NA	NA	NA	NA
sgTRIM49C_1	sgPRG2_2	NA	NA	NA	NA
sgTRIM49C_2	sgPRICKLE1_2	NA	NA	NA	NA
sgTRIM49C_3	sgPRICKLE2_2	NA	NA	NA	NA
sgTRIM49C_4	sgPRIM1_3	NA	NA	NA	NA
sgTRIM49D1_1	sgPRKAA1_1	NA	NA	NA	NA
sgTRIM49D1_2	sgPRKAA2_1	NA	NA	NA	NA
sgTRIM49D1_3	sgPRKCB_2	NA	NA	NA	NA
sgTRIM49D1_4	sgPRKCE_3	NA	NA	NA	NA
sgTRIM49D1_5	sgPRKCG_3	NA	NA	NA	NA
sgTRIM49D1_6	sgPRKCH_1	NA	NA	NA	NA
sgTRIM49_1	sgPRKCI_2	NA	NA	NA	NA
sgTRIM49_2	sgPRKG2_1	NA	NA	NA	NA
sgTRIM49_3	sgPRKRA_2	NA	NA	NA	NA
sgTRIM49_4	sgPRMT7_2	NA	NA	NA	NA
sgTRIM50_3	sgPRNP_4	NA	NA	NA	NA
sgTRIM50_4	sgPROC_2	NA	NA	NA	NA
sgTRIM50_6	sgPRODH2_1	NA	NA	NA	NA
sgTRIM5_2	sgPRODH2_3	NA	NA	NA	NA
sgTRIM61_1	sgPRODH_3	NA	NA	NA	NA
sgTRIM61_2	sgPROKR1_4	NA	NA	NA	NA
sgTRIM61_3	sgPROKR2_3	NA	NA	NA	NA
sgTRIM61_4	sgPROP1_3	NA	NA	NA	NA
sgTRIM64B_1	sgPROP1_4	NA	NA	NA	NA
sgTRIM64B_2	sgPROS1_3	NA	NA	NA	NA
sgTRIM64B_3	sgPROZ_3	NA	NA	NA	NA
sgTRIM64B_4	sgPRPF18_1	NA	NA	NA	NA
sgTRIM6_8	sgPRPF38A_1	NA	NA	NA	NA
sgTRIM73_2	sgPRPF38A_3	NA	NA	NA	NA
sgTRIM73_3	sgPRPF38A_4	NA	NA	NA	NA
sgTRIM73_4	sgPRPF40A_1	NA	NA	NA	NA
sgTRIM73_5	sgPRPF4B_4	NA	NA	NA	NA
sgTRIM74_1	sgPRPH_2	NA	NA	NA	NA
sgTRIM74_2	sgPRPS1L1_1	NA	NA	NA	NA
sgTRIM74_3	sgPRPS1L1_2	NA	NA	NA	NA
sgTRIM74_4	sgPRPS1L1_3	NA	NA	NA	NA
sgTRIM77_3	sgPRR12_4	NA	NA	NA	NA
sgTRIM77_4	sgPRR14L_2	NA	NA	NA	NA
sgTRMT112_3	sgPRR16_1	NA	NA	NA	NA
sgTRMT1_3	sgPRR18_2	NA	NA	NA	NA
sgTRPA1_2	sgPRR22_4	NA	NA	NA	NA
sgTRPA1_3	sgPRR23A_2	NA	NA	NA	NA
sgTRPA1_4	sgPRR23A_3	NA	NA	NA	NA
sgTSNARE1_3	sgPRR23A_4	NA	NA	NA	NA
sgTSN_1	sgPRR23B_1	NA	NA	NA	NA
sgTSPYL5_2	sgPRR23B_3	NA	NA	NA	NA
sgTTC3_3	sgPRR23B_4	NA	NA	NA	NA
sgTTC3_4	sgPRR23C_3	NA	NA	NA	NA
sgTTC4_4	sgPRR23C_4	NA	NA	NA	NA
sgTTC5_2	sgPRR24_1	NA	NA	NA	NA
sgTUBA1B_1	sgPRR29_4	NA	NA	NA	NA
sgTUBA1B_2	sgPRR30_1	NA	NA	NA	NA
sgTUBA1B_3	sgPRRT2_1	NA	NA	NA	NA
sgTUBA1B_4	sgPRSS1_1	NA	NA	NA	NA
sgTUBA3E_4	sgPRSS1_4	NA	NA	NA	NA
sgTUBA4A_3	sgPRSS22_3	NA	NA	NA	NA
sgTUBB2A_3	sgPRSS3_3	NA	NA	NA	NA
sgTUBB4A_1	sgPRSS58_1	NA	NA	NA	NA
sgTUBB4A_3	sgPRSS58_3	NA	NA	NA	NA
sgTUBB8_1	sgPRTN3_1	NA	NA	NA	NA
sgTUBB8_2	sgPRX_1	NA	NA	NA	NA
sgTUBB8_3	sgPSAT1_1	NA	NA	NA	NA
sgTUBB_3	sgPSAT1_2	NA	NA	NA	NA
sgTUBE1_2	sgPSAT1_3	NA	NA	NA	NA
sgTUBE1_4	sgPSAT1_4	NA	NA	NA	NA
sgTUBG1_2	sgPSG11_1	NA	NA	NA	NA
sgTVP23B_1	sgPSG1_1	NA	NA	NA	NA
sgTVP23B_2	sgPSG1_3	NA	NA	NA	NA
sgTVP23B_3	sgPSG1_4	NA	NA	NA	NA
sgTVP23B_4	sgPSG2_3	NA	NA	NA	NA
sgTVP23C_1	sgPSG3_1	NA	NA	NA	NA
sgTVP23C_2	sgPSG3_2	NA	NA	NA	NA
sgTVP23C_3	sgPSG3_3	NA	NA	NA	NA
sgTVP23C_4	sgPSG3_4	NA	NA	NA	NA
sgTWF1_2	sgPSG4_1	NA	NA	NA	NA
sgTWF1_3	sgPSG4_2	NA	NA	NA	NA
sgTWF1_4	sgPSG4_3	NA	NA	NA	NA
sgTXNDC2_2	sgPSG4_4	NA	NA	NA	NA
sgTXNDC2_3	sgPSG5_1	NA	NA	NA	NA
sgTXNDC2_4	sgPSG5_4	NA	NA	NA	NA
sgTXNDC9_2	sgPSG6_1	NA	NA	NA	NA
sgTXNDC9_3	sgPSG6_2	NA	NA	NA	NA
sgTXNDC9_4	sgPSG6_4	NA	NA	NA	NA
sgTXN_2	sgPSG8_3	NA	NA	NA	NA
sgTXN_4	sgPSG9_1	NA	NA	NA	NA
sgTYRO3_2	sgPSG9_2	NA	NA	NA	NA
sgTYRO3_4	sgPSG9_3	NA	NA	NA	NA
sgTYW1_2	sgPSMA1_3	NA	NA	NA	NA
sgTYW1_3	sgPSMA2_1	NA	NA	NA	NA
sgUBA52_3	sgPSMA2_2	NA	NA	NA	NA
sgUBA52_4	sgPSMA2_3	NA	NA	NA	NA
sgUBB_1	sgPSMA3_3	NA	NA	NA	NA
sgUBB_3	sgPSMA6_4	NA	NA	NA	NA
sgUBC_2	sgPSMA8_2	NA	NA	NA	NA
sgUBC_3	sgPSMB3_1	NA	NA	NA	NA
sgUBC_4	sgPSMB3_4	NA	NA	NA	NA
sgUBC_5	sgPSMC2_3	NA	NA	NA	NA
sgUBC_6	sgPSMC3_1	NA	NA	NA	NA
sgUBC_7	sgPSMC6_2	NA	NA	NA	NA
sgUBC_8	sgPSMD13_1	NA	NA	NA	NA
sgUBE2D3_2	sgPSMD2_1	NA	NA	NA	NA
sgUBE2D3_3	sgPSMD2_2	NA	NA	NA	NA
sgUBE2E3_1	sgPSMD7_3	NA	NA	NA	NA
sgUBE2E3_4	sgPSMD9_3	NA	NA	NA	NA
sgUBE2F_3	sgPSME1_2	NA	NA	NA	NA
sgUBE2L3_1	sgPSME1_4	NA	NA	NA	NA
sgUBE2L3_2	sgPSME2_4	NA	NA	NA	NA
sgUBE2L3_4	sgPSME3_1	NA	NA	NA	NA
sgUBE2L3_5	sgPSMG3_2	NA	NA	NA	NA
sgUBE2M_3	sgPTBP1_3	NA	NA	NA	NA
sgUBE2M_4	sgPTCD2_1	NA	NA	NA	NA
sgUBE2S_1	sgPTCD3_1	NA	NA	NA	NA
sgUBE2S_3	sgPTCD3_3	NA	NA	NA	NA
sgUBE2S_4	sgPTCHD2_4	NA	NA	NA	NA
sgUBE2V1_2	sgPTDSS1_1	NA	NA	NA	NA
sgUBE2V1_3	sgPTDSS2_2	NA	NA	NA	NA
sgUBE2V1_4	sgPTGDS_4	NA	NA	NA	NA
sgUBE2V2_4	sgPTGER2_1	NA	NA	NA	NA
sgUBL5_1	sgPTGER4_3	NA	NA	NA	NA
sgUBL5_3	sgPTGES3_1	NA	NA	NA	NA
sgUBQLN4_2	sgPTGES3_2	NA	NA	NA	NA
sgUBQLN4_3	sgPTGIS_2	NA	NA	NA	NA
sgUBQLN4_4	sgPTGR1_3	NA	NA	NA	NA
sgUBXN2A_1	sgPTH1R_1	NA	NA	NA	NA
sgUGT2B11_1	sgPTMA_1	NA	NA	NA	NA
sgUGT2B11_2	sgPTOV1_2	NA	NA	NA	NA
sgUGT2B11_4	sgPTOV1_3	NA	NA	NA	NA
sgUGT2B7_1	sgPTP4A1_1	NA	NA	NA	NA
sgUGT2B7_2	sgPTP4A1_3	NA	NA	NA	NA
sgUHRF2_3	sgPTP4A1_4	NA	NA	NA	NA
sgULBP1_1	sgPTP4A2_1	NA	NA	NA	NA
sgULBP1_2	sgPTP4A3_2	NA	NA	NA	NA
sgULBP2_2	sgPTPMT1_3	NA	NA	NA	NA
sgUPF3A_1	sgPTPN11_3	NA	NA	NA	NA
sgUPF3A_4	sgPTPN14_2	NA	NA	NA	NA
sgUPK3B_1	sgPTPN20B_1	NA	NA	NA	NA
sgUPK3B_2	sgPTPN21_4	NA	NA	NA	NA
sgUQCRB_1	sgPTPN2_2	NA	NA	NA	NA
sgUQCRB_4	sgPTPN4_1	NA	NA	NA	NA
sgUQCRFS1_1	sgPTPN5_4	NA	NA	NA	NA
sgUQCRFS1_2	sgPTPRB_1	NA	NA	NA	NA
sgUQCRFS1_3	sgPTPRH_1	NA	NA	NA	NA
sgUQCRFS1_4	sgPTPRU_1	NA	NA	NA	NA
sgUQCRH_1	sgPTTG1_1	NA	NA	NA	NA
sgUQCRH_2	sgPTTG1_3	NA	NA	NA	NA
sgUQCRH_3	sgPTTG2_1	NA	NA	NA	NA
sgUSF1_4	sgPTTG2_4	NA	NA	NA	NA
sgUSMG5_1	sgPURA_2	NA	NA	NA	NA
sgUSMG5_3	sgPURA_3	NA	NA	NA	NA
sgUSMG5_4	sgPURB_1	NA	NA	NA	NA
sgUSP10_2	sgPURB_3	NA	NA	NA	NA
sgUSP10_4	sgPURG_3	NA	NA	NA	NA
sgUSP12_2	sgPVRIG_2	NA	NA	NA	NA
sgUSP12_3	sgPYCR1_3	NA	NA	NA	NA
sgUSP12_4	sgPYCRL_3	NA	NA	NA	NA
sgUSP17L10_1	sgPYGB_3	NA	NA	NA	NA
sgUSP17L10_3	sgPYROXD1_1	NA	NA	NA	NA
sgUSP17L10_4	sgPYROXD1_3	NA	NA	NA	NA
sgUSP17L10_6	sgPYURF_1	NA	NA	NA	NA
sgUSP17L10_8	sgPYURF_2	NA	NA	NA	NA
sgUSP17L11_1	sgQKI_4	NA	NA	NA	NA
sgUSP17L11_2	sgQRFP_1	NA	NA	NA	NA
sgUSP17L11_3	sgQRSL1_3	NA	NA	NA	NA
sgUSP17L11_4	sgQRSL1_4	NA	NA	NA	NA
sgUSP17L11_5	sgR3HCC1L_3	NA	NA	NA	NA
sgUSP17L11_6	sgR3HCC1_1	NA	NA	NA	NA
sgUSP17L12_1	sgR3HDM1_3	NA	NA	NA	NA
sgUSP17L12_2	sgR3HDML_1	NA	NA	NA	NA
sgUSP17L12_4	sgRAB11A_3	NA	NA	NA	NA
sgUSP17L12_5	sgRAB11A_4	NA	NA	NA	NA
sgUSP17L12_6	sgRAB11FIP3_4	NA	NA	NA	NA
sgUSP17L13_1	sgRAB15_2	NA	NA	NA	NA
sgUSP17L13_4	sgRAB1A_1	NA	NA	NA	NA
sgUSP17L13_5	sgRAB1A_4	NA	NA	NA	NA
sgUSP17L13_7	sgRAB20_1	NA	NA	NA	NA
sgUSP17L13_9	sgRAB31_1	NA	NA	NA	NA
sgUSP17L17_1	sgRAB40B_1	NA	NA	NA	NA
sgUSP17L17_2	sgRAB40C_2	NA	NA	NA	NA
sgUSP17L17_3	sgRAB5A_4	NA	NA	NA	NA
sgUSP17L17_4	sgRAB5C_4	NA	NA	NA	NA
sgUSP17L17_5	sgRAB8B_4	NA	NA	NA	NA
sgUSP17L17_6	sgRABGEF1_2	NA	NA	NA	NA
sgUSP17L18_1	sgRABGGTB_1	NA	NA	NA	NA
sgUSP17L18_2	sgRABL2A_2	NA	NA	NA	NA
sgUSP17L18_3	sgRABL2A_4	NA	NA	NA	NA
sgUSP17L18_4	sgRABL2B_5	NA	NA	NA	NA
sgUSP17L18_5	sgRAC3_1	NA	NA	NA	NA
sgUSP17L18_6	sgRAC3_3	NA	NA	NA	NA
sgUSP17L19_1	sgRAD17_3	NA	NA	NA	NA
sgUSP17L19_2	sgRAD1_1	NA	NA	NA	NA
sgUSP17L19_3	sgRAD21_2	NA	NA	NA	NA
sgUSP17L19_4	sgRAD21_4	NA	NA	NA	NA
sgUSP17L19_5	sgRAD50_3	NA	NA	NA	NA
sgUSP17L19_6	sgRAD51AP2_2	NA	NA	NA	NA
sgUSP17L20_1	sgRAD51D_2	NA	NA	NA	NA
sgUSP17L20_2	sgRAD54L2_3	NA	NA	NA	NA
sgUSP17L20_3	sgRAD9B_3	NA	NA	NA	NA
sgUSP17L20_4	sgRAET1E_3	NA	NA	NA	NA
sgUSP17L20_5	sgRAET1G_2	NA	NA	NA	NA
sgUSP17L20_6	sgRAET1G_3	NA	NA	NA	NA
sgUSP17L21_1	sgRAET1L_1	NA	NA	NA	NA
sgUSP17L21_2	sgRALA_2	NA	NA	NA	NA
sgUSP17L21_4	sgRALA_4	NA	NA	NA	NA
sgUSP17L21_5	sgRALBP1_2	NA	NA	NA	NA
sgUSP17L21_6	sgRALB_3	NA	NA	NA	NA
sgUSP17L22_1	sgRALY_4	NA	NA	NA	NA
sgUSP17L22_2	sgRAMP2_2	NA	NA	NA	NA
sgUSP17L22_3	sgRANBP1_3	NA	NA	NA	NA
sgUSP17L22_4	sgRANBP1_4	NA	NA	NA	NA
sgUSP17L22_5	sgRANBP2_6	NA	NA	NA	NA
sgUSP17L22_6	sgRAN_1	NA	NA	NA	NA
sgUSP17L24_1	sgRAP1GAP2_3	NA	NA	NA	NA
sgUSP17L24_2	sgRAP2A_2	NA	NA	NA	NA
sgUSP17L24_3	sgRAPH1_3	NA	NA	NA	NA
sgUSP17L24_4	sgRAPSN_4	NA	NA	NA	NA
sgUSP17L24_5	sgRARB_4	NA	NA	NA	NA
sgUSP17L24_6	sgRARRES2_1	NA	NA	NA	NA
sgUSP17L25_1	sgRARRES2_4	NA	NA	NA	NA
sgUSP17L25_2	sgRASA4B_2	NA	NA	NA	NA
sgUSP17L25_3	sgRASA4B_4	NA	NA	NA	NA
sgUSP17L25_4	sgRASA4_2	NA	NA	NA	NA
sgUSP17L25_5	sgRASA4_3	NA	NA	NA	NA
sgUSP17L25_6	sgRASGRP1_2	NA	NA	NA	NA
sgUSP17L26_1	sgRASGRP3_1	NA	NA	NA	NA
sgUSP17L26_2	sgRASGRP4_3	NA	NA	NA	NA
sgUSP17L26_3	sgRASSF6_4	NA	NA	NA	NA
sgUSP17L26_4	sgRAVER2_4	NA	NA	NA	NA
sgUSP17L26_5	sgRAX2_2	NA	NA	NA	NA
sgUSP17L26_6	sgRAX2_3	NA	NA	NA	NA
sgUSP17L27_1	sgRAX2_4	NA	NA	NA	NA
sgUSP17L27_2	sgRBAK_3	NA	NA	NA	NA
sgUSP17L27_3	sgRBM11_1	NA	NA	NA	NA
sgUSP17L27_4	sgRBM11_4	NA	NA	NA	NA
sgUSP17L27_5	sgRBM18_4	NA	NA	NA	NA
sgUSP17L27_6	sgRBM19_3	NA	NA	NA	NA
sgUSP17L28_1	sgRBM34_4	NA	NA	NA	NA
sgUSP17L28_2	sgRBM39_2	NA	NA	NA	NA
sgUSP17L28_3	sgRBM39_4	NA	NA	NA	NA
sgUSP17L28_4	sgRBM48_3	NA	NA	NA	NA
sgUSP17L28_5	sgRBM4B_4	NA	NA	NA	NA
sgUSP17L28_6	sgRBM4_4	NA	NA	NA	NA
sgUSP17L29_1	sgRBM7_1	NA	NA	NA	NA
sgUSP17L29_2	sgRBM8A_1	NA	NA	NA	NA
sgUSP17L29_3	sgRBMS1_1	NA	NA	NA	NA
sgUSP17L29_4	sgRBMS1_2	NA	NA	NA	NA
sgUSP17L29_5	sgRBMS3_4	NA	NA	NA	NA
sgUSP17L29_6	sgRBMXL1_1	NA	NA	NA	NA
sgUSP17L2_1	sgRBMXL1_3	NA	NA	NA	NA
sgUSP17L2_2	sgRBMXL1_5	NA	NA	NA	NA
sgUSP17L2_3	sgRBPJ_3	NA	NA	NA	NA
sgUSP17L2_4	sgRBPMS_4	NA	NA	NA	NA
sgUSP17L2_5	sgRBX1_1	NA	NA	NA	NA
sgUSP17L2_6	sgRCAN1_4	NA	NA	NA	NA
sgUSP17L2_7	sgRCAN2_3	NA	NA	NA	NA
sgUSP17L2_8	sgRCC2_4	NA	NA	NA	NA
sgUSP17L30_1	sgRCOR1_1	NA	NA	NA	NA
sgUSP17L30_2	sgRCOR2_2	NA	NA	NA	NA
sgUSP17L30_3	sgRCOR2_4	NA	NA	NA	NA
sgUSP17L30_4	sgRCOR3_1	NA	NA	NA	NA
sgUSP17L30_5	sgRCOR3_3	NA	NA	NA	NA
sgUSP17L30_6	sgRCVRN_1	NA	NA	NA	NA
sgUSP17L5_1	sgRDM1_1	NA	NA	NA	NA
sgUSP17L5_2	sgRDM1_3	NA	NA	NA	NA
sgUSP17L5_3	sgRDX_3	NA	NA	NA	NA
sgUSP17L5_5	sgRDX_4	NA	NA	NA	NA
sgUSP17L5_6	sgRECQL_2	NA	NA	NA	NA
sgUSP18_1	sgREEP1_2	NA	NA	NA	NA
sgUSP18_4	sgREEP2_4	NA	NA	NA	NA
sgUSP32_1	sgREEP3_1	NA	NA	NA	NA
sgUSP6_3	sgREG1B_1	NA	NA	NA	NA
sgUTP18_1	sgREG3A_1	NA	NA	NA	NA
sgUTP6_3	sgREG3A_2	NA	NA	NA	NA
sgUTP6_4	sgRELB_2	NA	NA	NA	NA
sgVAPA_1	sgREM2_4	NA	NA	NA	NA
sgVAPA_3	sgREPIN1_4	NA	NA	NA	NA
sgVAPA_4	sgREXO4_1	NA	NA	NA	NA
sgVDAC1_1	sgREXO4_4	NA	NA	NA	NA
sgVDAC1_3	sgRFNG_1	NA	NA	NA	NA
sgVDAC1_4	sgRFPL1_1	NA	NA	NA	NA
sgVDAC2_1	sgRFPL1_2	NA	NA	NA	NA
sgVDAC3_3	sgRFPL1_4	NA	NA	NA	NA
sgVENTX_2	sgRFPL2_1	NA	NA	NA	NA
sgVENTX_4	sgRFPL2_2	NA	NA	NA	NA
sgVEZF1_4	sgRFPL2_3	NA	NA	NA	NA
sgVKORC1L1_2	sgRFPL2_5	NA	NA	NA	NA
sgVN1R2_1	sgRFPL3_1	NA	NA	NA	NA
sgVN1R2_3	sgRFPL3_2	NA	NA	NA	NA
sgVN1R4_1	sgRFPL4AL1_1	NA	NA	NA	NA
sgVN1R4_2	sgRFPL4A_1	NA	NA	NA	NA
sgVN1R4_3	sgRFT1_4	NA	NA	NA	NA
sgVN1R4_4	sgRFTN1_4	NA	NA	NA	NA
sgVOPP1_2	sgRFTN2_1	NA	NA	NA	NA
sgVOPP1_4	sgRGCC_4	NA	NA	NA	NA
sgVPS26A_4	sgRGL1_1	NA	NA	NA	NA
sgVPS33B_2	sgRGMB_3	NA	NA	NA	NA
sgVPS35_2	sgRGPD2_7	NA	NA	NA	NA
sgVPS35_3	sgRGPD3_5	NA	NA	NA	NA
sgVPS35_4	sgRGPD4_2	NA	NA	NA	NA
sgVPS51_3	sgRGPD4_4	NA	NA	NA	NA
sgVPS53_1	sgRGPD4_5	NA	NA	NA	NA
sgVSIG10_2	sgRGPD4_6	NA	NA	NA	NA
sgVTI1B_3	sgRGR_3	NA	NA	NA	NA
sgVTI1B_4	sgRGR_4	NA	NA	NA	NA
sgWASF2_2	sgRGS17_2	NA	NA	NA	NA
sgWASF2_3	sgRGS2_1	NA	NA	NA	NA
sgWASF2_4	sgRGS4_2	NA	NA	NA	NA
sgWBP1_2	sgRGS6_1	NA	NA	NA	NA
sgWBP1_3	sgRGSL1_1	NA	NA	NA	NA
sgWBP1_4	sgRHBDD2_3	NA	NA	NA	NA
sgWDR59_2	sgRHBDF1_1	NA	NA	NA	NA
sgWDR5_1	sgRHBDL2_4	NA	NA	NA	NA
sgWDR5_3	sgRHCE_1	NA	NA	NA	NA
sgWDR70_1	sgRHCE_2	NA	NA	NA	NA
sgWDR70_2	sgRHCE_4	NA	NA	NA	NA
sgWDR70_4	sgRHD_1	NA	NA	NA	NA
sgWDR82_3	sgRHD_3	NA	NA	NA	NA
sgWFDC10A_3	sgRHEB_4	NA	NA	NA	NA
sgWFDC10A_4	sgRHOH_3	NA	NA	NA	NA
sgWFDC10B_3	sgRHOT2_2	NA	NA	NA	NA
sgWFDC10B_4	sgRHOT2_3	NA	NA	NA	NA
sgWHSC1L1_2	sgRILPL1_3	NA	NA	NA	NA
sgWWP1_3	sgRIMBP3B_3	NA	NA	NA	NA
sgXCL1_1	sgRIMBP3_4	NA	NA	NA	NA
sgXCL1_3	sgRIMBP3_5	NA	NA	NA	NA
sgXCL1_4	sgRIMBP3_8	NA	NA	NA	NA
sgXCL2_1	sgRIOK2_4	NA	NA	NA	NA
sgXCL2_2	sgRIPK1_3	NA	NA	NA	NA
sgXCL2_3	sgRLBP1_1	NA	NA	NA	NA
sgXPO6_2	sgRLF_1	NA	NA	NA	NA
sgXPOT_1	sgRLN1_4	NA	NA	NA	NA
sgXPOT_3	sgRMDN3_1	NA	NA	NA	NA
sgXPOT_4	sgRMDN3_2	NA	NA	NA	NA
sgXRCC6_1	sgRMND5A_1	NA	NA	NA	NA
sgXRCC6_2	sgRNASE7_4	NA	NA	NA	NA
sgXRCC6_3	sgRNASE8_4	NA	NA	NA	NA
sgYAP1_3	sgRNASEH1_4	NA	NA	NA	NA
sgYBX1_2	sgRNASEH2B_4	NA	NA	NA	NA
sgYBX1_4	sgRND1_2	NA	NA	NA	NA
sgYBX2_3	sgRNF103_1	NA	NA	NA	NA
sgYBX3_4	sgRNF113B_2	NA	NA	NA	NA
sgYKT6_3	sgRNF113B_3	NA	NA	NA	NA
sgYKT6_4	sgRNF11_2	NA	NA	NA	NA
sgYTHDF2_2	sgRNF11_3	NA	NA	NA	NA
sgYWHAE_1	sgRNF121_3	NA	NA	NA	NA
sgYWHAE_2	sgRNF122_3	NA	NA	NA	NA
sgYWHAE_4	sgRNF123_1	NA	NA	NA	NA
sgYWHAQ_4	sgRNF123_2	NA	NA	NA	NA
sgYWHAZ_1	sgRNF13_1	NA	NA	NA	NA
sgYWHAZ_2	sgRNF13_4	NA	NA	NA	NA
sgYWHAZ_3	sgRNF144A_4	NA	NA	NA	NA
sgYWHAZ_4	sgRNF146_1	NA	NA	NA	NA
sgYY1_3	sgRNF148_3	NA	NA	NA	NA
sgZC3H11A_1	sgRNF14_1	NA	NA	NA	NA
sgZC3H11A_2	sgRNF14_2	NA	NA	NA	NA
sgZC3H11A_3	sgRNF14_3	NA	NA	NA	NA
sgZCCHC10_4	sgRNF151_2	NA	NA	NA	NA
sgZCCHC7_2	sgRNF152_2	NA	NA	NA	NA
sgZCCHC7_4	sgRNF152_4	NA	NA	NA	NA
sgZCRB1_1	sgRNF180_4	NA	NA	NA	NA
sgZFAND5_1	sgRNF181_4	NA	NA	NA	NA
sgZFAND5_2	sgRNF20_2	NA	NA	NA	NA
sgZFAND5_3	sgRNF224_1	NA	NA	NA	NA
sgZFAND5_4	sgRNF2_1	NA	NA	NA	NA
sgZFAND6_1	sgRNF6_1	NA	NA	NA	NA
sgZFAND6_3	sgRNF7_2	NA	NA	NA	NA
sgZFR_3	sgRNF7_3	NA	NA	NA	NA
sgZKSCAN3_3	sgRNFT1_2	NA	NA	NA	NA
sgZKSCAN4_2	sgRNFT1_4	NA	NA	NA	NA
sgZMAT2_3	sgRNH1_2	NA	NA	NA	NA
sgZNF100_2	sgRNLS_2	NA	NA	NA	NA
sgZNF117_1	sgRNMTL1_2	NA	NA	NA	NA
sgZNF124_2	sgRNMTL1_3	NA	NA	NA	NA
sgZNF124_4	sgRNMT_4	NA	NA	NA	NA
sgZNF133_5	sgRNPC3_4	NA	NA	NA	NA
sgZNF138_5	sgROGDI_1	NA	NA	NA	NA
sgZNF141_2	sgROPN1B_3	NA	NA	NA	NA
sgZNF141_5	sgROPN1B_4	NA	NA	NA	NA
sgZNF208_5	sgROPN1_2	NA	NA	NA	NA
sgZNF222_4	sgROPN1_3	NA	NA	NA	NA
sgZNF225_2	sgRORC_3	NA	NA	NA	NA
sgZNF253_3	sgRP9_1	NA	NA	NA	NA
sgZNF253_4	sgRP9_2	NA	NA	NA	NA
sgZNF253_5	sgRP9_4	NA	NA	NA	NA
sgZNF253_6	sgRPA3_1	NA	NA	NA	NA
sgZNF253_7	sgRPA3_3	NA	NA	NA	NA
sgZNF254_1	sgRPA3_4	NA	NA	NA	NA
sgZNF254_2	sgRPAIN_2	NA	NA	NA	NA
sgZNF254_3	sgRPEL1_2	NA	NA	NA	NA
sgZNF254_4	sgRPE_1	NA	NA	NA	NA
sgZNF254_5	sgRPE_2	NA	NA	NA	NA
sgZNF273_2	sgRPF2_1	NA	NA	NA	NA
sgZNF273_3	sgRPF2_3	NA	NA	NA	NA
sgZNF273_4	sgRPF2_4	NA	NA	NA	NA
sgZNF285_1	sgRPH3AL_3	NA	NA	NA	NA
sgZNF285_4	sgRPL10A_1	NA	NA	NA	NA
sgZNF300_1	sgRPL11_4	NA	NA	NA	NA
sgZNF300_4	sgRPL17_1	NA	NA	NA	NA
sgZNF302_2	sgRPL18_3	NA	NA	NA	NA
sgZNF320_4	sgRPL22L1_1	NA	NA	NA	NA
sgZNF322_1	sgRPL23_1	NA	NA	NA	NA
sgZNF322_2	sgRPL23_3	NA	NA	NA	NA
sgZNF322_3	sgRPL24_2	NA	NA	NA	NA
sgZNF322_4	sgRPL27_2	NA	NA	NA	NA
sgZNF35_1	sgRPL27_4	NA	NA	NA	NA
sgZNF35_2	sgRPL30_2	NA	NA	NA	NA
sgZNF37A_1	sgRPL35A_4	NA	NA	NA	NA
sgZNF37A_3	sgRPL36AL_1	NA	NA	NA	NA
sgZNF382_3	sgRPL36AL_2	NA	NA	NA	NA
sgZNF395_2	sgRPL37A_2	NA	NA	NA	NA
sgZNF417_3	sgRPL37A_3	NA	NA	NA	NA
sgZNF417_4	sgRPL37_2	NA	NA	NA	NA
sgZNF426_5	sgRPL39L_1	NA	NA	NA	NA
sgZNF429_3	sgRPL3L_4	NA	NA	NA	NA
sgZNF430_3	sgRPL5_2	NA	NA	NA	NA
sgZNF431_2	sgRPL5_4	NA	NA	NA	NA
sgZNF431_3	sgRPL9_4	NA	NA	NA	NA
sgZNF431_4	sgRPLP0_1	NA	NA	NA	NA
sgZNF431_5	sgRPLP0_3	NA	NA	NA	NA
sgZNF43_3	sgRPLP2_2	NA	NA	NA	NA
sgZNF468_1	sgRPLP2_3	NA	NA	NA	NA
sgZNF468_4	sgRPLP2_4	NA	NA	NA	NA
sgZNF468_5	sgRPRD1A_4	NA	NA	NA	NA
sgZNF479_1	sgRPS11_2	NA	NA	NA	NA
sgZNF479_2	sgRPS11_3	NA	NA	NA	NA
sgZNF484_2	sgRPS11_4	NA	NA	NA	NA
sgZNF493_3	sgRPS12_1	NA	NA	NA	NA
sgZNF493_6	sgRPS15A_4	NA	NA	NA	NA
sgZNF493_7	sgRPS15_3	NA	NA	NA	NA
sgZNF506_3	sgRPS16_2	NA	NA	NA	NA
sgZNF506_4	sgRPS16_3	NA	NA	NA	NA
sgZNF519_1	sgRPS17_4	NA	NA	NA	NA
sgZNF529_4	sgRPS19_2	NA	NA	NA	NA
sgZNF532_2	sgRPS20_4	NA	NA	NA	NA
sgZNF532_4	sgRPS21_3	NA	NA	NA	NA
sgZNF546_3	sgRPS24_2	NA	NA	NA	NA
sgZNF552_2	sgRPS25_3	NA	NA	NA	NA
sgZNF555_4	sgRPS27L_1	NA	NA	NA	NA
sgZNF559_3	sgRPS27L_3	NA	NA	NA	NA
sgZNF562_3	sgRPS27L_4	NA	NA	NA	NA
sgZNF568_3	sgRPS29_4	NA	NA	NA	NA
sgZNF573_1	sgRPS5_1	NA	NA	NA	NA
sgZNF578_1	sgRPS5_4	NA	NA	NA	NA
sgZNF578_4	sgRPS6KL1_1	NA	NA	NA	NA
sgZNF57_5	sgRPS6KL1_3	NA	NA	NA	NA
sgZNF585B_1	sgRPS6_1	NA	NA	NA	NA
sgZNF587B_2	sgRPS6_2	NA	NA	NA	NA
sgZNF587_3	sgRPS8_3	NA	NA	NA	NA
sgZNF587_4	sgRPS9_1	NA	NA	NA	NA
sgZNF600_1	sgRPS9_3	NA	NA	NA	NA
sgZNF607_4	sgRRBP1_4	NA	NA	NA	NA
sgZNF611_1	sgRRM2_1	NA	NA	NA	NA
sgZNF611_3	sgRRM2_3	NA	NA	NA	NA
sgZNF629_4	sgRRP15_1	NA	NA	NA	NA
sgZNF629_5	sgRSAD2_3	NA	NA	NA	NA
sgZNF629_6	sgRSBN1L_2	NA	NA	NA	NA
sgZNF652_1	sgRSPH10B2_2	NA	NA	NA	NA
sgZNF655_1	sgRSPH10B_2	NA	NA	NA	NA
sgZNF658_1	sgRSPH1_1	NA	NA	NA	NA
sgZNF658_2	sgRTBDN_3	NA	NA	NA	NA
sgZNF658_3	sgRTCB_4	NA	NA	NA	NA
sgZNF658_4	sgRTEL1_3	NA	NA	NA	NA
sgZNF669_3	sgRTKN_1	NA	NA	NA	NA
sgZNF675_1	sgRTN3_4	NA	NA	NA	NA
sgZNF676_2	sgRTN4IP1_2	NA	NA	NA	NA
sgZNF676_4	sgRTN4RL2_2	NA	NA	NA	NA
sgZNF680_2	sgRTP2_3	NA	NA	NA	NA
sgZNF680_3	sgRUNX3_2	NA	NA	NA	NA
sgZNF680_5	sgRUSC2_1	NA	NA	NA	NA
sgZNF695_1	sgRUVBL2_2	NA	NA	NA	NA
sgZNF700_1	sgRXFP3_2	NA	NA	NA	NA
sgZNF700_4	sgRYR2_3	NA	NA	NA	NA
sgZNF705A_2	sgRYR3_2	NA	NA	NA	NA
sgZNF705A_3	sgS100A11_2	NA	NA	NA	NA
sgZNF705A_4	sgS100A11_3	NA	NA	NA	NA
sgZNF705B_2	sgS100A11_4	NA	NA	NA	NA
sgZNF705B_3	sgSAA2_4	NA	NA	NA	NA
sgZNF705B_4	sgSAC3D1_3	NA	NA	NA	NA
sgZNF705B_5	sgSALL1_1	NA	NA	NA	NA
sgZNF705B_6	sgSALL4_2	NA	NA	NA	NA
sgZNF705D_1	sgSAMD8_4	NA	NA	NA	NA
sgZNF705D_2	sgSAMD9L_2	NA	NA	NA	NA
sgZNF705D_3	sgSAMD9_2	NA	NA	NA	NA
sgZNF705D_4	sgSAMD9_3	NA	NA	NA	NA
sgZNF705G_1	sgSAMM50_3	NA	NA	NA	NA
sgZNF705G_2	sgSAR1A_2	NA	NA	NA	NA
sgZNF705G_4	sgSARAF_1	NA	NA	NA	NA
sgZNF705G_5	sgSARNP_4	NA	NA	NA	NA
sgZNF706_2	sgSART1_4	NA	NA	NA	NA
sgZNF706_3	sgSAV1_3	NA	NA	NA	NA
sgZNF706_4	sgSBDS_1	NA	NA	NA	NA
sgZNF708_1	sgSBDS_2	NA	NA	NA	NA
sgZNF708_3	sgSBDS_3	NA	NA	NA	NA
sgZNF708_4	sgSBDS_4	NA	NA	NA	NA
sgZNF716_1	sgSCAF11_3	NA	NA	NA	NA
sgZNF716_2	sgSCAF1_2	NA	NA	NA	NA
sgZNF716_3	sgSCAF1_3	NA	NA	NA	NA
sgZNF726_1	sgSCAF4_4	NA	NA	NA	NA
sgZNF726_3	sgSCAMP3_4	NA	NA	NA	NA
sgZNF726_4	sgSCD_2	NA	NA	NA	NA
sgZNF727P_5	sgSCD_3	NA	NA	NA	NA
sgZNF728_5	sgSCG2_2	NA	NA	NA	NA
sgZNF729_5	sgSCGB1D1_1	NA	NA	NA	NA
sgZNF730_3	sgSCGB1D2_1	NA	NA	NA	NA
sgZNF732_2	sgSCGB2A1_1	NA	NA	NA	NA
sgZNF732_3	sgSCGB2B2_2	NA	NA	NA	NA
sgZNF732_4	sgSCLT1_4	NA	NA	NA	NA
sgZNF736_2	sgSCN10A_4	NA	NA	NA	NA
sgZNF736_3	sgSCN11A_4	NA	NA	NA	NA
sgZNF737_1	sgSCN1A_2	NA	NA	NA	NA
sgZNF737_2	sgSCN2A_4	NA	NA	NA	NA
sgZNF737_5	sgSCN3A_3	NA	NA	NA	NA
sgZNF746_2	sgSCN9A_4	NA	NA	NA	NA
sgZNF746_3	sgSCO2_2	NA	NA	NA	NA
sgZNF746_4	sgSCOC_1	NA	NA	NA	NA
sgZNF74_5	sgSDAD1_1	NA	NA	NA	NA
sgZNF763_3	sgSDC1_2	NA	NA	NA	NA
sgZNF770_3	sgSDC1_3	NA	NA	NA	NA
sgZNF770_4	sgSDCBP_1	NA	NA	NA	NA
sgZNF780A_2	sgSDHA_4	NA	NA	NA	NA
sgZNF780A_4	sgSDHC_4	NA	NA	NA	NA
sgZNF780B_2	sgSDHD_4	NA	NA	NA	NA
sgZNF780B_6	sgSDR42E1_1	NA	NA	NA	NA
sgZNF813_4	sgSDSL_1	NA	NA	NA	NA
sgZNF816_2	sgSEC14L1_2	NA	NA	NA	NA
sgZNF816_3	sgSEC24B_4	NA	NA	NA	NA
sgZNF836_3	sgSEC61B_1	NA	NA	NA	NA
sgZNF836_4	sgSEC61B_2	NA	NA	NA	NA
sgZNF845_3	sgSEC61G_2	NA	NA	NA	NA
sgZNF850_1	sgSEC61G_3	NA	NA	NA	NA
sgZNF85_1	sgSECISBP2_2	NA	NA	NA	NA
sgZNF85_2	sgSEL1L2_2	NA	NA	NA	NA
sgZNF85_3	sgSEL1L_1	NA	NA	NA	NA
sgZNF878_3	sgSELENBP1_1	NA	NA	NA	NA
sgZNF878_4	sgSELK_2	NA	NA	NA	NA
sgZNF880_4	sgSELT_1	NA	NA	NA	NA
sgZNF880_5	sgSEMG1_2	NA	NA	NA	NA
sgZNF880_6	sgSEMG1_3	NA	NA	NA	NA
sgZNF880_7	sgSEMG1_4	NA	NA	NA	NA
sgZNF90_3	sgSENP7_1	NA	NA	NA	NA
sgZNF90_4	sgSEPHS1_1	NA	NA	NA	NA
sgZNF92_3	sgSEPHS2_3	NA	NA	NA	NA
sgZNF93_1	sgSEPT10_1	NA	NA	NA	NA
sgZNF93_4	sgSERF2_4	NA	NA	NA	NA
sgZNF93_5	sgSERINC4_3	NA	NA	NA	NA
sgZNF93_6	sgSERP1_3	NA	NA	NA	NA
sgZNF93_7	sgSERPINA1_3	NA	NA	NA	NA
sgZNF98_2	sgSERPINA5_1	NA	NA	NA	NA
sgZNF99_5	sgSERPINB10_4	NA	NA	NA	NA
sgZNRF2_1	sgSERPINB3_1	NA	NA	NA	NA
sgZPR1_4	sgSERPINB3_3	NA	NA	NA	NA
sgZSCAN5A_2	sgSERPINB4_3	NA	NA	NA	NA
sgZSCAN5B_2	sgSERPINB5_1	NA	NA	NA	NA
sgZSCAN5B_3	sgSERPINF2_3	NA	NA	NA	NA
NA	sgSERPINH1_1	NA	NA	NA	NA
NA	sgSERPINH1_2	NA	NA	NA	NA
NA	sgSERPINH1_3	NA	NA	NA	NA
NA	sgSERPINH1_4	NA	NA	NA	NA
NA	sgSERTAD1_3	NA	NA	NA	NA
NA	sgSESN3_2	NA	NA	NA	NA
NA	sgSETBP1_1	NA	NA	NA	NA
NA	sgSETD2_3	NA	NA	NA	NA
NA	sgSETD8_2	NA	NA	NA	NA
NA	sgSETD8_3	NA	NA	NA	NA
NA	sgSET_2	NA	NA	NA	NA
NA	sgSET_4	NA	NA	NA	NA
NA	sgSF3A2_4	NA	NA	NA	NA
NA	sgSF3A3_2	NA	NA	NA	NA
NA	sgSF3B4_1	NA	NA	NA	NA
NA	sgSF3B4_2	NA	NA	NA	NA
NA	sgSF3B6_1	NA	NA	NA	NA
NA	sgSFMBT1_4	NA	NA	NA	NA
NA	sgSFR1_1	NA	NA	NA	NA
NA	sgSFR1_4	NA	NA	NA	NA
NA	sgSFTPA1_3	NA	NA	NA	NA
NA	sgSFTPA2_2	NA	NA	NA	NA
NA	sgSFTPD_2	NA	NA	NA	NA
NA	sgSFTPD_3	NA	NA	NA	NA
NA	sgSFTPD_4	NA	NA	NA	NA
NA	sgSFXN2_2	NA	NA	NA	NA
NA	sgSGCD_4	NA	NA	NA	NA
NA	sgSGIP1_4	NA	NA	NA	NA
NA	sgSGOL1_1	NA	NA	NA	NA
NA	sgSGPL1_1	NA	NA	NA	NA
NA	sgSGSM2_4	NA	NA	NA	NA
NA	sgSH2D2A_2	NA	NA	NA	NA
NA	sgSH2D5_2	NA	NA	NA	NA
NA	sgSH2D7_4	NA	NA	NA	NA
NA	sgSH3BGRL3_1	NA	NA	NA	NA
NA	sgSH3BGRL3_2	NA	NA	NA	NA
NA	sgSH3BP1_4	NA	NA	NA	NA
NA	sgSH3GL1_2	NA	NA	NA	NA
NA	sgSH3GL1_4	NA	NA	NA	NA
NA	sgSH3GL2_3	NA	NA	NA	NA
NA	sgSH3RF2_3	NA	NA	NA	NA
NA	sgSH3TC1_1	NA	NA	NA	NA
NA	sgSH3TC1_3	NA	NA	NA	NA
NA	sgSHC1_1	NA	NA	NA	NA
NA	sgSHC1_2	NA	NA	NA	NA
NA	sgSHF_1	NA	NA	NA	NA
NA	sgSHISA3_3	NA	NA	NA	NA
NA	sgSHISA5_1	NA	NA	NA	NA
NA	sgSHMT1_3	NA	NA	NA	NA
NA	sgSHQ1_1	NA	NA	NA	NA
NA	sgSHQ1_2	NA	NA	NA	NA
NA	sgSIAH1_1	NA	NA	NA	NA
NA	sgSIGLEC6_2	NA	NA	NA	NA
NA	sgSIGLEC8_4	NA	NA	NA	NA
NA	sgSIGLECL1_3	NA	NA	NA	NA
NA	sgSIGLECL1_4	NA	NA	NA	NA
NA	sgSIM2_2	NA	NA	NA	NA
NA	sgSIMC1_3	NA	NA	NA	NA
NA	sgSIRPA_1	NA	NA	NA	NA
NA	sgSIRPB1_1	NA	NA	NA	NA
NA	sgSIRPD_2	NA	NA	NA	NA
NA	sgSIRPG_2	NA	NA	NA	NA
NA	sgSIRT1_1	NA	NA	NA	NA
NA	sgSIX1_1	NA	NA	NA	NA
NA	sgSIX2_1	NA	NA	NA	NA
NA	sgSIX2_4	NA	NA	NA	NA
NA	sgSKAP1_4	NA	NA	NA	NA
NA	sgSKP2_1	NA	NA	NA	NA
NA	sgSKP2_2	NA	NA	NA	NA
NA	sgSKP2_4	NA	NA	NA	NA
NA	sgSLAIN2_1	NA	NA	NA	NA
NA	sgSLAIN2_3	NA	NA	NA	NA
NA	sgSLAMF9_3	NA	NA	NA	NA
NA	sgSLC10A1_2	NA	NA	NA	NA
NA	sgSLC10A1_4	NA	NA	NA	NA
NA	sgSLC10A5_1	NA	NA	NA	NA
NA	sgSLC11A1_2	NA	NA	NA	NA
NA	sgSLC11A2_1	NA	NA	NA	NA
NA	sgSLC11A2_3	NA	NA	NA	NA
NA	sgSLC12A4_2	NA	NA	NA	NA
NA	sgSLC12A7_3	NA	NA	NA	NA
NA	sgSLC13A2_4	NA	NA	NA	NA
NA	sgSLC13A3_1	NA	NA	NA	NA
NA	sgSLC13A4_4	NA	NA	NA	NA
NA	sgSLC14A2_1	NA	NA	NA	NA
NA	sgSLC14A2_4	NA	NA	NA	NA
NA	sgSLC16A14_3	NA	NA	NA	NA
NA	sgSLC16A14_4	NA	NA	NA	NA
NA	sgSLC16A6_2	NA	NA	NA	NA
NA	sgSLC16A8_2	NA	NA	NA	NA
NA	sgSLC16A8_4	NA	NA	NA	NA
NA	sgSLC17A2_2	NA	NA	NA	NA
NA	sgSLC18A1_3	NA	NA	NA	NA
NA	sgSLC1A5_2	NA	NA	NA	NA
NA	sgSLC22A10_1	NA	NA	NA	NA
NA	sgSLC22A12_3	NA	NA	NA	NA
NA	sgSLC22A13_4	NA	NA	NA	NA
NA	sgSLC22A4_1	NA	NA	NA	NA
NA	sgSLC22A4_2	NA	NA	NA	NA
NA	sgSLC22A5_2	NA	NA	NA	NA
NA	sgSLC22A6_3	NA	NA	NA	NA
NA	sgSLC22A6_4	NA	NA	NA	NA
NA	sgSLC22A7_2	NA	NA	NA	NA
NA	sgSLC22A9_2	NA	NA	NA	NA
NA	sgSLC24A3_1	NA	NA	NA	NA
NA	sgSLC24A3_3	NA	NA	NA	NA
NA	sgSLC25A12_2	NA	NA	NA	NA
NA	sgSLC25A18_2	NA	NA	NA	NA
NA	sgSLC25A22_3	NA	NA	NA	NA
NA	sgSLC25A33_2	NA	NA	NA	NA
NA	sgSLC25A38_1	NA	NA	NA	NA
NA	sgSLC25A39_3	NA	NA	NA	NA
NA	sgSLC25A3_1	NA	NA	NA	NA
NA	sgSLC25A3_3	NA	NA	NA	NA
NA	sgSLC25A40_1	NA	NA	NA	NA
NA	sgSLC25A45_4	NA	NA	NA	NA
NA	sgSLC25A51_1	NA	NA	NA	NA
NA	sgSLC25A51_2	NA	NA	NA	NA
NA	sgSLC28A2_1	NA	NA	NA	NA
NA	sgSLC2A14_2	NA	NA	NA	NA
NA	sgSLC2A14_3	NA	NA	NA	NA
NA	sgSLC2A3_1	NA	NA	NA	NA
NA	sgSLC2A3_2	NA	NA	NA	NA
NA	sgSLC2A6_3	NA	NA	NA	NA
NA	sgSLC2A7_1	NA	NA	NA	NA
NA	sgSLC2A8_1	NA	NA	NA	NA
NA	sgSLC31A1_1	NA	NA	NA	NA
NA	sgSLC34A3_1	NA	NA	NA	NA
NA	sgSLC35A1_1	NA	NA	NA	NA
NA	sgSLC35A5_1	NA	NA	NA	NA
NA	sgSLC35A5_2	NA	NA	NA	NA
NA	sgSLC35A5_4	NA	NA	NA	NA
NA	sgSLC35E2B_2	NA	NA	NA	NA
NA	sgSLC35E2B_4	NA	NA	NA	NA
NA	sgSLC35E2B_6	NA	NA	NA	NA
NA	sgSLC35E2B_7	NA	NA	NA	NA
NA	sgSLC35E4_2	NA	NA	NA	NA
NA	sgSLC35G3_1	NA	NA	NA	NA
NA	sgSLC35G3_2	NA	NA	NA	NA
NA	sgSLC35G3_3	NA	NA	NA	NA
NA	sgSLC35G3_4	NA	NA	NA	NA
NA	sgSLC35G5_1	NA	NA	NA	NA
NA	sgSLC35G5_4	NA	NA	NA	NA
NA	sgSLC35G6_4	NA	NA	NA	NA
NA	sgSLC38A11_1	NA	NA	NA	NA
NA	sgSLC38A8_4	NA	NA	NA	NA
NA	sgSLC39A11_3	NA	NA	NA	NA
NA	sgSLC39A13_1	NA	NA	NA	NA
NA	sgSLC39A14_2	NA	NA	NA	NA
NA	sgSLC39A14_4	NA	NA	NA	NA
NA	sgSLC3A1_2	NA	NA	NA	NA
NA	sgSLC41A2_1	NA	NA	NA	NA
NA	sgSLC44A2_2	NA	NA	NA	NA
NA	sgSLC44A5_1	NA	NA	NA	NA
NA	sgSLC46A2_4	NA	NA	NA	NA
NA	sgSLC4A4_1	NA	NA	NA	NA
NA	sgSLC52A1_1	NA	NA	NA	NA
NA	sgSLC52A1_3	NA	NA	NA	NA
NA	sgSLC52A2_1	NA	NA	NA	NA
NA	sgSLC52A2_2	NA	NA	NA	NA
NA	sgSLC52A2_4	NA	NA	NA	NA
NA	sgSLC5A10_2	NA	NA	NA	NA
NA	sgSLC5A11_2	NA	NA	NA	NA
NA	sgSLC5A12_2	NA	NA	NA	NA
NA	sgSLC6A12_3	NA	NA	NA	NA
NA	sgSLC6A12_4	NA	NA	NA	NA
NA	sgSLC6A19_2	NA	NA	NA	NA
NA	sgSLC6A3_1	NA	NA	NA	NA
NA	sgSLC6A9_4	NA	NA	NA	NA
NA	sgSLC7A10_2	NA	NA	NA	NA
NA	sgSLC7A5_3	NA	NA	NA	NA
NA	sgSLC7A8_1	NA	NA	NA	NA
NA	sgSLC9A3R1_2	NA	NA	NA	NA
NA	sgSLC9A9_3	NA	NA	NA	NA
NA	sgSLC9B1_1	NA	NA	NA	NA
NA	sgSLC9B1_3	NA	NA	NA	NA
NA	sgSLCO1B1_1	NA	NA	NA	NA
NA	sgSLCO1B1_3	NA	NA	NA	NA
NA	sgSLCO1B1_4	NA	NA	NA	NA
NA	sgSLCO1B3_1	NA	NA	NA	NA
NA	sgSLCO1B3_3	NA	NA	NA	NA
NA	sgSLCO1B3_4	NA	NA	NA	NA
NA	sgSLFN12L_1	NA	NA	NA	NA
NA	sgSLFN12L_4	NA	NA	NA	NA
NA	sgSLFN12_1	NA	NA	NA	NA
NA	sgSLFN12_3	NA	NA	NA	NA
NA	sgSLFN13_1	NA	NA	NA	NA
NA	sgSLFN13_3	NA	NA	NA	NA
NA	sgSLFN5_1	NA	NA	NA	NA
NA	sgSLIRP_2	NA	NA	NA	NA
NA	sgSLIT3_1	NA	NA	NA	NA
NA	sgSLITRK5_4	NA	NA	NA	NA
NA	sgSLMO2_1	NA	NA	NA	NA
NA	sgSLTM_2	NA	NA	NA	NA
NA	sgSLURP1_4	NA	NA	NA	NA
NA	sgSMAD9_2	NA	NA	NA	NA
NA	sgSMAGP_3	NA	NA	NA	NA
NA	sgSMAP1_2	NA	NA	NA	NA
NA	sgSMAP2_3	NA	NA	NA	NA
NA	sgSMARCE1_2	NA	NA	NA	NA
NA	sgSMARCE1_3	NA	NA	NA	NA
NA	sgSMCO2_1	NA	NA	NA	NA
NA	sgSMCO3_2	NA	NA	NA	NA
NA	sgSMCO4_2	NA	NA	NA	NA
NA	sgSMCO4_3	NA	NA	NA	NA
NA	sgSMCP_1	NA	NA	NA	NA
NA	sgSMCP_2	NA	NA	NA	NA
NA	sgSMIM12_3	NA	NA	NA	NA
NA	sgSMIM15_3	NA	NA	NA	NA
NA	sgSMIM24_4	NA	NA	NA	NA
NA	sgSMIM6_2	NA	NA	NA	NA
NA	sgSMIM8_1	NA	NA	NA	NA
NA	sgSMIM8_3	NA	NA	NA	NA
NA	sgSMLR1_2	NA	NA	NA	NA
NA	sgSMLR1_3	NA	NA	NA	NA
NA	sgSMPDL3B_3	NA	NA	NA	NA
NA	sgSMR3A_3	NA	NA	NA	NA
NA	sgSMR3A_4	NA	NA	NA	NA
NA	sgSMR3A_5	NA	NA	NA	NA
NA	sgSMR3B_3	NA	NA	NA	NA
NA	sgSMU1_3	NA	NA	NA	NA
NA	sgSMUG1_1	NA	NA	NA	NA
NA	sgSMURF2_3	NA	NA	NA	NA
NA	sgSNAI2_1	NA	NA	NA	NA
NA	sgSNAI2_4	NA	NA	NA	NA
NA	sgSNAPC2_3	NA	NA	NA	NA
NA	sgSNN_1	NA	NA	NA	NA
NA	sgSNRK_2	NA	NA	NA	NA
NA	sgSNRNP35_3	NA	NA	NA	NA
NA	sgSNRNP40_1	NA	NA	NA	NA
NA	sgSNRPA1_4	NA	NA	NA	NA
NA	sgSNRPB2_1	NA	NA	NA	NA
NA	sgSNRPB_4	NA	NA	NA	NA
NA	sgSNRPC_2	NA	NA	NA	NA
NA	sgSNRPD1_1	NA	NA	NA	NA
NA	sgSNRPE_2	NA	NA	NA	NA
NA	sgSNRPE_3	NA	NA	NA	NA
NA	sgSNRPE_4	NA	NA	NA	NA
NA	sgSNRPN_3	NA	NA	NA	NA
NA	sgSNRPN_4	NA	NA	NA	NA
NA	sgSNTA1_4	NA	NA	NA	NA
NA	sgSNTN_4	NA	NA	NA	NA
NA	sgSNW1_4	NA	NA	NA	NA
NA	sgSNX19_4	NA	NA	NA	NA
NA	sgSNX29_3	NA	NA	NA	NA
NA	sgSNX2_1	NA	NA	NA	NA
NA	sgSNX33_4	NA	NA	NA	NA
NA	sgSNX4_3	NA	NA	NA	NA
NA	sgSNX5_1	NA	NA	NA	NA
NA	sgSNX5_3	NA	NA	NA	NA
NA	sgSNX6_2	NA	NA	NA	NA
NA	sgSNX7_1	NA	NA	NA	NA
NA	sgSNX7_3	NA	NA	NA	NA
NA	sgSNX9_2	NA	NA	NA	NA
NA	sgSOCS5_1	NA	NA	NA	NA
NA	sgSOCS6_2	NA	NA	NA	NA
NA	sgSOCS6_4	NA	NA	NA	NA
NA	sgSOX10_2	NA	NA	NA	NA
NA	sgSOX10_3	NA	NA	NA	NA
NA	sgSOX1_2	NA	NA	NA	NA
NA	sgSOX1_3	NA	NA	NA	NA
NA	sgSOX21_4	NA	NA	NA	NA
NA	sgSOX2_2	NA	NA	NA	NA
NA	sgSOX2_4	NA	NA	NA	NA
NA	sgSOX30_4	NA	NA	NA	NA
NA	sgSOX9_1	NA	NA	NA	NA
NA	sgSOX9_2	NA	NA	NA	NA
NA	sgSOX9_4	NA	NA	NA	NA
NA	sgSP140L_2	NA	NA	NA	NA
NA	sgSP2_1	NA	NA	NA	NA
NA	sgSP2_4	NA	NA	NA	NA
NA	sgSP3_1	NA	NA	NA	NA
NA	sgSP3_2	NA	NA	NA	NA
NA	sgSPACA7_3	NA	NA	NA	NA
NA	sgSPAG16_1	NA	NA	NA	NA
NA	sgSPAG17_2	NA	NA	NA	NA
NA	sgSPAG5_3	NA	NA	NA	NA
NA	sgSPAG9_3	NA	NA	NA	NA
NA	sgSPATA17_3	NA	NA	NA	NA
NA	sgSPATA22_1	NA	NA	NA	NA
NA	sgSPATA31A1_1	NA	NA	NA	NA
NA	sgSPATA31A3_1	NA	NA	NA	NA
NA	sgSPATA31A6_2	NA	NA	NA	NA
NA	sgSPATA31A7_2	NA	NA	NA	NA
NA	sgSPATA31A7_6	NA	NA	NA	NA
NA	sgSPATA31A7_7	NA	NA	NA	NA
NA	sgSPATA31D1_3	NA	NA	NA	NA
NA	sgSPATA31E1_3	NA	NA	NA	NA
NA	sgSPATA31E1_4	NA	NA	NA	NA
NA	sgSPATA3_1	NA	NA	NA	NA
NA	sgSPATA5L1_2	NA	NA	NA	NA
NA	sgSPATA5_3	NA	NA	NA	NA
NA	sgSPATC1L_3	NA	NA	NA	NA
NA	sgSPC25_1	NA	NA	NA	NA
NA	sgSPCS2_2	NA	NA	NA	NA
NA	sgSPCS2_4	NA	NA	NA	NA
NA	sgSPDYA_2	NA	NA	NA	NA
NA	sgSPDYE1_1	NA	NA	NA	NA
NA	sgSPDYE1_2	NA	NA	NA	NA
NA	sgSPDYE1_7	NA	NA	NA	NA
NA	sgSPDYE4_4	NA	NA	NA	NA
NA	sgSPEF2_2	NA	NA	NA	NA
NA	sgSPEG_3	NA	NA	NA	NA
NA	sgSPESP1_1	NA	NA	NA	NA
NA	sgSPG11_2	NA	NA	NA	NA
NA	sgSPIC_4	NA	NA	NA	NA
NA	sgSPINK13_2	NA	NA	NA	NA
NA	sgSPINK1_4	NA	NA	NA	NA
NA	sgSPINK2_1	NA	NA	NA	NA
NA	sgSPINK6_4	NA	NA	NA	NA
NA	sgSPINK9_2	NA	NA	NA	NA
NA	sgSPINT1_4	NA	NA	NA	NA
NA	sgSPINT2_3	NA	NA	NA	NA
NA	sgSPNS3_2	NA	NA	NA	NA
NA	sgSPN_3	NA	NA	NA	NA
NA	sgSPON2_4	NA	NA	NA	NA
NA	sgSPOPL_2	NA	NA	NA	NA
NA	sgSPPL2A_4	NA	NA	NA	NA
NA	sgSPPL3_1	NA	NA	NA	NA
NA	sgSPPL3_2	NA	NA	NA	NA
NA	sgSPRED1_3	NA	NA	NA	NA
NA	sgSPRED1_4	NA	NA	NA	NA
NA	sgSPRN_1	NA	NA	NA	NA
NA	sgSPRN_4	NA	NA	NA	NA
NA	sgSPRR1A_2	NA	NA	NA	NA
NA	sgSPRR1A_4	NA	NA	NA	NA
NA	sgSPRR1B_2	NA	NA	NA	NA
NA	sgSPRR1B_3	NA	NA	NA	NA
NA	sgSPRR2F_3	NA	NA	NA	NA
NA	sgSPRR2F_4	NA	NA	NA	NA
NA	sgSPRR4_2	NA	NA	NA	NA
NA	sgSPRY1_3	NA	NA	NA	NA
NA	sgSPRYD4_4	NA	NA	NA	NA
NA	sgSPR_2	NA	NA	NA	NA
NA	sgSPTBN2_4	NA	NA	NA	NA
NA	sgSPTSSA_3	NA	NA	NA	NA
NA	sgSPX_3	NA	NA	NA	NA
NA	sgSQSTM1_2	NA	NA	NA	NA
NA	sgSRD5A1_1	NA	NA	NA	NA
NA	sgSRD5A1_2	NA	NA	NA	NA
NA	sgSRD5A1_4	NA	NA	NA	NA
NA	sgSRD5A3_2	NA	NA	NA	NA
NA	sgSRD5A3_4	NA	NA	NA	NA
NA	sgSREBF1_3	NA	NA	NA	NA
NA	sgSREK1IP1_1	NA	NA	NA	NA
NA	sgSREK1_1	NA	NA	NA	NA
NA	sgSRGAP3_4	NA	NA	NA	NA
NA	sgSRGN_3	NA	NA	NA	NA
NA	sgSRP14_3	NA	NA	NA	NA
NA	sgSRP72_1	NA	NA	NA	NA
NA	sgSRPK2_4	NA	NA	NA	NA
NA	sgSRPR_1	NA	NA	NA	NA
NA	sgSRRD_4	NA	NA	NA	NA
NA	sgSRSF10_2	NA	NA	NA	NA
NA	sgSRSF10_3	NA	NA	NA	NA
NA	sgSRSF11_3	NA	NA	NA	NA
NA	sgSRSF3_2	NA	NA	NA	NA
NA	sgSRSF9_4	NA	NA	NA	NA
NA	sgSS18L1_2	NA	NA	NA	NA
NA	sgSS18L2_4	NA	NA	NA	NA
NA	sgSSBP2_4	NA	NA	NA	NA
NA	sgSSB_4	NA	NA	NA	NA
NA	sgSSC4D_3	NA	NA	NA	NA
NA	sgSSH3_4	NA	NA	NA	NA
NA	sgSSPN_2	NA	NA	NA	NA
NA	sgSSR3_1	NA	NA	NA	NA
NA	sgSSTR2_3	NA	NA	NA	NA
NA	sgSSU72_1	NA	NA	NA	NA
NA	sgST3GAL1_1	NA	NA	NA	NA
NA	sgST6GALNAC3_2	NA	NA	NA	NA
NA	sgST6GALNAC6_1	NA	NA	NA	NA
NA	sgST6GALNAC6_2	NA	NA	NA	NA
NA	sgST7L_4	NA	NA	NA	NA
NA	sgSTAG3_3	NA	NA	NA	NA
NA	sgSTAG3_4	NA	NA	NA	NA
NA	sgSTAM2_4	NA	NA	NA	NA
NA	sgSTARD4_4	NA	NA	NA	NA
NA	sgSTAR_3	NA	NA	NA	NA
NA	sgSTAR_4	NA	NA	NA	NA
NA	sgSTAT4_2	NA	NA	NA	NA
NA	sgSTAT5A_2	NA	NA	NA	NA
NA	sgSTAT5A_4	NA	NA	NA	NA
NA	sgSTAU2_2	NA	NA	NA	NA
NA	sgSTBD1_3	NA	NA	NA	NA
NA	sgSTEAP1B_1	NA	NA	NA	NA
NA	sgSTEAP1B_2	NA	NA	NA	NA
NA	sgSTEAP1B_3	NA	NA	NA	NA
NA	sgSTEAP1_1	NA	NA	NA	NA
NA	sgSTEAP1_2	NA	NA	NA	NA
NA	sgSTEAP1_4	NA	NA	NA	NA
NA	sgSTIL_3	NA	NA	NA	NA
NA	sgSTIP1_1	NA	NA	NA	NA
NA	sgSTK10_1	NA	NA	NA	NA
NA	sgSTK16_3	NA	NA	NA	NA
NA	sgSTK31_1	NA	NA	NA	NA
NA	sgSTK3_3	NA	NA	NA	NA
NA	sgSTK40_4	NA	NA	NA	NA
NA	sgSTK4_2	NA	NA	NA	NA
NA	sgSTMN1_2	NA	NA	NA	NA
NA	sgSTMN2_2	NA	NA	NA	NA
NA	sgSTMN3_4	NA	NA	NA	NA
NA	sgSTMN4_4	NA	NA	NA	NA
NA	sgSTOML1_3	NA	NA	NA	NA
NA	sgSTON1_2	NA	NA	NA	NA
NA	sgSTON1_3	NA	NA	NA	NA
NA	sgSTOX2_2	NA	NA	NA	NA
NA	sgSTPG1_2	NA	NA	NA	NA
NA	sgSTRA8_2	NA	NA	NA	NA
NA	sgSTRA8_4	NA	NA	NA	NA
NA	sgSTRADB_1	NA	NA	NA	NA
NA	sgSTRADB_2	NA	NA	NA	NA
NA	sgSTRAP_2	NA	NA	NA	NA
NA	sgSTRN_4	NA	NA	NA	NA
NA	sgSTX1A_1	NA	NA	NA	NA
NA	sgSTX6_2	NA	NA	NA	NA
NA	sgSTX6_3	NA	NA	NA	NA
NA	sgSTXBP1_2	NA	NA	NA	NA
NA	sgSTXBP3_4	NA	NA	NA	NA
NA	sgSTXBP4_3	NA	NA	NA	NA
NA	sgSUB1_1	NA	NA	NA	NA
NA	sgSUCLA2_3	NA	NA	NA	NA
NA	sgSUCLA2_4	NA	NA	NA	NA
NA	sgSUCLG1_2	NA	NA	NA	NA
NA	sgSUCLG2_3	NA	NA	NA	NA
NA	sgSUDS3_2	NA	NA	NA	NA
NA	sgSUGP1_2	NA	NA	NA	NA
NA	sgSUGT1_4	NA	NA	NA	NA
NA	sgSULT1A1_5	NA	NA	NA	NA
NA	sgSULT1A2_3	NA	NA	NA	NA
NA	sgSULT1A2_4	NA	NA	NA	NA
NA	sgSUMO1_1	NA	NA	NA	NA
NA	sgSUMO1_3	NA	NA	NA	NA
NA	sgSUN5_2	NA	NA	NA	NA
NA	sgSUPT20H_4	NA	NA	NA	NA
NA	sgSUPT4H1_1	NA	NA	NA	NA
NA	sgSUPT4H1_3	NA	NA	NA	NA
NA	sgSURF6_1	NA	NA	NA	NA
NA	sgSUSD3_1	NA	NA	NA	NA
NA	sgSUSD5_2	NA	NA	NA	NA
NA	sgSUV39H2_2	NA	NA	NA	NA
NA	sgSUV420H1_4	NA	NA	NA	NA
NA	sgSUZ12_3	NA	NA	NA	NA
NA	sgSVIL_3	NA	NA	NA	NA
NA	sgSVIP_4	NA	NA	NA	NA
NA	sgSVOPL_3	NA	NA	NA	NA
NA	sgSYCE1L_1	NA	NA	NA	NA
NA	sgSYCE1_1	NA	NA	NA	NA
NA	sgSYCP2L_3	NA	NA	NA	NA
NA	sgSYF2_1	NA	NA	NA	NA
NA	sgSYNCRIP_1	NA	NA	NA	NA
NA	sgSYNE1_4	NA	NA	NA	NA
NA	sgSYNGR2_2	NA	NA	NA	NA
NA	sgSYNGR2_4	NA	NA	NA	NA
NA	sgSYNPO2_4	NA	NA	NA	NA
NA	sgSYPL1_2	NA	NA	NA	NA
NA	sgSYPL1_3	NA	NA	NA	NA
NA	sgSYT11_4	NA	NA	NA	NA
NA	sgSYT14_2	NA	NA	NA	NA
NA	sgSYT15_1	NA	NA	NA	NA
NA	sgSYT2_2	NA	NA	NA	NA
NA	sgSYT2_4	NA	NA	NA	NA
NA	sgSYVN1_2	NA	NA	NA	NA
NA	sgTAAR2_1	NA	NA	NA	NA
NA	sgTAAR5_4	NA	NA	NA	NA
NA	sgTAAR6_3	NA	NA	NA	NA
NA	sgTAAR8_2	NA	NA	NA	NA
NA	sgTAC4_1	NA	NA	NA	NA
NA	sgTADA1_3	NA	NA	NA	NA
NA	sgTAF13_4	NA	NA	NA	NA
NA	sgTAF1C_3	NA	NA	NA	NA
NA	sgTAF1L_3	NA	NA	NA	NA
NA	sgTAF1L_4	NA	NA	NA	NA
NA	sgTAF4_3	NA	NA	NA	NA
NA	sgTAF5L_2	NA	NA	NA	NA
NA	sgTAF9_1	NA	NA	NA	NA
NA	sgTAF9_2	NA	NA	NA	NA
NA	sgTAGLN2_1	NA	NA	NA	NA
NA	sgTAGLN2_2	NA	NA	NA	NA
NA	sgTAGLN2_4	NA	NA	NA	NA
NA	sgTAL2_1	NA	NA	NA	NA
NA	sgTALDO1_3	NA	NA	NA	NA
NA	sgTAOK1_3	NA	NA	NA	NA
NA	sgTARBP2_2	NA	NA	NA	NA
NA	sgTAS2R19_3	NA	NA	NA	NA
NA	sgTAS2R19_4	NA	NA	NA	NA
NA	sgTAS2R30_3	NA	NA	NA	NA
NA	sgTAS2R30_4	NA	NA	NA	NA
NA	sgTAS2R31_2	NA	NA	NA	NA
NA	sgTAS2R31_3	NA	NA	NA	NA
NA	sgTAS2R31_4	NA	NA	NA	NA
NA	sgTAS2R50_1	NA	NA	NA	NA
NA	sgTAS2R50_2	NA	NA	NA	NA
NA	sgTAS2R50_4	NA	NA	NA	NA
NA	sgTAS2R9_3	NA	NA	NA	NA
NA	sgTATDN1_2	NA	NA	NA	NA
NA	sgTATDN1_3	NA	NA	NA	NA
NA	sgTATDN1_4	NA	NA	NA	NA
NA	sgTBATA_3	NA	NA	NA	NA
NA	sgTBC1D20_2	NA	NA	NA	NA
NA	sgTBC1D26_1	NA	NA	NA	NA
NA	sgTBC1D26_2	NA	NA	NA	NA
NA	sgTBC1D26_4	NA	NA	NA	NA
NA	sgTBC1D28_2	NA	NA	NA	NA
NA	sgTBC1D28_3	NA	NA	NA	NA
NA	sgTBC1D2B_2	NA	NA	NA	NA
NA	sgTBC1D30_1	NA	NA	NA	NA
NA	sgTBC1D3B_1	NA	NA	NA	NA
NA	sgTBC1D3B_2	NA	NA	NA	NA
NA	sgTBC1D3B_3	NA	NA	NA	NA
NA	sgTBC1D3B_4	NA	NA	NA	NA
NA	sgTBC1D3H_2	NA	NA	NA	NA
NA	sgTBCA_2	NA	NA	NA	NA
NA	sgTBCCD1_1	NA	NA	NA	NA
NA	sgTBCE_4	NA	NA	NA	NA
NA	sgTBL1XR1_3	NA	NA	NA	NA
NA	sgTBPL1_1	NA	NA	NA	NA
NA	sgTBP_3	NA	NA	NA	NA
NA	sgTBR1_4	NA	NA	NA	NA
NA	sgTBX19_1	NA	NA	NA	NA
NA	sgTBX1_1	NA	NA	NA	NA
NA	sgTC2N_2	NA	NA	NA	NA
NA	sgTCEB2_2	NA	NA	NA	NA
NA	sgTCEB2_3	NA	NA	NA	NA
NA	sgTCEB2_4	NA	NA	NA	NA
NA	sgTCEB3B_1	NA	NA	NA	NA
NA	sgTCEB3B_3	NA	NA	NA	NA
NA	sgTCF24_3	NA	NA	NA	NA
NA	sgTCF24_4	NA	NA	NA	NA
NA	sgTCF25_2	NA	NA	NA	NA
NA	sgTCP10L_3	NA	NA	NA	NA
NA	sgTCP1_4	NA	NA	NA	NA
NA	sgTCTA_1	NA	NA	NA	NA
NA	sgTDGF1_2	NA	NA	NA	NA
NA	sgTDGF1_4	NA	NA	NA	NA
NA	sgTDP2_4	NA	NA	NA	NA
NA	sgTDRP_1	NA	NA	NA	NA
NA	sgTEAD3_2	NA	NA	NA	NA
NA	sgTEAD4_2	NA	NA	NA	NA
NA	sgTEF_1	NA	NA	NA	NA
NA	sgTEF_4	NA	NA	NA	NA
NA	sgTEKT4_2	NA	NA	NA	NA
NA	sgTEKT4_4	NA	NA	NA	NA
NA	sgTEN1_2	NA	NA	NA	NA
NA	sgTEP1_1	NA	NA	NA	NA
NA	sgTERF1_2	NA	NA	NA	NA
NA	sgTEX101_2	NA	NA	NA	NA
NA	sgTEX2_1	NA	NA	NA	NA
NA	sgTEX30_3	NA	NA	NA	NA
NA	sgTFAM_3	NA	NA	NA	NA
NA	sgTFAP2D_3	NA	NA	NA	NA
NA	sgTFB2M_4	NA	NA	NA	NA
NA	sgTFDP1_3	NA	NA	NA	NA
NA	sgTFEC_1	NA	NA	NA	NA
NA	sgTFG_1	NA	NA	NA	NA
NA	sgTFG_2	NA	NA	NA	NA
NA	sgTFIP11_1	NA	NA	NA	NA
NA	sgTGDS_4	NA	NA	NA	NA
NA	sgTGFA_4	NA	NA	NA	NA
NA	sgTGFB1I1_4	NA	NA	NA	NA
NA	sgTGFBR2_3	NA	NA	NA	NA
NA	sgTGM4_2	NA	NA	NA	NA
NA	sgTGM6_2	NA	NA	NA	NA
NA	sgTHAP10_3	NA	NA	NA	NA
NA	sgTHAP3_2	NA	NA	NA	NA
NA	sgTHAP7_3	NA	NA	NA	NA
NA	sgTHAP9_2	NA	NA	NA	NA
NA	sgTHEM4_3	NA	NA	NA	NA
NA	sgTHOC6_2	NA	NA	NA	NA
NA	sgTHRAP3_2	NA	NA	NA	NA
NA	sgTHRAP3_3	NA	NA	NA	NA
NA	sgTHRAP3_4	NA	NA	NA	NA
NA	sgTHUMPD1_4	NA	NA	NA	NA
NA	sgTH_1	NA	NA	NA	NA
NA	sgTIAF1_1	NA	NA	NA	NA
NA	sgTIAM2_2	NA	NA	NA	NA
NA	sgTIGD7_1	NA	NA	NA	NA
NA	sgTIMM17A_4	NA	NA	NA	NA
NA	sgTIMM23_1	NA	NA	NA	NA
NA	sgTIMM23_3	NA	NA	NA	NA
NA	sgTIMP2_1	NA	NA	NA	NA
NA	sgTIMP3_1	NA	NA	NA	NA
NA	sgTIMP3_2	NA	NA	NA	NA
NA	sgTIPIN_1	NA	NA	NA	NA
NA	sgTIPIN_2	NA	NA	NA	NA
NA	sgTIRAP_3	NA	NA	NA	NA
NA	sgTJAP1_4	NA	NA	NA	NA
NA	sgTLCD1_3	NA	NA	NA	NA
NA	sgTLDC1_3	NA	NA	NA	NA
NA	sgTLK1_1	NA	NA	NA	NA
NA	sgTLL2_4	NA	NA	NA	NA
NA	sgTLR10_3	NA	NA	NA	NA
NA	sgTLR1_4	NA	NA	NA	NA
NA	sgTLR5_2	NA	NA	NA	NA
NA	sgTM4SF1_1	NA	NA	NA	NA
NA	sgTM7SF2_2	NA	NA	NA	NA
NA	sgTMA16_4	NA	NA	NA	NA
NA	sgTMA7_2	NA	NA	NA	NA
NA	sgTMBIM6_4	NA	NA	NA	NA
NA	sgTMC3_3	NA	NA	NA	NA
NA	sgTMC8_1	NA	NA	NA	NA
NA	sgTMCC3_3	NA	NA	NA	NA
NA	sgTMED10_3	NA	NA	NA	NA
NA	sgTMED10_4	NA	NA	NA	NA
NA	sgTMED2_2	NA	NA	NA	NA
NA	sgTMED2_4	NA	NA	NA	NA
NA	sgTMED3_2	NA	NA	NA	NA
NA	sgTMED3_3	NA	NA	NA	NA
NA	sgTMEM127_3	NA	NA	NA	NA
NA	sgTMEM132D_4	NA	NA	NA	NA
NA	sgTMEM136_2	NA	NA	NA	NA
NA	sgTMEM139_3	NA	NA	NA	NA
NA	sgTMEM141_3	NA	NA	NA	NA
NA	sgTMEM14C_2	NA	NA	NA	NA
NA	sgTMEM160_1	NA	NA	NA	NA
NA	sgTMEM161B_1	NA	NA	NA	NA
NA	sgTMEM161B_3	NA	NA	NA	NA
NA	sgTMEM161B_4	NA	NA	NA	NA
NA	sgTMEM165_2	NA	NA	NA	NA
NA	sgTMEM167A_3	NA	NA	NA	NA
NA	sgTMEM170B_3	NA	NA	NA	NA
NA	sgTMEM177_1	NA	NA	NA	NA
NA	sgTMEM178B_3	NA	NA	NA	NA
NA	sgTMEM183A_1	NA	NA	NA	NA
NA	sgTMEM183A_4	NA	NA	NA	NA
NA	sgTMEM189_7	NA	NA	NA	NA
NA	sgTMEM206_3	NA	NA	NA	NA
NA	sgTMEM209_3	NA	NA	NA	NA
NA	sgTMEM213_2	NA	NA	NA	NA
NA	sgTMEM220_3	NA	NA	NA	NA
NA	sgTMEM220_4	NA	NA	NA	NA
NA	sgTMEM221_1	NA	NA	NA	NA
NA	sgTMEM225_1	NA	NA	NA	NA
NA	sgTMEM229A_2	NA	NA	NA	NA
NA	sgTMEM229B_2	NA	NA	NA	NA
NA	sgTMEM251_1	NA	NA	NA	NA
NA	sgTMEM252_2	NA	NA	NA	NA
NA	sgTMEM253_1	NA	NA	NA	NA
NA	sgTMEM253_4	NA	NA	NA	NA
NA	sgTMEM256_3	NA	NA	NA	NA
NA	sgTMEM259_1	NA	NA	NA	NA
NA	sgTMEM261_1	NA	NA	NA	NA
NA	sgTMEM37_4	NA	NA	NA	NA
NA	sgTMEM50B_2	NA	NA	NA	NA
NA	sgTMEM56_3	NA	NA	NA	NA
NA	sgTMEM60_3	NA	NA	NA	NA
NA	sgTMEM68_1	NA	NA	NA	NA
NA	sgTMEM68_2	NA	NA	NA	NA
NA	sgTMEM68_4	NA	NA	NA	NA
NA	sgTMEM69_1	NA	NA	NA	NA
NA	sgTMEM69_2	NA	NA	NA	NA
NA	sgTMEM70_4	NA	NA	NA	NA
NA	sgTMEM86A_4	NA	NA	NA	NA
NA	sgTMEM87A_4	NA	NA	NA	NA
NA	sgTMEM8B_1	NA	NA	NA	NA
NA	sgTMEM92_1	NA	NA	NA	NA
NA	sgTMEM95_1	NA	NA	NA	NA
NA	sgTMEM97_1	NA	NA	NA	NA
NA	sgTMEM97_3	NA	NA	NA	NA
NA	sgTMOD4_3	NA	NA	NA	NA
NA	sgTMPRSS11B_4	NA	NA	NA	NA
NA	sgTMPRSS11D_3	NA	NA	NA	NA
NA	sgTMPRSS11E_2	NA	NA	NA	NA
NA	sgTMPRSS11E_4	NA	NA	NA	NA
NA	sgTMSB10_2	NA	NA	NA	NA
NA	sgTMSB10_3	NA	NA	NA	NA
NA	sgTMSB10_4	NA	NA	NA	NA
NA	sgTMTC1_3	NA	NA	NA	NA
NA	sgTMTC1_4	NA	NA	NA	NA
NA	sgTMTC4_1	NA	NA	NA	NA
NA	sgTMX1_1	NA	NA	NA	NA
NA	sgTMX2_3	NA	NA	NA	NA
NA	sgTMX4_1	NA	NA	NA	NA
NA	sgTNFRSF10A_1	NA	NA	NA	NA
NA	sgTNFRSF10B_1	NA	NA	NA	NA
NA	sgTNFRSF10C_4	NA	NA	NA	NA
NA	sgTNFRSF10D_3	NA	NA	NA	NA
NA	sgTNFRSF17_4	NA	NA	NA	NA
NA	sgTNFRSF19_4	NA	NA	NA	NA
NA	sgTNFRSF1B_1	NA	NA	NA	NA
NA	sgTNFRSF25_1	NA	NA	NA	NA
NA	sgTNFSF12_5	NA	NA	NA	NA
NA	sgTNFSF15_1	NA	NA	NA	NA
NA	sgTNFSF9_1	NA	NA	NA	NA
NA	sgTNIP2_3	NA	NA	NA	NA
NA	sgTNIP2_4	NA	NA	NA	NA
NA	sgTNIP3_1	NA	NA	NA	NA
NA	sgTNNI3K_4	NA	NA	NA	NA
NA	sgTNNT2_2	NA	NA	NA	NA
NA	sgTNNT3_1	NA	NA	NA	NA
NA	sgTNS1_2	NA	NA	NA	NA
NA	sgTNS4_1	NA	NA	NA	NA
NA	sgTNS4_4	NA	NA	NA	NA
NA	sgTOE1_3	NA	NA	NA	NA
NA	sgTOM1L2_4	NA	NA	NA	NA
NA	sgTOMM20_1	NA	NA	NA	NA
NA	sgTOMM20_4	NA	NA	NA	NA
NA	sgTOMM22_2	NA	NA	NA	NA
NA	sgTOMM22_3	NA	NA	NA	NA
NA	sgTOMM40_1	NA	NA	NA	NA
NA	sgTOMM5_1	NA	NA	NA	NA
NA	sgTOMM6_1	NA	NA	NA	NA
NA	sgTOMM7_1	NA	NA	NA	NA
NA	sgTOP1_3	NA	NA	NA	NA
NA	sgTOP3A_4	NA	NA	NA	NA
NA	sgTOR1AIP1_2	NA	NA	NA	NA
NA	sgTOR1A_4	NA	NA	NA	NA
NA	sgTOR2A_1	NA	NA	NA	NA
NA	sgTOR2A_4	NA	NA	NA	NA
NA	sgTOX4_1	NA	NA	NA	NA
NA	sgTP53AIP1_3	NA	NA	NA	NA
NA	sgTP53BP1_1	NA	NA	NA	NA
NA	sgTP53BP1_3	NA	NA	NA	NA
NA	sgTP53TG5_1	NA	NA	NA	NA
NA	sgTP53TG5_2	NA	NA	NA	NA
NA	sgTPCN2_3	NA	NA	NA	NA
NA	sgTPI1_2	NA	NA	NA	NA
NA	sgTPI1_4	NA	NA	NA	NA
NA	sgTPM2_2	NA	NA	NA	NA
NA	sgTPM2_3	NA	NA	NA	NA
NA	sgTPM4_4	NA	NA	NA	NA
NA	sgTPMT_2	NA	NA	NA	NA
NA	sgTPRN_4	NA	NA	NA	NA
NA	sgTPR_3	NA	NA	NA	NA
NA	sgTPSAB1_1	NA	NA	NA	NA
NA	sgTPST2_2	NA	NA	NA	NA
NA	sgTPT1_4	NA	NA	NA	NA
NA	sgTPTE2_2	NA	NA	NA	NA
NA	sgTPTE2_5	NA	NA	NA	NA
NA	sgTRABD2B_2	NA	NA	NA	NA
NA	sgTRABD_3	NA	NA	NA	NA
NA	sgTRAF1_1	NA	NA	NA	NA
NA	sgTRAF1_4	NA	NA	NA	NA
NA	sgTRAF3IP2_4	NA	NA	NA	NA
NA	sgTRAF3IP3_4	NA	NA	NA	NA
NA	sgTRAF6_1	NA	NA	NA	NA
NA	sgTRAF6_4	NA	NA	NA	NA
NA	sgTRAM1L1_2	NA	NA	NA	NA
NA	sgTRAPPC2L_4	NA	NA	NA	NA
NA	sgTRAPPC6B_1	NA	NA	NA	NA
NA	sgTREML2_1	NA	NA	NA	NA
NA	sgTREML2_3	NA	NA	NA	NA
NA	sgTREML4_1	NA	NA	NA	NA
NA	sgTREML4_3	NA	NA	NA	NA
NA	sgTRIB3_2	NA	NA	NA	NA
NA	sgTRIM13_4	NA	NA	NA	NA
NA	sgTRIM2_4	NA	NA	NA	NA
NA	sgTRIM40_1	NA	NA	NA	NA
NA	sgTRIM43_4	NA	NA	NA	NA
NA	sgTRIM46_2	NA	NA	NA	NA
NA	sgTRIM48_2	NA	NA	NA	NA
NA	sgTRIM49B_1	NA	NA	NA	NA
NA	sgTRIM49B_3	NA	NA	NA	NA
NA	sgTRIM50_5	NA	NA	NA	NA
NA	sgTRIM52_2	NA	NA	NA	NA
NA	sgTRIM58_1	NA	NA	NA	NA
NA	sgTRIM65_1	NA	NA	NA	NA
NA	sgTRIM73_1	NA	NA	NA	NA
NA	sgTRIM77_2	NA	NA	NA	NA
NA	sgTRIP11_1	NA	NA	NA	NA
NA	sgTRIP11_3	NA	NA	NA	NA
NA	sgTRIP12_1	NA	NA	NA	NA
NA	sgTRIP4_4	NA	NA	NA	NA
NA	sgTRIP6_2	NA	NA	NA	NA
NA	sgTRMT112_2	NA	NA	NA	NA
NA	sgTRMT11_2	NA	NA	NA	NA
NA	sgTRMT11_4	NA	NA	NA	NA
NA	sgTRMT13_1	NA	NA	NA	NA
NA	sgTRMT13_3	NA	NA	NA	NA
NA	sgTRMT61A_3	NA	NA	NA	NA
NA	sgTRPC4_3	NA	NA	NA	NA
NA	sgTRPC7_2	NA	NA	NA	NA
NA	sgTRPM1_1	NA	NA	NA	NA
NA	sgTRPM7_3	NA	NA	NA	NA
NA	sgTRPS1_1	NA	NA	NA	NA
NA	sgTRPT1_4	NA	NA	NA	NA
NA	sgTRPV1_4	NA	NA	NA	NA
NA	sgTRPV3_2	NA	NA	NA	NA
NA	sgTRPV4_3	NA	NA	NA	NA
NA	sgTRPV5_1	NA	NA	NA	NA
NA	sgTRPV6_1	NA	NA	NA	NA
NA	sgTRPV6_2	NA	NA	NA	NA
NA	sgTRPV6_3	NA	NA	NA	NA
NA	sgTSC1_2	NA	NA	NA	NA
NA	sgTSC22D2_4	NA	NA	NA	NA
NA	sgTSEN2_3	NA	NA	NA	NA
NA	sgTSFM_4	NA	NA	NA	NA
NA	sgTSGA13_4	NA	NA	NA	NA
NA	sgTSHB_2	NA	NA	NA	NA
NA	sgTSN_3	NA	NA	NA	NA
NA	sgTSPAN11_1	NA	NA	NA	NA
NA	sgTSPAN11_3	NA	NA	NA	NA
NA	sgTSPAN31_4	NA	NA	NA	NA
NA	sgTSPYL1_3	NA	NA	NA	NA
NA	sgTSTA3_1	NA	NA	NA	NA
NA	sgTSTD1_3	NA	NA	NA	NA
NA	sgTST_1	NA	NA	NA	NA
NA	sgTTC12_1	NA	NA	NA	NA
NA	sgTTC1_2	NA	NA	NA	NA
NA	sgTTC21A_1	NA	NA	NA	NA
NA	sgTTC27_1	NA	NA	NA	NA
NA	sgTTC30A_1	NA	NA	NA	NA
NA	sgTTC30A_4	NA	NA	NA	NA
NA	sgTTC30B_3	NA	NA	NA	NA
NA	sgTTC30B_4	NA	NA	NA	NA
NA	sgTTC31_3	NA	NA	NA	NA
NA	sgTTC37_2	NA	NA	NA	NA
NA	sgTTC3_2	NA	NA	NA	NA
NA	sgTTC4_1	NA	NA	NA	NA
NA	sgTTC4_2	NA	NA	NA	NA
NA	sgTTC4_3	NA	NA	NA	NA
NA	sgTTLL11_4	NA	NA	NA	NA
NA	sgTTLL12_3	NA	NA	NA	NA
NA	sgTTLL4_3	NA	NA	NA	NA
NA	sgTTL_2	NA	NA	NA	NA
NA	sgTTYH3_3	NA	NA	NA	NA
NA	sgTUBA1A_2	NA	NA	NA	NA
NA	sgTUBA1C_1	NA	NA	NA	NA
NA	sgTUBA1C_2	NA	NA	NA	NA
NA	sgTUBA1C_3	NA	NA	NA	NA
NA	sgTUBA1C_4	NA	NA	NA	NA
NA	sgTUBA3C_2	NA	NA	NA	NA
NA	sgTUBA3C_3	NA	NA	NA	NA
NA	sgTUBA3C_4	NA	NA	NA	NA
NA	sgTUBA3D_2	NA	NA	NA	NA
NA	sgTUBA3D_3	NA	NA	NA	NA
NA	sgTUBA3D_4	NA	NA	NA	NA
NA	sgTUBA3E_1	NA	NA	NA	NA
NA	sgTUBA3E_2	NA	NA	NA	NA
NA	sgTUBA3E_3	NA	NA	NA	NA
NA	sgTUBA4A_1	NA	NA	NA	NA
NA	sgTUBA4A_4	NA	NA	NA	NA
NA	sgTUBAL3_4	NA	NA	NA	NA
NA	sgTUBB1_1	NA	NA	NA	NA
NA	sgTUBB1_4	NA	NA	NA	NA
NA	sgTUBB2A_1	NA	NA	NA	NA
NA	sgTUBB2A_2	NA	NA	NA	NA
NA	sgTUBB2A_4	NA	NA	NA	NA
NA	sgTUBB2B_1	NA	NA	NA	NA
NA	sgTUBB2B_2	NA	NA	NA	NA
NA	sgTUBB3_2	NA	NA	NA	NA
NA	sgTUBB3_3	NA	NA	NA	NA
NA	sgTUBB4A_2	NA	NA	NA	NA
NA	sgTUBB4A_4	NA	NA	NA	NA
NA	sgTUBB6_2	NA	NA	NA	NA
NA	sgTUBB_1	NA	NA	NA	NA
NA	sgTUBB_2	NA	NA	NA	NA
NA	sgTUBB_4	NA	NA	NA	NA
NA	sgTUBE1_3	NA	NA	NA	NA
NA	sgTUBG1_3	NA	NA	NA	NA
NA	sgTUBG2_1	NA	NA	NA	NA
NA	sgTUBGCP2_4	NA	NA	NA	NA
NA	sgTUFM_2	NA	NA	NA	NA
NA	sgTUFM_3	NA	NA	NA	NA
NA	sgTUFT1_2	NA	NA	NA	NA
NA	sgTUSC3_3	NA	NA	NA	NA
NA	sgTUSC3_4	NA	NA	NA	NA
NA	sgTUSC5_1	NA	NA	NA	NA
NA	sgTUSC5_2	NA	NA	NA	NA
NA	sgTVP23A_2	NA	NA	NA	NA
NA	sgTVP23A_4	NA	NA	NA	NA
NA	sgTWIST2_1	NA	NA	NA	NA
NA	sgTXN2_1	NA	NA	NA	NA
NA	sgTXNDC2_1	NA	NA	NA	NA
NA	sgTXNDC2_5	NA	NA	NA	NA
NA	sgTXNL4B_1	NA	NA	NA	NA
NA	sgTYSND1_4	NA	NA	NA	NA
NA	sgTYW1_4	NA	NA	NA	NA
NA	sgT_3	NA	NA	NA	NA
NA	sgU2AF1_1	NA	NA	NA	NA
NA	sgU2AF1_2	NA	NA	NA	NA
NA	sgU2AF1_3	NA	NA	NA	NA
NA	sgU2AF1_4	NA	NA	NA	NA
NA	sgUBA2_1	NA	NA	NA	NA
NA	sgUBA2_2	NA	NA	NA	NA
NA	sgUBA2_3	NA	NA	NA	NA
NA	sgUBA52_1	NA	NA	NA	NA
NA	sgUBALD1_3	NA	NA	NA	NA
NA	sgUBAP1L_1	NA	NA	NA	NA
NA	sgUBAP1_3	NA	NA	NA	NA
NA	sgUBB_2	NA	NA	NA	NA
NA	sgUBB_4	NA	NA	NA	NA
NA	sgUBC_1	NA	NA	NA	NA
NA	sgUBC_9	NA	NA	NA	NA
NA	sgUBE2C_2	NA	NA	NA	NA
NA	sgUBE2C_4	NA	NA	NA	NA
NA	sgUBE2D3_1	NA	NA	NA	NA
NA	sgUBE2D4_3	NA	NA	NA	NA
NA	sgUBE2E3_2	NA	NA	NA	NA
NA	sgUBE2E3_3	NA	NA	NA	NA
NA	sgUBE2F_1	NA	NA	NA	NA
NA	sgUBE2I_4	NA	NA	NA	NA
NA	sgUBE2J1_2	NA	NA	NA	NA
NA	sgUBE2L3_3	NA	NA	NA	NA
NA	sgUBE2M_1	NA	NA	NA	NA
NA	sgUBE2N_1	NA	NA	NA	NA
NA	sgUBE2N_2	NA	NA	NA	NA
NA	sgUBE2N_3	NA	NA	NA	NA
NA	sgUBE2N_4	NA	NA	NA	NA
NA	sgUBE2Q2_1	NA	NA	NA	NA
NA	sgUBE2V2_1	NA	NA	NA	NA
NA	sgUBFD1_1	NA	NA	NA	NA
NA	sgUBFD1_3	NA	NA	NA	NA
NA	sgUBP1_3	NA	NA	NA	NA
NA	sgUBQLN3_1	NA	NA	NA	NA
NA	sgUBQLN4_1	NA	NA	NA	NA
NA	sgUBXN11_3	NA	NA	NA	NA
NA	sgUBXN2B_3	NA	NA	NA	NA
NA	sgUBXN4_3	NA	NA	NA	NA
NA	sgUCN2_4	NA	NA	NA	NA
NA	sgUCN_3	NA	NA	NA	NA
NA	sgUFD1L_2	NA	NA	NA	NA
NA	sgUFD1L_3	NA	NA	NA	NA
NA	sgUGCG_2	NA	NA	NA	NA
NA	sgUGDH_2	NA	NA	NA	NA
NA	sgUGT2A3_1	NA	NA	NA	NA
NA	sgUGT2A3_3	NA	NA	NA	NA
NA	sgUGT2A3_4	NA	NA	NA	NA
NA	sgUGT2B15_2	NA	NA	NA	NA
NA	sgUGT2B15_3	NA	NA	NA	NA
NA	sgUGT2B15_4	NA	NA	NA	NA
NA	sgUGT2B17_1	NA	NA	NA	NA
NA	sgUGT2B17_2	NA	NA	NA	NA
NA	sgUGT2B17_4	NA	NA	NA	NA
NA	sgUGT2B4_1	NA	NA	NA	NA
NA	sgUGT2B4_4	NA	NA	NA	NA
NA	sgUGT2B7_3	NA	NA	NA	NA
NA	sgUGT2B7_4	NA	NA	NA	NA
NA	sgUGT3A1_4	NA	NA	NA	NA
NA	sgUGT3A2_2	NA	NA	NA	NA
NA	sgUGT3A2_3	NA	NA	NA	NA
NA	sgUGT3A2_4	NA	NA	NA	NA
NA	sgUGT8_1	NA	NA	NA	NA
NA	sgUHRF2_4	NA	NA	NA	NA
NA	sgULBP2_4	NA	NA	NA	NA
NA	sgULBP3_2	NA	NA	NA	NA
NA	sgULK4_2	NA	NA	NA	NA
NA	sgUMPS_1	NA	NA	NA	NA
NA	sgUNC13B_4	NA	NA	NA	NA
NA	sgUNC13C_1	NA	NA	NA	NA
NA	sgUNC45B_1	NA	NA	NA	NA
NA	sgUNCX_1	NA	NA	NA	NA
NA	sgUNCX_3	NA	NA	NA	NA
NA	sgUPF1_1	NA	NA	NA	NA
NA	sgUPF2_2	NA	NA	NA	NA
NA	sgUPF3A_2	NA	NA	NA	NA
NA	sgUPK3B_3	NA	NA	NA	NA
NA	sgUQCR10_3	NA	NA	NA	NA
NA	sgUQCRB_3	NA	NA	NA	NA
NA	sgURM1_4	NA	NA	NA	NA
NA	sgUROC1_4	NA	NA	NA	NA
NA	sgUSHBP1_2	NA	NA	NA	NA
NA	sgUSP10_3	NA	NA	NA	NA
NA	sgUSP17L10_2	NA	NA	NA	NA
NA	sgUSP17L10_7	NA	NA	NA	NA
NA	sgUSP17L12_3	NA	NA	NA	NA
NA	sgUSP17L13_2	NA	NA	NA	NA
NA	sgUSP17L13_3	NA	NA	NA	NA
NA	sgUSP17L13_6	NA	NA	NA	NA
NA	sgUSP17L21_3	NA	NA	NA	NA
NA	sgUSP17L5_4	NA	NA	NA	NA
NA	sgUSP18_2	NA	NA	NA	NA
NA	sgUSP21_2	NA	NA	NA	NA
NA	sgUSP33_3	NA	NA	NA	NA
NA	sgUSP35_4	NA	NA	NA	NA
NA	sgUSP40_4	NA	NA	NA	NA
NA	sgUSP45_1	NA	NA	NA	NA
NA	sgUSP48_2	NA	NA	NA	NA
NA	sgUSP6_1	NA	NA	NA	NA
NA	sgUSP6_5	NA	NA	NA	NA
NA	sgUSP7_3	NA	NA	NA	NA
NA	sgUSP8_3	NA	NA	NA	NA
NA	sgUST_2	NA	NA	NA	NA
NA	sgUTP11L_1	NA	NA	NA	NA
NA	sgUTP14C_2	NA	NA	NA	NA
NA	sgUTP14C_3	NA	NA	NA	NA
NA	sgUTP6_1	NA	NA	NA	NA
NA	sgUTS2B_1	NA	NA	NA	NA
NA	sgUTS2_1	NA	NA	NA	NA
NA	sgUTS2_3	NA	NA	NA	NA
NA	sgUVSSA_3	NA	NA	NA	NA
NA	sgUXS1_4	NA	NA	NA	NA
NA	sgVAPA_2	NA	NA	NA	NA
NA	sgVASH1_1	NA	NA	NA	NA
NA	sgVAV2_1	NA	NA	NA	NA
NA	sgVCL_2	NA	NA	NA	NA
NA	sgVDAC2_3	NA	NA	NA	NA
NA	sgVDAC3_2	NA	NA	NA	NA
NA	sgVENTX_1	NA	NA	NA	NA
NA	sgVEZF1_2	NA	NA	NA	NA
NA	sgVEZF1_3	NA	NA	NA	NA
NA	sgVEZT_1	NA	NA	NA	NA
NA	sgVGLL2_3	NA	NA	NA	NA
NA	sgVIMP_3	NA	NA	NA	NA
NA	sgVIPR2_1	NA	NA	NA	NA
NA	sgVKORC1L1_1	NA	NA	NA	NA
NA	sgVKORC1L1_4	NA	NA	NA	NA
NA	sgVKORC1_4	NA	NA	NA	NA
NA	sgVMO1_2	NA	NA	NA	NA
NA	sgVMO1_3	NA	NA	NA	NA
NA	sgVPS13C_4	NA	NA	NA	NA
NA	sgVPS26A_2	NA	NA	NA	NA
NA	sgVPS37A_1	NA	NA	NA	NA
NA	sgVPS37C_1	NA	NA	NA	NA
NA	sgVPS37D_3	NA	NA	NA	NA
NA	sgVPS41_4	NA	NA	NA	NA
NA	sgVPS51_4	NA	NA	NA	NA
NA	sgVPS54_1	NA	NA	NA	NA
NA	sgVSIG10_1	NA	NA	NA	NA
NA	sgVSNL1_1	NA	NA	NA	NA
NA	sgVTI1A_3	NA	NA	NA	NA
NA	sgVTI1B_1	NA	NA	NA	NA
NA	sgVTI1B_2	NA	NA	NA	NA
NA	sgVWA1_2	NA	NA	NA	NA
NA	sgVWA7_3	NA	NA	NA	NA
NA	sgVWA9_2	NA	NA	NA	NA
NA	sgWAPAL_4	NA	NA	NA	NA
NA	sgWASF2_1	NA	NA	NA	NA
NA	sgWBP11_1	NA	NA	NA	NA
NA	sgWBP1L_1	NA	NA	NA	NA
NA	sgWBP1L_4	NA	NA	NA	NA
NA	sgWBP1_1	NA	NA	NA	NA
NA	sgWBSCR28_1	NA	NA	NA	NA
NA	sgWDR26_4	NA	NA	NA	NA
NA	sgWDR31_2	NA	NA	NA	NA
NA	sgWDR4_2	NA	NA	NA	NA
NA	sgWDR53_4	NA	NA	NA	NA
NA	sgWDR55_4	NA	NA	NA	NA
NA	sgWDR5_4	NA	NA	NA	NA
NA	sgWDR6_4	NA	NA	NA	NA
NA	sgWDR73_4	NA	NA	NA	NA
NA	sgWDR77_3	NA	NA	NA	NA
NA	sgWDR82_2	NA	NA	NA	NA
NA	sgWDR93_2	NA	NA	NA	NA
NA	sgWDR93_4	NA	NA	NA	NA
NA	sgWEE2_4	NA	NA	NA	NA
NA	sgWFDC10A_1	NA	NA	NA	NA
NA	sgWFDC10A_2	NA	NA	NA	NA
NA	sgWFDC10A_5	NA	NA	NA	NA
NA	sgWFDC10B_1	NA	NA	NA	NA
NA	sgWFDC10B_2	NA	NA	NA	NA
NA	sgWFDC10B_5	NA	NA	NA	NA
NA	sgWFDC2_1	NA	NA	NA	NA
NA	sgWFDC9_4	NA	NA	NA	NA
NA	sgWHAMM_3	NA	NA	NA	NA
NA	sgWIPF1_1	NA	NA	NA	NA
NA	sgWIPI1_2	NA	NA	NA	NA
NA	sgWIPI2_4	NA	NA	NA	NA
NA	sgWIZ_4	NA	NA	NA	NA
NA	sgWNK1_1	NA	NA	NA	NA
NA	sgWNK1_3	NA	NA	NA	NA
NA	sgWNT10B_2	NA	NA	NA	NA
NA	sgWNT9B_4	NA	NA	NA	NA
NA	sgWSB2_2	NA	NA	NA	NA
NA	sgWSB2_4	NA	NA	NA	NA
NA	sgWTAP_1	NA	NA	NA	NA
NA	sgWTAP_3	NA	NA	NA	NA
NA	sgWTAP_4	NA	NA	NA	NA
NA	sgWTIP_1	NA	NA	NA	NA
NA	sgWWC2_1	NA	NA	NA	NA
NA	sgWWC2_3	NA	NA	NA	NA
NA	sgWWP1_1	NA	NA	NA	NA
NA	sgWWP1_2	NA	NA	NA	NA
NA	sgXAB2_3	NA	NA	NA	NA
NA	sgXBP1_4	NA	NA	NA	NA
NA	sgXCL1_6	NA	NA	NA	NA
NA	sgXCL2_5	NA	NA	NA	NA
NA	sgXKR3_3	NA	NA	NA	NA
NA	sgXKR4_2	NA	NA	NA	NA
NA	sgXPO6_3	NA	NA	NA	NA
NA	sgXPO7_4	NA	NA	NA	NA
NA	sgXPOT_2	NA	NA	NA	NA
NA	sgXRCC4_2	NA	NA	NA	NA
NA	sgXRCC5_4	NA	NA	NA	NA
NA	sgXYLB_2	NA	NA	NA	NA
NA	sgYARS_4	NA	NA	NA	NA
NA	sgYBX1_1	NA	NA	NA	NA
NA	sgYBX1_3	NA	NA	NA	NA
NA	sgYBX2_1	NA	NA	NA	NA
NA	sgYBX3_1	NA	NA	NA	NA
NA	sgYBX3_2	NA	NA	NA	NA
NA	sgYES1_3	NA	NA	NA	NA
NA	sgYJEFN3_2	NA	NA	NA	NA
NA	sgYKT6_2	NA	NA	NA	NA
NA	sgYLPM1_2	NA	NA	NA	NA
NA	sgYME1L1_1	NA	NA	NA	NA
NA	sgYPEL1_4	NA	NA	NA	NA
NA	sgYPEL3_4	NA	NA	NA	NA
NA	sgYPEL5_1	NA	NA	NA	NA
NA	sgYPEL5_3	NA	NA	NA	NA
NA	sgYTHDC2_2	NA	NA	NA	NA
NA	sgYTHDF1_3	NA	NA	NA	NA
NA	sgYTHDF2_3	NA	NA	NA	NA
NA	sgYWHAH_2	NA	NA	NA	NA
NA	sgYWHAQ_2	NA	NA	NA	NA
NA	sgYY1AP1_1	NA	NA	NA	NA
NA	sgZACN_2	NA	NA	NA	NA
NA	sgZBED2_3	NA	NA	NA	NA
NA	sgZBED6_1	NA	NA	NA	NA
NA	sgZBTB10_4	NA	NA	NA	NA
NA	sgZBTB12_1	NA	NA	NA	NA
NA	sgZBTB12_2	NA	NA	NA	NA
NA	sgZBTB22_1	NA	NA	NA	NA
NA	sgZBTB25_2	NA	NA	NA	NA
NA	sgZBTB25_3	NA	NA	NA	NA
NA	sgZBTB37_4	NA	NA	NA	NA
NA	sgZBTB39_1	NA	NA	NA	NA
NA	sgZBTB4_3	NA	NA	NA	NA
NA	sgZBTB5_2	NA	NA	NA	NA
NA	sgZBTB7C_1	NA	NA	NA	NA
NA	sgZBTB8B_1	NA	NA	NA	NA
NA	sgZC3H7B_3	NA	NA	NA	NA
NA	sgZC3HAV1L_3	NA	NA	NA	NA
NA	sgZC3HC1_1	NA	NA	NA	NA
NA	sgZCCHC10_2	NA	NA	NA	NA
NA	sgZCCHC3_1	NA	NA	NA	NA
NA	sgZCCHC3_2	NA	NA	NA	NA
NA	sgZCCHC3_3	NA	NA	NA	NA
NA	sgZCCHC7_1	NA	NA	NA	NA
NA	sgZCRB1_3	NA	NA	NA	NA
NA	sgZCWPW1_4	NA	NA	NA	NA
NA	sgZDHHC13_1	NA	NA	NA	NA
NA	sgZDHHC17_4	NA	NA	NA	NA
NA	sgZDHHC20_1	NA	NA	NA	NA
NA	sgZDHHC20_4	NA	NA	NA	NA
NA	sgZDHHC21_1	NA	NA	NA	NA
NA	sgZDHHC6_2	NA	NA	NA	NA
NA	sgZDHHC6_3	NA	NA	NA	NA
NA	sgZDHHC7_4	NA	NA	NA	NA
NA	sgZFAND6_2	NA	NA	NA	NA
NA	sgZFAND6_4	NA	NA	NA	NA
NA	sgZFP14_4	NA	NA	NA	NA
NA	sgZFP1_4	NA	NA	NA	NA
NA	sgZFP28_2	NA	NA	NA	NA
NA	sgZFP28_3	NA	NA	NA	NA
NA	sgZFP30_1	NA	NA	NA	NA
NA	sgZFP30_2	NA	NA	NA	NA
NA	sgZFP3_2	NA	NA	NA	NA
NA	sgZFP41_1	NA	NA	NA	NA
NA	sgZFP41_3	NA	NA	NA	NA
NA	sgZFP57_4	NA	NA	NA	NA
NA	sgZFP64_3	NA	NA	NA	NA
NA	sgZFP69B_1	NA	NA	NA	NA
NA	sgZFP82_4	NA	NA	NA	NA
NA	sgZFP90_3	NA	NA	NA	NA
NA	sgZFP90_4	NA	NA	NA	NA
NA	sgZFP91_1	NA	NA	NA	NA
NA	sgZFR2_1	NA	NA	NA	NA
NA	sgZFR_2	NA	NA	NA	NA
NA	sgZFR_4	NA	NA	NA	NA
NA	sgZFYVE19_1	NA	NA	NA	NA
NA	sgZG16B_2	NA	NA	NA	NA
NA	sgZHX1_3	NA	NA	NA	NA
NA	sgZHX2_3	NA	NA	NA	NA
NA	sgZHX3_3	NA	NA	NA	NA
NA	sgZKSCAN3_5	NA	NA	NA	NA
NA	sgZKSCAN4_4	NA	NA	NA	NA
NA	sgZKSCAN5_1	NA	NA	NA	NA
NA	sgZKSCAN7_3	NA	NA	NA	NA
NA	sgZMAT2_1	NA	NA	NA	NA
NA	sgZMPSTE24_4	NA	NA	NA	NA
NA	sgZMYM5_2	NA	NA	NA	NA
NA	sgZMYND15_1	NA	NA	NA	NA
NA	sgZMYND8_1	NA	NA	NA	NA
NA	sgZNF100_1	NA	NA	NA	NA
NA	sgZNF100_4	NA	NA	NA	NA
NA	sgZNF101_3	NA	NA	NA	NA
NA	sgZNF107_1	NA	NA	NA	NA
NA	sgZNF107_4	NA	NA	NA	NA
NA	sgZNF10_3	NA	NA	NA	NA
NA	sgZNF117_2	NA	NA	NA	NA
NA	sgZNF121_4	NA	NA	NA	NA
NA	sgZNF124_1	NA	NA	NA	NA
NA	sgZNF12_2	NA	NA	NA	NA
NA	sgZNF132_3	NA	NA	NA	NA
NA	sgZNF133_3	NA	NA	NA	NA
NA	sgZNF134_4	NA	NA	NA	NA
NA	sgZNF135_1	NA	NA	NA	NA
NA	sgZNF135_4	NA	NA	NA	NA
NA	sgZNF138_1	NA	NA	NA	NA
NA	sgZNF138_2	NA	NA	NA	NA
NA	sgZNF138_3	NA	NA	NA	NA
NA	sgZNF138_4	NA	NA	NA	NA
NA	sgZNF140_3	NA	NA	NA	NA
NA	sgZNF141_1	NA	NA	NA	NA
NA	sgZNF141_3	NA	NA	NA	NA
NA	sgZNF14_4	NA	NA	NA	NA
NA	sgZNF155_2	NA	NA	NA	NA
NA	sgZNF169_3	NA	NA	NA	NA
NA	sgZNF16_2	NA	NA	NA	NA
NA	sgZNF16_3	NA	NA	NA	NA
NA	sgZNF177_3	NA	NA	NA	NA
NA	sgZNF177_5	NA	NA	NA	NA
NA	sgZNF17_1	NA	NA	NA	NA
NA	sgZNF17_3	NA	NA	NA	NA
NA	sgZNF181_2	NA	NA	NA	NA
NA	sgZNF181_4	NA	NA	NA	NA
NA	sgZNF184_3	NA	NA	NA	NA
NA	sgZNF195_2	NA	NA	NA	NA
NA	sgZNF195_4	NA	NA	NA	NA
NA	sgZNF19_1	NA	NA	NA	NA
NA	sgZNF202_4	NA	NA	NA	NA
NA	sgZNF207_1	NA	NA	NA	NA
NA	sgZNF208_1	NA	NA	NA	NA
NA	sgZNF208_2	NA	NA	NA	NA
NA	sgZNF208_3	NA	NA	NA	NA
NA	sgZNF208_4	NA	NA	NA	NA
NA	sgZNF20_3	NA	NA	NA	NA
NA	sgZNF214_1	NA	NA	NA	NA
NA	sgZNF214_2	NA	NA	NA	NA
NA	sgZNF221_1	NA	NA	NA	NA
NA	sgZNF221_2	NA	NA	NA	NA
NA	sgZNF221_4	NA	NA	NA	NA
NA	sgZNF222_3	NA	NA	NA	NA
NA	sgZNF223_1	NA	NA	NA	NA
NA	sgZNF224_3	NA	NA	NA	NA
NA	sgZNF226_1	NA	NA	NA	NA
NA	sgZNF226_3	NA	NA	NA	NA
NA	sgZNF226_4	NA	NA	NA	NA
NA	sgZNF227_1	NA	NA	NA	NA
NA	sgZNF230_4	NA	NA	NA	NA
NA	sgZNF233_3	NA	NA	NA	NA
NA	sgZNF234_1	NA	NA	NA	NA
NA	sgZNF24_2	NA	NA	NA	NA
NA	sgZNF250_1	NA	NA	NA	NA
NA	sgZNF253_2	NA	NA	NA	NA
NA	sgZNF253_8	NA	NA	NA	NA
NA	sgZNF257_2	NA	NA	NA	NA
NA	sgZNF260_1	NA	NA	NA	NA
NA	sgZNF263_4	NA	NA	NA	NA
NA	sgZNF264_4	NA	NA	NA	NA
NA	sgZNF267_2	NA	NA	NA	NA
NA	sgZNF267_3	NA	NA	NA	NA
NA	sgZNF26_3	NA	NA	NA	NA
NA	sgZNF273_1	NA	NA	NA	NA
NA	sgZNF273_5	NA	NA	NA	NA
NA	sgZNF273_6	NA	NA	NA	NA
NA	sgZNF277_2	NA	NA	NA	NA
NA	sgZNF280A_2	NA	NA	NA	NA
NA	sgZNF280D_4	NA	NA	NA	NA
NA	sgZNF284_3	NA	NA	NA	NA
NA	sgZNF284_4	NA	NA	NA	NA
NA	sgZNF285_2	NA	NA	NA	NA
NA	sgZNF285_3	NA	NA	NA	NA
NA	sgZNF286A_1	NA	NA	NA	NA
NA	sgZNF28_1	NA	NA	NA	NA
NA	sgZNF28_4	NA	NA	NA	NA
NA	sgZNF302_1	NA	NA	NA	NA
NA	sgZNF302_4	NA	NA	NA	NA
NA	sgZNF30_1	NA	NA	NA	NA
NA	sgZNF30_2	NA	NA	NA	NA
NA	sgZNF317_1	NA	NA	NA	NA
NA	sgZNF317_3	NA	NA	NA	NA
NA	sgZNF320_1	NA	NA	NA	NA
NA	sgZNF320_3	NA	NA	NA	NA
NA	sgZNF324B_2	NA	NA	NA	NA
NA	sgZNF324B_3	NA	NA	NA	NA
NA	sgZNF324_3	NA	NA	NA	NA
NA	sgZNF331_1	NA	NA	NA	NA
NA	sgZNF331_2	NA	NA	NA	NA
NA	sgZNF334_2	NA	NA	NA	NA
NA	sgZNF337_4	NA	NA	NA	NA
NA	sgZNF33A_2	NA	NA	NA	NA
NA	sgZNF33A_3	NA	NA	NA	NA
NA	sgZNF33B_1	NA	NA	NA	NA
NA	sgZNF33B_2	NA	NA	NA	NA
NA	sgZNF33B_4	NA	NA	NA	NA
NA	sgZNF341_2	NA	NA	NA	NA
NA	sgZNF345_3	NA	NA	NA	NA
NA	sgZNF34_3	NA	NA	NA	NA
NA	sgZNF350_1	NA	NA	NA	NA
NA	sgZNF354C_2	NA	NA	NA	NA
NA	sgZNF35_4	NA	NA	NA	NA
NA	sgZNF362_2	NA	NA	NA	NA
NA	sgZNF365_3	NA	NA	NA	NA
NA	sgZNF366_2	NA	NA	NA	NA
NA	sgZNF367_4	NA	NA	NA	NA
NA	sgZNF383_1	NA	NA	NA	NA
NA	sgZNF385B_3	NA	NA	NA	NA
NA	sgZNF385D_4	NA	NA	NA	NA
NA	sgZNF395_1	NA	NA	NA	NA
NA	sgZNF396_3	NA	NA	NA	NA
NA	sgZNF3_3	NA	NA	NA	NA
NA	sgZNF408_4	NA	NA	NA	NA
NA	sgZNF414_1	NA	NA	NA	NA
NA	sgZNF417_1	NA	NA	NA	NA
NA	sgZNF417_2	NA	NA	NA	NA
NA	sgZNF418_2	NA	NA	NA	NA
NA	sgZNF418_3	NA	NA	NA	NA
NA	sgZNF419_1	NA	NA	NA	NA
NA	sgZNF420_1	NA	NA	NA	NA
NA	sgZNF428_2	NA	NA	NA	NA
NA	sgZNF429_2	NA	NA	NA	NA
NA	sgZNF430_2	NA	NA	NA	NA
NA	sgZNF432_2	NA	NA	NA	NA
NA	sgZNF432_3	NA	NA	NA	NA
NA	sgZNF433_1	NA	NA	NA	NA
NA	sgZNF433_2	NA	NA	NA	NA
NA	sgZNF433_4	NA	NA	NA	NA
NA	sgZNF436_2	NA	NA	NA	NA
NA	sgZNF438_4	NA	NA	NA	NA
NA	sgZNF439_3	NA	NA	NA	NA
NA	sgZNF43_2	NA	NA	NA	NA
NA	sgZNF43_4	NA	NA	NA	NA
NA	sgZNF43_5	NA	NA	NA	NA
NA	sgZNF440_1	NA	NA	NA	NA
NA	sgZNF440_2	NA	NA	NA	NA
NA	sgZNF441_1	NA	NA	NA	NA
NA	sgZNF442_3	NA	NA	NA	NA
NA	sgZNF443_1	NA	NA	NA	NA
NA	sgZNF443_2	NA	NA	NA	NA
NA	sgZNF443_3	NA	NA	NA	NA
NA	sgZNF444_2	NA	NA	NA	NA
NA	sgZNF44_1	NA	NA	NA	NA
NA	sgZNF44_4	NA	NA	NA	NA
NA	sgZNF454_2	NA	NA	NA	NA
NA	sgZNF460_3	NA	NA	NA	NA
NA	sgZNF460_4	NA	NA	NA	NA
NA	sgZNF461_1	NA	NA	NA	NA
NA	sgZNF468_2	NA	NA	NA	NA
NA	sgZNF468_3	NA	NA	NA	NA
NA	sgZNF479_3	NA	NA	NA	NA
NA	sgZNF479_4	NA	NA	NA	NA
NA	sgZNF485_3	NA	NA	NA	NA
NA	sgZNF486_1	NA	NA	NA	NA
NA	sgZNF486_3	NA	NA	NA	NA
NA	sgZNF486_4	NA	NA	NA	NA
NA	sgZNF490_2	NA	NA	NA	NA
NA	sgZNF490_3	NA	NA	NA	NA
NA	sgZNF492_1	NA	NA	NA	NA
NA	sgZNF492_2	NA	NA	NA	NA
NA	sgZNF492_3	NA	NA	NA	NA
NA	sgZNF492_4	NA	NA	NA	NA
NA	sgZNF493_1	NA	NA	NA	NA
NA	sgZNF493_2	NA	NA	NA	NA
NA	sgZNF493_4	NA	NA	NA	NA
NA	sgZNF493_5	NA	NA	NA	NA
NA	sgZNF500_4	NA	NA	NA	NA
NA	sgZNF501_2	NA	NA	NA	NA
NA	sgZNF501_3	NA	NA	NA	NA
NA	sgZNF502_3	NA	NA	NA	NA
NA	sgZNF506_1	NA	NA	NA	NA
NA	sgZNF506_5	NA	NA	NA	NA
NA	sgZNF506_6	NA	NA	NA	NA
NA	sgZNF512B_1	NA	NA	NA	NA
NA	sgZNF513_2	NA	NA	NA	NA
NA	sgZNF527_4	NA	NA	NA	NA
NA	sgZNF528_3	NA	NA	NA	NA
NA	sgZNF528_4	NA	NA	NA	NA
NA	sgZNF532_3	NA	NA	NA	NA
NA	sgZNF543_4	NA	NA	NA	NA
NA	sgZNF544_1	NA	NA	NA	NA
NA	sgZNF546_1	NA	NA	NA	NA
NA	sgZNF550_2	NA	NA	NA	NA
NA	sgZNF550_3	NA	NA	NA	NA
NA	sgZNF552_1	NA	NA	NA	NA
NA	sgZNF554_1	NA	NA	NA	NA
NA	sgZNF558_3	NA	NA	NA	NA
NA	sgZNF559_2	NA	NA	NA	NA
NA	sgZNF559_4	NA	NA	NA	NA
NA	sgZNF561_2	NA	NA	NA	NA
NA	sgZNF561_3	NA	NA	NA	NA
NA	sgZNF562_2	NA	NA	NA	NA
NA	sgZNF563_4	NA	NA	NA	NA
NA	sgZNF565_1	NA	NA	NA	NA
NA	sgZNF567_1	NA	NA	NA	NA
NA	sgZNF569_1	NA	NA	NA	NA
NA	sgZNF570_1	NA	NA	NA	NA
NA	sgZNF572_1	NA	NA	NA	NA
NA	sgZNF577_2	NA	NA	NA	NA
NA	sgZNF577_4	NA	NA	NA	NA
NA	sgZNF578_2	NA	NA	NA	NA
NA	sgZNF578_5	NA	NA	NA	NA
NA	sgZNF583_2	NA	NA	NA	NA
NA	sgZNF585A_2	NA	NA	NA	NA
NA	sgZNF585A_4	NA	NA	NA	NA
NA	sgZNF585B_2	NA	NA	NA	NA
NA	sgZNF587B_1	NA	NA	NA	NA
NA	sgZNF587B_4	NA	NA	NA	NA
NA	sgZNF587_1	NA	NA	NA	NA
NA	sgZNF587_2	NA	NA	NA	NA
NA	sgZNF589_2	NA	NA	NA	NA
NA	sgZNF594_4	NA	NA	NA	NA
NA	sgZNF596_1	NA	NA	NA	NA
NA	sgZNF596_2	NA	NA	NA	NA
NA	sgZNF596_3	NA	NA	NA	NA
NA	sgZNF600_2	NA	NA	NA	NA
NA	sgZNF600_5	NA	NA	NA	NA
NA	sgZNF605_2	NA	NA	NA	NA
NA	sgZNF606_1	NA	NA	NA	NA
NA	sgZNF607_2	NA	NA	NA	NA
NA	sgZNF610_1	NA	NA	NA	NA
NA	sgZNF610_4	NA	NA	NA	NA
NA	sgZNF611_2	NA	NA	NA	NA
NA	sgZNF611_4	NA	NA	NA	NA
NA	sgZNF613_2	NA	NA	NA	NA
NA	sgZNF613_3	NA	NA	NA	NA
NA	sgZNF613_4	NA	NA	NA	NA
NA	sgZNF614_1	NA	NA	NA	NA
NA	sgZNF615_1	NA	NA	NA	NA
NA	sgZNF615_2	NA	NA	NA	NA
NA	sgZNF615_3	NA	NA	NA	NA
NA	sgZNF615_4	NA	NA	NA	NA
NA	sgZNF616_1	NA	NA	NA	NA
NA	sgZNF620_2	NA	NA	NA	NA
NA	sgZNF625_1	NA	NA	NA	NA
NA	sgZNF627_3	NA	NA	NA	NA
NA	sgZNF649_2	NA	NA	NA	NA
NA	sgZNF649_4	NA	NA	NA	NA
NA	sgZNF652_2	NA	NA	NA	NA
NA	sgZNF652_3	NA	NA	NA	NA
NA	sgZNF653_1	NA	NA	NA	NA
NA	sgZNF655_3	NA	NA	NA	NA
NA	sgZNF662_4	NA	NA	NA	NA
NA	sgZNF664_2	NA	NA	NA	NA
NA	sgZNF665_4	NA	NA	NA	NA
NA	sgZNF669_2	NA	NA	NA	NA
NA	sgZNF669_4	NA	NA	NA	NA
NA	sgZNF675_2	NA	NA	NA	NA
NA	sgZNF675_3	NA	NA	NA	NA
NA	sgZNF675_4	NA	NA	NA	NA
NA	sgZNF676_3	NA	NA	NA	NA
NA	sgZNF677_4	NA	NA	NA	NA
NA	sgZNF679_1	NA	NA	NA	NA
NA	sgZNF679_2	NA	NA	NA	NA
NA	sgZNF679_3	NA	NA	NA	NA
NA	sgZNF680_1	NA	NA	NA	NA
NA	sgZNF680_4	NA	NA	NA	NA
NA	sgZNF682_3	NA	NA	NA	NA
NA	sgZNF683_2	NA	NA	NA	NA
NA	sgZNF684_3	NA	NA	NA	NA
NA	sgZNF684_4	NA	NA	NA	NA
NA	sgZNF688_3	NA	NA	NA	NA
NA	sgZNF691_1	NA	NA	NA	NA
NA	sgZNF695_3	NA	NA	NA	NA
NA	sgZNF69_1	NA	NA	NA	NA
NA	sgZNF69_2	NA	NA	NA	NA
NA	sgZNF69_3	NA	NA	NA	NA
NA	sgZNF700_3	NA	NA	NA	NA
NA	sgZNF701_2	NA	NA	NA	NA
NA	sgZNF701_3	NA	NA	NA	NA
NA	sgZNF701_4	NA	NA	NA	NA
NA	sgZNF704_4	NA	NA	NA	NA
NA	sgZNF705A_1	NA	NA	NA	NA
NA	sgZNF705B_1	NA	NA	NA	NA
NA	sgZNF705G_3	NA	NA	NA	NA
NA	sgZNF706_1	NA	NA	NA	NA
NA	sgZNF707_3	NA	NA	NA	NA
NA	sgZNF708_5	NA	NA	NA	NA
NA	sgZNF708_6	NA	NA	NA	NA
NA	sgZNF714_1	NA	NA	NA	NA
NA	sgZNF716_4	NA	NA	NA	NA
NA	sgZNF71_1	NA	NA	NA	NA
NA	sgZNF71_3	NA	NA	NA	NA
NA	sgZNF721_2	NA	NA	NA	NA
NA	sgZNF721_3	NA	NA	NA	NA
NA	sgZNF721_4	NA	NA	NA	NA
NA	sgZNF726_7	NA	NA	NA	NA
NA	sgZNF727P_1	NA	NA	NA	NA
NA	sgZNF727P_2	NA	NA	NA	NA
NA	sgZNF727P_3	NA	NA	NA	NA
NA	sgZNF727P_4	NA	NA	NA	NA
NA	sgZNF728_2	NA	NA	NA	NA
NA	sgZNF728_3	NA	NA	NA	NA
NA	sgZNF729_1	NA	NA	NA	NA
NA	sgZNF729_2	NA	NA	NA	NA
NA	sgZNF729_3	NA	NA	NA	NA
NA	sgZNF730_1	NA	NA	NA	NA
NA	sgZNF730_2	NA	NA	NA	NA
NA	sgZNF732_1	NA	NA	NA	NA
NA	sgZNF736_1	NA	NA	NA	NA
NA	sgZNF736_4	NA	NA	NA	NA
NA	sgZNF737_3	NA	NA	NA	NA
NA	sgZNF737_7	NA	NA	NA	NA
NA	sgZNF746_1	NA	NA	NA	NA
NA	sgZNF747_1	NA	NA	NA	NA
NA	sgZNF749_4	NA	NA	NA	NA
NA	sgZNF75A_4	NA	NA	NA	NA
NA	sgZNF763_2	NA	NA	NA	NA
NA	sgZNF763_4	NA	NA	NA	NA
NA	sgZNF764_1	NA	NA	NA	NA
NA	sgZNF764_2	NA	NA	NA	NA
NA	sgZNF765_1	NA	NA	NA	NA
NA	sgZNF765_2	NA	NA	NA	NA
NA	sgZNF765_3	NA	NA	NA	NA
NA	sgZNF766_3	NA	NA	NA	NA
NA	sgZNF770_2	NA	NA	NA	NA
NA	sgZNF773_1	NA	NA	NA	NA
NA	sgZNF773_3	NA	NA	NA	NA
NA	sgZNF773_4	NA	NA	NA	NA
NA	sgZNF780A_1	NA	NA	NA	NA
NA	sgZNF780A_3	NA	NA	NA	NA
NA	sgZNF780B_3	NA	NA	NA	NA
NA	sgZNF780B_4	NA	NA	NA	NA
NA	sgZNF782_4	NA	NA	NA	NA
NA	sgZNF790_2	NA	NA	NA	NA
NA	sgZNF792_3	NA	NA	NA	NA
NA	sgZNF799_1	NA	NA	NA	NA
NA	sgZNF799_2	NA	NA	NA	NA
NA	sgZNF805_3	NA	NA	NA	NA
NA	sgZNF808_1	NA	NA	NA	NA
NA	sgZNF808_2	NA	NA	NA	NA
NA	sgZNF808_3	NA	NA	NA	NA
NA	sgZNF808_4	NA	NA	NA	NA
NA	sgZNF80_4	NA	NA	NA	NA
NA	sgZNF813_1	NA	NA	NA	NA
NA	sgZNF814_2	NA	NA	NA	NA
NA	sgZNF814_4	NA	NA	NA	NA
NA	sgZNF821_1	NA	NA	NA	NA
NA	sgZNF823_1	NA	NA	NA	NA
NA	sgZNF823_3	NA	NA	NA	NA
NA	sgZNF830_1	NA	NA	NA	NA
NA	sgZNF830_4	NA	NA	NA	NA
NA	sgZNF835_1	NA	NA	NA	NA
NA	sgZNF836_1	NA	NA	NA	NA
NA	sgZNF839_1	NA	NA	NA	NA
NA	sgZNF844_2	NA	NA	NA	NA
NA	sgZNF845_2	NA	NA	NA	NA
NA	sgZNF845_4	NA	NA	NA	NA
NA	sgZNF845_5	NA	NA	NA	NA
NA	sgZNF850_2	NA	NA	NA	NA
NA	sgZNF853_4	NA	NA	NA	NA
NA	sgZNF85_4	NA	NA	NA	NA
NA	sgZNF860_2	NA	NA	NA	NA
NA	sgZNF878_5	NA	NA	NA	NA
NA	sgZNF879_1	NA	NA	NA	NA
NA	sgZNF90_1	NA	NA	NA	NA
NA	sgZNF90_2	NA	NA	NA	NA
NA	sgZNF91_1	NA	NA	NA	NA
NA	sgZNF91_2	NA	NA	NA	NA
NA	sgZNF91_3	NA	NA	NA	NA
NA	sgZNF91_4	NA	NA	NA	NA
NA	sgZNF93_2	NA	NA	NA	NA
NA	sgZNF93_3	NA	NA	NA	NA
NA	sgZNF98_1	NA	NA	NA	NA
NA	sgZNF98_3	NA	NA	NA	NA
NA	sgZNF98_4	NA	NA	NA	NA
NA	sgZNF99_1	NA	NA	NA	NA
NA	sgZNHIT6_1	NA	NA	NA	NA
NA	sgZNRF2_2	NA	NA	NA	NA
NA	sgZP2_4	NA	NA	NA	NA
NA	sgZPBP_3	NA	NA	NA	NA
NA	sgZPR1_1	NA	NA	NA	NA
NA	sgZPR1_2	NA	NA	NA	NA
NA	sgZPR1_3	NA	NA	NA	NA
NA	sgZSCAN1_1	NA	NA	NA	NA
NA	sgZSCAN22_2	NA	NA	NA	NA
NA	sgZSCAN30_4	NA	NA	NA	NA
NA	sgZSCAN32_3	NA	NA	NA	NA
NA	sgZSCAN4_1	NA	NA	NA	NA
NA	sgZSCAN4_4	NA	NA	NA	NA
NA	sgZSCAN5B_1	NA	NA	NA	NA
NA	sgZSCAN5B_4	NA	NA	NA	NA
NA	sgZSCAN9_2	NA	NA	NA	NA
NA	sgZSWIM1_2	NA	NA	NA	NA
NA	sgZSWIM6_4	NA	NA	NA	NA
NA	sgZW10_3	NA	NA	NA	NA
NA	sgZW10_4	NA	NA	NA	NA
NA	sgZWILCH_3	NA	NA	NA	NA
NA	sgZYG11A_1	NA	NA	NA	NA
