multi_target_guides	single_mismatch_guides	pam_distal_single_mismatch_guides	pam_distal_double_mismatch_guides	guides_not_target_anywhere	guides_not_target_exon
sgABHD17A_2	sgAADAC_4	NA	sgABHD14A_1	sgANKRD16_1	sgABCA8_1
sgABHD17A_4	sgAARSD1_2	NA	sgABHD15_4	sgAPBA3_2	sgABHD1_4
sgACKR4_2	sgAASDHPPT_3	NA	sgABHD2_2	sgAPOL1_2	sgACAD9_1
sgACKR4_3	sgABCA10_3	NA	sgACOT1_4	sgAQP12A_4	sgACRV1_1
sgACKR4_4	sgABCA1_2	NA	sgACTR5_4	sgBCL2L15_4	sgACTN1_2
sgACSM2A_1	sgABCA3_1	NA	sgADA2_1	sgC3orf52_1	sgADAM11_1
sgADAM21_2	sgABCB10_3	NA	sgADISSP_1	sgCGB7_3	sgADAM12_4
sgADGRE5_3	sgABCB11_2	NA	sgAGBL5_4	sgCLEC1B_3	sgADAMTSL3_3
sgAGAP4_1	sgABCB1_3	NA	sgAGFG1_3	sgEIF2AK3_3	sgADCK5_3
sgAGAP5_1	sgABCB5_4	NA	sgAKR1C8_1	sgFRAS1_1	sgADD1_3
sgAGAP5_2	sgABCC3_4	NA	sgANKFN1_4	sgFZD5_4	sgAGR2_2
sgAGAP9_3	sgABCC4_1	NA	sgANKMY1_2	sgGPR42_2	sgAHCTF1_2
sgAGAP9_4	sgABCC5_3	NA	sgAPOBEC1_3	sgHLA-C_4	sgAHSP_1
sgAK2_1	sgABCE1_2	NA	sgARHGEF12_2	sgHSBP1L1_1	sgAIDA_2
sgAKAP17A_1	sgABCE1_4	NA	sgASAH1_2	sgINPP5A_2	sgAIF1_4
sgAKAP17A_4	sgABCF2_1	NA	sgC18orf63_1	sgKCNMB1_2	sgALDH16A1_4
sgAKAP17A_5	sgABCF2_3	NA	sgC3orf85_4	sgKNG1_1	sgALDH18A1_1
sgAKAP17A_6	sgABHD16A_2	NA	sgC5AR1_2	sgKRT13_4	sgALDH7A1_2
sgAKR1B15_3	sgABHD17A_1	NA	sgC8orf76_2	sgLDLRAD2_1	sgALLC_2
sgAKR1C2_4	sgABHD1_2	NA	sgC8orf89_1	sgLMOD3_3	sgAMDHD2_3
sgALG10B_4	sgABITRAM_3	NA	sgCARNS1_4	sgMUS81_4	sgANKDD1B_3
sgALG10_3	sgABRAXAS1_4	NA	sgCCR2_4	sgMYLK_4	sgANKLE1_2
sgAMY1A_1	sgABRAXAS2_2	NA	sgCCT6B_2	sgOBP2A_2	sgANKRD30B_4
sgAMY1B_1	sgACAD8_2	NA	sgCD163L1_1	sgOR11L1_2	sgANKRD40CL_3
sgAMY1B_2	sgACBD3_2	NA	sgCD37_4	sgOSBPL6_1	sgANKRD45_1
sgAMY1B_3	sgACCSL_1	NA	sgCDCA7_3	sgPDIA3_2	sgANKRD6_1
sgAMY1B_4	sgACE2_2	NA	sgCDH5_4	sgPOMZP3_4	sgANP32A_4
sgAMY2A_1	sgACER2_3	NA	sgCDKL1_4	sgRNASE7_1	sgAP1M1_1
sgAMY2A_3	sgACER2_4	NA	sgCETN2_2	sgRNF130_2	sgAPIP_1
sgAMY2A_4	sgACHE_1	NA	sgCFAP251_2	sgSART1_2	sgAPLP1_2
sgANKRD20A1_1	sgACKR2_4	NA	sgCFAP263_3	sgSERPINB10_4	sgAQP12A_3
sgANKRD30BL_2	sgACKR4_1	NA	sgCHRNA5_3	sgSPINK14_3	sgARF4_2
sgANKRD36B_2	sgACO2_3	NA	sgCKM_3	sgSPINK6_1	sgARFGAP3_3
sgANKRD36B_4	sgACOT1_1	NA	sgCLCC1_1	sgSRGN_1	sgARHGEF6_4
sgANXA8L1_2	sgACOT2_1	NA	sgCMTM7_3	sgTEX48_2	sgARL1_3
sgANXA8L1_4	sgACOT2_4	NA	sgCNN2_2	sgTRIM71_2	sgARPIN_2
sgANXA8_3	sgACP1_2	NA	sgCOX6B2_4	sgTRNT1_1	sgARPIN_4
sgAP1S2_1	sgACP1_4	NA	sgCRIP2_1	sgZNG1F_3	sgASB16_4
sgAP1S2_2	sgACR_1	NA	sgCRY1_4	NA	sgATP2C1_3
sgAP1S2_3	sgACSM2A_3	NA	sgCTSO_3	NA	sgATP2C2_2
sgAP3S1_3	sgACSM2A_4	NA	sgCXCL9_2	NA	sgATP5MF_3
sgAPOBEC3F_2	sgACSM2B_2	NA	sgCYBC1_1	NA	sgATP5PB_3
sgAPOBEC3F_3	sgACSM2B_4	NA	sgDCP2_4	NA	sgATP5PD_4
sgAPOC1_3	sgACSM5_2	NA	sgDCPS_3	NA	sgATP6AP1_1
sgAQP12A_1	sgACSM5_3	NA	sgDDIAS_3	NA	sgATP6V1B1_4
sgAQP12B_1	sgACSM5_4	NA	sgDDX20_3	NA	sgATP8A2_2
sgAQP12B_2	sgACTA1_4	NA	sgDEPDC1B_2	NA	sgBCL2L15_3
sgAQP12B_4	sgACTBL2_1	NA	sgDHX15_4	NA	sgBEND7_4
sgARHGAP11B_2	sgACTBL2_2	NA	sgDLEU7_2	NA	sgBLNK_4
sgARHGAP11B_4	sgACTB_4	NA	sgDNAJC12_4	NA	sgBLOC1S5_2
sgARHGEF35_2	sgACTC1_3	NA	sgEDAR_3	NA	sgBLVRB_3
sgARID3B_2	sgACTG1_3	NA	sgEFTUD2_4	NA	sgBMERB1_4
sgARL17A_1	sgACTG1_4	NA	sgEIF4A2_1	NA	sgBNC2_3
sgARL17A_2	sgACTG2_4	NA	sgELL2_4	NA	sgBOLA3_1
sgARL17A_3	sgACTN2_4	NA	sgELMO2_4	NA	sgBORCS5_1
sgARL17A_4	sgACTN3_3	NA	sgEVI5L_4	NA	sgBRAT1_2
sgARL4A_1	sgACTN4_1	NA	sgEYS_4	NA	sgBRI3_4
sgARL4A_2	sgACTN4_3	NA	sgFAM161A_2	NA	sgC11orf65_3
sgARL6IP1_1	sgACTR1A_3	NA	sgFAM20B_2	NA	sgC13orf46_3
sgARPP19_1	sgACTR2_1	NA	sgFHL5_4	NA	sgC19orf47_2
sgASAH2B_1	sgACTR2_2	NA	sgGARIN6_2	NA	sgC1QBP_2
sgASAH2B_2	sgACTR2_3	NA	sgGCAT_4	NA	sgC1orf87_2
sgASAH2B_3	sgACTR3B_2	NA	sgGCNA_4	NA	sgC22orf15_3
sgASAH2B_4	sgACTR3C_1	NA	sgGHRH_3	NA	sgC2CD2_3
sgASMTL_1	sgACTR3C_2	NA	sgGNRH2_4	NA	sgC2orf80_3
sgASMTL_2	sgACTR3C_4	NA	sgGNS_1	NA	sgC2orf80_4
sgASMTL_3	sgACTR3_3	NA	sgGOLIM4_2	NA	sgC6orf52_2
sgASMTL_4	sgACY1_1	NA	sgGPR160_4	NA	sgC6orf58_4
sgASMT_1	sgADAM21_4	NA	sgGRINA_3	NA	sgC7orf50_1
sgASMT_2	sgADAMTS12_1	NA	sgGSK3A_1	NA	sgC8orf74_2
sgASMT_3	sgADAMTS20_2	NA	sgGYPA_3	NA	sgCACNA2D3_2
sgASMT_4	sgADAMTS7_4	NA	sgHADHA_4	NA	sgCALB1_3
sgATG12_4	sgADCK1_1	NA	sgHIBCH_2	NA	sgCALHM2_3
sgATP5F1E_4	sgADCY5_3	NA	sgHMX3_3	NA	sgCALM3_2
sgATP5MK_1	sgADCY8_4	NA	sgHSD17B4_2	NA	sgCAMK2G_3
sgATP5MK_4	sgADGRA3_3	NA	sgID4_2	NA	sgCAMTA1_1
sgATP5PD_3	sgADGRA3_4	NA	sgIL1RN_2	NA	sgCAP1_3
sgATP5PF_2	sgADGRE1_1	NA	sgKCNIP3_2	NA	sgCAPN11_1
sgATP5PF_4	sgADGRE2_4	NA	sgKLHL6_1	NA	sgCAPN1_3
sgBANF1_2	sgADGRE5_2	NA	sgKPLCE_4	NA	sgCAPN6_4
sgBANF1_3	sgADGRF1_2	NA	sgKRTAP3-3_1	NA	sgCAPN8_2
sgBET1_2	sgADGRG2_3	NA	sgKRTAP4-3_4	NA	sgCASKIN1_2
sgBMP8A_1	sgADH1A_1	NA	sgKRTAP4-7_3	NA	sgCATSPER4_4
sgBMP8A_3	sgADH1A_3	NA	sgLIF_3	NA	sgCAV2_3
sgBOLA2B_1	sgADH1B_1	NA	sgLIG4_2	NA	sgCCDC141_4
sgBOLA2B_2	sgADH1B_2	NA	sgLRRC34_2	NA	sgCCDC163_2
sgBOLA2B_3	sgADH1B_3	NA	sgLRRC59_1	NA	sgCCDC167_3
sgBOLA2B_4	sgADH1C_1	NA	sgLSM14A_2	NA	sgCCDC62_4
sgBPY2_1	sgADH1C_2	NA	sgLYG2_4	NA	sgCCDC92B_1
sgBPY2_2	sgADH1C_3	NA	sgMAVS_2	NA	sgCCDC9B_3
sgBPY2_3	sgADH1C_4	NA	sgMBD6_3	NA	sgCCL14_1
sgBPY2_4	sgADH5_1	NA	sgMCCC1_2	NA	sgCCL5_1
sgBTF3L4_1	sgADH5_2	NA	sgMDH1_4	NA	sgCCN2_4
sgBTF3L4_2	sgADIPOR1_1	NA	sgMGST1_1	NA	sgCCSER1_1
sgBTF3L4_3	sgADIPOR1_2	NA	sgMIPEP_3	NA	sgCCT7_1
sgBTF3L4_4	sgADISSP_3	NA	sgMRPL51_1	NA	sgCD244_1
sgBTF3_1	sgADK_4	NA	sgMSR1_2	NA	sgCD247_2
sgC1D_1	sgADORA1_3	NA	sgMYCBP_4	NA	sgCD52_1
sgC1QTNF9B_2	sgADORA2B_2	NA	sgMYO10_4	NA	sgCD96_1
sgC1QTNF9B_3	sgADPRH_1	NA	sgNAP1L1_1	NA	sgCDC40_1
sgC1QTNF9B_4	sgADRA2A_2	NA	sgNKX2-4_1	NA	sgCDSN_1
sgC1QTNF9_1	sgADRA2A_3	NA	sgNOP53_4	NA	sgCDYL2_2
sgC1QTNF9_2	sgADRA2A_4	NA	sgNOXO1_2	NA	sgCENPX_3
sgC4A_1	sgADRA2B_4	NA	sgNR5A2_3	NA	sgCFC1B_1
sgC4B_3	sgADRB2_3	NA	sgNRK_1	NA	sgCFLAR_2
sgC5orf63_4	sgADRM1_4	NA	sgNUP62_4	NA	sgCGB7_2
sgCACYBP_1	sgADSS2_2	NA	sgONE_SITE_INTERGENIC_681	NA	sgCGB7_4
sgCACYBP_3	sgAFDN_3	NA	sgOR4D11_3	NA	sgCHCHD4_4
sgCACYBP_4	sgAFG3L2_1	NA	sgOR6A2_4	NA	sgCHERP_1
sgCALM2_1	sgAFG3L2_3	NA	sgOR6P1_4	NA	sgCHP2_4
sgCARD16_3	sgAGAP1_1	NA	sgOTC_1	NA	sgCIAPIN1_2
sgCBX1_2	sgAGAP6_2	NA	sgPA2G4_4	NA	sgCIMIP2A_2
sgCBX3_1	sgAGAP6_3	NA	sgPBOV1_2	NA	sgCIZ1_2
sgCCDC121_2	sgAGAP9_1	NA	sgPDE1A_1	NA	sgCKS2_3
sgCCDC121_3	sgAGK_1	NA	sgPDK3_1	NA	sgCLASP2_3
sgCCDC121_4	sgAGK_2	NA	sgPELO_2	NA	sgCLGN_3
sgCCDC144A_1	sgAGK_4	NA	sgPIAS3_2	NA	sgCNIH2_3
sgCCDC200_3	sgAGRP_3	NA	sgPIMREG_1	NA	sgCNOT1_3
sgCCDC59_3	sgAGTR2_2	NA	sgPIP4K2B_4	NA	sgCOBL_2
sgCCDC74A_1	sgAGT_4	NA	sgPKP1_3	NA	sgCOL9A1_3
sgCCDC74A_4	sgAHCTF1_1	NA	sgPLCH2_3	NA	sgCOMMD2_4
sgCCL3L3_1	sgAHCY_1	NA	sgPMPCA_1	NA	sgCOMMD8_1
sgCCL3L3_2	sgAHCY_4	NA	sgPPAN_3	NA	sgCOPB2_3
sgCCL3L3_3	sgAHNAK2_1	NA	sgPPARGC1B_2	NA	sgCOPS7A_4
sgCCL3L3_4	sgAHNAK2_2	NA	sgPPP1CA_1	NA	sgCOQ2_3
sgCCL3_1	sgAHNAK2_3	NA	sgPPP1R16A_3	NA	sgCOX16_2
sgCCL4L2_1	sgAIM2_3	NA	sgPPP1R26_4	NA	sgCOX5A_3
sgCCL4L2_2	sgAIM2_4	NA	sgPPP3CA_3	NA	sgCPLANE2_2
sgCCL4_3	sgAIMP1_4	NA	sgPQBP1_4	NA	sgCRAMP1_1
sgCCL4_4	sgAIMP2_3	NA	sgPRIMPOL_1	NA	sgCRIP3_3
sgCCZ1B_1	sgAIPL1_3	NA	sgPRLHR_3	NA	sgCRISP2_1
sgCCZ1B_3	sgAJM1_1	NA	sgPRM3_1	NA	sgCRISP3_4
sgCCZ1_1	sgAJM1_2	NA	sgPRRC2A_2	NA	sgCRYGD_3
sgCCZ1_2	sgAJM1_4	NA	sgPSRC1_3	NA	sgCSNK2A1_2
sgCCZ1_3	sgAK2_3	NA	sgPTDSS2_2	NA	sgCTRB2_2
sgCCZ1_4	sgAK3_1	NA	sgPTGDR2_1	NA	sgCXCL10_4
sgCD24_2	sgAK3_2	NA	sgPTN_2	NA	sgCXCL9_1
sgCD99_1	sgAK4_3	NA	sgPTTG1IP2_4	NA	sgCYRIA_4
sgCD99_2	sgAK4_4	NA	sgRAB11A_1	NA	sgCYTL1_2
sgCD99_3	sgAK6_1	NA	sgRAB15_4	NA	sgDAB1_3
sgCD99_4	sgAK6_3	NA	sgRAB3GAP2_2	NA	sgDACT3_3
sgCDC14B_3	sgAKAP12_1	NA	sgRABAC1_3	NA	sgDAO_4
sgCDC14C_3	sgAKAP17A_2	NA	sgRFX3_4	NA	sgDBN1_3
sgCDC14C_4	sgAKAP17A_3	NA	sgRGS7_2	NA	sgDCP1B_1
sgCDC26_2	sgAKIRIN1_4	NA	sgRHBDF1_3	NA	sgDDC_1
sgCDC26_3	sgAKIRIN2_2	NA	sgRNF4_4	NA	sgDDX25_3
sgCDC26_4	sgAKR1B10_1	NA	sgRPN1_4	NA	sgDEDD2_2
sgCDC42_2	sgAKR1B10_3	NA	sgSCG3_2	NA	sgDEF8_1
sgCDC42_3	sgAKR1B10_4	NA	sgSCGB2A2_1	NA	sgDEFB121_2
sgCDC42_4	sgAKR1B15_1	NA	sgSENP2_2	NA	sgDEFB1_2
sgCDK11B_2	sgAKR1B15_4	NA	sgSEZ6L_3	NA	sgDESI1_4
sgCDRT15_1	sgAKR1B1_1	NA	sgSHB_2	NA	sgDGKK_1
sgCDRT15_2	sgAKR1C1_3	NA	sgSIGLEC7_4	NA	sgDGKZ_2
sgCDRT15_3	sgAKR1C1_4	NA	sgSIK2_3	NA	sgDKK1_3
sgCDY1_1	sgAKR1C2_1	NA	sgSLC25A3_2	NA	sgDKKL1_2
sgCDY2B_1	sgAKR1C2_2	NA	sgSPRYD3_2	NA	sgDLG4_2
sgCDY2B_2	sgAKR1C3_3	NA	sgST3GAL2_3	NA	sgDNAH3_3
sgCDY2B_3	sgAKR1C4_1	NA	sgSUMO4_1	NA	sgDNAJB14_3
sgCDY2B_4	sgAKR1C4_4	NA	sgSYF2_2	NA	sgDNAJC15_1
sgCELA3A_2	sgAKR1C8_2	NA	sgSYTL1_2	NA	sgDNPEP_1
sgCENPVL1_1	sgAKR1D1_1	NA	sgTCEAL8_3	NA	sgDNTTIP1_3
sgCENPVL1_2	sgAKR7A2_2	NA	sgTJP2_3	NA	sgDPY19L4_2
sgCENPVL1_3	sgAKR7A2_3	NA	sgTLE2_4	NA	sgDRD3_1
sgCENPVL1_4	sgAKR7A3_1	NA	sgTMEFF1_2	NA	sgDUSP11_4
sgCENPVL2_1	sgAKR7A3_3	NA	sgTMEM150B_3	NA	sgDYRK4_1
sgCES1_1	sgAKR7A3_4	NA	sgTMEM177_2	NA	sgE2F7_3
sgCES1_2	sgAKT2_2	NA	sgTMEM41A_4	NA	sgECHDC3_1
sgCES1_3	sgAKTIP_2	NA	sgTOP2B_2	NA	sgECI2_3
sgCES1_4	sgAKTIP_3	NA	sgTRAIP_3	NA	sgEDDM13_1
sgCFC1_1	sgAKTIP_4	NA	sgTREML4_1	NA	sgEEF2_3
sgCFC1_2	sgALDH1A2_4	NA	sgTRIM72_1	NA	sgEFCAB11_4
sgCFC1_3	sgALDH3B1_4	NA	sgTRMU_2	NA	sgEFHB_2
sgCFC1_4	sgALDH3B2_3	NA	sgTSC22D3_2	NA	sgEFL1_4
sgCGB2_1	sgALDH7A1_1	NA	sgTSPAN13_3	NA	sgEHF_3
sgCHCHD2_2	sgALDOA_3	NA	sgTTYH2_4	NA	sgEIF1AY_2
sgCHRFAM7A_1	sgALG10B_1	NA	sgTUBD1_1	NA	sgELMOD1_2
sgCHRFAM7A_4	sgALG10B_2	NA	sgTWF1_2	NA	sgELP1_4
sgCHRNA7_1	sgALG10_1	NA	sgUNC13C_4	NA	sgELP5_2
sgCHRNA7_2	sgALG10_2	NA	sgUSP27X_4	NA	sgEMD_2
sgCKMT1A_1	sgALKBH4_3	NA	sgVPS37A_3	NA	sgEMSY_4
sgCKMT1A_2	sgALKBH8_4	NA	sgWARS2_3	NA	sgENAH_3
sgCKMT1A_3	sgALOX15_3	NA	sgWWC3_1	NA	sgEPHX2_1
sgCKMT1A_4	sgALPG_1	NA	sgXAGE5_1	NA	sgEPOR_3
sgCKMT1B_1	sgALPG_2	NA	sgZCRB1_3	NA	sgERC2_2
sgCKS1B_3	sgALPI_2	NA	sgZNF155_1	NA	sgERH_2
sgCLDN22_4	sgALPI_4	NA	sgZNF16_4	NA	sgERI1_1
sgCLEC18A_1	sgALPK2_2	NA	sgZNF185_2	NA	sgERP44_1
sgCLEC18A_2	sgALPK3_4	NA	sgZNF212_4	NA	sgESPNL_1
sgCLEC18B_1	sgALPP_1	NA	sgZNF248_2	NA	sgEXOSC10_2
sgCLEC18B_2	sgALPP_2	NA	sgZNF345_2	NA	sgEXTL2_3
sgCLEC18B_3	sgALX4_2	NA	sgZNF45_3	NA	sgEZH1_3
sgCLEC18B_4	sgALYREF_4	NA	sgZNF500_3	NA	sgFAM107B_1
sgCLEC18C_2	sgAMBN_4	NA	sgZNF546_1	NA	sgFAM219A_1
sgCLEC18C_3	sgAMD1_3	NA	sgZNF564_1	NA	sgFAM32A_2
sgCMC1_1	sgAMD1_4	NA	sgZNF669_2	NA	sgFAM3A_4
sgCNTNAP3B_2	sgAMELX_2	NA	sgZNF735_4	NA	sgFAM90A22_1
sgCOPS8_4	sgAMELX_4	NA	sgZNF761_2	NA	sgFCHSD2_4
sgCOX17_3	sgAMELY_1	NA	sgZNF790_3	NA	sgFER1L5_3
sgCOX20_1	sgAMELY_4	NA	NA	NA	sgFGD4_3
sgCOX20_2	sgAMER1_4	NA	NA	NA	sgFGF16_1
sgCOX20_3	sgAMY2A_2	NA	NA	NA	sgFGF8_4
sgCOX6C_3	sgAMY2B_1	NA	NA	NA	sgFIBCD1_2
sgCOX7A2_4	sgAMY2B_2	NA	NA	NA	sgFMO5_1
sgCRLF2_1	sgAMY2B_3	NA	NA	NA	sgFN3K_2
sgCRLF2_2	sgAMZ2_2	NA	NA	NA	sgFOXO6_1
sgCRLF2_3	sgANAPC10_2	NA	NA	NA	sgFOXO6_2
sgCRLF2_4	sgANAPC11_2	NA	NA	NA	sgFOXO6_3
sgCRLF2_5	sgANAPC13_4	NA	NA	NA	sgFOXO6_4
sgCRYGC_3	sgANAPC15_4	NA	NA	NA	sgFRZB_3
sgCSAG2_1	sgANAPC1_1	NA	NA	NA	sgFTH1_4
sgCSAG2_2	sgANAPC1_2	NA	NA	NA	sgG6PC1_4
sgCSAG2_3	sgANAPC1_3	NA	NA	NA	sgGABPB2_3
sgCSAG2_4	sgANAPC1_4	NA	NA	NA	sgGAGE12J_2
sgCSAG3_1	sgANGEL1_1	NA	NA	NA	sgGAGE12J_3
sgCSAG3_2	sgANGPTL4_2	NA	NA	NA	sgGALK1_1
sgCSF2RA_1	sgANKIB1_3	NA	NA	NA	sgGATAD1_1
sgCSF2RA_2	sgANKLE2_2	NA	NA	NA	sgGCDH_4
sgCSF2RA_3	sgANKMY2_1	NA	NA	NA	sgGCM1_2
sgCSF2RA_4	sgANKRD10_4	NA	NA	NA	sgGET4_1
sgCSH1_1	sgANKRD13C_4	NA	NA	NA	sgGLYCTK_3
sgCSH1_2	sgANKRD18A_1	NA	NA	NA	sgGNB2_2
sgCSH1_3	sgANKRD18A_2	NA	NA	NA	sgGNLY_4
sgCSH1_4	sgANKRD18A_3	NA	NA	NA	sgGOT1_2
sgCSH2_1	sgANKRD18B_3	NA	NA	NA	sgGPCPD1_2
sgCSH2_2	sgANKRD18B_4	NA	NA	NA	sgGPIHBP1_1
sgCSPG4_2	sgANKRD1_3	NA	NA	NA	sgGPR158_1
sgCST2_1	sgANKRD20A1_2	NA	NA	NA	sgGPR15LG_3
sgCTAG1B_1	sgANKRD30B_2	NA	NA	NA	sgGPR42_3
sgCTAG1B_2	sgANKRD30B_3	NA	NA	NA	sgGRAMD1B_1
sgCTAG1B_3	sgANKRD33B_2	NA	NA	NA	sgGREP1_2
sgCTAG1B_4	sgANKRD33B_3	NA	NA	NA	sgGSTZ1_4
sgCTAGE15_1	sgANKRD33B_4	NA	NA	NA	sgGTSF1_4
sgCTAGE15_2	sgANKRD34B_3	NA	NA	NA	sgGUCY1A2_3
sgCTAGE15_3	sgANKRD36B_1	NA	NA	NA	sgGUK1_4
sgCTAGE6_1	sgANKRD36B_3	NA	NA	NA	sgHACD4_4
sgCTAGE9_1	sgANKRD36C_2	NA	NA	NA	sgHAUS5_1
sgCTAGE9_2	sgANKRD36C_3	NA	NA	NA	sgHECW1_2
sgCTAGE9_3	sgANKRD36C_4	NA	NA	NA	sgHERC6_3
sgCTAGE9_4	sgANKRD36_1	NA	NA	NA	sgHINT2_2
sgCTRB1_1	sgANKRD36_2	NA	NA	NA	sgHLA-B_1
sgCTRB1_3	sgANKRD36_3	NA	NA	NA	sgHLA-B_3
sgCTRB1_4	sgANKRD49_2	NA	NA	NA	sgHLA-DMB_4
sgCXCL1_3	sgANKRD49_4	NA	NA	NA	sgHLA-DQA1_2
sgCXCL1_4	sgANKRD55_4	NA	NA	NA	sgHLA-DRB1_1
sgCXorf49B_1	sgANKRD62_3	NA	NA	NA	sgHMGCL_1
sgCXorf49B_2	sgANKRD7_3	NA	NA	NA	sgHNRNPLL_3
sgCXorf49B_3	sgANO2_1	NA	NA	NA	sgHOMER2_3
sgCXorf49B_4	sgANOS1_1	NA	NA	NA	sgHOMER3_2
sgCXorf49_1	sgANP32A_1	NA	NA	NA	sgHSD17B14_1
sgCXorf51A_1	sgANP32A_2	NA	NA	NA	sgHSPA9_2
sgCXorf51A_2	sgANP32B_3	NA	NA	NA	sgHSPA9_3
sgCXorf51A_3	sgANP32D_2	NA	NA	NA	sgIARS1_1
sgCYCS_3	sgANTKMT_1	NA	NA	NA	sgIDH3G_2
sgCYP2A13_2	sgANTXRL_3	NA	NA	NA	sgIFFO1_3
sgDAZ3_1	sgANXA11_1	NA	NA	NA	sgIFI27L1_3
sgDAZ3_2	sgANXA11_3	NA	NA	NA	sgIFI27L2_2
sgDDTL_3	sgANXA3_1	NA	NA	NA	sgIL18BP_4
sgDDT_1	sgANXA6_2	NA	NA	NA	sgIL2_1
sgDDT_2	sgANXA8L1_1	NA	NA	NA	sgIL37_2
sgDEFA1_1	sgANXA8L1_3	NA	NA	NA	sgIL37_3
sgDEFA1_2	sgANXA8_1	NA	NA	NA	sgIL3_2
sgDEFA1_3	sgANXA9_2	NA	NA	NA	sgINPPL1_3
sgDEFA1_4	sgAOC3_2	NA	NA	NA	sgITPA_1
sgDEFB103A_1	sgAOC3_3	NA	NA	NA	sgJAG2_3
sgDEFB103A_2	sgAOC3_4	NA	NA	NA	sgJAM3_4
sgDEFB103A_3	sgAP1G2_2	NA	NA	NA	sgJPH2_3
sgDEFB103A_4	sgAP1S2_4	NA	NA	NA	sgJSRP1_2
sgDEFB104A_1	sgAP2B1_3	NA	NA	NA	sgKAT8_1
sgDEFB104A_2	sgAP3M2_2	NA	NA	NA	sgKCNK15_3
sgDEFB104A_3	sgAP3M2_3	NA	NA	NA	sgKCNMB2_2
sgDEFB104A_4	sgAP4S1_2	NA	NA	NA	sgKCTD15_2
sgDEFB104B_1	sgAP5M1_4	NA	NA	NA	sgKIAA1549_4
sgDEFB105A_1	sgAPBA2_4	NA	NA	NA	sgKIF16B_1
sgDEFB105A_2	sgAPBB3_1	NA	NA	NA	sgKIF17_1
sgDEFB105A_3	sgAPCDD1L_4	NA	NA	NA	sgKIF22_2
sgDEFB105A_4	sgAPCDD1_3	NA	NA	NA	sgKIF2C_1
sgDEFB105B_1	sgAPELA_2	NA	NA	NA	sgKIR2DS4_4
sgDEFB106A_1	sgAPH1A_1	NA	NA	NA	sgKLC3_1
sgDEFB106A_2	sgAPI5_1	NA	NA	NA	sgKLHL12_2
sgDEFB106A_3	sgAPI5_4	NA	NA	NA	sgKLHL20_1
sgDEFB106A_4	sgAPIP_2	NA	NA	NA	sgKRTAP10-7_4
sgDEFB107A_1	sgAPOA4_3	NA	NA	NA	sgKYAT1_1
sgDEFB107A_2	sgAPOA4_4	NA	NA	NA	sgKYNU_2
sgDEFB107A_3	sgAPOBEC3B_2	NA	NA	NA	sgL2HGDH_3
sgDEFB107A_4	sgAPOBEC3C_2	NA	NA	NA	sgLAP3_2
sgDEFB108B_1	sgAPOBEC3C_3	NA	NA	NA	sgLARS1_4
sgDEFB109B_1	sgAPOBEC3D_1	NA	NA	NA	sgLCMT1_2
sgDEFB131A_2	sgAPOC1_2	NA	NA	NA	sgLEPROTL1_2
sgDEFB131B_3	sgAPOL4_4	NA	NA	NA	sgLEUTX_2
sgDEFB4A_1	sgAPOLD1_1	NA	NA	NA	sgLIN7A_4
sgDEFB4A_2	sgAPOOL_1	NA	NA	NA	sgLLGL1_3
sgDEFB4A_3	sgAPOOL_2	NA	NA	NA	sgLMF2_1
sgDEFB4A_4	sgAPOO_1	NA	NA	NA	sgLRGUK_3
sgDENR_2	sgAPP_1	NA	NA	NA	sgLRRC23_3
sgDEXI_3	sgAQP12A_2	NA	NA	NA	sgLRRC42_3
sgDEXI_4	sgAQP12B_3	NA	NA	NA	sgLRRFIP2_4
sgDHFR_4	sgAQP7B_1	NA	NA	NA	sgLSM2_4
sgDHRS4_1	sgAQP7B_2	NA	NA	NA	sgLURAP1L_2
sgDHRSX_1	sgAQP7B_3	NA	NA	NA	sgLURAP1_4
sgDHRSX_2	sgAQP7B_4	NA	NA	NA	sgMAN2B1_2
sgDHRSX_3	sgAQP7_1	NA	NA	NA	sgMAP9_1
sgDHRSX_4	sgAQP7_2	NA	NA	NA	sgMED22_3
sgDMRTC1B_1	sgAQP7_3	NA	NA	NA	sgMETTL21C_3
sgDMRTC1B_2	sgAQR_2	NA	NA	NA	sgMFGE8_2
sgDMRTC1B_3	sgARF1_1	NA	NA	NA	sgMFSD2B_3
sgDMRTC1B_4	sgARF1_2	NA	NA	NA	sgMLDHR_3
sgDMRTC1_1	sgARF1_4	NA	NA	NA	sgMLST8_3
sgDNAJB6_1	sgARF4_4	NA	NA	NA	sgMMP25_4
sgDNAJB6_4	sgARF6_2	NA	NA	NA	sgMMP9_2
sgDNAJC19_2	sgARFGEF1_2	NA	NA	NA	sgMPP4_2
sgDNAJC19_4	sgARGFX_2	NA	NA	NA	sgMRPS10_3
sgDPH3_3	sgARGFX_3	NA	NA	NA	sgMSMB_1
sgDPPA3_2	sgARGFX_4	NA	NA	NA	sgMT1G_1
sgDSTN_3	sgARHGAP11A_3	NA	NA	NA	sgMTCH1_3
sgDSTN_4	sgARHGAP11B_1	NA	NA	NA	sgMTHFS_4
sgDTWD1_1	sgARHGAP11B_3	NA	NA	NA	sgMUC19_1
sgDTWD1_3	sgARHGAP12_4	NA	NA	NA	sgMUC19_3
sgDTWD2_1	sgARHGAP15_2	NA	NA	NA	sgMUC19_4
sgDUSP22_1	sgARHGAP21_4	NA	NA	NA	sgMUL1_3
sgDUSP22_2	sgARHGAP23_2	NA	NA	NA	sgMYCBP_2
sgDUSP22_3	sgARHGAP26_3	NA	NA	NA	sgMYL2_3
sgDUSP22_4	sgARHGAP27_3	NA	NA	NA	sgNBPF6_1
sgEBPL_2	sgARHGAP29_1	NA	NA	NA	sgNCF1_1
sgEEF1A1_1	sgARHGAP32_2	NA	NA	NA	sgNDUFA2_2
sgEEF1B2_1	sgARHGAP32_4	NA	NA	NA	sgNDUFAF4_4
sgEEF1B2_2	sgARHGAP42_3	NA	NA	NA	sgNEBL_2
sgEEF1B2_4	sgARHGAP5_1	NA	NA	NA	sgNECAB1_4
sgEIF1AX_2	sgARHGAP5_2	NA	NA	NA	sgNEDD4_3
sgEIF2S2_1	sgARHGAP5_3	NA	NA	NA	sgNEFH_4
sgEIF2S2_3	sgARHGAP5_4	NA	NA	NA	sgNFKBIB_3
sgEIF3CL_1	sgARHGEF35_1	NA	NA	NA	sgNFKBIZ_4
sgEIF3C_1	sgARHGEF35_3	NA	NA	NA	sgNGEF_2
sgEIF3C_2	sgARHGEF35_4	NA	NA	NA	sgNHP2_3
sgEIF3C_3	sgARHGEF38_4	NA	NA	NA	sgNKAPD1_2
sgEIF3C_4	sgARHGEF5_1	NA	NA	NA	sgNLRP3_4
sgEIF4E_1	sgARHGEF5_2	NA	NA	NA	sgNMB_3
sgEIF4E_4	sgARHGEF5_4	NA	NA	NA	sgNOBOX_1
sgEIF5AL1_1	sgARID3B_4	NA	NA	NA	sgNOPCHAP1_1
sgEIF5AL1_2	sgARID4A_4	NA	NA	NA	sgNOTCH2_4
sgEIF5AL1_3	sgARID5A_2	NA	NA	NA	sgNOXO1_4
sgEIF5AL1_4	sgARIH2_1	NA	NA	NA	sgNPC2_1
sgELOC_1	sgARIH2_2	NA	NA	NA	sgNPY_2
sgELOC_2	sgARIH2_3	NA	NA	NA	sgNREP_4
sgENSA_2	sgARK2C_1	NA	NA	NA	sgNRSN2_4
sgENY2_1	sgARL10_1	NA	NA	NA	sgNSG2_4
sgENY2_3	sgARL11_4	NA	NA	NA	sgNSMF_3
sgEOLA1_2	sgARL14EP_2	NA	NA	NA	sgNUBP1_2
sgEOLA2_2	sgARL14EP_3	NA	NA	NA	sgNUDT22_3
sgEOLA2_3	sgARL14EP_4	NA	NA	NA	sgNXF3_3
sgEOLA2_4	sgARL16_1	NA	NA	NA	sgOAZ1_3
sgERVV-1_1	sgARL16_2	NA	NA	NA	sgOAZ2_2
sgERVV-1_2	sgARL4A_3	NA	NA	NA	sgOAZ2_3
sgERVV-2_4	sgARL4A_4	NA	NA	NA	sgOAZ2_4
sgETDB_1	sgARL5A_2	NA	NA	NA	sgOAZ3_1
sgETDB_2	sgARL6IP1_2	NA	NA	NA	sgODF2L_2
sgETDB_3	sgARL6IP1_3	NA	NA	NA	sgOR10H4_3
sgETDB_4	sgARMC10_1	NA	NA	NA	sgOR12D2_4
sgETFRF1_2	sgARMC10_3	NA	NA	NA	sgOR2T3_4
sgF8A2_1	sgARMC1_4	NA	NA	NA	sgOR2T7_1
sgF8A3_1	sgARMC3_2	NA	NA	NA	sgOR2T8_1
sgF8A3_2	sgARMCX4_4	NA	NA	NA	sgOR2T8_3
sgF8A3_3	sgARMH2_3	NA	NA	NA	sgOR52I1_3
sgF8A3_4	sgARPC1A_1	NA	NA	NA	sgOR8J3_3
sgFAHD2B_2	sgARPC1A_3	NA	NA	NA	sgOR8S1_4
sgFAM133B_1	sgARPC1A_4	NA	NA	NA	sgOSBPL3_1
sgFAM133B_3	sgARPC1B_4	NA	NA	NA	sgOXNAD1_2
sgFAM133B_4	sgARPC3_1	NA	NA	NA	sgP2RY2_2
sgFAM153A_3	sgARPC3_3	NA	NA	NA	sgPADI2_4
sgFAM153A_4	sgARPC3_4	NA	NA	NA	sgPAFAH1B2_3
sgFAM156A_1	sgARPC5_4	NA	NA	NA	sgPAN2_3
sgFAM156B_1	sgARSB_4	NA	NA	NA	sgPAQR3_1
sgFAM156B_2	sgARSD_2	NA	NA	NA	sgPASD1_4
sgFAM156B_3	sgARSD_3	NA	NA	NA	sgPATL1_1
sgFAM156B_4	sgARSD_4	NA	NA	NA	sgPATL2_2
sgFAM177A1_4	sgARSF_3	NA	NA	NA	sgPCLAF_4
sgFAM185A_2	sgARSI_4	NA	NA	NA	sgPDLIM1_2
sgFAM185A_3	sgARSJ_2	NA	NA	NA	sgPEG3_4
sgFAM204A_3	sgART3_3	NA	NA	NA	sgPGAP1_4
sgFAM236B_1	sgART5_3	NA	NA	NA	sgPHOX2B_2
sgFAM236B_2	sgARVCF_1	NA	NA	NA	sgPIGU_3
sgFAM236B_3	sgARX_1	NA	NA	NA	sgPIK3R5_2
sgFAM236C_1	sgASAH2_4	NA	NA	NA	sgPIK3R5_4
sgFAM236D_1	sgASB14_2	NA	NA	NA	sgPKD2L2_4
sgFAM236D_2	sgASH2L_1	NA	NA	NA	sgPKP2_1
sgFAM236D_3	sgASIC1_4	NA	NA	NA	sgPLAUR_4
sgFAM236D_4	sgASIC5_1	NA	NA	NA	sgPLCG1_4
sgFAM246A_3	sgASNS_1	NA	NA	NA	sgPLEKHJ1_3
sgFAM246A_4	sgASNS_3	NA	NA	NA	sgPLEKHO2_1
sgFAM25A_2	sgASNS_4	NA	NA	NA	sgPLIN1_1
sgFAM25G_1	sgASPH_1	NA	NA	NA	sgPLIN1_4
sgFAM25G_2	sgATAD1_2	NA	NA	NA	sgPLXDC2_4
sgFAM32A_3	sgATAD1_3	NA	NA	NA	sgPNPLA6_3
sgFAM3C_1	sgATAD3A_1	NA	NA	NA	sgPOC5_4
sgFAM3C_4	sgATAD3B_1	NA	NA	NA	sgPOLD3_2
sgFAM86B1_1	sgATAD3B_2	NA	NA	NA	sgPOLR3C_4
sgFAM86B1_2	sgATAD3B_3	NA	NA	NA	sgPOTEE_1
sgFAM86B2_1	sgATAD3C_1	NA	NA	NA	sgPOTEG_1
sgFAM86B2_3	sgATAD3C_4	NA	NA	NA	sgPPA1_1
sgFAM86B2_4	sgATF1_3	NA	NA	NA	sgPPA1_4
sgFAM90A10_1	sgATF4_2	NA	NA	NA	sgPPP1R12C_3
sgFANCD2_3	sgATF4_3	NA	NA	NA	sgPPP2R1A_3
sgFAU_3	sgATF4_4	NA	NA	NA	sgPPP4C_2
sgFCGR1A_2	sgATF7IP2_2	NA	NA	NA	sgPPP4R3B_4
sgFCGR1A_4	sgATG12_1	NA	NA	NA	sgPRADC1_4
sgFCGR2B_1	sgATG2A_1	NA	NA	NA	sgPRAMEF13_3
sgFCGR2B_3	sgATG4A_1	NA	NA	NA	sgPRAME_1
sgFCGR2B_4	sgATIC_1	NA	NA	NA	sgPRDX3_1
sgFCGR3A_3	sgATMIN_2	NA	NA	NA	sgPRIMA1_3
sgFCGR3A_4	sgATMIN_3	NA	NA	NA	sgPRKCQ_4
sgFCGR3B_2	sgATMIN_4	NA	NA	NA	sgPRMT1_2
sgFCGR3B_4	sgATOSB_2	NA	NA	NA	sgPRMT8_4
sgFERRY3_4	sgATOSB_3	NA	NA	NA	sgPROKR1_1
sgFFAR3_1	sgATOX1_4	NA	NA	NA	sgPRPF31_1
sgFFAR3_2	sgATP10D_4	NA	NA	NA	sgPRR29_4
sgFFAR3_3	sgATP11A_4	NA	NA	NA	sgPRSS16_1
sgFFAR3_4	sgATP13A4_3	NA	NA	NA	sgPSD2_2
sgFKBP1A_2	sgATP1B1_4	NA	NA	NA	sgPSMA2_4
sgFKBP1A_4	sgATP1B3_2	NA	NA	NA	sgPSMB7_2
sgFKBP1C_3	sgATP2A2_1	NA	NA	NA	sgPSMC1_2
sgFOXD4L1_2	sgATP2A3_3	NA	NA	NA	sgPSMG1_4
sgFOXD4L3_1	sgATP5F1A_1	NA	NA	NA	sgPTCHD4_3
sgFOXD4L3_2	sgATP5F1E_3	NA	NA	NA	sgPTEN_2
sgFOXD4L4_3	sgATP5MC1_4	NA	NA	NA	sgPTER_4
sgFOXD4L6_1	sgATP5MC2_2	NA	NA	NA	sgPTGDS_1
sgFOXD4_3	sgATP5MC2_4	NA	NA	NA	sgPTHLH_1
sgFOXD4_4	sgATP5MC3_3	NA	NA	NA	sgPTP4A1_4
sgFOXO3B_4	sgATP5MF_1	NA	NA	NA	sgPTPN13_3
sgFOXO3_1	sgATP5MF_2	NA	NA	NA	sgPTPRN_3
sgFRG1_2	sgATP5MGL_2	NA	NA	NA	sgPTS_4
sgFRG2B_1	sgATP5MGL_3	NA	NA	NA	sgRAB13_3
sgFRG2B_2	sgATP5MGL_4	NA	NA	NA	sgRAB6A_3
sgFRG2B_3	sgATP5MG_2	NA	NA	NA	sgRAD51D_4
sgFRG2C_1	sgATP5MG_4	NA	NA	NA	sgRAE1_1
sgFRG2C_4	sgATP5MJ_4	NA	NA	NA	sgRAF1_3
sgFRG2_1	sgATP5PB_2	NA	NA	NA	sgRAMP2_1
sgFRG2_4	sgATP5PD_2	NA	NA	NA	sgRAMP2_3
sgFUNDC2_1	sgATP5PF_1	NA	NA	NA	sgRASAL2_3
sgFUNDC2_2	sgATP5PF_3	NA	NA	NA	sgRASAL3_3
sgFUNDC2_4	sgATP6AP2_2	NA	NA	NA	sgRBM25_4
sgGAGE2A_1	sgATP6V0C_1	NA	NA	NA	sgRBM6_2
sgGAGE2A_2	sgATP6V0C_2	NA	NA	NA	sgRBP1_4
sgGAGE2A_3	sgATP6V0C_3	NA	NA	NA	sgRETREG1_1
sgGCSH_1	sgATP6V0E1_3	NA	NA	NA	sgREXO5_4
sgGCSH_2	sgATP6V0E1_4	NA	NA	NA	sgRFWD3_4
sgGCSH_4	sgATP6V1A_2	NA	NA	NA	sgRGP1_4
sgGGTLC3_1	sgATP6V1E1_1	NA	NA	NA	sgRGS21_1
sgGGTLC3_2	sgATP6V1E1_4	NA	NA	NA	sgRHCE_2
sgGK3_1	sgATP6V1E2_1	NA	NA	NA	sgRIMBP3_1
sgGMFB_1	sgATP6V1F_3	NA	NA	NA	sgRIMS3_3
sgGNG10_1	sgATP6V1F_4	NA	NA	NA	sgRLIM_2
sgGNG10_2	sgATP6V1G1_4	NA	NA	NA	sgRNASET2_2
sgGNG10_3	sgATP6V1G3_3	NA	NA	NA	sgRNF121_2
sgGNG5B_3	sgATP7A_4	NA	NA	NA	sgRNF212_1
sgGNG5_1	sgATXN2L_1	NA	NA	NA	sgRNF39_2
sgGNPNAT1_1	sgATXN3L_4	NA	NA	NA	sgRNF40_4
sgGOLGA6B_1	sgAURKA_2	NA	NA	NA	sgRNF41_4
sgGOLGA6B_2	sgAURKA_3	NA	NA	NA	sgRPH3AL_1
sgGOLGA6C_1	sgAURKB_4	NA	NA	NA	sgRPL13A_1
sgGOLGA6D_1	sgAURKC_4	NA	NA	NA	sgRPL19_3
sgGOLGA6D_2	sgAUTS2_3	NA	NA	NA	sgRPL23_3
sgGOLGA6D_3	sgAUTS2_4	NA	NA	NA	sgRPL41_2
sgGOLGA6D_4	sgAVPR1B_4	NA	NA	NA	sgRPS17_1
sgGOLGA6L22_1	sgAZGP1_4	NA	NA	NA	sgRPS25_2
sgGOLGA6L24_1	sgAZU1_2	NA	NA	NA	sgRPS26_2
sgGOLGA6L25_1	sgB3GAT3_3	NA	NA	NA	sgRPS5_4
sgGOLGA6L25_2	sgB4GALNT3_3	NA	NA	NA	sgRSL24D1_3
sgGOLGA6L25_3	sgB4GALT4_3	NA	NA	NA	sgRTCA_1
sgGOLGA6L9_1	sgBAIAP3_4	NA	NA	NA	sgRTN1_4
sgGOLGA8A_1	sgBAK1_2	NA	NA	NA	sgRTP3_2
sgGOLGA8A_2	sgBAK1_3	NA	NA	NA	sgSAMD3_2
sgGOLGA8A_3	sgBANF1_1	NA	NA	NA	sgSAP30L_2
sgGOLGA8A_4	sgBANF1_4	NA	NA	NA	sgSCAPER_3
sgGOLGA8B_1	sgBANP_3	NA	NA	NA	sgSCGN_2
sgGOLGA8F_1	sgBANP_4	NA	NA	NA	sgSCPEP1_2
sgGOLGA8F_2	sgBARHL1_2	NA	NA	NA	sgSCRIB_3
sgGOLGA8F_3	sgBARX1_3	NA	NA	NA	sgSDHAF4_4
sgGOLGA8F_4	sgBATF_2	NA	NA	NA	sgSDHD_4
sgGOLGA8J_1	sgBATF_4	NA	NA	NA	sgSEC16B_3
sgGOLGA8J_2	sgBBC3_3	NA	NA	NA	sgSEC63_3
sgGOLGA8M_1	sgBCAR1_3	NA	NA	NA	sgSELENOM_4
sgGOLGA8O_1	sgBCAS2_1	NA	NA	NA	sgSEMA4A_3
sgGOLGA8Q_1	sgBCCIP_1	NA	NA	NA	sgSEMA7A_3
sgGOLGA8Q_2	sgBCDIN3D_1	NA	NA	NA	sgSENP1_2
sgGOLGA8Q_3	sgBCL2L12_1	NA	NA	NA	sgSENP7_1
sgGOLGA8Q_4	sgBCL6_1	NA	NA	NA	sgSERF2_2
sgGOLGA8R_1	sgBCL6_2	NA	NA	NA	sgSERHL2_1
sgGOLGA8S_1	sgBCL6_4	NA	NA	NA	sgSERPINB10_3
sgGOLGA8T_1	sgBCL7B_2	NA	NA	NA	sgSERPINE2_2
sgGPAT2_1	sgBCL7C_2	NA	NA	NA	sgSFXN4_1
sgGPR42_4	sgBCLAF1_2	NA	NA	NA	sgSH3PXD2B_4
sgGPRIN2_2	sgBCLAF1_3	NA	NA	NA	sgSHCBP1L_4
sgGPRIN2_3	sgBCO1_1	NA	NA	NA	sgSIK2_2
sgGPRIN2_4	sgBDH1_2	NA	NA	NA	sgSIK3_3
sgGPX1_3	sgBDH2_4	NA	NA	NA	sgSIPA1_4
sgGRAPL_1	sgBDP1_1	NA	NA	NA	sgSIT1_1
sgGRAPL_2	sgBEND3_1	NA	NA	NA	sgSKIC2_3
sgGRAPL_3	sgBEST2_3	NA	NA	NA	sgSLAMF1_2
sgGRAPL_4	sgBEST4_4	NA	NA	NA	sgSLC25A10_1
sgGRAP_1	sgBEX1_1	NA	NA	NA	sgSLC25A21_2
sgGRAP_3	sgBEX1_2	NA	NA	NA	sgSLC26A4_3
sgGRAP_4	sgBEX1_4	NA	NA	NA	sgSLC34A1_1
sgGSTT4_1	sgBEX2_2	NA	NA	NA	sgSLC37A4_1
sgGSTT4_2	sgBEX2_4	NA	NA	NA	sgSLC37A4_3
sgGSTT4_3	sgBEX3_1	NA	NA	NA	sgSLC39A8_2
sgGSTT4_4	sgBEX3_4	NA	NA	NA	sgSLC41A3_1
sgGTF2H2_3	sgBEX4_2	NA	NA	NA	sgSLC44A2_3
sgGTF2H2_4	sgBEX5_3	NA	NA	NA	sgSLC9B1_3
sgGTF2IRD2B_1	sgBHLHA9_2	NA	NA	NA	sgSLIT1_1
sgGTF2IRD2B_2	sgBHLHE23_2	NA	NA	NA	sgSMARCE1_4
sgGTF2IRD2B_3	sgBICD2_2	NA	NA	NA	sgSMC6_4
sgGTF2IRD2B_4	sgBICRAL_3	NA	NA	NA	sgSMIM1_1
sgGTPBP6_1	sgBIK_4	NA	NA	NA	sgSNX32_2
sgGTPBP6_2	sgBIN2_1	NA	NA	NA	sgSNX5_3
sgGTPBP6_3	sgBIN2_2	NA	NA	NA	sgSOAT2_2
sgGTPBP6_4	sgBIRC2_1	NA	NA	NA	sgSPATA31F1_3
sgGYPB_1	sgBIRC3_2	NA	NA	NA	sgSPDYE2B_1
sgGYPB_2	sgBIRC3_3	NA	NA	NA	sgSPDYE4_2
sgH2AB1_2	sgBIRC3_4	NA	NA	NA	sgSPIRE1_1
sgH2AB1_3	sgBLCAP_2	NA	NA	NA	sgSPNS1_4
sgH2AB1_4	sgBLOC1S1_3	NA	NA	NA	sgSPRYD7_3
sgH2AB2_1	sgBLTP3B_4	NA	NA	NA	sgSRD5A2_4
sgH2AB3_1	sgBMP7_1	NA	NA	NA	sgSRL_3
sgH2AC13_1	sgBMP8A_2	NA	NA	NA	sgSRMS_3
sgH2AC13_2	sgBMP8A_4	NA	NA	NA	sgSRP14_1
sgH2AC13_3	sgBMP8B_1	NA	NA	NA	sgSRSF6_2
sgH2AC13_4	sgBMP8B_2	NA	NA	NA	sgSTAG2_4
sgH2AC18_1	sgBMP8B_3	NA	NA	NA	sgSTATH_1
sgH2AC18_2	sgBMP8B_4	NA	NA	NA	sgSTK11_1
sgH2AC18_3	sgBMPR1A_3	NA	NA	NA	sgSTRIP2_2
sgH2AC18_4	sgBMPR1A_4	NA	NA	NA	sgSULT6B1_2
sgH2BC12_1	sgBMS1_1	NA	NA	NA	sgSUMO2_2
sgH2BC17_4	sgBMS1_3	NA	NA	NA	sgSUPT16H_3
sgH2BC21_2	sgBMS1_4	NA	NA	NA	sgSYCP2L_3
sgH2BC21_3	sgBNIP3_1	NA	NA	NA	sgSYCP3_1
sgH2BC6_3	sgBNIP3_3	NA	NA	NA	sgSYNGR4_4
sgH2BC7_2	sgBNIP5_4	NA	NA	NA	sgSYTL1_1
sgH3C13_1	sgBOD1L2_1	NA	NA	NA	sgTAOK2_3
sgH3C13_2	sgBOD1_2	NA	NA	NA	sgTAS2R19_4
sgH3C13_4	sgBOD1_4	NA	NA	NA	sgTATDN1_1
sgH3C14_1	sgBOLA1_3	NA	NA	NA	sgTCF15_4
sgH3C14_2	sgBOLA3_2	NA	NA	NA	sgTCF4_3
sgH3C14_3	sgBOLA3_4	NA	NA	NA	sgTCP11L2_4
sgH3Y2_1	sgBORA_2	NA	NA	NA	sgTCP1_2
sgH3Y2_2	sgBPIFB3_1	NA	NA	NA	sgTEFM_2
sgH3Y2_4	sgBRCC3_3	NA	NA	NA	sgTEX22_3
sgH4C11_1	sgBRD7_2	NA	NA	NA	sgTEX38_2
sgH4C11_2	sgBRD7_4	NA	NA	NA	sgTFB1M_4
sgH4C11_3	sgBRI3_1	NA	NA	NA	sgTFF1_4
sgH4C11_4	sgBRI3_3	NA	NA	NA	sgTHRA_2
sgH4C15_1	sgBRME1_1	NA	NA	NA	sgTICRR_2
sgH4C15_2	sgBRWD3_4	NA	NA	NA	sgTIGIT_4
sgH4C15_3	sgBSCL2_2	NA	NA	NA	sgTIMM9_4
sgH4C15_4	sgBSND_4	NA	NA	NA	sgTMC2_1
sgHBA1_1	sgBTBD10_2	NA	NA	NA	sgTMC8_4
sgHBA2_1	sgBTBD10_3	NA	NA	NA	sgTMEM255A_4
sgHBA2_2	sgBTBD6_2	NA	NA	NA	sgTMEM255B_3
sgHBA2_3	sgBTBD7_1	NA	NA	NA	sgTMEM87A_2
sgHBA2_4	sgBTG3_1	NA	NA	NA	sgTMEM95_4
sgHBG1_1	sgBTG3_4	NA	NA	NA	sgTMEM9_1
sgHBG2_1	sgBTG4_3	NA	NA	NA	sgTMSB15B_1
sgHBG2_2	sgBTN1A1_1	NA	NA	NA	sgTMX3_3
sgHBG2_3	sgBTN2A1_1	NA	NA	NA	sgTMX4_3
sgHBG2_4	sgBTN2A2_1	NA	NA	NA	sgTNFSF11_1
sgHBZ_1	sgBTN3A2_2	NA	NA	NA	sgTPTE2_3
sgHBZ_2	sgBTN3A2_3	NA	NA	NA	sgTPX2_2
sgHBZ_3	sgBTN3A2_4	NA	NA	NA	sgTRIM77_1
sgHBZ_4	sgBTN3A3_1	NA	NA	NA	sgTRMT2B_1
sgHCAR2_1	sgBTN3A3_2	NA	NA	NA	sgTSBP1_2
sgHIKESHI_3	sgBTNL2_4	NA	NA	NA	sgTSNARE1_1
sgHIKESHI_4	sgBTNL3_3	NA	NA	NA	sgTSPAN1_1
sgHLA-C_2	sgBUB3_2	NA	NA	NA	sgTSPAN7_3
sgHLA-DRB1_3	sgBUB3_4	NA	NA	NA	sgTSPO2_1
sgHLA-DRB1_4	sgBZW1_2	NA	NA	NA	sgTTBK1_1
sgHMGB1_3	sgC10orf67_1	NA	NA	NA	sgTUBGCP6_2
sgHNRNPA1_3	sgC10orf71_4	NA	NA	NA	sgTUSC2_1
sgHNRNPA3_3	sgC10orf88_2	NA	NA	NA	sgTWF1_3
sgHNRNPCL1_1	sgC11orf16_1	NA	NA	NA	sgTXNDC2_1
sgHNRNPCL1_3	sgC11orf16_3	NA	NA	NA	sgUBA52_2
sgHNRNPCL1_4	sgC11orf24_2	NA	NA	NA	sgUBE2D3_4
sgHS6ST1_3	sgC11orf24_3	NA	NA	NA	sgUBE2M_2
sgHSFX1_1	sgC11orf58_3	NA	NA	NA	sgUBE3D_4
sgHSFX1_2	sgC11orf91_4	NA	NA	NA	sgUBFD1_2
sgHSFX1_3	sgC12orf71_2	NA	NA	NA	sgUGT2A3_4
sgHSFX1_4	sgC12orf71_3	NA	NA	NA	sgUHRF1_4
sgHSFX4_1	sgC12orf76_2	NA	NA	NA	sgUPK1B_4
sgHSFX4_2	sgC14orf119_3	NA	NA	NA	sgUSHBP1_3
sgHSFX4_3	sgC14orf132_3	NA	NA	NA	sgUSP17L10_1
sgHSFX4_4	sgC15orf40_2	NA	NA	NA	sgUSP17L12_1
sgHSFY2_1	sgC15orf40_4	NA	NA	NA	sgUSP17L15_1
sgHSFY2_2	sgC16orf54_1	NA	NA	NA	sgUSP17L15_2
sgHSFY2_3	sgC17orf113_3	NA	NA	NA	sgUSP45_3
sgHSFY2_4	sgC17orf58_3	NA	NA	NA	sgUSP54_3
sgHSPA1B_1	sgC18orf32_3	NA	NA	NA	sgUSPL1_2
sgHSPA1B_2	sgC18orf32_4	NA	NA	NA	sgVAV1_2
sgHSPA1B_3	sgC19orf47_4	NA	NA	NA	sgVAV3_2
sgHSPA1B_4	sgC19orf53_3	NA	NA	NA	sgVPS36_3
sgHSPD1_1	sgC19orf84_1	NA	NA	NA	sgVPS39_1
sgHSPE1_1	sgC1D_3	NA	NA	NA	sgVWA8_1
sgHTN1_4	sgC1GALT1C1_2	NA	NA	NA	sgWASHC1_3
sgIFITM3_1	sgC1GALT1_2	NA	NA	NA	sgWDR47_4
sgIFITM3_2	sgC1GALT1_4	NA	NA	NA	sgWDR4_1
sgIFITM3_3	sgC1QBP_3	NA	NA	NA	sgWDR55_3
sgIFNA10_3	sgC1QBP_4	NA	NA	NA	sgWDR90_3
sgIFNA10_4	sgC1QB_2	NA	NA	NA	sgWNT7B_1
sgIFNA13_1	sgC1QL2_1	NA	NA	NA	sgYIPF4_4
sgIFNA13_2	sgC1QL4_4	NA	NA	NA	sgYKT6_4
sgIFNA1_1	sgC1QTNF9B_1	NA	NA	NA	sgZACN_1
sgIFNA1_2	sgC1orf210_4	NA	NA	NA	sgZC3HAV1_1
sgIFNA1_3	sgC20orf202_2	NA	NA	NA	sgZDHHC15_4
sgIFNA1_4	sgC21orf140_3	NA	NA	NA	sgZFAND1_1
sgIFNA5_1	sgC22orf23_2	NA	NA	NA	sgZFAND1_3
sgIFNL3_2	sgC22orf42_1	NA	NA	NA	sgZFPL1_1
sgIL32_2	sgC22orf42_2	NA	NA	NA	sgZG16_4
sgIL3RA_1	sgC22orf42_4	NA	NA	NA	sgZIM2_2
sgIL3RA_2	sgC2CD4A_4	NA	NA	NA	sgZMYM5_2
sgIL3RA_3	sgC2CD4B_3	NA	NA	NA	sgZNF124_1
sgIL3RA_4	sgC2orf69_2	NA	NA	NA	sgZNF184_3
sgIL3RA_5	sgC3orf62_4	NA	NA	NA	sgZNF415_2
sgIL9R_1	sgC3orf84_3	NA	NA	NA	sgZNF425_1
sgIL9R_2	sgC4A_3	NA	NA	NA	sgZNF630_3
sgIL9R_3	sgC4A_4	NA	NA	NA	sgZNF718_1
sgIL9R_4	sgC4BPA_1	NA	NA	NA	sgZNF730_4
sgISCA1_3	sgC4BPA_2	NA	NA	NA	sgZNF746_1
sgITLN2_1	sgC4B_1	NA	NA	NA	sgZNHIT6_3
sgKCNJ12_2	sgC4orf46_1	NA	NA	NA	sgZNRD2_1
sgKCNJ12_4	sgC4orf46_3	NA	NA	NA	NA
sgKCNJ18_4	sgC5orf15_3	NA	NA	NA	NA
sgKGD4_2	sgC5orf63_1	NA	NA	NA	NA
sgKGD4_3	sgC5orf63_2	NA	NA	NA	NA
sgKIR2DL3_1	sgC5orf63_3	NA	NA	NA	NA
sgKIR2DL3_4	sgC6orf47_1	NA	NA	NA	NA
sgKLRC1_1	sgC7orf57_2	NA	NA	NA	NA
sgKMT2C_2	sgC7orf78_3	NA	NA	NA	NA
sgKRT5_4	sgC8orf74_3	NA	NA	NA	NA
sgKRTAP1-3_1	sgC8orf82_3	NA	NA	NA	NA
sgKRTAP1-3_2	sgC9orf57_1	NA	NA	NA	NA
sgKRTAP10-2_2	sgC9orf72_1	NA	NA	NA	NA
sgKRTAP10-2_3	sgC9orf78_2	NA	NA	NA	NA
sgKRTAP10-6_3	sgC9orf85_1	NA	NA	NA	NA
sgKRTAP10-6_4	sgC9orf85_3	NA	NA	NA	NA
sgKRTAP2-1_1	sgCA5A_1	NA	NA	NA	NA
sgKRTAP2-2_1	sgCA5A_2	NA	NA	NA	NA
sgKRTAP2-3_1	sgCA5A_3	NA	NA	NA	NA
sgKRTAP2-3_2	sgCA5B_3	NA	NA	NA	NA
sgKRTAP2-3_3	sgCA7_4	NA	NA	NA	NA
sgKRTAP2-3_4	sgCABIN1_3	NA	NA	NA	NA
sgKRTAP21-2_2	sgCABP4_4	NA	NA	NA	NA
sgKRTAP3-2_1	sgCABP5_3	NA	NA	NA	NA
sgKRTAP3-2_3	sgCABYR_3	NA	NA	NA	NA
sgKRTAP3-2_4	sgCACNA1A_4	NA	NA	NA	NA
sgKRTAP4-11_3	sgCACNA1C_1	NA	NA	NA	NA
sgKRTAP4-12_1	sgCACNA1C_4	NA	NA	NA	NA
sgKRTAP4-2_3	sgCACNA1G_4	NA	NA	NA	NA
sgKRTAP4-4_4	sgCACNA1I_2	NA	NA	NA	NA
sgKRTAP4-5_3	sgCACNA1I_4	NA	NA	NA	NA
sgKRTAP4-5_4	sgCACNA1S_1	NA	NA	NA	NA
sgKRTAP4-7_1	sgCACNA2D4_3	NA	NA	NA	NA
sgKRTAP4-7_2	sgCACNG1_4	NA	NA	NA	NA
sgKRTAP4-9_4	sgCACNG2_4	NA	NA	NA	NA
sgKRTAP5-6_4	sgCACNG8_1	NA	NA	NA	NA
sgKRTAP5-8_2	sgCAD_4	NA	NA	NA	NA
sgKRTAP9-2_1	sgCALCB_2	NA	NA	NA	NA
sgKRTAP9-4_2	sgCALCB_4	NA	NA	NA	NA
sgLAIR2_1	sgCALCRL_2	NA	NA	NA	NA
sgLCE1A_2	sgCALHM4_2	NA	NA	NA	NA
sgLCE1A_3	sgCALM1_1	NA	NA	NA	NA
sgLCE1C_1	sgCALM1_2	NA	NA	NA	NA
sgLCE1C_2	sgCALM2_2	NA	NA	NA	NA
sgLCE1C_3	sgCALM3_3	NA	NA	NA	NA
sgLCE1D_1	sgCAMK2N2_2	NA	NA	NA	NA
sgLCE1D_3	sgCAMLG_1	NA	NA	NA	NA
sgLCE1D_4	sgCAMSAP1_1	NA	NA	NA	NA
sgLCE2A_2	sgCANX_1	NA	NA	NA	NA
sgLCE2B_4	sgCAP1_2	NA	NA	NA	NA
sgLCE2C_3	sgCAP2_3	NA	NA	NA	NA
sgLCE3D_4	sgCAPG_4	NA	NA	NA	NA
sgLCE3E_1	sgCAPN10_2	NA	NA	NA	NA
sgLDHB_4	sgCAPN3_1	NA	NA	NA	NA
sgLGALS7B_1	sgCAPN3_3	NA	NA	NA	NA
sgLGALS7B_2	sgCAPN8_4	NA	NA	NA	NA
sgLGALS7B_3	sgCAPNS1_4	NA	NA	NA	NA
sgLGALS7B_4	sgCAPRIN1_2	NA	NA	NA	NA
sgLGALS9B_2	sgCAPRIN2_3	NA	NA	NA	NA
sgLGALS9B_3	sgCAPS_4	NA	NA	NA	NA
sgLGALS9B_4	sgCAPZA1_1	NA	NA	NA	NA
sgLGALS9C_2	sgCAPZA1_4	NA	NA	NA	NA
sgLGALS9C_3	sgCAPZA2_4	NA	NA	NA	NA
sgLGALS9C_4	sgCARD10_2	NA	NA	NA	NA
sgLILRA2_4	sgCARD16_1	NA	NA	NA	NA
sgLILRB3_1	sgCARD16_2	NA	NA	NA	NA
sgLILRB3_2	sgCARD16_4	NA	NA	NA	NA
sgLIMS4_1	sgCARD6_4	NA	NA	NA	NA
sgLIMS4_2	sgCASP1_2	NA	NA	NA	NA
sgLIMS4_3	sgCASP1_3	NA	NA	NA	NA
sgLIMS4_4	sgCASP1_4	NA	NA	NA	NA
sgLLPH_1	sgCASP2_3	NA	NA	NA	NA
sgLLPH_2	sgCASP4_2	NA	NA	NA	NA
sgLLPH_3	sgCASP4_3	NA	NA	NA	NA
sgLLPH_4	sgCASP5_1	NA	NA	NA	NA
sgLRRC37A_2	sgCASP5_3	NA	NA	NA	NA
sgLRRC37A_4	sgCASP5_4	NA	NA	NA	NA
sgLSM12_2	sgCASQ2_4	NA	NA	NA	NA
sgLSM12_3	sgCASTOR2_1	NA	NA	NA	NA
sgLSM12_4	sgCASTOR2_2	NA	NA	NA	NA
sgLSM3_2	sgCASTOR2_3	NA	NA	NA	NA
sgLSM3_4	sgCASTOR2_4	NA	NA	NA	NA
sgLYRM2_1	sgCAST_4	NA	NA	NA	NA
sgMAGEA2B_1	sgCATSPER2_1	NA	NA	NA	NA
sgMAGEA2B_2	sgCATSPER2_2	NA	NA	NA	NA
sgMAGEA2B_3	sgCATSPER3_4	NA	NA	NA	NA
sgMAGEA2B_4	sgCBFA2T3_4	NA	NA	NA	NA
sgMAGEA2_1	sgCBLC_1	NA	NA	NA	NA
sgMAGEA9_1	sgCBLIF_1	NA	NA	NA	NA
sgMAGEA9_2	sgCBLL1_1	NA	NA	NA	NA
sgMAGEA9_3	sgCBLL1_3	NA	NA	NA	NA
sgMAGEA9_4	sgCBLN4_1	NA	NA	NA	NA
sgMAGED4_1	sgCBR1_4	NA	NA	NA	NA
sgMAGED4_2	sgCBS_1	NA	NA	NA	NA
sgMAGED4_3	sgCBX2_4	NA	NA	NA	NA
sgMAGED4_4	sgCBX3_4	NA	NA	NA	NA
sgMAGOHB_4	sgCBY2_3	NA	NA	NA	NA
sgMAP1LC3B2_1	sgCC2D1A_2	NA	NA	NA	NA
sgMAP1LC3B2_2	sgCCDC102B_4	NA	NA	NA	NA
sgMAP1LC3B2_3	sgCCDC110_4	NA	NA	NA	NA
sgMAP1LC3B_4	sgCCDC116_2	NA	NA	NA	NA
sgMAP2K3_1	sgCCDC121_1	NA	NA	NA	NA
sgMAP2K3_2	sgCCDC12_1	NA	NA	NA	NA
sgMAP2K3_4	sgCCDC137_4	NA	NA	NA	NA
sgMBD3L2B_1	sgCCDC144A_2	NA	NA	NA	NA
sgMBD3L2B_2	sgCCDC144A_4	NA	NA	NA	NA
sgMBD3L2_1	sgCCDC148_3	NA	NA	NA	NA
sgMBD3L3_2	sgCCDC160_4	NA	NA	NA	NA
sgMBD3L3_3	sgCCDC169_1	NA	NA	NA	NA
sgMBD3L3_4	sgCCDC172_2	NA	NA	NA	NA
sgMETTL2A_2	sgCCDC182_4	NA	NA	NA	NA
sgMETTL2B_4	sgCCDC183_4	NA	NA	NA	NA
sgMORF4L1_3	sgCCDC188_2	NA	NA	NA	NA
sgMPRIP_1	sgCCDC188_4	NA	NA	NA	NA
sgMRGPRX1_1	sgCCDC22_3	NA	NA	NA	NA
sgMRGPRX1_2	sgCCDC25_1	NA	NA	NA	NA
sgMRGPRX1_3	sgCCDC32_4	NA	NA	NA	NA
sgMRGPRX1_4	sgCCDC43_1	NA	NA	NA	NA
sgMRPL36_1	sgCCDC54_1	NA	NA	NA	NA
sgMRPS17_2	sgCCDC59_2	NA	NA	NA	NA
sgMSTO1_1	sgCCDC59_4	NA	NA	NA	NA
sgMSTO1_3	sgCCDC74A_3	NA	NA	NA	NA
sgMT1B_2	sgCCDC74B_1	NA	NA	NA	NA
sgMT1E_1	sgCCDC74B_2	NA	NA	NA	NA
sgMT1E_2	sgCCDC74B_3	NA	NA	NA	NA
sgMT1F_4	sgCCDC86_3	NA	NA	NA	NA
sgMT1X_2	sgCCDC88A_4	NA	NA	NA	NA
sgMUC12_1	sgCCDC90B_2	NA	NA	NA	NA
sgMUC20_2	sgCCDC90B_4	NA	NA	NA	NA
sgMUC20_3	sgCCL13_4	NA	NA	NA	NA
sgMUC2_4	sgCCL14_4	NA	NA	NA	NA
sgMUC4_1	sgCCL17_2	NA	NA	NA	NA
sgMXRA7_1	sgCCL19_4	NA	NA	NA	NA
sgMXRA7_2	sgCCL2_4	NA	NA	NA	NA
sgMXRA7_3	sgCCL3_2	NA	NA	NA	NA
sgMXRA7_4	sgCCL4_2	NA	NA	NA	NA
sgMYL12A_3	sgCCL7_2	NA	NA	NA	NA
sgMYL12B_2	sgCCL8_2	NA	NA	NA	NA
sgMZT2A_1	sgCCL8_4	NA	NA	NA	NA
sgMZT2B_3	sgCCNB1IP1_1	NA	NA	NA	NA
sgMZT2B_4	sgCCNB1IP1_3	NA	NA	NA	NA
sgNANOGP8_2	sgCCNB1IP1_4	NA	NA	NA	NA
sgNANOGP8_3	sgCCND2_2	NA	NA	NA	NA
sgNANOG_1	sgCCND3_2	NA	NA	NA	NA
sgNANOG_2	sgCCNG1_4	NA	NA	NA	NA
sgNANOG_3	sgCCNH_1	NA	NA	NA	NA
sgNANOG_4	sgCCNI_1	NA	NA	NA	NA
sgNAP1L1_2	sgCCNJ_1	NA	NA	NA	NA
sgNAP1L1_4	sgCCNJ_4	NA	NA	NA	NA
sgNBPF11_1	sgCCNO_1	NA	NA	NA	NA
sgNBPF11_2	sgCCNQ_2	NA	NA	NA	NA
sgNBPF11_4	sgCCNQ_3	NA	NA	NA	NA
sgNBPF14_1	sgCCNQ_4	NA	NA	NA	NA
sgNBPF1_1	sgCCNT1_4	NA	NA	NA	NA
sgNBPF1_2	sgCCNT2_1	NA	NA	NA	NA
sgNBPF1_3	sgCCNT2_4	NA	NA	NA	NA
sgNBPF1_4	sgCCNYL1_1	NA	NA	NA	NA
sgNBPF4_1	sgCCNYL1_2	NA	NA	NA	NA
sgNBPF6_2	sgCCR10_2	NA	NA	NA	NA
sgNBPF6_3	sgCCR2_2	NA	NA	NA	NA
sgNBPF6_4	sgCCR5_1	NA	NA	NA	NA
sgNBPF8_2	sgCCR5_4	NA	NA	NA	NA
sgNBPF9_2	sgCCRL2_3	NA	NA	NA	NA
sgNDUFA5_3	sgCCT5_1	NA	NA	NA	NA
sgNDUFB1_3	sgCCT5_2	NA	NA	NA	NA
sgNDUFV2_2	sgCCT5_3	NA	NA	NA	NA
sgNDUFV2_4	sgCCT5_4	NA	NA	NA	NA
sgNIFK_1	sgCCT6A_1	NA	NA	NA	NA
sgNOB1_4	sgCCT6A_2	NA	NA	NA	NA
sgNOMO3_2	sgCCT6A_4	NA	NA	NA	NA
sgNOMO3_3	sgCCT7_3	NA	NA	NA	NA
sgNOMO3_4	sgCCT7_4	NA	NA	NA	NA
sgNOTCH2NLA_1	sgCCT8L2_3	NA	NA	NA	NA
sgNOTCH2NLA_2	sgCCT8L2_4	NA	NA	NA	NA
sgNOTCH2NLA_3	sgCCT8_3	NA	NA	NA	NA
sgNOTCH2NLA_4	sgCCZ1B_2	NA	NA	NA	NA
sgNOTCH2NLB_2	sgCD109_2	NA	NA	NA	NA
sgNOTCH2NLC_1	sgCD164L2_2	NA	NA	NA	NA
sgNPIPA6_1	sgCD177_1	NA	NA	NA	NA
sgNPIPA8_1	sgCD177_3	NA	NA	NA	NA
sgNPIPB12_1	sgCD1A_4	NA	NA	NA	NA
sgNPIPB12_2	sgCD200R1_1	NA	NA	NA	NA
sgNPIPB15_1	sgCD200R1_2	NA	NA	NA	NA
sgNPIPB15_2	sgCD200R1_3	NA	NA	NA	NA
sgNPIPB15_3	sgCD209_2	NA	NA	NA	NA
sgNPIPB15_4	sgCD24_3	NA	NA	NA	NA
sgNPIPB5_1	sgCD274_3	NA	NA	NA	NA
sgNPY4R_1	sgCD276_1	NA	NA	NA	NA
sgNPY4R_3	sgCD2AP_1	NA	NA	NA	NA
sgNPY4R_4	sgCD2BP2_1	NA	NA	NA	NA
sgNRBF2_2	sgCD300A_3	NA	NA	NA	NA
sgNREP_1	sgCD300A_4	NA	NA	NA	NA
sgNREP_2	sgCD300C_2	NA	NA	NA	NA
sgNREP_3	sgCD300C_3	NA	NA	NA	NA
sgNSA2_1	sgCD300C_4	NA	NA	NA	NA
sgNSA2_3	sgCD300LD_4	NA	NA	NA	NA
sgNSA2_4	sgCD300LF_3	NA	NA	NA	NA
sgNUDT10_2	sgCD33_1	NA	NA	NA	NA
sgNUDT10_3	sgCD33_2	NA	NA	NA	NA
sgNUDT10_4	sgCD33_4	NA	NA	NA	NA
sgNUDT4B_1	sgCD3G_2	NA	NA	NA	NA
sgNUDT4B_2	sgCD46_1	NA	NA	NA	NA
sgNUDT4_2	sgCD46_3	NA	NA	NA	NA
sgNUDT4_3	sgCD4_2	NA	NA	NA	NA
sgNUDT4_4	sgCD5L_3	NA	NA	NA	NA
sgNUP153_2	sgCD72_2	NA	NA	NA	NA
sgNUP50_3	sgCD8B2_2	NA	NA	NA	NA
sgNUS1_1	sgCD8B2_3	NA	NA	NA	NA
sgNUS1_2	sgCD8B2_4	NA	NA	NA	NA
sgNUS1_3	sgCD8B_1	NA	NA	NA	NA
sgNUTM2A_1	sgCD8B_2	NA	NA	NA	NA
sgNUTM2A_4	sgCD8B_3	NA	NA	NA	NA
sgNUTM2B_1	sgCD8B_4	NA	NA	NA	NA
sgNUTM2B_2	sgCD9_2	NA	NA	NA	NA
sgNUTM2B_3	sgCD9_4	NA	NA	NA	NA
sgNUTM2F_2	sgCDADC1_3	NA	NA	NA	NA
sgNUTM2G_1	sgCDADC1_4	NA	NA	NA	NA
sgNXF2_1	sgCDC14B_1	NA	NA	NA	NA
sgNXF2_2	sgCDC14B_2	NA	NA	NA	NA
sgNXF2_3	sgCDC14C_1	NA	NA	NA	NA
sgNXF2_4	sgCDC14C_2	NA	NA	NA	NA
sgONE_SITE_INTERGENIC_412	sgCDC23_2	NA	NA	NA	NA
sgOPN1MW2_1	sgCDC25A_4	NA	NA	NA	NA
sgOPN1MW2_2	sgCDC27_3	NA	NA	NA	NA
sgOPN1MW2_3	sgCDC27_4	NA	NA	NA	NA
sgOPN1MW2_4	sgCDC37_1	NA	NA	NA	NA
sgOR10A3_3	sgCDC37_2	NA	NA	NA	NA
sgOR10G7_1	sgCDC37_4	NA	NA	NA	NA
sgOR10G7_3	sgCDC42EP3_3	NA	NA	NA	NA
sgOR10H1_4	sgCDC42EP3_4	NA	NA	NA	NA
sgOR10H2_2	sgCDCA8_2	NA	NA	NA	NA
sgOR11H1_2	sgCDCA8_3	NA	NA	NA	NA
sgOR11H1_3	sgCDH10_2	NA	NA	NA	NA
sgOR11H1_4	sgCDH16_2	NA	NA	NA	NA
sgOR13C2_1	sgCDK11A_1	NA	NA	NA	NA
sgOR13C2_2	sgCDK11A_2	NA	NA	NA	NA
sgOR1D5_1	sgCDK11B_3	NA	NA	NA	NA
sgOR1D5_2	sgCDK16_3	NA	NA	NA	NA
sgOR1D5_3	sgCDK18_4	NA	NA	NA	NA
sgOR1D5_4	sgCDK2AP1_1	NA	NA	NA	NA
sgOR1E1_4	sgCDK2_3	NA	NA	NA	NA
sgOR1L4_2	sgCDK4_4	NA	NA	NA	NA
sgOR2J1_2	sgCDK5RAP3_2	NA	NA	NA	NA
sgOR2L3_1	sgCDK5RAP3_3	NA	NA	NA	NA
sgOR2L3_2	sgCDK5RAP3_4	NA	NA	NA	NA
sgOR2L3_3	sgCDK6_3	NA	NA	NA	NA
sgOR2M5_4	sgCDK7_1	NA	NA	NA	NA
sgOR2T27_3	sgCDK7_3	NA	NA	NA	NA
sgOR2T29_1	sgCDKN1C_3	NA	NA	NA	NA
sgOR2T29_2	sgCDKN2A_2	NA	NA	NA	NA
sgOR2T29_3	sgCDKN2B_1	NA	NA	NA	NA
sgOR2T29_4	sgCDO1_1	NA	NA	NA	NA
sgOR2T2_1	sgCDRT15L2_1	NA	NA	NA	NA
sgOR2T2_2	sgCDRT15L2_2	NA	NA	NA	NA
sgOR2T33_1	sgCDRT15L2_3	NA	NA	NA	NA
sgOR2T33_4	sgCDRT15L2_4	NA	NA	NA	NA
sgOR2T34_2	sgCDRT15_4	NA	NA	NA	NA
sgOR2T34_3	sgCDV3_4	NA	NA	NA	NA
sgOR2T35_2	sgCDYL_2	NA	NA	NA	NA
sgOR2T35_3	sgCEACAM1_3	NA	NA	NA	NA
sgOR2T35_4	sgCEACAM3_2	NA	NA	NA	NA
sgOR2T5_1	sgCEACAM5_3	NA	NA	NA	NA
sgOR2T7_2	sgCEACAM6_2	NA	NA	NA	NA
sgOR2T7_3	sgCEACAM8_1	NA	NA	NA	NA
sgOR2T7_4	sgCELA3A_1	NA	NA	NA	NA
sgOR2T8_2	sgCELA3B_1	NA	NA	NA	NA
sgOR3A1_4	sgCELA3B_3	NA	NA	NA	NA
sgOR4F17_1	sgCELA3B_4	NA	NA	NA	NA
sgOR4F17_2	sgCEND1_1	NA	NA	NA	NA
sgOR4F17_3	sgCEND1_4	NA	NA	NA	NA
sgOR4F17_4	sgCENPA_4	NA	NA	NA	NA
sgOR4K15_4	sgCENPC_1	NA	NA	NA	NA
sgOR4N4_2	sgCENPC_4	NA	NA	NA	NA
sgOR52I2_1	sgCENPI_2	NA	NA	NA	NA
sgOR52I2_2	sgCENPI_3	NA	NA	NA	NA
sgOR5H15_1	sgCENPO_1	NA	NA	NA	NA
sgOR5H1_1	sgCENPU_2	NA	NA	NA	NA
sgOR5H1_2	sgCENPVL3_1	NA	NA	NA	NA
sgOR5H1_3	sgCENPVL3_3	NA	NA	NA	NA
sgOR5H1_4	sgCEP170_1	NA	NA	NA	NA
sgOR5T3_2	sgCEP170_2	NA	NA	NA	NA
sgOR9G1_1	sgCEP170_3	NA	NA	NA	NA
sgOR9G1_4	sgCEP170_4	NA	NA	NA	NA
sgOTOP1_2	sgCEP20_3	NA	NA	NA	NA
sgOXCT2_1	sgCEP295NL_4	NA	NA	NA	NA
sgP2RX6_1	sgCEP43_1	NA	NA	NA	NA
sgP2RX6_4	sgCEP57L1_1	NA	NA	NA	NA
sgPABPC1L2B_1	sgCEP57L1_2	NA	NA	NA	NA
sgPABPC1L2B_2	sgCEP57L1_3	NA	NA	NA	NA
sgPABPC1L2B_3	sgCEPT1_4	NA	NA	NA	NA
sgPABPC1L2B_4	sgCERS2_4	NA	NA	NA	NA
sgPAFAH1B1_4	sgCERS3_2	NA	NA	NA	NA
sgPAGE2B_3	sgCES3_2	NA	NA	NA	NA
sgPAGE5_1	sgCES5A_1	NA	NA	NA	NA
sgPAGE5_3	sgCFAP184_4	NA	NA	NA	NA
sgPDAP1_1	sgCFAP206_1	NA	NA	NA	NA
sgPDCL3_1	sgCFAP20DC_1	NA	NA	NA	NA
sgPDCL3_2	sgCFAP300_2	NA	NA	NA	NA
sgPDCL3_3	sgCFAP96_2	NA	NA	NA	NA
sgPDCL3_4	sgCFHR2_1	NA	NA	NA	NA
sgPDPK1_1	sgCFHR2_2	NA	NA	NA	NA
sgPDPR_2	sgCFHR2_4	NA	NA	NA	NA
sgPDPR_3	sgCFHR4_1	NA	NA	NA	NA
sgPDPR_4	sgCFHR4_2	NA	NA	NA	NA
sgPFDN1_3	sgCFHR4_3	NA	NA	NA	NA
sgPFDN1_4	sgCFHR4_4	NA	NA	NA	NA
sgPFDN4_2	sgCFH_3	NA	NA	NA	NA
sgPGA4_1	sgCFL1_1	NA	NA	NA	NA
sgPGA4_2	sgCFL1_4	NA	NA	NA	NA
sgPGA4_3	sgCGB7_1	NA	NA	NA	NA
sgPGA4_4	sgCH25H_3	NA	NA	NA	NA
sgPGAM1_3	sgCHADL_4	NA	NA	NA	NA
sgPGAM1_4	sgCHAF1B_1	NA	NA	NA	NA
sgPGM5_4	sgCHAF1B_4	NA	NA	NA	NA
sgPILRB_2	sgCHCHD2_1	NA	NA	NA	NA
sgPIN4_1	sgCHCHD3_2	NA	NA	NA	NA
sgPIN4_2	sgCHCHD3_3	NA	NA	NA	NA
sgPLAC8_4	sgCHCHD3_4	NA	NA	NA	NA
sgPLCXD1_1	sgCHCHD4_2	NA	NA	NA	NA
sgPLCXD1_2	sgCHCHD4_3	NA	NA	NA	NA
sgPLCXD1_3	sgCHD8_4	NA	NA	NA	NA
sgPLCXD1_4	sgCHD9_1	NA	NA	NA	NA
sgPLCXD1_5	sgCHEK2_3	NA	NA	NA	NA
sgPLGLB2_1	sgCHIA_1	NA	NA	NA	NA
sgPLGLB2_2	sgCHIA_2	NA	NA	NA	NA
sgPLGLB2_3	sgCHIA_3	NA	NA	NA	NA
sgPLGLB2_4	sgCHKA_3	NA	NA	NA	NA
sgPNMA6A_1	sgCHML_3	NA	NA	NA	NA
sgPNMA6A_2	sgCHMP4B_2	NA	NA	NA	NA
sgPNMA6A_3	sgCHMP4B_3	NA	NA	NA	NA
sgPNMA6A_4	sgCHMP5_1	NA	NA	NA	NA
sgPNRC2_1	sgCHMP5_2	NA	NA	NA	NA
sgPNRC2_2	sgCHM_1	NA	NA	NA	NA
sgPNRC2_3	sgCHP1_1	NA	NA	NA	NA
sgPNRC2_4	sgCHPF2_4	NA	NA	NA	NA
sgPOLR2J3_1	sgCHRD_4	NA	NA	NA	NA
sgPOLR2J3_2	sgCHRFAM7A_2	NA	NA	NA	NA
sgPOLR2J3_3	sgCHRFAM7A_3	NA	NA	NA	NA
sgPOLR2J_1	sgCHRM2_3	NA	NA	NA	NA
sgPOLR2J_2	sgCHRNA2_3	NA	NA	NA	NA
sgPOLR2J_3	sgCHRNA3_4	NA	NA	NA	NA
sgPOLR2J_4	sgCHRNA4_3	NA	NA	NA	NA
sgPOM121C_2	sgCHRNB2_3	NA	NA	NA	NA
sgPOM121C_4	sgCHRND_2	NA	NA	NA	NA
sgPOMZP3_1	sgCHRNG_2	NA	NA	NA	NA
sgPOMZP3_2	sgCHST10_2	NA	NA	NA	NA
sgPOMZP3_3	sgCHST11_2	NA	NA	NA	NA
sgPOTEB2_1	sgCHST14_1	NA	NA	NA	NA
sgPOTEE_3	sgCHST5_3	NA	NA	NA	NA
sgPOTEE_4	sgCHST6_1	NA	NA	NA	NA
sgPOTEG_2	sgCHST6_2	NA	NA	NA	NA
sgPOTEI_2	sgCHSY3_3	NA	NA	NA	NA
sgPOTEI_3	sgCHTF8_1	NA	NA	NA	NA
sgPOTEJ_2	sgCIAPIN1_1	NA	NA	NA	NA
sgPPIAL4E_1	sgCIBAR1_2	NA	NA	NA	NA
sgPPIP5K1_1	sgCIBAR1_3	NA	NA	NA	NA
sgPPP2R3B_1	sgCIMAP3_4	NA	NA	NA	NA
sgPPP2R3B_2	sgCIMIP2A_3	NA	NA	NA	NA
sgPPP2R3B_3	sgCISD1_4	NA	NA	NA	NA
sgPPP2R3B_4	sgCLBA1_2	NA	NA	NA	NA
sgPPP4R2_1	sgCLCN1_4	NA	NA	NA	NA
sgPRAMEF10_3	sgCLCN3_3	NA	NA	NA	NA
sgPRAMEF10_4	sgCLCN5_1	NA	NA	NA	NA
sgPRAMEF15_2	sgCLCNKA_1	NA	NA	NA	NA
sgPRAMEF15_3	sgCLCNKA_2	NA	NA	NA	NA
sgPRAMEF15_4	sgCLCNKB_2	NA	NA	NA	NA
sgPRAMEF18_1	sgCLCNKB_4	NA	NA	NA	NA
sgPRAMEF18_2	sgCLDN10_2	NA	NA	NA	NA
sgPRAMEF18_3	sgCLDN22_3	NA	NA	NA	NA
sgPRAMEF18_4	sgCLDN24_1	NA	NA	NA	NA
sgPRAMEF1_3	sgCLDN24_2	NA	NA	NA	NA
sgPRAMEF1_4	sgCLDN3_3	NA	NA	NA	NA
sgPRAMEF33_1	sgCLDN4_1	NA	NA	NA	NA
sgPRAMEF33_2	sgCLDN4_4	NA	NA	NA	NA
sgPRAMEF6_1	sgCLDN6_2	NA	NA	NA	NA
sgPRAMEF7_1	sgCLDN6_3	NA	NA	NA	NA
sgPRAMEF8_1	sgCLDN6_4	NA	NA	NA	NA
sgPRAMEF8_2	sgCLDN9_4	NA	NA	NA	NA
sgPRAMEF8_3	sgCLEC12A_4	NA	NA	NA	NA
sgPRAMEF8_4	sgCLEC18A_3	NA	NA	NA	NA
sgPRB2_1	sgCLEC18C_1	NA	NA	NA	NA
sgPRB2_2	sgCLEC1B_1	NA	NA	NA	NA
sgPRB2_3	sgCLEC1B_2	NA	NA	NA	NA
sgPRELID3B_2	sgCLEC1B_4	NA	NA	NA	NA
sgPRH1_3	sgCLEC2L_4	NA	NA	NA	NA
sgPRR13_1	sgCLEC4G_2	NA	NA	NA	NA
sgPRR13_2	sgCLEC5A_1	NA	NA	NA	NA
sgPRR13_3	sgCLEC5A_4	NA	NA	NA	NA
sgPRR13_4	sgCLGN_2	NA	NA	NA	NA
sgPRR20B_1	sgCLIC1_2	NA	NA	NA	NA
sgPRR20B_2	sgCLIC4_3	NA	NA	NA	NA
sgPRR20B_3	sgCLIP1_3	NA	NA	NA	NA
sgPRR20B_4	sgCLK2_1	NA	NA	NA	NA
sgPRR20E_1	sgCLK2_3	NA	NA	NA	NA
sgPRR23D1_1	sgCLNS1A_3	NA	NA	NA	NA
sgPRR23D1_2	sgCLOCK_4	NA	NA	NA	NA
sgPRR23D1_3	sgCLPX_4	NA	NA	NA	NA
sgPRR23D1_4	sgCLRN3_1	NA	NA	NA	NA
sgPRR23D2_1	sgCLSTN2_4	NA	NA	NA	NA
sgPRSS3_2	sgCLTA_3	NA	NA	NA	NA
sgPTGES3_3	sgCLUH_3	NA	NA	NA	NA
sgPTGES3_4	sgCLUL1_4	NA	NA	NA	NA
sgPTP4A2_1	sgCMC1_2	NA	NA	NA	NA
sgPTPN20_1	sgCMC2_4	NA	NA	NA	NA
sgPTPN20_2	sgCMPK1_2	NA	NA	NA	NA
sgPTPN20_3	sgCMPK2_4	NA	NA	NA	NA
sgPTPN20_4	sgCMSS1_1	NA	NA	NA	NA
sgPWWP4_2	sgCMTM3_1	NA	NA	NA	NA
sgPWWP4_3	sgCNDP1_1	NA	NA	NA	NA
sgPWWP4_4	sgCNDP2_2	NA	NA	NA	NA
sgRAB43_3	sgCNGA3_4	NA	NA	NA	NA
sgRAB6C_2	sgCNIH2_1	NA	NA	NA	NA
sgRAB6C_3	sgCNIH4_1	NA	NA	NA	NA
sgRAB6C_4	sgCNN2_1	NA	NA	NA	NA
sgRAMAC_1	sgCNN2_3	NA	NA	NA	NA
sgRAMAC_2	sgCNN2_4	NA	NA	NA	NA
sgRAMAC_3	sgCNN3_3	NA	NA	NA	NA
sgRAMAC_4	sgCNNM3_4	NA	NA	NA	NA
sgRASA4B_2	sgCNOT6L_1	NA	NA	NA	NA
sgRASA4_1	sgCNOT6L_4	NA	NA	NA	NA
sgRASA4_3	sgCNOT7_1	NA	NA	NA	NA
sgRASA4_4	sgCNOT7_2	NA	NA	NA	NA
sgRBM4_2	sgCNOT7_3	NA	NA	NA	NA
sgRBM8A_3	sgCNPY2_3	NA	NA	NA	NA
sgRBMY1A1_1	sgCNST_3	NA	NA	NA	NA
sgRBPJ_3	sgCNTNAP3B_1	NA	NA	NA	NA
sgRFPL4A_3	sgCNTNAP3B_3	NA	NA	NA	NA
sgRFPL4A_4	sgCNTNAP3B_4	NA	NA	NA	NA
sgRGPD2_1	sgCNTNAP3_1	NA	NA	NA	NA
sgRGPD2_2	sgCNTNAP3_2	NA	NA	NA	NA
sgRGPD2_3	sgCNTNAP3_3	NA	NA	NA	NA
sgRGPD2_4	sgCNTNAP3_4	NA	NA	NA	NA
sgRGPD3_1	sgCOBL_4	NA	NA	NA	NA
sgRGPD3_2	sgCOG4_4	NA	NA	NA	NA
sgRGPD5_1	sgCOG5_1	NA	NA	NA	NA
sgRGPD5_2	sgCOG6_1	NA	NA	NA	NA
sgRGPD5_3	sgCOIL_1	NA	NA	NA	NA
sgRGPD5_4	sgCOL11A1_1	NA	NA	NA	NA
sgRGPD8_2	sgCOL28A1_1	NA	NA	NA	NA
sgRGS17_1	sgCOL28A1_4	NA	NA	NA	NA
sgRHD_3	sgCOL5A1_3	NA	NA	NA	NA
sgRHEB_4	sgCOL8A2_3	NA	NA	NA	NA
sgRHOXF2B_2	sgCOLEC11_3	NA	NA	NA	NA
sgRHOXF2_2	sgCOLEC12_1	NA	NA	NA	NA
sgRHOXF2_3	sgCOLGALT2_4	NA	NA	NA	NA
sgRHOXF2_4	sgCOMMD4_1	NA	NA	NA	NA
sgRHPN2_3	sgCOMMD5_3	NA	NA	NA	NA
sgRIDA_3	sgCOMMD6_4	NA	NA	NA	NA
sgRIMBP3_2	sgCOPE_3	NA	NA	NA	NA
sgRIMBP3_3	sgCOPG2_1	NA	NA	NA	NA
sgRIMBP3_4	sgCOPS3_3	NA	NA	NA	NA
sgRPL10A_3	sgCOPS5_3	NA	NA	NA	NA
sgRPL10_1	sgCOPS5_4	NA	NA	NA	NA
sgRPL15_3	sgCOPS8_1	NA	NA	NA	NA
sgRPL18A_4	sgCOPS8_2	NA	NA	NA	NA
sgRPL22_1	sgCOPS9_4	NA	NA	NA	NA
sgRPL22_2	sgCORO1A_1	NA	NA	NA	NA
sgRPL22_4	sgCOX11_3	NA	NA	NA	NA
sgRPL24_1	sgCOX17_1	NA	NA	NA	NA
sgRPL24_2	sgCOX17_2	NA	NA	NA	NA
sgRPL24_4	sgCOX18_4	NA	NA	NA	NA
sgRPL26L1_1	sgCOX5A_4	NA	NA	NA	NA
sgRPL26L1_2	sgCOX5B_3	NA	NA	NA	NA
sgRPL27A_4	sgCOX6B1_1	NA	NA	NA	NA
sgRPL27_2	sgCOX7A1_1	NA	NA	NA	NA
sgRPL30_3	sgCOX7A2_2	NA	NA	NA	NA
sgRPL31_3	sgCOX7B2_2	NA	NA	NA	NA
sgRPL32_1	sgCOX7B_2	NA	NA	NA	NA
sgRPL34_1	sgCOX7C_1	NA	NA	NA	NA
sgRPL35_3	sgCOX7C_4	NA	NA	NA	NA
sgRPL35_4	sgCOX8C_2	NA	NA	NA	NA
sgRPL36AL_1	sgCPA5_3	NA	NA	NA	NA
sgRPL36A_1	sgCPEB1_1	NA	NA	NA	NA
sgRPL36A_2	sgCPHXL2_2	NA	NA	NA	NA
sgRPL4_1	sgCPN1_2	NA	NA	NA	NA
sgRPL6_3	sgCPNE6_3	NA	NA	NA	NA
sgRPL9_1	sgCPNE8_4	NA	NA	NA	NA
sgRPL9_4	sgCPNE9_1	NA	NA	NA	NA
sgRPLP1_1	sgCPO_3	NA	NA	NA	NA
sgRPLP1_2	sgCPSF4L_1	NA	NA	NA	NA
sgRPLP1_3	sgCPT1A_1	NA	NA	NA	NA
sgRPS12_2	sgCPXM1_3	NA	NA	NA	NA
sgRPS14_3	sgCPZ_3	NA	NA	NA	NA
sgRPS14_4	sgCR1L_2	NA	NA	NA	NA
sgRPS15A_1	sgCR1L_4	NA	NA	NA	NA
sgRPS15A_2	sgCR1_1	NA	NA	NA	NA
sgRPS15_1	sgCR1_2	NA	NA	NA	NA
sgRPS15_2	sgCR1_3	NA	NA	NA	NA
sgRPS15_3	sgCRACD_3	NA	NA	NA	NA
sgRPS17_2	sgCRB3_1	NA	NA	NA	NA
sgRPS17_3	sgCREB3L4_2	NA	NA	NA	NA
sgRPS18_3	sgCREB5_1	NA	NA	NA	NA
sgRPS18_4	sgCRIP1_4	NA	NA	NA	NA
sgRPS23_4	sgCRIP2_2	NA	NA	NA	NA
sgRPS24_3	sgCRIPTO3_1	NA	NA	NA	NA
sgRPS27A_4	sgCRIPTO3_2	NA	NA	NA	NA
sgRPS27L_4	sgCRIPTO3_3	NA	NA	NA	NA
sgRPS28_2	sgCRIPTO3_4	NA	NA	NA	NA
sgRPS28_3	sgCRIPTO_3	NA	NA	NA	NA
sgRPS28_4	sgCRIPTO_4	NA	NA	NA	NA
sgRPS6_3	sgCROCC_1	NA	NA	NA	NA
sgRPS6_4	sgCROCC_2	NA	NA	NA	NA
sgRPS7_1	sgCROCC_3	NA	NA	NA	NA
sgRPS7_2	sgCRPPA_1	NA	NA	NA	NA
sgRSPH10B2_2	sgCRP_1	NA	NA	NA	NA
sgRSPH10B_1	sgCRTAP_3	NA	NA	NA	NA
sgRSPH10B_2	sgCRTC1_1	NA	NA	NA	NA
sgRSPH10B_4	sgCRTC1_3	NA	NA	NA	NA
sgRWDD4_1	sgCRX_4	NA	NA	NA	NA
sgRWDD4_3	sgCRYAA_1	NA	NA	NA	NA
sgRWDD4_4	sgCRYAB_2	NA	NA	NA	NA
sgS100A7_3	sgCRYBB2_4	NA	NA	NA	NA
sgS100A7_4	sgCRYGA_3	NA	NA	NA	NA
sgSAA1_1	sgCRYGB_2	NA	NA	NA	NA
sgSAA1_4	sgCRYGB_3	NA	NA	NA	NA
sgSCGB1C1_2	sgCRYGC_2	NA	NA	NA	NA
sgSCGB1C1_3	sgCRYGD_1	NA	NA	NA	NA
sgSCGB1C1_4	sgCRYGN_1	NA	NA	NA	NA
sgSCYGR2_2	sgCSAG1_1	NA	NA	NA	NA
sgSCYGR4_3	sgCSAG1_3	NA	NA	NA	NA
sgSDHD_1	sgCSF2RB_1	NA	NA	NA	NA
sgSDHD_2	sgCSF2_2	NA	NA	NA	NA
sgSEC22B_2	sgCSGALNACT2_1	NA	NA	NA	NA
sgSEC22B_4	sgCSHL1_1	NA	NA	NA	NA
sgSEM1_4	sgCSHL1_3	NA	NA	NA	NA
sgSEPTIN10_4	sgCSHL1_4	NA	NA	NA	NA
sgSERBP1_1	sgCSMD2_1	NA	NA	NA	NA
sgSERBP1_2	sgCSNK1A1_2	NA	NA	NA	NA
sgSERBP1_3	sgCSNK1A1_3	NA	NA	NA	NA
sgSERBP1_4	sgCSNK1D_1	NA	NA	NA	NA
sgSERF1A_1	sgCSNK1G1_2	NA	NA	NA	NA
sgSERF1A_2	sgCSNK1G2_3	NA	NA	NA	NA
sgSERF1B_1	sgCSNK2A3_1	NA	NA	NA	NA
sgSERF1B_2	sgCSPG4_4	NA	NA	NA	NA
sgSERF1B_3	sgCSRP2_3	NA	NA	NA	NA
sgSET_2	sgCSRP2_4	NA	NA	NA	NA
sgSFTPA1_1	sgCST2_2	NA	NA	NA	NA
sgSFTPA1_3	sgCST4_1	NA	NA	NA	NA
sgSFTPA1_4	sgCST4_3	NA	NA	NA	NA
sgSFTPA2_1	sgCST5_1	NA	NA	NA	NA
sgSHOX_1	sgCST5_4	NA	NA	NA	NA
sgSHOX_2	sgCSTF3_3	NA	NA	NA	NA
sgSHOX_3	sgCS_2	NA	NA	NA	NA
sgSHOX_4	sgCT47B1_1	NA	NA	NA	NA
sgSHOX_5	sgCTAG2_1	NA	NA	NA	NA
sgSHOX_6	sgCTAGE1_1	NA	NA	NA	NA
sgSIGLEC16_1	sgCTBP2_1	NA	NA	NA	NA
sgSIGLEC16_2	sgCTBP2_4	NA	NA	NA	NA
sgSIGLEC16_3	sgCTC1_3	NA	NA	NA	NA
sgSIGLEC16_4	sgCTDNEP1_3	NA	NA	NA	NA
sgSINHCAF_1	sgCTDNEP1_4	NA	NA	NA	NA
sgSINHCAF_4	sgCTDSPL2_4	NA	NA	NA	NA
sgSKA2_1	sgCTNNA1_1	NA	NA	NA	NA
sgSKA2_2	sgCTSB_2	NA	NA	NA	NA
sgSKA2_4	sgCTSH_3	NA	NA	NA	NA
sgSKA3_1	sgCTSL_3	NA	NA	NA	NA
sgSKA3_3	sgCTTN_3	NA	NA	NA	NA
sgSKA3_4	sgCTU1_1	NA	NA	NA	NA
sgSKP1_2	sgCTU1_2	NA	NA	NA	NA
sgSLC25A33_1	sgCTXND2_4	NA	NA	NA	NA
sgSLC25A6_1	sgCUEDC1_1	NA	NA	NA	NA
sgSLC25A6_2	sgCUL5_3	NA	NA	NA	NA
sgSLC25A6_3	sgCUL9_1	NA	NA	NA	NA
sgSLC25A6_4	sgCUTA_2	NA	NA	NA	NA
sgSLC25A6_5	sgCUX1_1	NA	NA	NA	NA
sgSLC35G4_3	sgCUX2_3	NA	NA	NA	NA
sgSLIRP_1	sgCXADR_4	NA	NA	NA	NA
sgSLX1A_1	sgCXCL11_1	NA	NA	NA	NA
sgSLX1A_2	sgCXCL17_2	NA	NA	NA	NA
sgSLX1A_3	sgCXCL1_2	NA	NA	NA	NA
sgSLX1A_4	sgCXCL2_1	NA	NA	NA	NA
sgSLX1B_1	sgCXCL2_2	NA	NA	NA	NA
sgSMIM10L2A_3	sgCXCL3_2	NA	NA	NA	NA
sgSMIM10L2A_4	sgCXCL3_3	NA	NA	NA	NA
sgSMIM30_2	sgCXCL3_4	NA	NA	NA	NA
sgSMIM30_3	sgCXCL5_3	NA	NA	NA	NA
sgSMN1_1	sgCXCR1_1	NA	NA	NA	NA
sgSMN1_2	sgCXCR1_3	NA	NA	NA	NA
sgSMN1_3	sgCXCR1_4	NA	NA	NA	NA
sgSMN1_4	sgCXCR2_1	NA	NA	NA	NA
sgSNRNP27_2	sgCXCR2_2	NA	NA	NA	NA
sgSNRPG_2	sgCXCR2_3	NA	NA	NA	NA
sgSPACA5B_1	sgCXCR2_4	NA	NA	NA	NA
sgSPACA5B_2	sgCXorf51A_4	NA	NA	NA	NA
sgSPACA5B_3	sgCYBRD1_4	NA	NA	NA	NA
sgSPACA5B_4	sgCYCS_1	NA	NA	NA	NA
sgSPACA5_1	sgCYCS_2	NA	NA	NA	NA
sgSPAG11B_1	sgCYCS_4	NA	NA	NA	NA
sgSPAG11B_2	sgCYLC1_1	NA	NA	NA	NA
sgSPAG11B_3	sgCYP11B1_1	NA	NA	NA	NA
sgSPAG11B_4	sgCYP11B2_1	NA	NA	NA	NA
sgSPANXA1_1	sgCYP11B2_2	NA	NA	NA	NA
sgSPANXA1_2	sgCYP19A1_1	NA	NA	NA	NA
sgSPANXB1_2	sgCYP1A1_2	NA	NA	NA	NA
sgSPANXD_1	sgCYP1A2_2	NA	NA	NA	NA
sgSPANXD_2	sgCYP1A2_3	NA	NA	NA	NA
sgSPANXD_3	sgCYP21A2_1	NA	NA	NA	NA
sgSPANXD_4	sgCYP2A13_1	NA	NA	NA	NA
sgSPANXN1_3	sgCYP2A13_4	NA	NA	NA	NA
sgSPANXN1_4	sgCYP2A6_1	NA	NA	NA	NA
sgSPANXN2_1	sgCYP2A6_3	NA	NA	NA	NA
sgSPATA31A3_1	sgCYP2A7_1	NA	NA	NA	NA
sgSPATA31A3_3	sgCYP2A7_2	NA	NA	NA	NA
sgSPATA31A3_4	sgCYP2A7_3	NA	NA	NA	NA
sgSPATA31A6_4	sgCYP2B6_1	NA	NA	NA	NA
sgSPATA31A7_2	sgCYP2B6_3	NA	NA	NA	NA
sgSPATA31D3_1	sgCYP2B6_4	NA	NA	NA	NA
sgSPATA31D3_2	sgCYP2C18_4	NA	NA	NA	NA
sgSPATA31D3_3	sgCYP2C8_4	NA	NA	NA	NA
sgSPATA31D3_4	sgCYP2C9_1	NA	NA	NA	NA
sgSPATA31D4_1	sgCYP2D6_2	NA	NA	NA	NA
sgSPCS2_1	sgCYP2D6_3	NA	NA	NA	NA
sgSPCS2_2	sgCYP2F1_2	NA	NA	NA	NA
sgSPCS2_4	sgCYP2U1_4	NA	NA	NA	NA
sgSPDYE16_1	sgCYP3A4_3	NA	NA	NA	NA
sgSPDYE16_2	sgCYP3A5_1	NA	NA	NA	NA
sgSPDYE21_1	sgCYP3A7_2	NA	NA	NA	NA
sgSPDYE2B_2	sgCYP4A11_1	NA	NA	NA	NA
sgSPDYE2B_3	sgCYP4A11_3	NA	NA	NA	NA
sgSPDYE2B_4	sgCYP4A22_1	NA	NA	NA	NA
sgSPDYE5_2	sgCYP4A22_2	NA	NA	NA	NA
sgSPIN2A_3	sgCYP4F11_1	NA	NA	NA	NA
sgSPIN2A_4	sgCYP4F11_2	NA	NA	NA	NA
sgSPRR1A_1	sgCYP4F11_3	NA	NA	NA	NA
sgSPRR2B_1	sgCYP4F12_3	NA	NA	NA	NA
sgSPRY3_1	sgCYP4F12_4	NA	NA	NA	NA
sgSPRY3_2	sgCYP4F2_1	NA	NA	NA	NA
sgSPRY3_3	sgCYP4F2_2	NA	NA	NA	NA
sgSPRY3_4	sgCYP4F2_3	NA	NA	NA	NA
sgSREK1IP1_2	sgCYP4F3_1	NA	NA	NA	NA
sgSRGAP2B_1	sgCYP4F3_4	NA	NA	NA	NA
sgSRGAP2B_3	sgCYP4Z1_3	NA	NA	NA	NA
sgSRGAP2C_4	sgCYRIB_4	NA	NA	NA	NA
sgSRP9_1	sgCYSTM1_1	NA	NA	NA	NA
sgSRP9_2	sgCYTH2_2	NA	NA	NA	NA
sgSRP9_3	sgCYTH3_3	NA	NA	NA	NA
sgSRP9_4	sgDAAM2_1	NA	NA	NA	NA
sgSSB_1	sgDALRD3_1	NA	NA	NA	NA
sgSSU72L2_1	sgDAP_4	NA	NA	NA	NA
sgSSU72L4_1	sgDARS1_1	NA	NA	NA	NA
sgSSU72L5_1	sgDAZAP2_1	NA	NA	NA	NA
sgSSU72L5_2	sgDAZAP2_4	NA	NA	NA	NA
sgSSX2B_1	sgDBF4_4	NA	NA	NA	NA
sgSSX2_1	sgDBH_2	NA	NA	NA	NA
sgSSX2_2	sgDBN1_2	NA	NA	NA	NA
sgSSX2_3	sgDBNL_2	NA	NA	NA	NA
sgSSX3_3	sgDBT_3	NA	NA	NA	NA
sgSSX4_1	sgDCAF12L1_4	NA	NA	NA	NA
sgSSX4_2	sgDCAF12L2_4	NA	NA	NA	NA
sgSSX4_3	sgDCAF13_3	NA	NA	NA	NA
sgSSX4_4	sgDCAF4_2	NA	NA	NA	NA
sgSSX5_3	sgDCAF6_1	NA	NA	NA	NA
sgSTEAP1B_3	sgDCAF6_2	NA	NA	NA	NA
sgSTEAP1B_4	sgDCAF7_3	NA	NA	NA	NA
sgSTEAP1_1	sgDCAF8L1_4	NA	NA	NA	NA
sgSTMP1_4	sgDCAF8L2_2	NA	NA	NA	NA
sgSTRAP_2	sgDCBLD2_4	NA	NA	NA	NA
sgSTRC_1	sgDCLRE1C_1	NA	NA	NA	NA
sgSUB1_4	sgDCLRE1C_2	NA	NA	NA	NA
sgSUGT1_2	sgDCST1_3	NA	NA	NA	NA
sgSUGT1_3	sgDCTN1_3	NA	NA	NA	NA
sgSULT1A4_1	sgDCTN5_3	NA	NA	NA	NA
sgSULT1A4_2	sgDCTN6_2	NA	NA	NA	NA
sgSULT1A4_3	sgDCTN6_3	NA	NA	NA	NA
sgSULT1A4_4	sgDCUN1D1_2	NA	NA	NA	NA
sgSUMO1_2	sgDCUN1D1_3	NA	NA	NA	NA
sgSUMO1_4	sgDCUN1D2_2	NA	NA	NA	NA
sgSUMO2_3	sgDCXR_4	NA	NA	NA	NA
sgSYT15B_2	sgDDA1_2	NA	NA	NA	NA
sgSYT15_3	sgDDA1_3	NA	NA	NA	NA
sgSYT15_4	sgDDA1_4	NA	NA	NA	NA
sgTAF11L13_1	sgDDHD2_2	NA	NA	NA	NA
sgTAF11L13_2	sgDDIT3_2	NA	NA	NA	NA
sgTAF11L2_2	sgDDIT3_3	NA	NA	NA	NA
sgTBC1D28_1	sgDDR1_1	NA	NA	NA	NA
sgTBC1D28_3	sgDDR1_2	NA	NA	NA	NA
sgTBC1D3G_1	sgDDR2_4	NA	NA	NA	NA
sgTBCA_1	sgDDTL_4	NA	NA	NA	NA
sgTBCA_2	sgDDX10_2	NA	NA	NA	NA
sgTBCA_3	sgDDX11_1	NA	NA	NA	NA
sgTCAF2_1	sgDDX11_2	NA	NA	NA	NA
sgTCAF2_2	sgDDX11_4	NA	NA	NA	NA
sgTCAF2_3	sgDDX18_1	NA	NA	NA	NA
sgTCEAL3_1	sgDDX18_2	NA	NA	NA	NA
sgTCEAL3_2	sgDDX19A_2	NA	NA	NA	NA
sgTCEAL3_4	sgDDX19B_3	NA	NA	NA	NA
sgTCP11X2_1	sgDDX24_4	NA	NA	NA	NA
sgTCP11X2_2	sgDDX39B_2	NA	NA	NA	NA
sgTCP11X2_3	sgDDX39B_3	NA	NA	NA	NA
sgTCP11X2_4	sgDDX3Y_4	NA	NA	NA	NA
sgTDG_3	sgDDX43_3	NA	NA	NA	NA
sgTEX28_1	sgDDX43_4	NA	NA	NA	NA
sgTEX28_2	sgDDX46_4	NA	NA	NA	NA
sgTEX28_3	sgDDX50_2	NA	NA	NA	NA
sgTEX28_4	sgDDX50_3	NA	NA	NA	NA
sgTGIF2LX_1	sgDDX50_4	NA	NA	NA	NA
sgTGIF2LX_2	sgDDX56_2	NA	NA	NA	NA
sgTGIF2LX_3	sgDDX6_3	NA	NA	NA	NA
sgTGIF2LX_4	sgDEF8_2	NA	NA	NA	NA
sgTGIF2LY_1	sgDEF8_3	NA	NA	NA	NA
sgTHAP12_3	sgDEFB118_2	NA	NA	NA	NA
sgTHOC3_1	sgDEFB131A_3	NA	NA	NA	NA
sgTHOC3_2	sgDEFB131A_4	NA	NA	NA	NA
sgTHOC3_3	sgDEFB131B_1	NA	NA	NA	NA
sgTHOC3_4	sgDEFB134_3	NA	NA	NA	NA
sgTIMM8A_1	sgDEFB4B_1	NA	NA	NA	NA
sgTIMM8B_3	sgDEGS1_1	NA	NA	NA	NA
sgTMA7_1	sgDEGS2_3	NA	NA	NA	NA
sgTMEM14B_1	sgDENND10_2	NA	NA	NA	NA
sgTMEM167A_1	sgDENND2C_4	NA	NA	NA	NA
sgTMEM191C_2	sgDENND3_4	NA	NA	NA	NA
sgTMEM191C_4	sgDENND4C_2	NA	NA	NA	NA
sgTMSB10_2	sgDENND5B_1	NA	NA	NA	NA
sgTMSB15A_1	sgDENR_1	NA	NA	NA	NA
sgTMSB15A_4	sgDEPDC1_1	NA	NA	NA	NA
sgTMSB4X_2	sgDERPC_2	NA	NA	NA	NA
sgTOMM20_2	sgDERPC_4	NA	NA	NA	NA
sgTOMM20_3	sgDGCR6L_2	NA	NA	NA	NA
sgTPSAB1_2	sgDGCR6L_3	NA	NA	NA	NA
sgTPTE2_1	sgDGCR6L_4	NA	NA	NA	NA
sgTPTE_1	sgDGCR6_1	NA	NA	NA	NA
sgTPTE_2	sgDGCR6_2	NA	NA	NA	NA
sgTPTE_3	sgDGCR6_3	NA	NA	NA	NA
sgTPTE_4	sgDGCR6_4	NA	NA	NA	NA
sgTRAPPC2_3	sgDGKE_1	NA	NA	NA	NA
sgTRAPPC2_4	sgDHDDS_2	NA	NA	NA	NA
sgTREML4_2	sgDHFR2_1	NA	NA	NA	NA
sgTRIM43B_1	sgDHFR2_3	NA	NA	NA	NA
sgTRIM43B_4	sgDHFR2_4	NA	NA	NA	NA
sgTRIM43_1	sgDHH_2	NA	NA	NA	NA
sgTRIM48_3	sgDHRS2_1	NA	NA	NA	NA
sgTRIM48_4	sgDHRS2_4	NA	NA	NA	NA
sgTRIM49B_2	sgDHRS4_3	NA	NA	NA	NA
sgTRIM49D1_1	sgDHX29_2	NA	NA	NA	NA
sgTRIM49D1_2	sgDHX40_1	NA	NA	NA	NA
sgTRIM49D1_3	sgDHX40_3	NA	NA	NA	NA
sgTRIM49_2	sgDHX8_3	NA	NA	NA	NA
sgTRIM49_3	sgDHX9_3	NA	NA	NA	NA
sgTRIM49_4	sgDIO2_4	NA	NA	NA	NA
sgTRIM61_1	sgDIPK2B_3	NA	NA	NA	NA
sgTRIM61_3	sgDIRAS1_4	NA	NA	NA	NA
sgTRIM61_4	sgDIRAS2_4	NA	NA	NA	NA
sgTRIM64B_1	sgDKKL1_3	NA	NA	NA	NA
sgTRIM64B_2	sgDKKL1_4	NA	NA	NA	NA
sgTRIM64B_3	sgDLG1_2	NA	NA	NA	NA
sgTRIM64B_4	sgDLG5_2	NA	NA	NA	NA
sgTRIM64_1	sgDLX2_1	NA	NA	NA	NA
sgTRIM64_3	sgDMAC1_2	NA	NA	NA	NA
sgTRIM74_1	sgDMBT1_1	NA	NA	NA	NA
sgTRIM74_2	sgDMBT1_2	NA	NA	NA	NA
sgTRIM74_3	sgDMBT1_4	NA	NA	NA	NA
sgTRIM74_4	sgDMBX1_4	NA	NA	NA	NA
sgTRIM77_2	sgDMRTA2_3	NA	NA	NA	NA
sgTSPY2_1	sgDMRTB1_3	NA	NA	NA	NA
sgTUBA1B_1	sgDMRTC2_3	NA	NA	NA	NA
sgTUBA1B_3	sgDNAH17_2	NA	NA	NA	NA
sgTUBA1B_4	sgDNAH17_3	NA	NA	NA	NA
sgTUBA3E_3	sgDNAH9_3	NA	NA	NA	NA
sgTUBA4A_1	sgDNAI4_2	NA	NA	NA	NA
sgTUBB8B_1	sgDNAJA1_2	NA	NA	NA	NA
sgTUBB8B_2	sgDNAJA1_4	NA	NA	NA	NA
sgTUBB8B_3	sgDNAJA2_2	NA	NA	NA	NA
sgTUBB8B_4	sgDNAJA4_2	NA	NA	NA	NA
sgTUBB8_1	sgDNAJB12_4	NA	NA	NA	NA
sgTVP23B_4	sgDNAJB1_2	NA	NA	NA	NA
sgTWF1_1	sgDNAJB1_3	NA	NA	NA	NA
sgTWF1_4	sgDNAJB1_4	NA	NA	NA	NA
sgTXNDC9_1	sgDNAJC17_4	NA	NA	NA	NA
sgTXN_4	sgDNAJC19_3	NA	NA	NA	NA
sgUBB_1	sgDNAJC1_3	NA	NA	NA	NA
sgUBE2D3_1	sgDNAJC22_4	NA	NA	NA	NA
sgUBE2E3_3	sgDNAJC4_2	NA	NA	NA	NA
sgUBE2N_4	sgDNAJC4_3	NA	NA	NA	NA
sgUBE2S_4	sgDNAJC5_4	NA	NA	NA	NA
sgUBE2V1_2	sgDNAJC7_1	NA	NA	NA	NA
sgUBE2V1_3	sgDNAJC7_2	NA	NA	NA	NA
sgUBTFL1_1	sgDNAJC8_3	NA	NA	NA	NA
sgUBTFL1_2	sgDNAJC8_4	NA	NA	NA	NA
sgUBTFL1_3	sgDNAJC9_2	NA	NA	NA	NA
sgUGT2B10_3	sgDNAJC9_3	NA	NA	NA	NA
sgUGT2B11_2	sgDND1_2	NA	NA	NA	NA
sgULBP2_4	sgDND1_3	NA	NA	NA	NA
sgUQCRB_4	sgDNM1_1	NA	NA	NA	NA
sgUQCRHL_1	sgDNM2_3	NA	NA	NA	NA
sgUQCRH_2	sgDNM2_4	NA	NA	NA	NA
sgUQCRH_3	sgDOCK6_2	NA	NA	NA	NA
sgUQCRH_4	sgDOCK7_3	NA	NA	NA	NA
sgUSP17L1_2	sgDOK1_1	NA	NA	NA	NA
sgUSP17L2_1	sgDOT1L_1	NA	NA	NA	NA
sgUSP17L2_2	sgDPCD_3	NA	NA	NA	NA
sgUSP17L3_1	sgDPEP1_1	NA	NA	NA	NA
sgUSP17L7_1	sgDPEP2_1	NA	NA	NA	NA
sgUSP17L7_2	sgDPEP3_1	NA	NA	NA	NA
sgUSP17L7_3	sgDPEP3_4	NA	NA	NA	NA
sgUSP17L7_4	sgDPF2_4	NA	NA	NA	NA
sgVAMP7_1	sgDPF3_3	NA	NA	NA	NA
sgVAMP7_2	sgDPH3_1	NA	NA	NA	NA
sgVAMP7_3	sgDPH3_2	NA	NA	NA	NA
sgVAMP7_4	sgDPP3_1	NA	NA	NA	NA
sgVCF2_1	sgDPP3_4	NA	NA	NA	NA
sgVCF2_2	sgDPPA2_3	NA	NA	NA	NA
sgVCF2_4	sgDPPA3_4	NA	NA	NA	NA
sgVCX3A_1	sgDPPA4_2	NA	NA	NA	NA
sgVCX3A_2	sgDPPA5_2	NA	NA	NA	NA
sgVCX_2	sgDPPA5_3	NA	NA	NA	NA
sgVCY1B_1	sgDPRX_2	NA	NA	NA	NA
sgVDAC2_2	sgDPY19L1_2	NA	NA	NA	NA
sgVDAC2_3	sgDPY19L1_3	NA	NA	NA	NA
sgVDAC2_4	sgDPY19L2_2	NA	NA	NA	NA
sgVN1R4_1	sgDPY19L2_3	NA	NA	NA	NA
sgVN1R4_3	sgDPY19L2_4	NA	NA	NA	NA
sgWASHC1_2	sgDPYSL2_1	NA	NA	NA	NA
sgWASHC1_4	sgDRD5_1	NA	NA	NA	NA
sgWASHC2A_2	sgDRD5_2	NA	NA	NA	NA
sgWASHC2A_3	sgDRD5_3	NA	NA	NA	NA
sgWFDC10A_4	sgDRD5_4	NA	NA	NA	NA
sgXAGE1A_1	sgDRG2_2	NA	NA	NA	NA
sgXAGE1A_2	sgDRICH1_4	NA	NA	NA	NA
sgXAGE1A_3	sgDSE_1	NA	NA	NA	NA
sgXAGE1A_4	sgDSE_4	NA	NA	NA	NA
sgXAGE3_1	sgDSG3_3	NA	NA	NA	NA
sgXAGE3_4	sgDSN1_4	NA	NA	NA	NA
sgXAGE5_3	sgDSTN_1	NA	NA	NA	NA
sgXCL1_4	sgDSTN_2	NA	NA	NA	NA
sgXCL2_1	sgDTWD1_4	NA	NA	NA	NA
sgXCL2_2	sgDTX2_1	NA	NA	NA	NA
sgYWHAZ_3	sgDTX2_2	NA	NA	NA	NA
sgYWHAZ_4	sgDTX2_3	NA	NA	NA	NA
sgZBED1_1	sgDTX2_4	NA	NA	NA	NA
sgZBED1_2	sgDTX3_2	NA	NA	NA	NA
sgZBED1_3	sgDUOX1_2	NA	NA	NA	NA
sgZBED1_4	sgDUOX2_2	NA	NA	NA	NA
sgZC3H11C_1	sgDUOX2_4	NA	NA	NA	NA
sgZC3H11C_2	sgDUS1L_3	NA	NA	NA	NA
sgZC3H11C_3	sgDUSP13A_4	NA	NA	NA	NA
sgZC3H11C_4	sgDUSP16_4	NA	NA	NA	NA
sgZCCHC10_2	sgDUSP3_3	NA	NA	NA	NA
sgZNF222_3	sgDUSP4_4	NA	NA	NA	NA
sgZNF273_1	sgDUSP5_1	NA	NA	NA	NA
sgZNF273_3	sgDUSP7_3	NA	NA	NA	NA
sgZNF322_1	sgDUSP8_1	NA	NA	NA	NA
sgZNF322_2	sgDUSP8_2	NA	NA	NA	NA
sgZNF322_3	sgDUSP8_3	NA	NA	NA	NA
sgZNF322_4	sgDUSP8_4	NA	NA	NA	NA
sgZNF417_3	sgDUT_2	NA	NA	NA	NA
sgZNF417_4	sgDUT_4	NA	NA	NA	NA
sgZNF479_2	sgDUXA_1	NA	NA	NA	NA
sgZNF479_3	sgDUXA_3	NA	NA	NA	NA
sgZNF479_4	sgDUXA_4	NA	NA	NA	NA
sgZNF66_2	sgDYNAP_2	NA	NA	NA	NA
sgZNF670_2	sgDYNC1I2_1	NA	NA	NA	NA
sgZNF705A_2	sgDYNLL1_1	NA	NA	NA	NA
sgZNF705B_1	sgDYNLL1_2	NA	NA	NA	NA
sgZNF705D_1	sgDYNLL1_3	NA	NA	NA	NA
sgZNF705D_2	sgDYNLL1_4	NA	NA	NA	NA
sgZNF705D_3	sgDYNLRB1_1	NA	NA	NA	NA
sgZNF706_3	sgDYNLRB1_3	NA	NA	NA	NA
sgZNF706_4	sgDYNLT1_1	NA	NA	NA	NA
sgZNF736_2	sgDYNLT1_2	NA	NA	NA	NA
sgZNF736_3	sgDYNLT1_4	NA	NA	NA	NA
sgZNF736_4	sgDYNLT3_3	NA	NA	NA	NA
sgZNF880_1	sgDYNLT3_4	NA	NA	NA	NA
sgZNF98_2	sgDYRK4_2	NA	NA	NA	NA
sgZNG1A_1	sgDYRK4_4	NA	NA	NA	NA
sgZNG1A_3	sgE2F4_3	NA	NA	NA	NA
sgZNG1B_4	sgEBPL_4	NA	NA	NA	NA
sgZNG1E_1	sgECEL1_4	NA	NA	NA	NA
sgZNG1E_2	sgECM2_4	NA	NA	NA	NA
sgZNG1E_3	sgEDA2R_1	NA	NA	NA	NA
sgZNG1F_1	sgEDN1_2	NA	NA	NA	NA
NA	sgEDN3_2	NA	NA	NA	NA
NA	sgEEF1A1_2	NA	NA	NA	NA
NA	sgEEF1B2_3	NA	NA	NA	NA
NA	sgEEF1D_1	NA	NA	NA	NA
NA	sgEEF1E1_2	NA	NA	NA	NA
NA	sgEEF1G_3	NA	NA	NA	NA
NA	sgEEF2KMT_3	NA	NA	NA	NA
NA	sgEFCAB14_1	NA	NA	NA	NA
NA	sgEFL1_2	NA	NA	NA	NA
NA	sgEFL1_3	NA	NA	NA	NA
NA	sgEFNB2_3	NA	NA	NA	NA
NA	sgEGR1_3	NA	NA	NA	NA
NA	sgEHD2_1	NA	NA	NA	NA
NA	sgEHD4_3	NA	NA	NA	NA
NA	sgEHMT1_4	NA	NA	NA	NA
NA	sgEI24_2	NA	NA	NA	NA
NA	sgEI24_3	NA	NA	NA	NA
NA	sgEIF1AX_4	NA	NA	NA	NA
NA	sgEIF1_1	NA	NA	NA	NA
NA	sgEIF1_2	NA	NA	NA	NA
NA	sgEIF2AK1_3	NA	NA	NA	NA
NA	sgEIF2B4_3	NA	NA	NA	NA
NA	sgEIF2D_2	NA	NA	NA	NA
NA	sgEIF2S3B_1	NA	NA	NA	NA
NA	sgEIF2S3B_3	NA	NA	NA	NA
NA	sgEIF2S3_2	NA	NA	NA	NA
NA	sgEIF2S3_3	NA	NA	NA	NA
NA	sgEIF3E_1	NA	NA	NA	NA
NA	sgEIF3E_2	NA	NA	NA	NA
NA	sgEIF3F_1	NA	NA	NA	NA
NA	sgEIF3F_2	NA	NA	NA	NA
NA	sgEIF3I_4	NA	NA	NA	NA
NA	sgEIF3J_2	NA	NA	NA	NA
NA	sgEIF3L_1	NA	NA	NA	NA
NA	sgEIF3L_2	NA	NA	NA	NA
NA	sgEIF4A1_2	NA	NA	NA	NA
NA	sgEIF4A1_3	NA	NA	NA	NA
NA	sgEIF4A1_4	NA	NA	NA	NA
NA	sgEIF4A2_3	NA	NA	NA	NA
NA	sgEIF4B_3	NA	NA	NA	NA
NA	sgEIF4EBP2_1	NA	NA	NA	NA
NA	sgEIF4EBP2_2	NA	NA	NA	NA
NA	sgEIF4H_2	NA	NA	NA	NA
NA	sgEIF4H_4	NA	NA	NA	NA
NA	sgEIF5A2_3	NA	NA	NA	NA
NA	sgEIF5A_1	NA	NA	NA	NA
NA	sgEIF5A_3	NA	NA	NA	NA
NA	sgEIF5_3	NA	NA	NA	NA
NA	sgELF2_4	NA	NA	NA	NA
NA	sgELL2_1	NA	NA	NA	NA
NA	sgELL2_2	NA	NA	NA	NA
NA	sgELL_1	NA	NA	NA	NA
NA	sgELMO2_1	NA	NA	NA	NA
NA	sgELN_2	NA	NA	NA	NA
NA	sgELOA2_2	NA	NA	NA	NA
NA	sgELOB_4	NA	NA	NA	NA
NA	sgELOC_3	NA	NA	NA	NA
NA	sgEMB_1	NA	NA	NA	NA
NA	sgEMB_3	NA	NA	NA	NA
NA	sgEMB_4	NA	NA	NA	NA
NA	sgEMC6_3	NA	NA	NA	NA
NA	sgEML5_3	NA	NA	NA	NA
NA	sgENOPH1_1	NA	NA	NA	NA
NA	sgENOPH1_2	NA	NA	NA	NA
NA	sgENPEP_1	NA	NA	NA	NA
NA	sgENPP1_2	NA	NA	NA	NA
NA	sgENPP3_3	NA	NA	NA	NA
NA	sgENPP3_4	NA	NA	NA	NA
NA	sgENSA_1	NA	NA	NA	NA
NA	sgENSA_3	NA	NA	NA	NA
NA	sgENTR1_4	NA	NA	NA	NA
NA	sgEOLA1_1	NA	NA	NA	NA
NA	sgEOLA1_3	NA	NA	NA	NA
NA	sgEOLA2_1	NA	NA	NA	NA
NA	sgEPAS1_4	NA	NA	NA	NA
NA	sgEPB41L5_1	NA	NA	NA	NA
NA	sgEPHA1_4	NA	NA	NA	NA
NA	sgEPHB6_3	NA	NA	NA	NA
NA	sgEPN2_1	NA	NA	NA	NA
NA	sgEPN2_2	NA	NA	NA	NA
NA	sgEPPK1_2	NA	NA	NA	NA
NA	sgEPS8L1_1	NA	NA	NA	NA
NA	sgERBB3_2	NA	NA	NA	NA
NA	sgERBIN_1	NA	NA	NA	NA
NA	sgERFL_1	NA	NA	NA	NA
NA	sgERFL_2	NA	NA	NA	NA
NA	sgERFL_4	NA	NA	NA	NA
NA	sgERF_2	NA	NA	NA	NA
NA	sgERH_1	NA	NA	NA	NA
NA	sgERICH1_4	NA	NA	NA	NA
NA	sgERMAP_4	NA	NA	NA	NA
NA	sgERMN_2	NA	NA	NA	NA
NA	sgERO1A_4	NA	NA	NA	NA
NA	sgERP27_4	NA	NA	NA	NA
NA	sgERP44_3	NA	NA	NA	NA
NA	sgERV3-1_1	NA	NA	NA	NA
NA	sgERV3-1_4	NA	NA	NA	NA
NA	sgERVFRD-1_1	NA	NA	NA	NA
NA	sgERVFRD-1_4	NA	NA	NA	NA
NA	sgERVV-1_3	NA	NA	NA	NA
NA	sgERVV-2_1	NA	NA	NA	NA
NA	sgERVV-2_2	NA	NA	NA	NA
NA	sgERVV-2_3	NA	NA	NA	NA
NA	sgERVW-1_1	NA	NA	NA	NA
NA	sgERVW-1_2	NA	NA	NA	NA
NA	sgERVW-1_3	NA	NA	NA	NA
NA	sgESF1_4	NA	NA	NA	NA
NA	sgESPN_2	NA	NA	NA	NA
NA	sgESPN_3	NA	NA	NA	NA
NA	sgESPN_4	NA	NA	NA	NA
NA	sgESR1_4	NA	NA	NA	NA
NA	sgESRRA_2	NA	NA	NA	NA
NA	sgESRRA_4	NA	NA	NA	NA
NA	sgESRRG_3	NA	NA	NA	NA
NA	sgETAA1_4	NA	NA	NA	NA
NA	sgETF1_4	NA	NA	NA	NA
NA	sgETFRF1_4	NA	NA	NA	NA
NA	sgETV1_3	NA	NA	NA	NA
NA	sgETV2_3	NA	NA	NA	NA
NA	sgETV3L_2	NA	NA	NA	NA
NA	sgETV7_2	NA	NA	NA	NA
NA	sgEVA1C_1	NA	NA	NA	NA
NA	sgEVPLL_4	NA	NA	NA	NA
NA	sgEVX1_4	NA	NA	NA	NA
NA	sgEVX2_1	NA	NA	NA	NA
NA	sgEWSR1_3	NA	NA	NA	NA
NA	sgEWSR1_4	NA	NA	NA	NA
NA	sgEXO5_4	NA	NA	NA	NA
NA	sgEXOC5_1	NA	NA	NA	NA
NA	sgEXOSC7_1	NA	NA	NA	NA
NA	sgEXOSC8_1	NA	NA	NA	NA
NA	sgEXPH5_1	NA	NA	NA	NA
NA	sgEYA2_4	NA	NA	NA	NA
NA	sgEZHIP_3	NA	NA	NA	NA
NA	sgEZR_4	NA	NA	NA	NA
NA	sgF13A1_4	NA	NA	NA	NA
NA	sgF2_3	NA	NA	NA	NA
NA	sgFAAH2_1	NA	NA	NA	NA
NA	sgFABP5_2	NA	NA	NA	NA
NA	sgFABP6_3	NA	NA	NA	NA
NA	sgFAF2_1	NA	NA	NA	NA
NA	sgFAF2_3	NA	NA	NA	NA
NA	sgFAHD2A_2	NA	NA	NA	NA
NA	sgFAHD2A_3	NA	NA	NA	NA
NA	sgFAHD2B_1	NA	NA	NA	NA
NA	sgFAHD2B_3	NA	NA	NA	NA
NA	sgFAHD2B_4	NA	NA	NA	NA
NA	sgFAH_2	NA	NA	NA	NA
NA	sgFAM110B_3	NA	NA	NA	NA
NA	sgFAM110C_4	NA	NA	NA	NA
NA	sgFAM110D_1	NA	NA	NA	NA
NA	sgFAM117A_2	NA	NA	NA	NA
NA	sgFAM131C_2	NA	NA	NA	NA
NA	sgFAM131C_3	NA	NA	NA	NA
NA	sgFAM149B1_4	NA	NA	NA	NA
NA	sgFAM151A_1	NA	NA	NA	NA
NA	sgFAM153A_1	NA	NA	NA	NA
NA	sgFAM162B_2	NA	NA	NA	NA
NA	sgFAM171A2_2	NA	NA	NA	NA
NA	sgFAM180A_2	NA	NA	NA	NA
NA	sgFAM185A_4	NA	NA	NA	NA
NA	sgFAM186B_4	NA	NA	NA	NA
NA	sgFAM204A_1	NA	NA	NA	NA
NA	sgFAM204A_4	NA	NA	NA	NA
NA	sgFAM209A_2	NA	NA	NA	NA
NA	sgFAM209B_3	NA	NA	NA	NA
NA	sgFAM220A_2	NA	NA	NA	NA
NA	sgFAM220A_3	NA	NA	NA	NA
NA	sgFAM220A_4	NA	NA	NA	NA
NA	sgFAM227A_1	NA	NA	NA	NA
NA	sgFAM228A_4	NA	NA	NA	NA
NA	sgFAM240A_2	NA	NA	NA	NA
NA	sgFAM240A_4	NA	NA	NA	NA
NA	sgFAM246A_1	NA	NA	NA	NA
NA	sgFAM246A_2	NA	NA	NA	NA
NA	sgFAM246C_1	NA	NA	NA	NA
NA	sgFAM246C_2	NA	NA	NA	NA
NA	sgFAM246C_3	NA	NA	NA	NA
NA	sgFAM246C_4	NA	NA	NA	NA
NA	sgFAM25A_1	NA	NA	NA	NA
NA	sgFAM32A_1	NA	NA	NA	NA
NA	sgFAM47C_1	NA	NA	NA	NA
NA	sgFAM47C_3	NA	NA	NA	NA
NA	sgFAM47C_4	NA	NA	NA	NA
NA	sgFAM86B2_2	NA	NA	NA	NA
NA	sgFAM90A1_1	NA	NA	NA	NA
NA	sgFAM90A1_2	NA	NA	NA	NA
NA	sgFAM90A1_4	NA	NA	NA	NA
NA	sgFAM90A7_1	NA	NA	NA	NA
NA	sgFAM9B_3	NA	NA	NA	NA
NA	sgFAM9B_4	NA	NA	NA	NA
NA	sgFAM9C_3	NA	NA	NA	NA
NA	sgFANCC_2	NA	NA	NA	NA
NA	sgFANCD2_4	NA	NA	NA	NA
NA	sgFANCL_2	NA	NA	NA	NA
NA	sgFARSB_4	NA	NA	NA	NA
NA	sgFASTKD1_2	NA	NA	NA	NA
NA	sgFAS_4	NA	NA	NA	NA
NA	sgFAXDC2_1	NA	NA	NA	NA
NA	sgFBP2_2	NA	NA	NA	NA
NA	sgFBRSL1_3	NA	NA	NA	NA
NA	sgFBRS_4	NA	NA	NA	NA
NA	sgFBXL12_4	NA	NA	NA	NA
NA	sgFBXL18_4	NA	NA	NA	NA
NA	sgFBXO11_4	NA	NA	NA	NA
NA	sgFBXO33_1	NA	NA	NA	NA
NA	sgFBXO36_2	NA	NA	NA	NA
NA	sgFBXO40_3	NA	NA	NA	NA
NA	sgFBXO40_4	NA	NA	NA	NA
NA	sgFBXO44_2	NA	NA	NA	NA
NA	sgFBXO44_4	NA	NA	NA	NA
NA	sgFBXO48_2	NA	NA	NA	NA
NA	sgFBXO6_1	NA	NA	NA	NA
NA	sgFBXW10B_1	NA	NA	NA	NA
NA	sgFBXW10B_2	NA	NA	NA	NA
NA	sgFBXW10B_3	NA	NA	NA	NA
NA	sgFBXW10_1	NA	NA	NA	NA
NA	sgFBXW10_2	NA	NA	NA	NA
NA	sgFBXW10_3	NA	NA	NA	NA
NA	sgFBXW10_4	NA	NA	NA	NA
NA	sgFBXW11_2	NA	NA	NA	NA
NA	sgFBXW11_4	NA	NA	NA	NA
NA	sgFBXW2_4	NA	NA	NA	NA
NA	sgFBXW4_2	NA	NA	NA	NA
NA	sgFBXW7_2	NA	NA	NA	NA
NA	sgFCF1_4	NA	NA	NA	NA
NA	sgFCGR1A_1	NA	NA	NA	NA
NA	sgFCGR1A_3	NA	NA	NA	NA
NA	sgFCGR2A_1	NA	NA	NA	NA
NA	sgFCGR2A_4	NA	NA	NA	NA
NA	sgFCGR2B_2	NA	NA	NA	NA
NA	sgFCGR3A_1	NA	NA	NA	NA
NA	sgFCGR3A_2	NA	NA	NA	NA
NA	sgFCGRT_1	NA	NA	NA	NA
NA	sgFCHSD1_1	NA	NA	NA	NA
NA	sgFCN1_1	NA	NA	NA	NA
NA	sgFCN1_2	NA	NA	NA	NA
NA	sgFCN2_2	NA	NA	NA	NA
NA	sgFCN2_3	NA	NA	NA	NA
NA	sgFCN3_3	NA	NA	NA	NA
NA	sgFCRL1_4	NA	NA	NA	NA
NA	sgFCRL2_3	NA	NA	NA	NA
NA	sgFCRL4_4	NA	NA	NA	NA
NA	sgFCRL5_4	NA	NA	NA	NA
NA	sgFDPS_1	NA	NA	NA	NA
NA	sgFDPS_4	NA	NA	NA	NA
NA	sgFDX1_2	NA	NA	NA	NA
NA	sgFDX1_4	NA	NA	NA	NA
NA	sgFEM1A_1	NA	NA	NA	NA
NA	sgFEN1_1	NA	NA	NA	NA
NA	sgFEN1_4	NA	NA	NA	NA
NA	sgFERMT3_3	NA	NA	NA	NA
NA	sgFES_4	NA	NA	NA	NA
NA	sgFETUB_2	NA	NA	NA	NA
NA	sgFETUB_4	NA	NA	NA	NA
NA	sgFEZ1_2	NA	NA	NA	NA
NA	sgFGD1_2	NA	NA	NA	NA
NA	sgFGD5_4	NA	NA	NA	NA
NA	sgFGF12_3	NA	NA	NA	NA
NA	sgFGF6_1	NA	NA	NA	NA
NA	sgFGF7_4	NA	NA	NA	NA
NA	sgFGFBP1_2	NA	NA	NA	NA
NA	sgFGFR3_4	NA	NA	NA	NA
NA	sgFGG_3	NA	NA	NA	NA
NA	sgFHAD1_1	NA	NA	NA	NA
NA	sgFHIT_1	NA	NA	NA	NA
NA	sgFHL1_3	NA	NA	NA	NA
NA	sgFILIP1L_1	NA	NA	NA	NA
NA	sgFIZ1_2	NA	NA	NA	NA
NA	sgFKBP14_1	NA	NA	NA	NA
NA	sgFKBP15_2	NA	NA	NA	NA
NA	sgFKBP1A_1	NA	NA	NA	NA
NA	sgFKBP3_3	NA	NA	NA	NA
NA	sgFKBP3_4	NA	NA	NA	NA
NA	sgFKBP4_1	NA	NA	NA	NA
NA	sgFKBP4_3	NA	NA	NA	NA
NA	sgFKBP6_4	NA	NA	NA	NA
NA	sgFKBP7_4	NA	NA	NA	NA
NA	sgFKBP9_2	NA	NA	NA	NA
NA	sgFKBP9_3	NA	NA	NA	NA
NA	sgFKBP9_4	NA	NA	NA	NA
NA	sgFLG2_1	NA	NA	NA	NA
NA	sgFLG2_4	NA	NA	NA	NA
NA	sgFLG_2	NA	NA	NA	NA
NA	sgFLG_3	NA	NA	NA	NA
NA	sgFLG_4	NA	NA	NA	NA
NA	sgFLNA_3	NA	NA	NA	NA
NA	sgFLT1_3	NA	NA	NA	NA
NA	sgFLYWCH1_1	NA	NA	NA	NA
NA	sgFLYWCH1_3	NA	NA	NA	NA
NA	sgFMN2_1	NA	NA	NA	NA
NA	sgFMNL1_4	NA	NA	NA	NA
NA	sgFMNL2_3	NA	NA	NA	NA
NA	sgFN3K_1	NA	NA	NA	NA
NA	sgFN3K_4	NA	NA	NA	NA
NA	sgFNDC10_2	NA	NA	NA	NA
NA	sgFNTA_1	NA	NA	NA	NA
NA	sgFOLH1_1	NA	NA	NA	NA
NA	sgFOLH1_2	NA	NA	NA	NA
NA	sgFOLR1_1	NA	NA	NA	NA
NA	sgFOLR2_1	NA	NA	NA	NA
NA	sgFOLR2_2	NA	NA	NA	NA
NA	sgFOSB_3	NA	NA	NA	NA
NA	sgFOSL1_1	NA	NA	NA	NA
NA	sgFOSL1_2	NA	NA	NA	NA
NA	sgFOSL1_3	NA	NA	NA	NA
NA	sgFOSL1_4	NA	NA	NA	NA
NA	sgFOXA2_3	NA	NA	NA	NA
NA	sgFOXB2_4	NA	NA	NA	NA
NA	sgFOXC1_3	NA	NA	NA	NA
NA	sgFOXC1_4	NA	NA	NA	NA
NA	sgFOXC2_3	NA	NA	NA	NA
NA	sgFOXD2_4	NA	NA	NA	NA
NA	sgFOXD3_4	NA	NA	NA	NA
NA	sgFOXD4L1_1	NA	NA	NA	NA
NA	sgFOXD4L4_1	NA	NA	NA	NA
NA	sgFOXD4L4_2	NA	NA	NA	NA
NA	sgFOXD4L5_1	NA	NA	NA	NA
NA	sgFOXD4L5_2	NA	NA	NA	NA
NA	sgFOXD4L5_3	NA	NA	NA	NA
NA	sgFOXD4_2	NA	NA	NA	NA
NA	sgFOXF2_1	NA	NA	NA	NA
NA	sgFOXG1_3	NA	NA	NA	NA
NA	sgFOXG1_4	NA	NA	NA	NA
NA	sgFOXH1_1	NA	NA	NA	NA
NA	sgFOXI1_1	NA	NA	NA	NA
NA	sgFOXL3_1	NA	NA	NA	NA
NA	sgFOXN3_3	NA	NA	NA	NA
NA	sgFOXN4_4	NA	NA	NA	NA
NA	sgFOXO1_4	NA	NA	NA	NA
NA	sgFOXO3B_3	NA	NA	NA	NA
NA	sgFOXO3_2	NA	NA	NA	NA
NA	sgFOXO3_4	NA	NA	NA	NA
NA	sgFOXO4_2	NA	NA	NA	NA
NA	sgFOXRED1_1	NA	NA	NA	NA
NA	sgFPGT_2	NA	NA	NA	NA
NA	sgFPR1_1	NA	NA	NA	NA
NA	sgFPR1_2	NA	NA	NA	NA
NA	sgFRAT1_1	NA	NA	NA	NA
NA	sgFRAT2_1	NA	NA	NA	NA
NA	sgFRAT2_4	NA	NA	NA	NA
NA	sgFRG1_1	NA	NA	NA	NA
NA	sgFRG1_3	NA	NA	NA	NA
NA	sgFRG2B_4	NA	NA	NA	NA
NA	sgFRG2C_2	NA	NA	NA	NA
NA	sgFRG2C_3	NA	NA	NA	NA
NA	sgFRG2_2	NA	NA	NA	NA
NA	sgFRG2_3	NA	NA	NA	NA
NA	sgFRMD6_4	NA	NA	NA	NA
NA	sgFRMD8_3	NA	NA	NA	NA
NA	sgFSCN1_1	NA	NA	NA	NA
NA	sgFSCN1_3	NA	NA	NA	NA
NA	sgFSCN1_4	NA	NA	NA	NA
NA	sgFTCDNL1_2	NA	NA	NA	NA
NA	sgFTH1_3	NA	NA	NA	NA
NA	sgFTL_2	NA	NA	NA	NA
NA	sgFTL_3	NA	NA	NA	NA
NA	sgFTMT_1	NA	NA	NA	NA
NA	sgFUNDC1_2	NA	NA	NA	NA
NA	sgFUNDC1_4	NA	NA	NA	NA
NA	sgFUNDC2_3	NA	NA	NA	NA
NA	sgFUT1_3	NA	NA	NA	NA
NA	sgFUT3_1	NA	NA	NA	NA
NA	sgFUT3_2	NA	NA	NA	NA
NA	sgFUT3_3	NA	NA	NA	NA
NA	sgFUT5_2	NA	NA	NA	NA
NA	sgFUT5_4	NA	NA	NA	NA
NA	sgFUT6_2	NA	NA	NA	NA
NA	sgFUT6_3	NA	NA	NA	NA
NA	sgFXN_2	NA	NA	NA	NA
NA	sgFXYD5_4	NA	NA	NA	NA
NA	sgFXYD7_3	NA	NA	NA	NA
NA	sgFYN_1	NA	NA	NA	NA
NA	sgFZD10_2	NA	NA	NA	NA
NA	sgFZD2_2	NA	NA	NA	NA
NA	sgFZD2_4	NA	NA	NA	NA
NA	sgFZD7_3	NA	NA	NA	NA
NA	sgFZD7_4	NA	NA	NA	NA
NA	sgFZD8_4	NA	NA	NA	NA
NA	sgG2E3_1	NA	NA	NA	NA
NA	sgG2E3_2	NA	NA	NA	NA
NA	sgG6PC3_2	NA	NA	NA	NA
NA	sgGAB2_4	NA	NA	NA	NA
NA	sgGABARAPL1_2	NA	NA	NA	NA
NA	sgGABARAPL2_2	NA	NA	NA	NA
NA	sgGABARAP_4	NA	NA	NA	NA
NA	sgGABBR1_1	NA	NA	NA	NA
NA	sgGABPA_1	NA	NA	NA	NA
NA	sgGABPA_4	NA	NA	NA	NA
NA	sgGABRA2_4	NA	NA	NA	NA
NA	sgGABRA3_1	NA	NA	NA	NA
NA	sgGABRA4_2	NA	NA	NA	NA
NA	sgGABRA6_2	NA	NA	NA	NA
NA	sgGADD45A_3	NA	NA	NA	NA
NA	sgGADL1_3	NA	NA	NA	NA
NA	sgGAGE10_1	NA	NA	NA	NA
NA	sgGAGE12J_1	NA	NA	NA	NA
NA	sgGAL3ST2_2	NA	NA	NA	NA
NA	sgGALNT11_1	NA	NA	NA	NA
NA	sgGALNT14_3	NA	NA	NA	NA
NA	sgGALR2_2	NA	NA	NA	NA
NA	sgGAP43_3	NA	NA	NA	NA
NA	sgGAPDH_2	NA	NA	NA	NA
NA	sgGAPDH_3	NA	NA	NA	NA
NA	sgGARIN2_4	NA	NA	NA	NA
NA	sgGARRE1_4	NA	NA	NA	NA
NA	sgGART_2	NA	NA	NA	NA
NA	sgGBA1_3	NA	NA	NA	NA
NA	sgGBA1_4	NA	NA	NA	NA
NA	sgGBA3_1	NA	NA	NA	NA
NA	sgGBE1_2	NA	NA	NA	NA
NA	sgGBP1_1	NA	NA	NA	NA
NA	sgGBP1_3	NA	NA	NA	NA
NA	sgGBP2_1	NA	NA	NA	NA
NA	sgGBP2_2	NA	NA	NA	NA
NA	sgGBP2_4	NA	NA	NA	NA
NA	sgGBP3_4	NA	NA	NA	NA
NA	sgGBP4_1	NA	NA	NA	NA
NA	sgGBP5_3	NA	NA	NA	NA
NA	sgGBP6_1	NA	NA	NA	NA
NA	sgGBP7_1	NA	NA	NA	NA
NA	sgGBX1_1	NA	NA	NA	NA
NA	sgGCAT_1	NA	NA	NA	NA
NA	sgGCGR_2	NA	NA	NA	NA
NA	sgGCHFR_2	NA	NA	NA	NA
NA	sgGCNA_3	NA	NA	NA	NA
NA	sgGCNT1_1	NA	NA	NA	NA
NA	sgGCNT2_3	NA	NA	NA	NA
NA	sgGDF5_3	NA	NA	NA	NA
NA	sgGDF6_3	NA	NA	NA	NA
NA	sgGEMIN2_3	NA	NA	NA	NA
NA	sgGEMIN7_1	NA	NA	NA	NA
NA	sgGEMIN7_3	NA	NA	NA	NA
NA	sgGEMIN7_4	NA	NA	NA	NA
NA	sgGEMIN8_2	NA	NA	NA	NA
NA	sgGEMIN8_3	NA	NA	NA	NA
NA	sgGEMIN8_4	NA	NA	NA	NA
NA	sgGET3_2	NA	NA	NA	NA
NA	sgGFM1_4	NA	NA	NA	NA
NA	sgGFM2_1	NA	NA	NA	NA
NA	sgGGA3_4	NA	NA	NA	NA
NA	sgGGH_4	NA	NA	NA	NA
NA	sgGGT1_1	NA	NA	NA	NA
NA	sgGGT1_2	NA	NA	NA	NA
NA	sgGGT1_3	NA	NA	NA	NA
NA	sgGGT1_4	NA	NA	NA	NA
NA	sgGGT7_3	NA	NA	NA	NA
NA	sgGGTLC1_2	NA	NA	NA	NA
NA	sgGGTLC1_3	NA	NA	NA	NA
NA	sgGGTLC2_1	NA	NA	NA	NA
NA	sgGGTLC2_2	NA	NA	NA	NA
NA	sgGGTLC2_3	NA	NA	NA	NA
NA	sgGGTLC2_4	NA	NA	NA	NA
NA	sgGH1_3	NA	NA	NA	NA
NA	sgGH1_4	NA	NA	NA	NA
NA	sgGH2_1	NA	NA	NA	NA
NA	sgGH2_2	NA	NA	NA	NA
NA	sgGH2_4	NA	NA	NA	NA
NA	sgGHRHR_2	NA	NA	NA	NA
NA	sgGHR_3	NA	NA	NA	NA
NA	sgGIMAP5_2	NA	NA	NA	NA
NA	sgGIMAP7_4	NA	NA	NA	NA
NA	sgGINS2_2	NA	NA	NA	NA
NA	sgGINS3_1	NA	NA	NA	NA
NA	sgGINS4_3	NA	NA	NA	NA
NA	sgGJA1_1	NA	NA	NA	NA
NA	sgGJA1_2	NA	NA	NA	NA
NA	sgGJA1_3	NA	NA	NA	NA
NA	sgGJA1_4	NA	NA	NA	NA
NA	sgGJB1_2	NA	NA	NA	NA
NA	sgGJC3_1	NA	NA	NA	NA
NA	sgGK2_2	NA	NA	NA	NA
NA	sgGK2_3	NA	NA	NA	NA
NA	sgGK3_2	NA	NA	NA	NA
NA	sgGK3_3	NA	NA	NA	NA
NA	sgGK3_4	NA	NA	NA	NA
NA	sgGLDC_1	NA	NA	NA	NA
NA	sgGLDC_3	NA	NA	NA	NA
NA	sgGLI4_1	NA	NA	NA	NA
NA	sgGLRA1_1	NA	NA	NA	NA
NA	sgGLRA2_3	NA	NA	NA	NA
NA	sgGLRX3_1	NA	NA	NA	NA
NA	sgGLRX3_2	NA	NA	NA	NA
NA	sgGLRX5_2	NA	NA	NA	NA
NA	sgGLRX_2	NA	NA	NA	NA
NA	sgGLRX_4	NA	NA	NA	NA
NA	sgGLS2_3	NA	NA	NA	NA
NA	sgGLUD1_2	NA	NA	NA	NA
NA	sgGLUD1_3	NA	NA	NA	NA
NA	sgGLUD1_4	NA	NA	NA	NA
NA	sgGLUD2_1	NA	NA	NA	NA
NA	sgGLUD2_3	NA	NA	NA	NA
NA	sgGLUL_1	NA	NA	NA	NA
NA	sgGLYATL1B_1	NA	NA	NA	NA
NA	sgGLYATL1B_4	NA	NA	NA	NA
NA	sgGLYATL1_1	NA	NA	NA	NA
NA	sgGLYATL1_4	NA	NA	NA	NA
NA	sgGLYATL2_3	NA	NA	NA	NA
NA	sgGLYR1_1	NA	NA	NA	NA
NA	sgGLYR1_2	NA	NA	NA	NA
NA	sgGLYR1_3	NA	NA	NA	NA
NA	sgGMNN_3	NA	NA	NA	NA
NA	sgGNA11_4	NA	NA	NA	NA
NA	sgGNA15_1	NA	NA	NA	NA
NA	sgGNAQ_1	NA	NA	NA	NA
NA	sgGNAQ_2	NA	NA	NA	NA
NA	sgGNAQ_4	NA	NA	NA	NA
NA	sgGNAS_1	NA	NA	NA	NA
NA	sgGNB1_2	NA	NA	NA	NA
NA	sgGNB1_3	NA	NA	NA	NA
NA	sgGNB3_2	NA	NA	NA	NA
NA	sgGNG5B_2	NA	NA	NA	NA
NA	sgGNG5B_4	NA	NA	NA	NA
NA	sgGNG5_3	NA	NA	NA	NA
NA	sgGNGT1_2	NA	NA	NA	NA
NA	sgGNGT1_3	NA	NA	NA	NA
NA	sgGNGT1_4	NA	NA	NA	NA
NA	sgGNL3L_4	NA	NA	NA	NA
NA	sgGNPAT_3	NA	NA	NA	NA
NA	sgGNPNAT1_3	NA	NA	NA	NA
NA	sgGNPNAT1_4	NA	NA	NA	NA
NA	sgGNPTAB_4	NA	NA	NA	NA
NA	sgGOLGA2_4	NA	NA	NA	NA
NA	sgGOLGA5_4	NA	NA	NA	NA
NA	sgGOLGA6L10_1	NA	NA	NA	NA
NA	sgGOLGA6L2_1	NA	NA	NA	NA
NA	sgGOLGA6L2_3	NA	NA	NA	NA
NA	sgGOLGA6L2_4	NA	NA	NA	NA
NA	sgGOLGA6L4_1	NA	NA	NA	NA
NA	sgGOLGA6L6_1	NA	NA	NA	NA
NA	sgGOLGA6L6_2	NA	NA	NA	NA
NA	sgGOLGA6L7_1	NA	NA	NA	NA
NA	sgGOLGA6L7_3	NA	NA	NA	NA
NA	sgGOLGA6L7_4	NA	NA	NA	NA
NA	sgGOLGA7_1	NA	NA	NA	NA
NA	sgGOLGA7_3	NA	NA	NA	NA
NA	sgGOLGA8H_1	NA	NA	NA	NA
NA	sgGOLGA8K_1	NA	NA	NA	NA
NA	sgGOLGB1_4	NA	NA	NA	NA
NA	sgGOLM2_3	NA	NA	NA	NA
NA	sgGON4L_1	NA	NA	NA	NA
NA	sgGOSR1_1	NA	NA	NA	NA
NA	sgGOT2_2	NA	NA	NA	NA
NA	sgGOT2_3	NA	NA	NA	NA
NA	sgGOT2_4	NA	NA	NA	NA
NA	sgGPA33_4	NA	NA	NA	NA
NA	sgGPAT2_2	NA	NA	NA	NA
NA	sgGPAT2_3	NA	NA	NA	NA
NA	sgGPAT2_4	NA	NA	NA	NA
NA	sgGPATCH11_1	NA	NA	NA	NA
NA	sgGPATCH11_2	NA	NA	NA	NA
NA	sgGPBP1L1_4	NA	NA	NA	NA
NA	sgGPC1_4	NA	NA	NA	NA
NA	sgGPCPD1_1	NA	NA	NA	NA
NA	sgGPCPD1_4	NA	NA	NA	NA
NA	sgGPD2_2	NA	NA	NA	NA
NA	sgGPR107_4	NA	NA	NA	NA
NA	sgGPR137B_3	NA	NA	NA	NA
NA	sgGPR149_1	NA	NA	NA	NA
NA	sgGPR152_1	NA	NA	NA	NA
NA	sgGPR15_4	NA	NA	NA	NA
NA	sgGPR173_2	NA	NA	NA	NA
NA	sgGPR27_3	NA	NA	NA	NA
NA	sgGPR32_3	NA	NA	NA	NA
NA	sgGPR3_1	NA	NA	NA	NA
NA	sgGPR42_1	NA	NA	NA	NA
NA	sgGPR55_2	NA	NA	NA	NA
NA	sgGPR68_4	NA	NA	NA	NA
NA	sgGPR78_1	NA	NA	NA	NA
NA	sgGPR84_1	NA	NA	NA	NA
NA	sgGPRIN2_1	NA	NA	NA	NA
NA	sgGPS2_3	NA	NA	NA	NA
NA	sgGPT2_4	NA	NA	NA	NA
NA	sgGPT_4	NA	NA	NA	NA
NA	sgGPX1_2	NA	NA	NA	NA
NA	sgGPX1_4	NA	NA	NA	NA
NA	sgGPX4_1	NA	NA	NA	NA
NA	sgGRAMD2A_2	NA	NA	NA	NA
NA	sgGRAMD2B_2	NA	NA	NA	NA
NA	sgGRAP2_2	NA	NA	NA	NA
NA	sgGRB2_1	NA	NA	NA	NA
NA	sgGRB2_2	NA	NA	NA	NA
NA	sgGRB7_1	NA	NA	NA	NA
NA	sgGRB7_2	NA	NA	NA	NA
NA	sgGREB1L_3	NA	NA	NA	NA
NA	sgGREM1_3	NA	NA	NA	NA
NA	sgGRIK3_1	NA	NA	NA	NA
NA	sgGRIK5_1	NA	NA	NA	NA
NA	sgGRIPAP1_2	NA	NA	NA	NA
NA	sgGRK6_2	NA	NA	NA	NA
NA	sgGRM5_1	NA	NA	NA	NA
NA	sgGRPEL2_3	NA	NA	NA	NA
NA	sgGRPEL2_4	NA	NA	NA	NA
NA	sgGSC2_3	NA	NA	NA	NA
NA	sgGSG1L2_2	NA	NA	NA	NA
NA	sgGSK3B_3	NA	NA	NA	NA
NA	sgGSPT2_1	NA	NA	NA	NA
NA	sgGSTA1_1	NA	NA	NA	NA
NA	sgGSTA1_2	NA	NA	NA	NA
NA	sgGSTA1_3	NA	NA	NA	NA
NA	sgGSTA1_4	NA	NA	NA	NA
NA	sgGSTA2_1	NA	NA	NA	NA
NA	sgGSTA2_2	NA	NA	NA	NA
NA	sgGSTA2_3	NA	NA	NA	NA
NA	sgGSTA2_4	NA	NA	NA	NA
NA	sgGSTA5_1	NA	NA	NA	NA
NA	sgGSTA5_2	NA	NA	NA	NA
NA	sgGSTA5_4	NA	NA	NA	NA
NA	sgGSTCD_1	NA	NA	NA	NA
NA	sgGSTK1_2	NA	NA	NA	NA
NA	sgGSTM4_2	NA	NA	NA	NA
NA	sgGSTM4_3	NA	NA	NA	NA
NA	sgGSTM4_4	NA	NA	NA	NA
NA	sgGSTM5_4	NA	NA	NA	NA
NA	sgGSTO1_3	NA	NA	NA	NA
NA	sgGSTP1_4	NA	NA	NA	NA
NA	sgGSTT2_2	NA	NA	NA	NA
NA	sgGTF2A2_2	NA	NA	NA	NA
NA	sgGTF2H1_4	NA	NA	NA	NA
NA	sgGTF2H2C_1	NA	NA	NA	NA
NA	sgGTF2H2C_2	NA	NA	NA	NA
NA	sgGTF2H2_1	NA	NA	NA	NA
NA	sgGTF2H2_2	NA	NA	NA	NA
NA	sgGTF2IRD1_2	NA	NA	NA	NA
NA	sgGTF2IRD2_1	NA	NA	NA	NA
NA	sgGTF2I_1	NA	NA	NA	NA
NA	sgGTF2I_2	NA	NA	NA	NA
NA	sgGTF3C3_3	NA	NA	NA	NA
NA	sgGTF3C6_2	NA	NA	NA	NA
NA	sgGTF3C6_3	NA	NA	NA	NA
NA	sgGUSB_4	NA	NA	NA	NA
NA	sgGXYLT1_1	NA	NA	NA	NA
NA	sgGYG1_1	NA	NA	NA	NA
NA	sgGYG1_2	NA	NA	NA	NA
NA	sgGYG1_3	NA	NA	NA	NA
NA	sgGYG1_4	NA	NA	NA	NA
NA	sgGYPA_1	NA	NA	NA	NA
NA	sgGZMB_1	NA	NA	NA	NA
NA	sgGZMB_4	NA	NA	NA	NA
NA	sgH1-3_3	NA	NA	NA	NA
NA	sgH1-5_1	NA	NA	NA	NA
NA	sgH2AC11_1	NA	NA	NA	NA
NA	sgH2AC11_3	NA	NA	NA	NA
NA	sgH2AC11_4	NA	NA	NA	NA
NA	sgH2AC12_1	NA	NA	NA	NA
NA	sgH2AC12_2	NA	NA	NA	NA
NA	sgH2AC14_1	NA	NA	NA	NA
NA	sgH2AC15_1	NA	NA	NA	NA
NA	sgH2AC15_4	NA	NA	NA	NA
NA	sgH2AC16_1	NA	NA	NA	NA
NA	sgH2AC16_2	NA	NA	NA	NA
NA	sgH2AC16_3	NA	NA	NA	NA
NA	sgH2AC17_1	NA	NA	NA	NA
NA	sgH2AC17_3	NA	NA	NA	NA
NA	sgH2AC20_1	NA	NA	NA	NA
NA	sgH2AC20_2	NA	NA	NA	NA
NA	sgH2AC20_3	NA	NA	NA	NA
NA	sgH2AC21_2	NA	NA	NA	NA
NA	sgH2AC25_1	NA	NA	NA	NA
NA	sgH2AC4_4	NA	NA	NA	NA
NA	sgH2AC6_2	NA	NA	NA	NA
NA	sgH2AC6_4	NA	NA	NA	NA
NA	sgH2AC7_1	NA	NA	NA	NA
NA	sgH2AC8_2	NA	NA	NA	NA
NA	sgH2AC8_3	NA	NA	NA	NA
NA	sgH2AJ_1	NA	NA	NA	NA
NA	sgH2AL3_2	NA	NA	NA	NA
NA	sgH2AL3_3	NA	NA	NA	NA
NA	sgH2AL3_4	NA	NA	NA	NA
NA	sgH2AX_1	NA	NA	NA	NA
NA	sgH2AX_3	NA	NA	NA	NA
NA	sgH2AZ1_1	NA	NA	NA	NA
NA	sgH2AZ1_2	NA	NA	NA	NA
NA	sgH2AZ1_3	NA	NA	NA	NA
NA	sgH2AZ1_4	NA	NA	NA	NA
NA	sgH2BC10_1	NA	NA	NA	NA
NA	sgH2BC10_2	NA	NA	NA	NA
NA	sgH2BC10_4	NA	NA	NA	NA
NA	sgH2BC11_1	NA	NA	NA	NA
NA	sgH2BC13_1	NA	NA	NA	NA
NA	sgH2BC13_3	NA	NA	NA	NA
NA	sgH2BC14_1	NA	NA	NA	NA
NA	sgH2BC14_3	NA	NA	NA	NA
NA	sgH2BC14_4	NA	NA	NA	NA
NA	sgH2BC15_2	NA	NA	NA	NA
NA	sgH2BC15_3	NA	NA	NA	NA
NA	sgH2BC15_4	NA	NA	NA	NA
NA	sgH2BC17_1	NA	NA	NA	NA
NA	sgH2BC17_3	NA	NA	NA	NA
NA	sgH2BC1_4	NA	NA	NA	NA
NA	sgH2BC21_1	NA	NA	NA	NA
NA	sgH2BC26_2	NA	NA	NA	NA
NA	sgH2BC26_3	NA	NA	NA	NA
NA	sgH2BC26_4	NA	NA	NA	NA
NA	sgH2BC3_2	NA	NA	NA	NA
NA	sgH2BC3_3	NA	NA	NA	NA
NA	sgH2BC4_1	NA	NA	NA	NA
NA	sgH2BC4_2	NA	NA	NA	NA
NA	sgH2BC4_3	NA	NA	NA	NA
NA	sgH2BC4_4	NA	NA	NA	NA
NA	sgH2BC5_3	NA	NA	NA	NA
NA	sgH2BC5_4	NA	NA	NA	NA
NA	sgH2BC6_1	NA	NA	NA	NA
NA	sgH2BC6_2	NA	NA	NA	NA
NA	sgH2BC7_1	NA	NA	NA	NA
NA	sgH2BC8_1	NA	NA	NA	NA
NA	sgH2BC8_3	NA	NA	NA	NA
NA	sgH2BC9_1	NA	NA	NA	NA
NA	sgH2BC9_2	NA	NA	NA	NA
NA	sgH2BC9_3	NA	NA	NA	NA
NA	sgH2BW1_2	NA	NA	NA	NA
NA	sgH2BW1_3	NA	NA	NA	NA
NA	sgH2BW2_3	NA	NA	NA	NA
NA	sgH3-3B_4	NA	NA	NA	NA
NA	sgH3-4_4	NA	NA	NA	NA
NA	sgH3-5_1	NA	NA	NA	NA
NA	sgH3-5_2	NA	NA	NA	NA
NA	sgH3-7_1	NA	NA	NA	NA
NA	sgH3-7_2	NA	NA	NA	NA
NA	sgH3-7_3	NA	NA	NA	NA
NA	sgH3-7_4	NA	NA	NA	NA
NA	sgH3C11_3	NA	NA	NA	NA
NA	sgH3C12_2	NA	NA	NA	NA
NA	sgH3C12_4	NA	NA	NA	NA
NA	sgH3C13_3	NA	NA	NA	NA
NA	sgH3C1_1	NA	NA	NA	NA
NA	sgH3C3_2	NA	NA	NA	NA
NA	sgH3C4_1	NA	NA	NA	NA
NA	sgH3C6_1	NA	NA	NA	NA
NA	sgH3C6_4	NA	NA	NA	NA
NA	sgH3C7_1	NA	NA	NA	NA
NA	sgH3C7_4	NA	NA	NA	NA
NA	sgH3C8_1	NA	NA	NA	NA
NA	sgH3C8_2	NA	NA	NA	NA
NA	sgH3C8_4	NA	NA	NA	NA
NA	sgH3Y1_1	NA	NA	NA	NA
NA	sgH3Y1_2	NA	NA	NA	NA
NA	sgH3Y1_3	NA	NA	NA	NA
NA	sgH3Y1_4	NA	NA	NA	NA
NA	sgH3Y2_3	NA	NA	NA	NA
NA	sgH4C2_2	NA	NA	NA	NA
NA	sgH4C2_4	NA	NA	NA	NA
NA	sgH4C3_1	NA	NA	NA	NA
NA	sgH4C5_1	NA	NA	NA	NA
NA	sgH4C5_2	NA	NA	NA	NA
NA	sgH4C6_2	NA	NA	NA	NA
NA	sgH4C8_2	NA	NA	NA	NA
NA	sgH6PD_2	NA	NA	NA	NA
NA	sgHABP4_2	NA	NA	NA	NA
NA	sgHACD2_4	NA	NA	NA	NA
NA	sgHADHB_1	NA	NA	NA	NA
NA	sgHADH_2	NA	NA	NA	NA
NA	sgHAGH_2	NA	NA	NA	NA
NA	sgHAND1_1	NA	NA	NA	NA
NA	sgHARS2_4	NA	NA	NA	NA
NA	sgHASPIN_1	NA	NA	NA	NA
NA	sgHAUS1_1	NA	NA	NA	NA
NA	sgHAUS1_3	NA	NA	NA	NA
NA	sgHAUS3_2	NA	NA	NA	NA
NA	sgHAUS6_1	NA	NA	NA	NA
NA	sgHAUS6_2	NA	NA	NA	NA
NA	sgHAVCR1_2	NA	NA	NA	NA
NA	sgHAVCR1_3	NA	NA	NA	NA
NA	sgHAX1_2	NA	NA	NA	NA
NA	sgHAX1_3	NA	NA	NA	NA
NA	sgHAX1_4	NA	NA	NA	NA
NA	sgHBB_3	NA	NA	NA	NA
NA	sgHBD_1	NA	NA	NA	NA
NA	sgHBG1_2	NA	NA	NA	NA
NA	sgHBQ1_1	NA	NA	NA	NA
NA	sgHCAR2_2	NA	NA	NA	NA
NA	sgHCAR2_3	NA	NA	NA	NA
NA	sgHCAR2_4	NA	NA	NA	NA
NA	sgHCAR3_1	NA	NA	NA	NA
NA	sgHCAR3_2	NA	NA	NA	NA
NA	sgHCAR3_3	NA	NA	NA	NA
NA	sgHCAR3_4	NA	NA	NA	NA
NA	sgHCN2_1	NA	NA	NA	NA
NA	sgHCN2_2	NA	NA	NA	NA
NA	sgHCN2_4	NA	NA	NA	NA
NA	sgHDGFL3_2	NA	NA	NA	NA
NA	sgHDGFL3_3	NA	NA	NA	NA
NA	sgHDGF_1	NA	NA	NA	NA
NA	sgHEBP2_1	NA	NA	NA	NA
NA	sgHEYL_4	NA	NA	NA	NA
NA	sgHGSNAT_3	NA	NA	NA	NA
NA	sgHHIPL2_3	NA	NA	NA	NA
NA	sgHIF1AN_4	NA	NA	NA	NA
NA	sgHIGD1A_2	NA	NA	NA	NA
NA	sgHIGD1A_3	NA	NA	NA	NA
NA	sgHIGD2A_1	NA	NA	NA	NA
NA	sgHIGD2A_2	NA	NA	NA	NA
NA	sgHIGD2A_4	NA	NA	NA	NA
NA	sgHIGD2B_4	NA	NA	NA	NA
NA	sgHIKESHI_1	NA	NA	NA	NA
NA	sgHINT1_2	NA	NA	NA	NA
NA	sgHINT2_1	NA	NA	NA	NA
NA	sgHINT2_3	NA	NA	NA	NA
NA	sgHJURP_3	NA	NA	NA	NA
NA	sgHKDC1_1	NA	NA	NA	NA
NA	sgHLA-A_1	NA	NA	NA	NA
NA	sgHLA-A_2	NA	NA	NA	NA
NA	sgHLA-A_4	NA	NA	NA	NA
NA	sgHLA-B_2	NA	NA	NA	NA
NA	sgHLA-C_1	NA	NA	NA	NA
NA	sgHLA-DMB_3	NA	NA	NA	NA
NA	sgHLA-DPB1_3	NA	NA	NA	NA
NA	sgHLA-DQA1_3	NA	NA	NA	NA
NA	sgHLA-DQA1_4	NA	NA	NA	NA
NA	sgHLA-DQA2_2	NA	NA	NA	NA
NA	sgHLA-DQA2_4	NA	NA	NA	NA
NA	sgHLA-DQB1_2	NA	NA	NA	NA
NA	sgHLA-DQB1_3	NA	NA	NA	NA
NA	sgHLA-DQB2_4	NA	NA	NA	NA
NA	sgHLA-DRA_4	NA	NA	NA	NA
NA	sgHLA-DRB1_2	NA	NA	NA	NA
NA	sgHLA-E_1	NA	NA	NA	NA
NA	sgHLA-E_4	NA	NA	NA	NA
NA	sgHLA-F_1	NA	NA	NA	NA
NA	sgHLA-G_1	NA	NA	NA	NA
NA	sgHLA-G_3	NA	NA	NA	NA
NA	sgHMBS_1	NA	NA	NA	NA
NA	sgHMGA1_1	NA	NA	NA	NA
NA	sgHMGA1_2	NA	NA	NA	NA
NA	sgHMGA1_3	NA	NA	NA	NA
NA	sgHMGA1_4	NA	NA	NA	NA
NA	sgHMGB1_2	NA	NA	NA	NA
NA	sgHMGB2_2	NA	NA	NA	NA
NA	sgHMGB2_4	NA	NA	NA	NA
NA	sgHMGB3_3	NA	NA	NA	NA
NA	sgHMGCS1_2	NA	NA	NA	NA
NA	sgHMGN2_1	NA	NA	NA	NA
NA	sgHMGN3_3	NA	NA	NA	NA
NA	sgHMX1_2	NA	NA	NA	NA
NA	sgHMX1_3	NA	NA	NA	NA
NA	sgHNRNPA1L2_1	NA	NA	NA	NA
NA	sgHNRNPA1L3_1	NA	NA	NA	NA
NA	sgHNRNPA1_2	NA	NA	NA	NA
NA	sgHNRNPA2B1_4	NA	NA	NA	NA
NA	sgHNRNPAB_1	NA	NA	NA	NA
NA	sgHNRNPAB_2	NA	NA	NA	NA
NA	sgHNRNPCL4_1	NA	NA	NA	NA
NA	sgHNRNPCL4_2	NA	NA	NA	NA
NA	sgHNRNPCL4_3	NA	NA	NA	NA
NA	sgHNRNPC_2	NA	NA	NA	NA
NA	sgHNRNPC_3	NA	NA	NA	NA
NA	sgHNRNPD_3	NA	NA	NA	NA
NA	sgHNRNPH1_1	NA	NA	NA	NA
NA	sgHNRNPH2_3	NA	NA	NA	NA
NA	sgHNRNPL_1	NA	NA	NA	NA
NA	sgHNRNPL_3	NA	NA	NA	NA
NA	sgHNRNPM_2	NA	NA	NA	NA
NA	sgHNRNPM_4	NA	NA	NA	NA
NA	sgHNRNPR_1	NA	NA	NA	NA
NA	sgHNRNPR_3	NA	NA	NA	NA
NA	sgHOMER2_1	NA	NA	NA	NA
NA	sgHORMAD1_2	NA	NA	NA	NA
NA	sgHORMAD1_3	NA	NA	NA	NA
NA	sgHOXA2_4	NA	NA	NA	NA
NA	sgHOXA4_4	NA	NA	NA	NA
NA	sgHOXA7_3	NA	NA	NA	NA
NA	sgHOXB4_3	NA	NA	NA	NA
NA	sgHOXB5_1	NA	NA	NA	NA
NA	sgHOXB8_3	NA	NA	NA	NA
NA	sgHOXD10_4	NA	NA	NA	NA
NA	sgHPCA_1	NA	NA	NA	NA
NA	sgHPCA_3	NA	NA	NA	NA
NA	sgHPF1_1	NA	NA	NA	NA
NA	sgHPF1_2	NA	NA	NA	NA
NA	sgHPF1_3	NA	NA	NA	NA
NA	sgHPF1_4	NA	NA	NA	NA
NA	sgHPR_2	NA	NA	NA	NA
NA	sgHPR_4	NA	NA	NA	NA
NA	sgHPS1_1	NA	NA	NA	NA
NA	sgHPS1_3	NA	NA	NA	NA
NA	sgHPS1_4	NA	NA	NA	NA
NA	sgHPS3_4	NA	NA	NA	NA
NA	sgHP_3	NA	NA	NA	NA
NA	sgHRAS_2	NA	NA	NA	NA
NA	sgHRG_3	NA	NA	NA	NA
NA	sgHS3ST1_1	NA	NA	NA	NA
NA	sgHS3ST3A1_4	NA	NA	NA	NA
NA	sgHS3ST3B1_1	NA	NA	NA	NA
NA	sgHS3ST3B1_4	NA	NA	NA	NA
NA	sgHS3ST6_3	NA	NA	NA	NA
NA	sgHS6ST1_1	NA	NA	NA	NA
NA	sgHS6ST1_2	NA	NA	NA	NA
NA	sgHS6ST1_4	NA	NA	NA	NA
NA	sgHS6ST3_4	NA	NA	NA	NA
NA	sgHSBP1_3	NA	NA	NA	NA
NA	sgHSD11B1_3	NA	NA	NA	NA
NA	sgHSD17B1_2	NA	NA	NA	NA
NA	sgHSD17B4_4	NA	NA	NA	NA
NA	sgHSD17B6_3	NA	NA	NA	NA
NA	sgHSD17B7_1	NA	NA	NA	NA
NA	sgHSD17B7_2	NA	NA	NA	NA
NA	sgHSD3B1_1	NA	NA	NA	NA
NA	sgHSD3B1_3	NA	NA	NA	NA
NA	sgHSD3B1_4	NA	NA	NA	NA
NA	sgHSDL1_1	NA	NA	NA	NA
NA	sgHSF2_1	NA	NA	NA	NA
NA	sgHSFX2_1	NA	NA	NA	NA
NA	sgHSP90AA1_2	NA	NA	NA	NA
NA	sgHSP90AB1_3	NA	NA	NA	NA
NA	sgHSP90AB1_4	NA	NA	NA	NA
NA	sgHSP90B1_3	NA	NA	NA	NA
NA	sgHSP90B1_4	NA	NA	NA	NA
NA	sgHSPA5_2	NA	NA	NA	NA
NA	sgHSPA5_4	NA	NA	NA	NA
NA	sgHSPA6_1	NA	NA	NA	NA
NA	sgHSPA6_3	NA	NA	NA	NA
NA	sgHSPA6_4	NA	NA	NA	NA
NA	sgHSPA8_2	NA	NA	NA	NA
NA	sgHSPA8_4	NA	NA	NA	NA
NA	sgHSPA9_1	NA	NA	NA	NA
NA	sgHSPB8_2	NA	NA	NA	NA
NA	sgHSPBP1_1	NA	NA	NA	NA
NA	sgHSPD1_2	NA	NA	NA	NA
NA	sgHSPD1_4	NA	NA	NA	NA
NA	sgHSPG2_3	NA	NA	NA	NA
NA	sgHTATSF1_1	NA	NA	NA	NA
NA	sgHTN1_1	NA	NA	NA	NA
NA	sgHTN1_3	NA	NA	NA	NA
NA	sgHTN3_1	NA	NA	NA	NA
NA	sgHTR3C_4	NA	NA	NA	NA
NA	sgHTR3E_3	NA	NA	NA	NA
NA	sgHYDIN_1	NA	NA	NA	NA
NA	sgHYDIN_2	NA	NA	NA	NA
NA	sgHYDIN_3	NA	NA	NA	NA
NA	sgHYDIN_4	NA	NA	NA	NA
NA	sgHYKK_2	NA	NA	NA	NA
NA	sgHYPK_1	NA	NA	NA	NA
NA	sgHYPK_2	NA	NA	NA	NA
NA	sgIAPP_1	NA	NA	NA	NA
NA	sgICA1_4	NA	NA	NA	NA
NA	sgICE2_1	NA	NA	NA	NA
NA	sgICE2_3	NA	NA	NA	NA
NA	sgICE2_4	NA	NA	NA	NA
NA	sgID1_2	NA	NA	NA	NA
NA	sgID2_2	NA	NA	NA	NA
NA	sgIDUA_4	NA	NA	NA	NA
NA	sgIER3IP1_1	NA	NA	NA	NA
NA	sgIER3IP1_3	NA	NA	NA	NA
NA	sgIFI16_3	NA	NA	NA	NA
NA	sgIFI44L_2	NA	NA	NA	NA
NA	sgIFI6_2	NA	NA	NA	NA
NA	sgIFIT1B_3	NA	NA	NA	NA
NA	sgIFIT1_3	NA	NA	NA	NA
NA	sgIFIT2_1	NA	NA	NA	NA
NA	sgIFIT3_4	NA	NA	NA	NA
NA	sgIFITM1_1	NA	NA	NA	NA
NA	sgIFITM1_3	NA	NA	NA	NA
NA	sgIFITM2_2	NA	NA	NA	NA
NA	sgIFNA10_2	NA	NA	NA	NA
NA	sgIFNA14_1	NA	NA	NA	NA
NA	sgIFNA14_2	NA	NA	NA	NA
NA	sgIFNA14_4	NA	NA	NA	NA
NA	sgIFNA16_1	NA	NA	NA	NA
NA	sgIFNA16_3	NA	NA	NA	NA
NA	sgIFNA16_4	NA	NA	NA	NA
NA	sgIFNA17_1	NA	NA	NA	NA
NA	sgIFNA21_1	NA	NA	NA	NA
NA	sgIFNA21_2	NA	NA	NA	NA
NA	sgIFNA21_3	NA	NA	NA	NA
NA	sgIFNA21_4	NA	NA	NA	NA
NA	sgIFNA2_2	NA	NA	NA	NA
NA	sgIFNA2_4	NA	NA	NA	NA
NA	sgIFNA4_1	NA	NA	NA	NA
NA	sgIFNA5_2	NA	NA	NA	NA
NA	sgIFNA6_1	NA	NA	NA	NA
NA	sgIFNA6_4	NA	NA	NA	NA
NA	sgIFNA7_1	NA	NA	NA	NA
NA	sgIFNA7_2	NA	NA	NA	NA
NA	sgIFNA7_3	NA	NA	NA	NA
NA	sgIFNA8_1	NA	NA	NA	NA
NA	sgIFNA8_4	NA	NA	NA	NA
NA	sgIFNAR2_3	NA	NA	NA	NA
NA	sgIFNL1_4	NA	NA	NA	NA
NA	sgIFNL2_1	NA	NA	NA	NA
NA	sgIFNL2_2	NA	NA	NA	NA
NA	sgIFNL2_3	NA	NA	NA	NA
NA	sgIFNL3_1	NA	NA	NA	NA
NA	sgIFNL3_3	NA	NA	NA	NA
NA	sgIFNL3_4	NA	NA	NA	NA
NA	sgIFNW1_4	NA	NA	NA	NA
NA	sgIFT122_2	NA	NA	NA	NA
NA	sgIFT70A_1	NA	NA	NA	NA
NA	sgIFT70A_2	NA	NA	NA	NA
NA	sgIFT70A_4	NA	NA	NA	NA
NA	sgIFT70B_1	NA	NA	NA	NA
NA	sgIFT70B_2	NA	NA	NA	NA
NA	sgIFTAP_1	NA	NA	NA	NA
NA	sgIFTAP_2	NA	NA	NA	NA
NA	sgIFTAP_4	NA	NA	NA	NA
NA	sgIGBP1C_1	NA	NA	NA	NA
NA	sgIGBP1C_4	NA	NA	NA	NA
NA	sgIGBP1_1	NA	NA	NA	NA
NA	sgIGBP1_2	NA	NA	NA	NA
NA	sgIGF2BP1_3	NA	NA	NA	NA
NA	sgIGF2BP2_1	NA	NA	NA	NA
NA	sgIGF2BP2_2	NA	NA	NA	NA
NA	sgIGF2BP2_3	NA	NA	NA	NA
NA	sgIGF2BP3_2	NA	NA	NA	NA
NA	sgIGF2BP3_3	NA	NA	NA	NA
NA	sgIGFBP2_4	NA	NA	NA	NA
NA	sgIGFBP4_4	NA	NA	NA	NA
NA	sgIGFBP5_4	NA	NA	NA	NA
NA	sgIGFBP6_3	NA	NA	NA	NA
NA	sgIGFL4_2	NA	NA	NA	NA
NA	sgIGHMBP2_1	NA	NA	NA	NA
NA	sgIGLL1_3	NA	NA	NA	NA
NA	sgIGSF3_2	NA	NA	NA	NA
NA	sgIGSF3_3	NA	NA	NA	NA
NA	sgIGSF3_4	NA	NA	NA	NA
NA	sgIGSF8_4	NA	NA	NA	NA
NA	sgIHH_2	NA	NA	NA	NA
NA	sgIK_4	NA	NA	NA	NA
NA	sgIL10RA_2	NA	NA	NA	NA
NA	sgIL11_3	NA	NA	NA	NA
NA	sgIL24_2	NA	NA	NA	NA
NA	sgIL24_4	NA	NA	NA	NA
NA	sgIL6R_1	NA	NA	NA	NA
NA	sgIL6ST_1	NA	NA	NA	NA
NA	sgIL6_1	NA	NA	NA	NA
NA	sgIL7R_1	NA	NA	NA	NA
NA	sgILRUN_3	NA	NA	NA	NA
NA	sgIMMP1L_3	NA	NA	NA	NA
NA	sgIMMT_4	NA	NA	NA	NA
NA	sgIMPA1_1	NA	NA	NA	NA
NA	sgIMPA1_4	NA	NA	NA	NA
NA	sgIMPDH1_1	NA	NA	NA	NA
NA	sgINHBC_3	NA	NA	NA	NA
NA	sgINIP_1	NA	NA	NA	NA
NA	sgINPP4B_4	NA	NA	NA	NA
NA	sgINPP5B_3	NA	NA	NA	NA
NA	sgINPP5D_2	NA	NA	NA	NA
NA	sgINPP5J_1	NA	NA	NA	NA
NA	sgINSM2_4	NA	NA	NA	NA
NA	sgINSYN1_1	NA	NA	NA	NA
NA	sgINSYN1_2	NA	NA	NA	NA
NA	sgINS_2	NA	NA	NA	NA
NA	sgINTS12_2	NA	NA	NA	NA
NA	sgINTS1_2	NA	NA	NA	NA
NA	sgINTS6_4	NA	NA	NA	NA
NA	sgINTS7_2	NA	NA	NA	NA
NA	sgIP6K1_3	NA	NA	NA	NA
NA	sgIP6K3_3	NA	NA	NA	NA
NA	sgIPMK_1	NA	NA	NA	NA
NA	sgIPMK_2	NA	NA	NA	NA
NA	sgIPMK_4	NA	NA	NA	NA
NA	sgIPO5_2	NA	NA	NA	NA
NA	sgIPO7_2	NA	NA	NA	NA
NA	sgIPP_3	NA	NA	NA	NA
NA	sgIQCB1_1	NA	NA	NA	NA
NA	sgIQCB1_2	NA	NA	NA	NA
NA	sgIQCF2_3	NA	NA	NA	NA
NA	sgIQCF5_3	NA	NA	NA	NA
NA	sgIRAK2_1	NA	NA	NA	NA
NA	sgIRAK4_2	NA	NA	NA	NA
NA	sgIRF2BPL_3	NA	NA	NA	NA
NA	sgIRS1_3	NA	NA	NA	NA
NA	sgIRS2_2	NA	NA	NA	NA
NA	sgIRX1_1	NA	NA	NA	NA
NA	sgIRX2_2	NA	NA	NA	NA
NA	sgIRX4_4	NA	NA	NA	NA
NA	sgISCA2_4	NA	NA	NA	NA
NA	sgISG20L2_2	NA	NA	NA	NA
NA	sgISG20_1	NA	NA	NA	NA
NA	sgISLR_4	NA	NA	NA	NA
NA	sgISM2_1	NA	NA	NA	NA
NA	sgISM2_4	NA	NA	NA	NA
NA	sgISOC1_1	NA	NA	NA	NA
NA	sgITGA2_2	NA	NA	NA	NA
NA	sgITGAD_2	NA	NA	NA	NA
NA	sgITGAM_4	NA	NA	NA	NA
NA	sgITGB2_1	NA	NA	NA	NA
NA	sgITIH3_3	NA	NA	NA	NA
NA	sgITIH5_1	NA	NA	NA	NA
NA	sgITLN1_1	NA	NA	NA	NA
NA	sgITM2A_3	NA	NA	NA	NA
NA	sgITM2B_2	NA	NA	NA	NA
NA	sgITPK1_1	NA	NA	NA	NA
NA	sgITPR3_1	NA	NA	NA	NA
NA	sgITSN1_2	NA	NA	NA	NA
NA	sgIVL_3	NA	NA	NA	NA
NA	sgIZUMO1_3	NA	NA	NA	NA
NA	sgJAGN1_1	NA	NA	NA	NA
NA	sgJAKMIP3_2	NA	NA	NA	NA
NA	sgJMJD6_1	NA	NA	NA	NA
NA	sgJPT1_4	NA	NA	NA	NA
NA	sgKANK2_3	NA	NA	NA	NA
NA	sgKANK4_3	NA	NA	NA	NA
NA	sgKATNA1_3	NA	NA	NA	NA
NA	sgKATNBL1_1	NA	NA	NA	NA
NA	sgKATNBL1_4	NA	NA	NA	NA
NA	sgKBTBD11_3	NA	NA	NA	NA
NA	sgKBTBD7_1	NA	NA	NA	NA
NA	sgKBTBD7_2	NA	NA	NA	NA
NA	sgKBTBD7_3	NA	NA	NA	NA
NA	sgKCNA1_2	NA	NA	NA	NA
NA	sgKCNA3_1	NA	NA	NA	NA
NA	sgKCNA3_2	NA	NA	NA	NA
NA	sgKCNA3_3	NA	NA	NA	NA
NA	sgKCNA5_4	NA	NA	NA	NA
NA	sgKCNA7_4	NA	NA	NA	NA
NA	sgKCNC1_1	NA	NA	NA	NA
NA	sgKCNC1_3	NA	NA	NA	NA
NA	sgKCNC3_2	NA	NA	NA	NA
NA	sgKCNC4_1	NA	NA	NA	NA
NA	sgKCNC4_3	NA	NA	NA	NA
NA	sgKCNC4_4	NA	NA	NA	NA
NA	sgKCND1_1	NA	NA	NA	NA
NA	sgKCND3_4	NA	NA	NA	NA
NA	sgKCNE1_1	NA	NA	NA	NA
NA	sgKCNE1_2	NA	NA	NA	NA
NA	sgKCNG1_4	NA	NA	NA	NA
NA	sgKCNG2_2	NA	NA	NA	NA
NA	sgKCNG4_3	NA	NA	NA	NA
NA	sgKCNH2_1	NA	NA	NA	NA
NA	sgKCNH5_1	NA	NA	NA	NA
NA	sgKCNH6_2	NA	NA	NA	NA
NA	sgKCNH6_4	NA	NA	NA	NA
NA	sgKCNIP3_4	NA	NA	NA	NA
NA	sgKCNJ12_1	NA	NA	NA	NA
NA	sgKCNJ12_3	NA	NA	NA	NA
NA	sgKCNJ13_3	NA	NA	NA	NA
NA	sgKCNJ14_4	NA	NA	NA	NA
NA	sgKCNJ18_1	NA	NA	NA	NA
NA	sgKCNJ18_2	NA	NA	NA	NA
NA	sgKCNJ18_3	NA	NA	NA	NA
NA	sgKCNK15_2	NA	NA	NA	NA
NA	sgKCNK3_4	NA	NA	NA	NA
NA	sgKCNN1_4	NA	NA	NA	NA
NA	sgKCNQ4_2	NA	NA	NA	NA
NA	sgKCNS2_1	NA	NA	NA	NA
NA	sgKCTD10_3	NA	NA	NA	NA
NA	sgKCTD12_2	NA	NA	NA	NA
NA	sgKCTD13_4	NA	NA	NA	NA
NA	sgKCTD14_3	NA	NA	NA	NA
NA	sgKCTD17_2	NA	NA	NA	NA
NA	sgKCTD4_4	NA	NA	NA	NA
NA	sgKCTD5_2	NA	NA	NA	NA
NA	sgKCTD7_3	NA	NA	NA	NA
NA	sgKCTD9_2	NA	NA	NA	NA
NA	sgKCTD9_4	NA	NA	NA	NA
NA	sgKDM4B_2	NA	NA	NA	NA
NA	sgKDM4C_3	NA	NA	NA	NA
NA	sgKDM4E_4	NA	NA	NA	NA
NA	sgKDM5C_3	NA	NA	NA	NA
NA	sgKDM5D_1	NA	NA	NA	NA
NA	sgKDM5D_2	NA	NA	NA	NA
NA	sgKDSR_1	NA	NA	NA	NA
NA	sgKGD4_4	NA	NA	NA	NA
NA	sgKHDC1L_3	NA	NA	NA	NA
NA	sgKHDC1_3	NA	NA	NA	NA
NA	sgKHSRP_2	NA	NA	NA	NA
NA	sgKHSRP_3	NA	NA	NA	NA
NA	sgKHSRP_4	NA	NA	NA	NA
NA	sgKIAA0319L_1	NA	NA	NA	NA
NA	sgKIAA0319L_3	NA	NA	NA	NA
NA	sgKIAA0319_1	NA	NA	NA	NA
NA	sgKIAA1191_1	NA	NA	NA	NA
NA	sgKIAA1191_2	NA	NA	NA	NA
NA	sgKIAA1191_3	NA	NA	NA	NA
NA	sgKIAA1191_4	NA	NA	NA	NA
NA	sgKIAA2013_1	NA	NA	NA	NA
NA	sgKIAA2013_2	NA	NA	NA	NA
NA	sgKIAA2013_3	NA	NA	NA	NA
NA	sgKIAA2013_4	NA	NA	NA	NA
NA	sgKIF12_4	NA	NA	NA	NA
NA	sgKIF19_1	NA	NA	NA	NA
NA	sgKIF1B_3	NA	NA	NA	NA
NA	sgKIF1C_1	NA	NA	NA	NA
NA	sgKIF2A_1	NA	NA	NA	NA
NA	sgKIF2A_2	NA	NA	NA	NA
NA	sgKIF4A_3	NA	NA	NA	NA
NA	sgKIF4A_4	NA	NA	NA	NA
NA	sgKIF4B_2	NA	NA	NA	NA
NA	sgKIF4B_4	NA	NA	NA	NA
NA	sgKIF5C_4	NA	NA	NA	NA
NA	sgKIF7_4	NA	NA	NA	NA
NA	sgKIR2DL1_1	NA	NA	NA	NA
NA	sgKIR2DL1_2	NA	NA	NA	NA
NA	sgKIR2DL3_2	NA	NA	NA	NA
NA	sgKIR2DL3_3	NA	NA	NA	NA
NA	sgKIR3DL1_1	NA	NA	NA	NA
NA	sgKIR3DL1_2	NA	NA	NA	NA
NA	sgKIR3DL1_3	NA	NA	NA	NA
NA	sgKIR3DL1_4	NA	NA	NA	NA
NA	sgKIR3DL2_1	NA	NA	NA	NA
NA	sgKIR3DL2_3	NA	NA	NA	NA
NA	sgKIR3DL3_2	NA	NA	NA	NA
NA	sgKIR3DL3_3	NA	NA	NA	NA
NA	sgKLF17_2	NA	NA	NA	NA
NA	sgKLF3_3	NA	NA	NA	NA
NA	sgKLF3_4	NA	NA	NA	NA
NA	sgKLF7_1	NA	NA	NA	NA
NA	sgKLF7_3	NA	NA	NA	NA
NA	sgKLHL14_2	NA	NA	NA	NA
NA	sgKLHL25_4	NA	NA	NA	NA
NA	sgKLHL33_3	NA	NA	NA	NA
NA	sgKLHL38_2	NA	NA	NA	NA
NA	sgKLHL3_3	NA	NA	NA	NA
NA	sgKLHL5_1	NA	NA	NA	NA
NA	sgKLHL5_4	NA	NA	NA	NA
NA	sgKLHL6_3	NA	NA	NA	NA
NA	sgKLK15_1	NA	NA	NA	NA
NA	sgKLK1_3	NA	NA	NA	NA
NA	sgKLK2_3	NA	NA	NA	NA
NA	sgKLK2_4	NA	NA	NA	NA
NA	sgKLK3_2	NA	NA	NA	NA
NA	sgKLK3_3	NA	NA	NA	NA
NA	sgKLK6_2	NA	NA	NA	NA
NA	sgKLRC3_2	NA	NA	NA	NA
NA	sgKLRC4_2	NA	NA	NA	NA
NA	sgKLRC4_3	NA	NA	NA	NA
NA	sgKLRC4_4	NA	NA	NA	NA
NA	sgKMT2D_1	NA	NA	NA	NA
NA	sgKNOP1_2	NA	NA	NA	NA
NA	sgKNOP1_3	NA	NA	NA	NA
NA	sgKPLCE_3	NA	NA	NA	NA
NA	sgKPNA2_1	NA	NA	NA	NA
NA	sgKPNA4_3	NA	NA	NA	NA
NA	sgKPNA4_4	NA	NA	NA	NA
NA	sgKPNA7_1	NA	NA	NA	NA
NA	sgKPNA7_3	NA	NA	NA	NA
NA	sgKRAS_4	NA	NA	NA	NA
NA	sgKRCC1_1	NA	NA	NA	NA
NA	sgKRT12_1	NA	NA	NA	NA
NA	sgKRT13_1	NA	NA	NA	NA
NA	sgKRT13_2	NA	NA	NA	NA
NA	sgKRT14_1	NA	NA	NA	NA
NA	sgKRT16_2	NA	NA	NA	NA
NA	sgKRT16_3	NA	NA	NA	NA
NA	sgKRT17_1	NA	NA	NA	NA
NA	sgKRT17_2	NA	NA	NA	NA
NA	sgKRT17_3	NA	NA	NA	NA
NA	sgKRT17_4	NA	NA	NA	NA
NA	sgKRT18_2	NA	NA	NA	NA
NA	sgKRT18_3	NA	NA	NA	NA
NA	sgKRT18_4	NA	NA	NA	NA
NA	sgKRT19_4	NA	NA	NA	NA
NA	sgKRT20_1	NA	NA	NA	NA
NA	sgKRT23_2	NA	NA	NA	NA
NA	sgKRT28_1	NA	NA	NA	NA
NA	sgKRT31_3	NA	NA	NA	NA
NA	sgKRT32_2	NA	NA	NA	NA
NA	sgKRT33A_3	NA	NA	NA	NA
NA	sgKRT33B_1	NA	NA	NA	NA
NA	sgKRT33B_3	NA	NA	NA	NA
NA	sgKRT33B_4	NA	NA	NA	NA
NA	sgKRT34_1	NA	NA	NA	NA
NA	sgKRT34_2	NA	NA	NA	NA
NA	sgKRT34_3	NA	NA	NA	NA
NA	sgKRT35_3	NA	NA	NA	NA
NA	sgKRT37_1	NA	NA	NA	NA
NA	sgKRT37_3	NA	NA	NA	NA
NA	sgKRT38_2	NA	NA	NA	NA
NA	sgKRT4_2	NA	NA	NA	NA
NA	sgKRT5_1	NA	NA	NA	NA
NA	sgKRT6A_1	NA	NA	NA	NA
NA	sgKRT6A_2	NA	NA	NA	NA
NA	sgKRT6B_1	NA	NA	NA	NA
NA	sgKRT6B_2	NA	NA	NA	NA
NA	sgKRT6B_3	NA	NA	NA	NA
NA	sgKRT6C_1	NA	NA	NA	NA
NA	sgKRT6C_2	NA	NA	NA	NA
NA	sgKRT6C_3	NA	NA	NA	NA
NA	sgKRT71_1	NA	NA	NA	NA
NA	sgKRT71_2	NA	NA	NA	NA
NA	sgKRT72_1	NA	NA	NA	NA
NA	sgKRT73_1	NA	NA	NA	NA
NA	sgKRT73_3	NA	NA	NA	NA
NA	sgKRT74_1	NA	NA	NA	NA
NA	sgKRT75_3	NA	NA	NA	NA
NA	sgKRT76_1	NA	NA	NA	NA
NA	sgKRT76_2	NA	NA	NA	NA
NA	sgKRT76_3	NA	NA	NA	NA
NA	sgKRT77_4	NA	NA	NA	NA
NA	sgKRT7_1	NA	NA	NA	NA
NA	sgKRT7_2	NA	NA	NA	NA
NA	sgKRT80_4	NA	NA	NA	NA
NA	sgKRT82_2	NA	NA	NA	NA
NA	sgKRT83_1	NA	NA	NA	NA
NA	sgKRT83_2	NA	NA	NA	NA
NA	sgKRT83_4	NA	NA	NA	NA
NA	sgKRT85_4	NA	NA	NA	NA
NA	sgKRT86_1	NA	NA	NA	NA
NA	sgKRT86_2	NA	NA	NA	NA
NA	sgKRT86_3	NA	NA	NA	NA
NA	sgKRT86_4	NA	NA	NA	NA
NA	sgKRT8_1	NA	NA	NA	NA
NA	sgKRT8_2	NA	NA	NA	NA
NA	sgKRT8_3	NA	NA	NA	NA
NA	sgKRT8_4	NA	NA	NA	NA
NA	sgKRT9_1	NA	NA	NA	NA
NA	sgKRTAP1-1_1	NA	NA	NA	NA
NA	sgKRTAP1-1_2	NA	NA	NA	NA
NA	sgKRTAP1-1_4	NA	NA	NA	NA
NA	sgKRTAP1-3_3	NA	NA	NA	NA
NA	sgKRTAP1-3_4	NA	NA	NA	NA
NA	sgKRTAP1-4_2	NA	NA	NA	NA
NA	sgKRTAP1-4_3	NA	NA	NA	NA
NA	sgKRTAP1-5_1	NA	NA	NA	NA
NA	sgKRTAP1-5_3	NA	NA	NA	NA
NA	sgKRTAP10-10_2	NA	NA	NA	NA
NA	sgKRTAP10-10_3	NA	NA	NA	NA
NA	sgKRTAP10-11_3	NA	NA	NA	NA
NA	sgKRTAP10-11_4	NA	NA	NA	NA
NA	sgKRTAP10-12_2	NA	NA	NA	NA
NA	sgKRTAP10-12_4	NA	NA	NA	NA
NA	sgKRTAP10-1_1	NA	NA	NA	NA
NA	sgKRTAP10-1_3	NA	NA	NA	NA
NA	sgKRTAP10-2_1	NA	NA	NA	NA
NA	sgKRTAP10-2_4	NA	NA	NA	NA
NA	sgKRTAP10-3_2	NA	NA	NA	NA
NA	sgKRTAP10-3_3	NA	NA	NA	NA
NA	sgKRTAP10-3_4	NA	NA	NA	NA
NA	sgKRTAP10-4_2	NA	NA	NA	NA
NA	sgKRTAP10-4_3	NA	NA	NA	NA
NA	sgKRTAP10-5_1	NA	NA	NA	NA
NA	sgKRTAP10-5_4	NA	NA	NA	NA
NA	sgKRTAP10-6_1	NA	NA	NA	NA
NA	sgKRTAP10-7_1	NA	NA	NA	NA
NA	sgKRTAP10-7_2	NA	NA	NA	NA
NA	sgKRTAP10-7_3	NA	NA	NA	NA
NA	sgKRTAP10-9_2	NA	NA	NA	NA
NA	sgKRTAP10-9_3	NA	NA	NA	NA
NA	sgKRTAP10-9_4	NA	NA	NA	NA
NA	sgKRTAP12-1_4	NA	NA	NA	NA
NA	sgKRTAP12-2_1	NA	NA	NA	NA
NA	sgKRTAP12-2_3	NA	NA	NA	NA
NA	sgKRTAP12-2_4	NA	NA	NA	NA
NA	sgKRTAP12-3_4	NA	NA	NA	NA
NA	sgKRTAP13-1_1	NA	NA	NA	NA
NA	sgKRTAP13-1_3	NA	NA	NA	NA
NA	sgKRTAP13-1_4	NA	NA	NA	NA
NA	sgKRTAP13-2_1	NA	NA	NA	NA
NA	sgKRTAP13-2_2	NA	NA	NA	NA
NA	sgKRTAP13-2_3	NA	NA	NA	NA
NA	sgKRTAP13-4_3	NA	NA	NA	NA
NA	sgKRTAP13-4_4	NA	NA	NA	NA
NA	sgKRTAP17-1_3	NA	NA	NA	NA
NA	sgKRTAP19-1_2	NA	NA	NA	NA
NA	sgKRTAP19-1_4	NA	NA	NA	NA
NA	sgKRTAP19-2_3	NA	NA	NA	NA
NA	sgKRTAP19-3_1	NA	NA	NA	NA
NA	sgKRTAP19-3_2	NA	NA	NA	NA
NA	sgKRTAP19-3_3	NA	NA	NA	NA
NA	sgKRTAP19-3_4	NA	NA	NA	NA
NA	sgKRTAP19-4_1	NA	NA	NA	NA
NA	sgKRTAP19-4_3	NA	NA	NA	NA
NA	sgKRTAP19-4_4	NA	NA	NA	NA
NA	sgKRTAP19-5_1	NA	NA	NA	NA
NA	sgKRTAP19-7_2	NA	NA	NA	NA
NA	sgKRTAP19-7_4	NA	NA	NA	NA
NA	sgKRTAP20-1_2	NA	NA	NA	NA
NA	sgKRTAP20-1_4	NA	NA	NA	NA
NA	sgKRTAP20-2_1	NA	NA	NA	NA
NA	sgKRTAP20-3_4	NA	NA	NA	NA
NA	sgKRTAP21-1_3	NA	NA	NA	NA
NA	sgKRTAP29-1_4	NA	NA	NA	NA
NA	sgKRTAP3-2_2	NA	NA	NA	NA
NA	sgKRTAP3-3_2	NA	NA	NA	NA
NA	sgKRTAP3-3_3	NA	NA	NA	NA
NA	sgKRTAP4-11_1	NA	NA	NA	NA
NA	sgKRTAP4-11_2	NA	NA	NA	NA
NA	sgKRTAP4-11_4	NA	NA	NA	NA
NA	sgKRTAP4-12_2	NA	NA	NA	NA
NA	sgKRTAP4-16_2	NA	NA	NA	NA
NA	sgKRTAP4-16_3	NA	NA	NA	NA
NA	sgKRTAP4-16_4	NA	NA	NA	NA
NA	sgKRTAP4-1_3	NA	NA	NA	NA
NA	sgKRTAP4-2_1	NA	NA	NA	NA
NA	sgKRTAP4-2_2	NA	NA	NA	NA
NA	sgKRTAP4-3_1	NA	NA	NA	NA
NA	sgKRTAP4-3_2	NA	NA	NA	NA
NA	sgKRTAP4-5_1	NA	NA	NA	NA
NA	sgKRTAP4-5_2	NA	NA	NA	NA
NA	sgKRTAP4-6_2	NA	NA	NA	NA
NA	sgKRTAP4-6_3	NA	NA	NA	NA
NA	sgKRTAP4-9_1	NA	NA	NA	NA
NA	sgKRTAP4-9_2	NA	NA	NA	NA
NA	sgKRTAP4-9_3	NA	NA	NA	NA
NA	sgKRTAP5-11_1	NA	NA	NA	NA
NA	sgKRTAP5-11_4	NA	NA	NA	NA
NA	sgKRTAP5-3_2	NA	NA	NA	NA
NA	sgKRTAP5-3_4	NA	NA	NA	NA
NA	sgKRTAP5-4_1	NA	NA	NA	NA
NA	sgKRTAP5-4_3	NA	NA	NA	NA
NA	sgKRTAP5-4_4	NA	NA	NA	NA
NA	sgKRTAP5-6_1	NA	NA	NA	NA
NA	sgKRTAP5-6_2	NA	NA	NA	NA
NA	sgKRTAP5-6_3	NA	NA	NA	NA
NA	sgKRTAP5-8_1	NA	NA	NA	NA
NA	sgKRTAP5-9_2	NA	NA	NA	NA
NA	sgKRTAP5-9_3	NA	NA	NA	NA
NA	sgKRTAP5-9_4	NA	NA	NA	NA
NA	sgKRTAP6-1_4	NA	NA	NA	NA
NA	sgKRTAP9-1_2	NA	NA	NA	NA
NA	sgKRTAP9-3_1	NA	NA	NA	NA
NA	sgKRTAP9-3_2	NA	NA	NA	NA
NA	sgKRTAP9-3_3	NA	NA	NA	NA
NA	sgKRTAP9-4_1	NA	NA	NA	NA
NA	sgKRTAP9-9_1	NA	NA	NA	NA
NA	sgKRTAP9-9_2	NA	NA	NA	NA
NA	sgKRTAP9-9_3	NA	NA	NA	NA
NA	sgKRTCAP2_3	NA	NA	NA	NA
NA	sgL3MBTL2_3	NA	NA	NA	NA
NA	sgLAGE3_2	NA	NA	NA	NA
NA	sgLAMB4_4	NA	NA	NA	NA
NA	sgLAMP5_4	NA	NA	NA	NA
NA	sgLAMTOR2_1	NA	NA	NA	NA
NA	sgLAMTOR5_2	NA	NA	NA	NA
NA	sgLAMTOR5_3	NA	NA	NA	NA
NA	sgLANCL3_2	NA	NA	NA	NA
NA	sgLARGE1_4	NA	NA	NA	NA
NA	sgLARP1B_1	NA	NA	NA	NA
NA	sgLARP1B_2	NA	NA	NA	NA
NA	sgLARP4B_4	NA	NA	NA	NA
NA	sgLARP4_2	NA	NA	NA	NA
NA	sgLARP4_3	NA	NA	NA	NA
NA	sgLARP7_1	NA	NA	NA	NA
NA	sgLARP7_2	NA	NA	NA	NA
NA	sgLASP1_2	NA	NA	NA	NA
NA	sgLCE1B_1	NA	NA	NA	NA
NA	sgLCE1B_2	NA	NA	NA	NA
NA	sgLCE1B_3	NA	NA	NA	NA
NA	sgLCE1D_2	NA	NA	NA	NA
NA	sgLCE1E_1	NA	NA	NA	NA
NA	sgLCE1E_2	NA	NA	NA	NA
NA	sgLCE1F_1	NA	NA	NA	NA
NA	sgLCE1F_2	NA	NA	NA	NA
NA	sgLCE2B_3	NA	NA	NA	NA
NA	sgLCE2C_2	NA	NA	NA	NA
NA	sgLCE3A_4	NA	NA	NA	NA
NA	sgLCE3B_4	NA	NA	NA	NA
NA	sgLCE3C_3	NA	NA	NA	NA
NA	sgLCE3D_1	NA	NA	NA	NA
NA	sgLCE3D_2	NA	NA	NA	NA
NA	sgLCE3D_3	NA	NA	NA	NA
NA	sgLCE3E_2	NA	NA	NA	NA
NA	sgLCE3E_3	NA	NA	NA	NA
NA	sgLCE5A_1	NA	NA	NA	NA
NA	sgLCMT1_1	NA	NA	NA	NA
NA	sgLCMT1_4	NA	NA	NA	NA
NA	sgLCN1_1	NA	NA	NA	NA
NA	sgLCN1_3	NA	NA	NA	NA
NA	sgLCN1_4	NA	NA	NA	NA
NA	sgLDHAL6A_1	NA	NA	NA	NA
NA	sgLDHAL6B_2	NA	NA	NA	NA
NA	sgLDHAL6B_3	NA	NA	NA	NA
NA	sgLDHAL6B_4	NA	NA	NA	NA
NA	sgLDHA_2	NA	NA	NA	NA
NA	sgLDHB_1	NA	NA	NA	NA
NA	sgLDHC_1	NA	NA	NA	NA
NA	sgLDHC_2	NA	NA	NA	NA
NA	sgLDHC_4	NA	NA	NA	NA
NA	sgLEFTY1_1	NA	NA	NA	NA
NA	sgLEFTY1_2	NA	NA	NA	NA
NA	sgLEFTY1_3	NA	NA	NA	NA
NA	sgLEFTY2_3	NA	NA	NA	NA
NA	sgLEFTY2_4	NA	NA	NA	NA
NA	sgLELP1_2	NA	NA	NA	NA
NA	sgLEMD1_3	NA	NA	NA	NA
NA	sgLEMD2_4	NA	NA	NA	NA
NA	sgLETM1_1	NA	NA	NA	NA
NA	sgLGALS13_2	NA	NA	NA	NA
NA	sgLGALS16_4	NA	NA	NA	NA
NA	sgLGALS1_4	NA	NA	NA	NA
NA	sgLGALS7_1	NA	NA	NA	NA
NA	sgLGALS7_2	NA	NA	NA	NA
NA	sgLGALS9B_1	NA	NA	NA	NA
NA	sgLGALS9C_1	NA	NA	NA	NA
NA	sgLGALS9_1	NA	NA	NA	NA
NA	sgLGALS9_3	NA	NA	NA	NA
NA	sgLGALS9_4	NA	NA	NA	NA
NA	sgLGI4_3	NA	NA	NA	NA
NA	sgLGMN_2	NA	NA	NA	NA
NA	sgLGR5_4	NA	NA	NA	NA
NA	sgLHB_4	NA	NA	NA	NA
NA	sgLHFPL1_2	NA	NA	NA	NA
NA	sgLHFPL6_2	NA	NA	NA	NA
NA	sgLHX1_2	NA	NA	NA	NA
NA	sgLHX2_2	NA	NA	NA	NA
NA	sgLILRA1_1	NA	NA	NA	NA
NA	sgLILRA1_2	NA	NA	NA	NA
NA	sgLILRA1_4	NA	NA	NA	NA
NA	sgLILRA2_1	NA	NA	NA	NA
NA	sgLILRA2_2	NA	NA	NA	NA
NA	sgLILRA4_1	NA	NA	NA	NA
NA	sgLILRB1_1	NA	NA	NA	NA
NA	sgLILRB1_2	NA	NA	NA	NA
NA	sgLILRB1_3	NA	NA	NA	NA
NA	sgLILRB2_1	NA	NA	NA	NA
NA	sgLILRB2_2	NA	NA	NA	NA
NA	sgLILRB2_4	NA	NA	NA	NA
NA	sgLILRB3_4	NA	NA	NA	NA
NA	sgLILRB4_3	NA	NA	NA	NA
NA	sgLIMCH1_1	NA	NA	NA	NA
NA	sgLIMS1_1	NA	NA	NA	NA
NA	sgLIMS1_2	NA	NA	NA	NA
NA	sgLIMS1_4	NA	NA	NA	NA
NA	sgLIN28A_3	NA	NA	NA	NA
NA	sgLIN7B_3	NA	NA	NA	NA
NA	sgLINS1_3	NA	NA	NA	NA
NA	sgLIPC_4	NA	NA	NA	NA
NA	sgLIPJ_1	NA	NA	NA	NA
NA	sgLIPJ_4	NA	NA	NA	NA
NA	sgLIPM_2	NA	NA	NA	NA
NA	sgLMO2_2	NA	NA	NA	NA
NA	sgLMO3_4	NA	NA	NA	NA
NA	sgLMX1A_1	NA	NA	NA	NA
NA	sgLMX1B_1	NA	NA	NA	NA
NA	sgLNPK_4	NA	NA	NA	NA
NA	sgLONP2_2	NA	NA	NA	NA
NA	sgLORICRIN_4	NA	NA	NA	NA
NA	sgLOXL2_2	NA	NA	NA	NA
NA	sgLOXL2_3	NA	NA	NA	NA
NA	sgLOXL3_4	NA	NA	NA	NA
NA	sgLPA_1	NA	NA	NA	NA
NA	sgLPA_3	NA	NA	NA	NA
NA	sgLPCAT4_3	NA	NA	NA	NA
NA	sgLPGAT1_1	NA	NA	NA	NA
NA	sgLPIN1_3	NA	NA	NA	NA
NA	sgLRCH2_4	NA	NA	NA	NA
NA	sgLRFN2_2	NA	NA	NA	NA
NA	sgLRIG2_2	NA	NA	NA	NA
NA	sgLRIG3_1	NA	NA	NA	NA
NA	sgLRIG3_2	NA	NA	NA	NA
NA	sgLRIG3_4	NA	NA	NA	NA
NA	sgLRP2_2	NA	NA	NA	NA
NA	sgLRP5_2	NA	NA	NA	NA
NA	sgLRR1_1	NA	NA	NA	NA
NA	sgLRRC14B_3	NA	NA	NA	NA
NA	sgLRRC15_3	NA	NA	NA	NA
NA	sgLRRC28_1	NA	NA	NA	NA
NA	sgLRRC2_4	NA	NA	NA	NA
NA	sgLRRC32_4	NA	NA	NA	NA
NA	sgLRRC36_4	NA	NA	NA	NA
NA	sgLRRC37A2_1	NA	NA	NA	NA
NA	sgLRRC37A3_3	NA	NA	NA	NA
NA	sgLRRC37A_1	NA	NA	NA	NA
NA	sgLRRC37A_3	NA	NA	NA	NA
NA	sgLRRC37B_1	NA	NA	NA	NA
NA	sgLRRC37B_3	NA	NA	NA	NA
NA	sgLRRC37B_4	NA	NA	NA	NA
NA	sgLRRC3C_1	NA	NA	NA	NA
NA	sgLRRC43_1	NA	NA	NA	NA
NA	sgLRRC59_2	NA	NA	NA	NA
NA	sgLRRC69_3	NA	NA	NA	NA
NA	sgLRRC72_3	NA	NA	NA	NA
NA	sgLRRC74B_1	NA	NA	NA	NA
NA	sgLRRC8B_2	NA	NA	NA	NA
NA	sgLRRC8B_3	NA	NA	NA	NA
NA	sgLRRC8B_4	NA	NA	NA	NA
NA	sgLRRC8C_1	NA	NA	NA	NA
NA	sgLSM14A_3	NA	NA	NA	NA
NA	sgLSM14B_1	NA	NA	NA	NA
NA	sgLSM1_1	NA	NA	NA	NA
NA	sgLSM1_2	NA	NA	NA	NA
NA	sgLSM2_2	NA	NA	NA	NA
NA	sgLSM3_3	NA	NA	NA	NA
NA	sgLSM5_4	NA	NA	NA	NA
NA	sgLSM6_2	NA	NA	NA	NA
NA	sgLSM6_3	NA	NA	NA	NA
NA	sgLURAP1_1	NA	NA	NA	NA
NA	sgLY6S_3	NA	NA	NA	NA
NA	sgLYN_1	NA	NA	NA	NA
NA	sgLYN_3	NA	NA	NA	NA
NA	sgLYPD2_2	NA	NA	NA	NA
NA	sgLYPLA1_1	NA	NA	NA	NA
NA	sgLYPLA1_4	NA	NA	NA	NA
NA	sgLYPLA2_2	NA	NA	NA	NA
NA	sgLYPLA2_3	NA	NA	NA	NA
NA	sgLYRM2_3	NA	NA	NA	NA
NA	sgLYRM9_1	NA	NA	NA	NA
NA	sgLYZL1_2	NA	NA	NA	NA
NA	sgLYZL1_3	NA	NA	NA	NA
NA	sgLYZL1_4	NA	NA	NA	NA
NA	sgLYZL2_1	NA	NA	NA	NA
NA	sgLYZL2_2	NA	NA	NA	NA
NA	sgLYZL2_3	NA	NA	NA	NA
NA	sgLYZL2_4	NA	NA	NA	NA
NA	sgLZTS2_3	NA	NA	NA	NA
NA	sgM1AP_2	NA	NA	NA	NA
NA	sgM6PR_4	NA	NA	NA	NA
NA	sgMACF1_3	NA	NA	NA	NA
NA	sgMAD2L1_2	NA	NA	NA	NA
NA	sgMAD2L1_4	NA	NA	NA	NA
NA	sgMAFA_2	NA	NA	NA	NA
NA	sgMAGEA11_2	NA	NA	NA	NA
NA	sgMAGEA11_3	NA	NA	NA	NA
NA	sgMAGEA12_1	NA	NA	NA	NA
NA	sgMAGEA12_4	NA	NA	NA	NA
NA	sgMAGEA3_1	NA	NA	NA	NA
NA	sgMAGEA3_3	NA	NA	NA	NA
NA	sgMAGEA3_4	NA	NA	NA	NA
NA	sgMAGEA4_2	NA	NA	NA	NA
NA	sgMAGEA6_2	NA	NA	NA	NA
NA	sgMAGEA6_3	NA	NA	NA	NA
NA	sgMAGEA6_4	NA	NA	NA	NA
NA	sgMAGEA8_1	NA	NA	NA	NA
NA	sgMAGEB10_1	NA	NA	NA	NA
NA	sgMAGEB4_2	NA	NA	NA	NA
NA	sgMAGEB6B_2	NA	NA	NA	NA
NA	sgMAGEB6B_3	NA	NA	NA	NA
NA	sgMAGEB6B_4	NA	NA	NA	NA
NA	sgMAGEB6_3	NA	NA	NA	NA
NA	sgMAGEC1_3	NA	NA	NA	NA
NA	sgMAGEC1_4	NA	NA	NA	NA
NA	sgMAGEC2_2	NA	NA	NA	NA
NA	sgMAGEC2_4	NA	NA	NA	NA
NA	sgMAGEC3_4	NA	NA	NA	NA
NA	sgMAGEL2_2	NA	NA	NA	NA
NA	sgMAGOH_3	NA	NA	NA	NA
NA	sgMAGOH_4	NA	NA	NA	NA
NA	sgMAML2_3	NA	NA	NA	NA
NA	sgMAMSTR_1	NA	NA	NA	NA
NA	sgMAMSTR_2	NA	NA	NA	NA
NA	sgMAN1A2_2	NA	NA	NA	NA
NA	sgMANBAL_3	NA	NA	NA	NA
NA	sgMANBAL_4	NA	NA	NA	NA
NA	sgMAOA_3	NA	NA	NA	NA
NA	sgMAOB_3	NA	NA	NA	NA
NA	sgMAP1LC3C_3	NA	NA	NA	NA
NA	sgMAP2K2_2	NA	NA	NA	NA
NA	sgMAP2K3_3	NA	NA	NA	NA
NA	sgMAP2K4_3	NA	NA	NA	NA
NA	sgMAP3K1_3	NA	NA	NA	NA
NA	sgMAP3K21_3	NA	NA	NA	NA
NA	sgMAP3K9_4	NA	NA	NA	NA
NA	sgMAP4K1_1	NA	NA	NA	NA
NA	sgMAPK10_4	NA	NA	NA	NA
NA	sgMAPK1IP1L_2	NA	NA	NA	NA
NA	sgMAPK1IP1L_3	NA	NA	NA	NA
NA	sgMAPK6_1	NA	NA	NA	NA
NA	sgMAPK6_4	NA	NA	NA	NA
NA	sgMAPK8IP1_1	NA	NA	NA	NA
NA	sgMAPRE1_2	NA	NA	NA	NA
NA	sgMAPRE2_2	NA	NA	NA	NA
NA	sgMARCHF4_3	NA	NA	NA	NA
NA	sgMARCOL_2	NA	NA	NA	NA
NA	sgMARCO_2	NA	NA	NA	NA
NA	sgMARK2_4	NA	NA	NA	NA
NA	sgMAST1_3	NA	NA	NA	NA
NA	sgMAST3_4	NA	NA	NA	NA
NA	sgMAT2A_3	NA	NA	NA	NA
NA	sgMAT2B_3	NA	NA	NA	NA
NA	sgMATCAP1_3	NA	NA	NA	NA
NA	sgMATCAP1_4	NA	NA	NA	NA
NA	sgMATR3_1	NA	NA	NA	NA
NA	sgMATR3_2	NA	NA	NA	NA
NA	sgMBD3L1_2	NA	NA	NA	NA
NA	sgMBD3L1_3	NA	NA	NA	NA
NA	sgMBD3L4_1	NA	NA	NA	NA
NA	sgMBOAT1_1	NA	NA	NA	NA
NA	sgMB_2	NA	NA	NA	NA
NA	sgMC4R_2	NA	NA	NA	NA
NA	sgMC4R_4	NA	NA	NA	NA
NA	sgMCCD1_4	NA	NA	NA	NA
NA	sgMCM6_2	NA	NA	NA	NA
NA	sgMCRIP2_1	NA	NA	NA	NA
NA	sgMCRS1_3	NA	NA	NA	NA
NA	sgMCTP2_2	NA	NA	NA	NA
NA	sgMCTS2_3	NA	NA	NA	NA
NA	sgMCTS2_4	NA	NA	NA	NA
NA	sgMDH1_1	NA	NA	NA	NA
NA	sgMDH1_2	NA	NA	NA	NA
NA	sgME2_2	NA	NA	NA	NA
NA	sgME2_3	NA	NA	NA	NA
NA	sgMEA1_2	NA	NA	NA	NA
NA	sgMEAF6_3	NA	NA	NA	NA
NA	sgMED21_4	NA	NA	NA	NA
NA	sgMED24_4	NA	NA	NA	NA
NA	sgMED27_4	NA	NA	NA	NA
NA	sgMED28_1	NA	NA	NA	NA
NA	sgMED28_2	NA	NA	NA	NA
NA	sgMED28_4	NA	NA	NA	NA
NA	sgMEF2A_4	NA	NA	NA	NA
NA	sgMEF2C_2	NA	NA	NA	NA
NA	sgMEGF11_1	NA	NA	NA	NA
NA	sgMEGF6_1	NA	NA	NA	NA
NA	sgMEIS3_1	NA	NA	NA	NA
NA	sgMEOX2_2	NA	NA	NA	NA
NA	sgMESP1_1	NA	NA	NA	NA
NA	sgMESP1_2	NA	NA	NA	NA
NA	sgMESP2_1	NA	NA	NA	NA
NA	sgMESP2_3	NA	NA	NA	NA
NA	sgMETTL15_1	NA	NA	NA	NA
NA	sgMETTL15_3	NA	NA	NA	NA
NA	sgMETTL18_4	NA	NA	NA	NA
NA	sgMETTL1_2	NA	NA	NA	NA
NA	sgMETTL1_3	NA	NA	NA	NA
NA	sgMETTL2A_1	NA	NA	NA	NA
NA	sgMETTL2A_4	NA	NA	NA	NA
NA	sgMETTL2B_3	NA	NA	NA	NA
NA	sgMETTL3_3	NA	NA	NA	NA
NA	sgMETTL4_1	NA	NA	NA	NA
NA	sgMEX3A_4	NA	NA	NA	NA
NA	sgMEX3D_1	NA	NA	NA	NA
NA	sgMFAP5_1	NA	NA	NA	NA
NA	sgMFF_1	NA	NA	NA	NA
NA	sgMFN1_1	NA	NA	NA	NA
NA	sgMFNG_1	NA	NA	NA	NA
NA	sgMFSD1_3	NA	NA	NA	NA
NA	sgMGAM2_4	NA	NA	NA	NA
NA	sgMGAT4C_1	NA	NA	NA	NA
NA	sgMGA_4	NA	NA	NA	NA
NA	sgMGMT_3	NA	NA	NA	NA
NA	sgMGRN1_4	NA	NA	NA	NA
NA	sgMICA_4	NA	NA	NA	NA
NA	sgMICB_1	NA	NA	NA	NA
NA	sgMICB_2	NA	NA	NA	NA
NA	sgMICB_4	NA	NA	NA	NA
NA	sgMICOS10_3	NA	NA	NA	NA
NA	sgMICOS13_1	NA	NA	NA	NA
NA	sgMIX23_4	NA	NA	NA	NA
NA	sgMKKS_3	NA	NA	NA	NA
NA	sgMKNK1_3	NA	NA	NA	NA
NA	sgMKNK1_4	NA	NA	NA	NA
NA	sgMKRN1_1	NA	NA	NA	NA
NA	sgMLDHR_4	NA	NA	NA	NA
NA	sgMLLT6_2	NA	NA	NA	NA
NA	sgMMACHC_1	NA	NA	NA	NA
NA	sgMMADHC_3	NA	NA	NA	NA
NA	sgMMP10_1	NA	NA	NA	NA
NA	sgMMP10_3	NA	NA	NA	NA
NA	sgMMP15_2	NA	NA	NA	NA
NA	sgMMP1_2	NA	NA	NA	NA
NA	sgMMP23B_4	NA	NA	NA	NA
NA	sgMMP24_1	NA	NA	NA	NA
NA	sgMMP24_3	NA	NA	NA	NA
NA	sgMMP3_1	NA	NA	NA	NA
NA	sgMMP7_1	NA	NA	NA	NA
NA	sgMMP7_2	NA	NA	NA	NA
NA	sgMNS1_3	NA	NA	NA	NA
NA	sgMOB1B_1	NA	NA	NA	NA
NA	sgMOB3C_1	NA	NA	NA	NA
NA	sgMOB4_4	NA	NA	NA	NA
NA	sgMOCOS_3	NA	NA	NA	NA
NA	sgMOCS1_2	NA	NA	NA	NA
NA	sgMOCS1_4	NA	NA	NA	NA
NA	sgMOCS3_1	NA	NA	NA	NA
NA	sgMORF4L1_4	NA	NA	NA	NA
NA	sgMORN2_1	NA	NA	NA	NA
NA	sgMOSMO_3	NA	NA	NA	NA
NA	sgMOXD1_1	NA	NA	NA	NA
NA	sgMPEG1_4	NA	NA	NA	NA
NA	sgMPHOSPH10_4	NA	NA	NA	NA
NA	sgMPHOSPH8_1	NA	NA	NA	NA
NA	sgMPHOSPH8_2	NA	NA	NA	NA
NA	sgMPPE1_2	NA	NA	NA	NA
NA	sgMPV17L_1	NA	NA	NA	NA
NA	sgMPV17_2	NA	NA	NA	NA
NA	sgMPZL1_2	NA	NA	NA	NA
NA	sgMPZL1_4	NA	NA	NA	NA
NA	sgMPZL3_4	NA	NA	NA	NA
NA	sgMREG_4	NA	NA	NA	NA
NA	sgMRFAP1L1_4	NA	NA	NA	NA
NA	sgMRFAP1L2_2	NA	NA	NA	NA
NA	sgMRFAP1L2_3	NA	NA	NA	NA
NA	sgMRFAP1_3	NA	NA	NA	NA
NA	sgMRGPRX2_1	NA	NA	NA	NA
NA	sgMRGPRX2_2	NA	NA	NA	NA
NA	sgMRGPRX3_1	NA	NA	NA	NA
NA	sgMRGPRX3_3	NA	NA	NA	NA
NA	sgMRGPRX3_4	NA	NA	NA	NA
NA	sgMRGPRX4_1	NA	NA	NA	NA
NA	sgMRGPRX4_2	NA	NA	NA	NA
NA	sgMRLN_1	NA	NA	NA	NA
NA	sgMROH8_1	NA	NA	NA	NA
NA	sgMRPL10_2	NA	NA	NA	NA
NA	sgMRPL10_3	NA	NA	NA	NA
NA	sgMRPL10_4	NA	NA	NA	NA
NA	sgMRPL11_1	NA	NA	NA	NA
NA	sgMRPL19_3	NA	NA	NA	NA
NA	sgMRPL20_3	NA	NA	NA	NA
NA	sgMRPL2_4	NA	NA	NA	NA
NA	sgMRPL30_1	NA	NA	NA	NA
NA	sgMRPL30_2	NA	NA	NA	NA
NA	sgMRPL33_1	NA	NA	NA	NA
NA	sgMRPL35_1	NA	NA	NA	NA
NA	sgMRPL36_2	NA	NA	NA	NA
NA	sgMRPL3_1	NA	NA	NA	NA
NA	sgMRPL3_3	NA	NA	NA	NA
NA	sgMRPL40_4	NA	NA	NA	NA
NA	sgMRPL42_4	NA	NA	NA	NA
NA	sgMRPL45_2	NA	NA	NA	NA
NA	sgMRPL45_3	NA	NA	NA	NA
NA	sgMRPL45_4	NA	NA	NA	NA
NA	sgMRPL48_3	NA	NA	NA	NA
NA	sgMRPL49_1	NA	NA	NA	NA
NA	sgMRPL50_2	NA	NA	NA	NA
NA	sgMRPL51_3	NA	NA	NA	NA
NA	sgMRPL51_4	NA	NA	NA	NA
NA	sgMRPS10_1	NA	NA	NA	NA
NA	sgMRPS10_4	NA	NA	NA	NA
NA	sgMRPS15_1	NA	NA	NA	NA
NA	sgMRPS16_2	NA	NA	NA	NA
NA	sgMRPS16_4	NA	NA	NA	NA
NA	sgMRPS17_1	NA	NA	NA	NA
NA	sgMRPS18A_2	NA	NA	NA	NA
NA	sgMRPS18C_2	NA	NA	NA	NA
NA	sgMRPS18C_3	NA	NA	NA	NA
NA	sgMRPS21_3	NA	NA	NA	NA
NA	sgMRPS25_2	NA	NA	NA	NA
NA	sgMRPS25_3	NA	NA	NA	NA
NA	sgMRPS2_1	NA	NA	NA	NA
NA	sgMRPS31_2	NA	NA	NA	NA
NA	sgMRPS31_3	NA	NA	NA	NA
NA	sgMRPS31_4	NA	NA	NA	NA
NA	sgMRPS33_1	NA	NA	NA	NA
NA	sgMRPS5_3	NA	NA	NA	NA
NA	sgMRPS6_3	NA	NA	NA	NA
NA	sgMRRF_3	NA	NA	NA	NA
NA	sgMRRF_4	NA	NA	NA	NA
NA	sgMRTO4_4	NA	NA	NA	NA
NA	sgMS4A18_1	NA	NA	NA	NA
NA	sgMS4A4A_1	NA	NA	NA	NA
NA	sgMS4A6A_1	NA	NA	NA	NA
NA	sgMS4A6A_3	NA	NA	NA	NA
NA	sgMS4A6E_1	NA	NA	NA	NA
NA	sgMS4A6E_2	NA	NA	NA	NA
NA	sgMSANTD2_2	NA	NA	NA	NA
NA	sgMSANTD3_1	NA	NA	NA	NA
NA	sgMSANTD3_2	NA	NA	NA	NA
NA	sgMSANTD4_4	NA	NA	NA	NA
NA	sgMSANTD7_1	NA	NA	NA	NA
NA	sgMSH6_4	NA	NA	NA	NA
NA	sgMSL2_3	NA	NA	NA	NA
NA	sgMSL3B_1	NA	NA	NA	NA
NA	sgMSL3B_4	NA	NA	NA	NA
NA	sgMSL3_1	NA	NA	NA	NA
NA	sgMSL3_2	NA	NA	NA	NA
NA	sgMSN_4	NA	NA	NA	NA
NA	sgMST1_1	NA	NA	NA	NA
NA	sgMST1_2	NA	NA	NA	NA
NA	sgMST1_3	NA	NA	NA	NA
NA	sgMSTO1_2	NA	NA	NA	NA
NA	sgMSTO1_4	NA	NA	NA	NA
NA	sgMSX2_3	NA	NA	NA	NA
NA	sgMT1A_1	NA	NA	NA	NA
NA	sgMT1G_2	NA	NA	NA	NA
NA	sgMT1HL1_2	NA	NA	NA	NA
NA	sgMT1M_2	NA	NA	NA	NA
NA	sgMT1X_1	NA	NA	NA	NA
NA	sgMT2A_1	NA	NA	NA	NA
NA	sgMT2A_3	NA	NA	NA	NA
NA	sgMT3_3	NA	NA	NA	NA
NA	sgMTAP_4	NA	NA	NA	NA
NA	sgMTARC1_3	NA	NA	NA	NA
NA	sgMTFR1_1	NA	NA	NA	NA
NA	sgMTFR2_2	NA	NA	NA	NA
NA	sgMTHFD1L_1	NA	NA	NA	NA
NA	sgMTHFD1_1	NA	NA	NA	NA
NA	sgMTHFD1_3	NA	NA	NA	NA
NA	sgMTHFD1_4	NA	NA	NA	NA
NA	sgMTHFD2_3	NA	NA	NA	NA
NA	sgMTIF3_1	NA	NA	NA	NA
NA	sgMTM1_4	NA	NA	NA	NA
NA	sgMTMR2_1	NA	NA	NA	NA
NA	sgMTRF1L_2	NA	NA	NA	NA
NA	sgMTSS1_3	NA	NA	NA	NA
NA	sgMTX1_2	NA	NA	NA	NA
NA	sgMTX2_3	NA	NA	NA	NA
NA	sgMUC12_2	NA	NA	NA	NA
NA	sgMUC12_3	NA	NA	NA	NA
NA	sgMUC17_1	NA	NA	NA	NA
NA	sgMUC17_3	NA	NA	NA	NA
NA	sgMUC19_2	NA	NA	NA	NA
NA	sgMUC1_3	NA	NA	NA	NA
NA	sgMUC20_1	NA	NA	NA	NA
NA	sgMUC20_4	NA	NA	NA	NA
NA	sgMUC21_1	NA	NA	NA	NA
NA	sgMUC21_3	NA	NA	NA	NA
NA	sgMUC21_4	NA	NA	NA	NA
NA	sgMUC22_1	NA	NA	NA	NA
NA	sgMUC22_3	NA	NA	NA	NA
NA	sgMUC3A_2	NA	NA	NA	NA
NA	sgMUC3A_3	NA	NA	NA	NA
NA	sgMUC4_4	NA	NA	NA	NA
NA	sgMUCL3_4	NA	NA	NA	NA
NA	sgMXD3_1	NA	NA	NA	NA
NA	sgMXD3_2	NA	NA	NA	NA
NA	sgMXD3_3	NA	NA	NA	NA
NA	sgMXRA5_4	NA	NA	NA	NA
NA	sgMYADM_2	NA	NA	NA	NA
NA	sgMYBBP1A_2	NA	NA	NA	NA
NA	sgMYBPC1_2	NA	NA	NA	NA
NA	sgMYBPC3_4	NA	NA	NA	NA
NA	sgMYCBP_3	NA	NA	NA	NA
NA	sgMYCN_1	NA	NA	NA	NA
NA	sgMYC_4	NA	NA	NA	NA
NA	sgMYEF2_3	NA	NA	NA	NA
NA	sgMYH13_2	NA	NA	NA	NA
NA	sgMYH1_2	NA	NA	NA	NA
NA	sgMYH1_3	NA	NA	NA	NA
NA	sgMYH2_2	NA	NA	NA	NA
NA	sgMYH2_4	NA	NA	NA	NA
NA	sgMYH4_3	NA	NA	NA	NA
NA	sgMYH4_4	NA	NA	NA	NA
NA	sgMYH6_2	NA	NA	NA	NA
NA	sgMYH6_3	NA	NA	NA	NA
NA	sgMYH7B_1	NA	NA	NA	NA
NA	sgMYH7B_4	NA	NA	NA	NA
NA	sgMYH7_4	NA	NA	NA	NA
NA	sgMYH8_3	NA	NA	NA	NA
NA	sgMYH8_4	NA	NA	NA	NA
NA	sgMYH9_1	NA	NA	NA	NA
NA	sgMYL12A_1	NA	NA	NA	NA
NA	sgMYL12B_1	NA	NA	NA	NA
NA	sgMYL12B_3	NA	NA	NA	NA
NA	sgMYL12B_4	NA	NA	NA	NA
NA	sgMYL1_2	NA	NA	NA	NA
NA	sgMYL5_1	NA	NA	NA	NA
NA	sgMYL6B_1	NA	NA	NA	NA
NA	sgMYL6_4	NA	NA	NA	NA
NA	sgMYL9_1	NA	NA	NA	NA
NA	sgMYLK_2	NA	NA	NA	NA
NA	sgMYLK_3	NA	NA	NA	NA
NA	sgMYO1H_1	NA	NA	NA	NA
NA	sgMYO3A_1	NA	NA	NA	NA
NA	sgMYO5A_4	NA	NA	NA	NA
NA	sgMYOZ1_4	NA	NA	NA	NA
NA	sgMYPOP_2	NA	NA	NA	NA
NA	sgMYSM1_3	NA	NA	NA	NA
NA	sgMZT1_2	NA	NA	NA	NA
NA	sgMZT2A_2	NA	NA	NA	NA
NA	sgMZT2A_3	NA	NA	NA	NA
NA	sgMZT2B_1	NA	NA	NA	NA
NA	sgMZT2B_2	NA	NA	NA	NA
NA	sgNAB1_3	NA	NA	NA	NA
NA	sgNAB1_4	NA	NA	NA	NA
NA	sgNADK_1	NA	NA	NA	NA
NA	sgNALCN_4	NA	NA	NA	NA
NA	sgNAMPT_3	NA	NA	NA	NA
NA	sgNAMPT_4	NA	NA	NA	NA
NA	sgNANOGNB_1	NA	NA	NA	NA
NA	sgNANOGP8_1	NA	NA	NA	NA
NA	sgNANP_2	NA	NA	NA	NA
NA	sgNANP_3	NA	NA	NA	NA
NA	sgNAP1L4_2	NA	NA	NA	NA
NA	sgNAPEPLD_1	NA	NA	NA	NA
NA	sgNAPSA_1	NA	NA	NA	NA
NA	sgNARS1_1	NA	NA	NA	NA
NA	sgNASP_4	NA	NA	NA	NA
NA	sgNAT1_3	NA	NA	NA	NA
NA	sgNAT8_1	NA	NA	NA	NA
NA	sgNAT8_4	NA	NA	NA	NA
NA	sgNAXE_1	NA	NA	NA	NA
NA	sgNBEA_3	NA	NA	NA	NA
NA	sgNBPF12_2	NA	NA	NA	NA
NA	sgNBPF12_3	NA	NA	NA	NA
NA	sgNBPF26_1	NA	NA	NA	NA
NA	sgNBPF26_3	NA	NA	NA	NA
NA	sgNBPF3_1	NA	NA	NA	NA
NA	sgNBPF3_2	NA	NA	NA	NA
NA	sgNBPF8_1	NA	NA	NA	NA
NA	sgNBPF9_1	NA	NA	NA	NA
NA	sgNCAPD3_4	NA	NA	NA	NA
NA	sgNCAPH2_4	NA	NA	NA	NA
NA	sgNCBP2L_2	NA	NA	NA	NA
NA	sgNCF1_2	NA	NA	NA	NA
NA	sgNCF1_3	NA	NA	NA	NA
NA	sgNCF1_4	NA	NA	NA	NA
NA	sgNCKAP1L_1	NA	NA	NA	NA
NA	sgNCKAP1L_3	NA	NA	NA	NA
NA	sgNCKAP5_2	NA	NA	NA	NA
NA	sgNCOA1_4	NA	NA	NA	NA
NA	sgNCOA2_2	NA	NA	NA	NA
NA	sgNCOA4_3	NA	NA	NA	NA
NA	sgNDFIP1_2	NA	NA	NA	NA
NA	sgNDRG1_2	NA	NA	NA	NA
NA	sgNDRG2_4	NA	NA	NA	NA
NA	sgNDST4_4	NA	NA	NA	NA
NA	sgNDUFA11_3	NA	NA	NA	NA
NA	sgNDUFA1_1	NA	NA	NA	NA
NA	sgNDUFA3_2	NA	NA	NA	NA
NA	sgNDUFAF2_1	NA	NA	NA	NA
NA	sgNDUFAF4_1	NA	NA	NA	NA
NA	sgNDUFAF8_2	NA	NA	NA	NA
NA	sgNDUFB10_4	NA	NA	NA	NA
NA	sgNDUFB11_4	NA	NA	NA	NA
NA	sgNDUFB1_1	NA	NA	NA	NA
NA	sgNDUFB1_2	NA	NA	NA	NA
NA	sgNDUFB1_4	NA	NA	NA	NA
NA	sgNDUFB2_3	NA	NA	NA	NA
NA	sgNDUFB3_1	NA	NA	NA	NA
NA	sgNDUFB3_3	NA	NA	NA	NA
NA	sgNDUFB3_4	NA	NA	NA	NA
NA	sgNDUFB4_1	NA	NA	NA	NA
NA	sgNDUFB9_1	NA	NA	NA	NA
NA	sgNDUFB9_4	NA	NA	NA	NA
NA	sgNDUFS5_1	NA	NA	NA	NA
NA	sgNDUFS5_2	NA	NA	NA	NA
NA	sgNDUFV2_1	NA	NA	NA	NA
NA	sgNEDD8_3	NA	NA	NA	NA
NA	sgNEDD8_4	NA	NA	NA	NA
NA	sgNEIL2_1	NA	NA	NA	NA
NA	sgNEK2_1	NA	NA	NA	NA
NA	sgNEK2_2	NA	NA	NA	NA
NA	sgNEK4_2	NA	NA	NA	NA
NA	sgNEK5_2	NA	NA	NA	NA
NA	sgNELL1_2	NA	NA	NA	NA
NA	sgNEURL1_1	NA	NA	NA	NA
NA	sgNEUROD6_2	NA	NA	NA	NA
NA	sgNEUROG1_3	NA	NA	NA	NA
NA	sgNEUROG2_4	NA	NA	NA	NA
NA	sgNEUROG3_1	NA	NA	NA	NA
NA	sgNEUROG3_2	NA	NA	NA	NA
NA	sgNF1_2	NA	NA	NA	NA
NA	sgNFATC1_2	NA	NA	NA	NA
NA	sgNFATC1_4	NA	NA	NA	NA
NA	sgNFATC4_1	NA	NA	NA	NA
NA	sgNFE2L3_1	NA	NA	NA	NA
NA	sgNFE2L3_4	NA	NA	NA	NA
NA	sgNFIA_2	NA	NA	NA	NA
NA	sgNFIB_4	NA	NA	NA	NA
NA	sgNFIC_1	NA	NA	NA	NA
NA	sgNFIC_4	NA	NA	NA	NA
NA	sgNFILZ_2	NA	NA	NA	NA
NA	sgNFIX_2	NA	NA	NA	NA
NA	sgNFU1_1	NA	NA	NA	NA
NA	sgNGDN_1	NA	NA	NA	NA
NA	sgNGEF_4	NA	NA	NA	NA
NA	sgNGRN_4	NA	NA	NA	NA
NA	sgNHLH2_1	NA	NA	NA	NA
NA	sgNHP2_1	NA	NA	NA	NA
NA	sgNHP2_2	NA	NA	NA	NA
NA	sgNHP2_4	NA	NA	NA	NA
NA	sgNHSL2_4	NA	NA	NA	NA
NA	sgNICN1_2	NA	NA	NA	NA
NA	sgNICN1_4	NA	NA	NA	NA
NA	sgNID1_3	NA	NA	NA	NA
NA	sgNID2_4	NA	NA	NA	NA
NA	sgNINJ2_1	NA	NA	NA	NA
NA	sgNIPSNAP3A_3	NA	NA	NA	NA
NA	sgNIPSNAP3B_1	NA	NA	NA	NA
NA	sgNISCH_3	NA	NA	NA	NA
NA	sgNIT2_3	NA	NA	NA	NA
NA	sgNKD2_1	NA	NA	NA	NA
NA	sgNKX2-1_3	NA	NA	NA	NA
NA	sgNKX2-4_2	NA	NA	NA	NA
NA	sgNKX2-5_2	NA	NA	NA	NA
NA	sgNLGN3_1	NA	NA	NA	NA
NA	sgNLGN4X_1	NA	NA	NA	NA
NA	sgNLGN4X_2	NA	NA	NA	NA
NA	sgNLGN4X_4	NA	NA	NA	NA
NA	sgNLGN4Y_1	NA	NA	NA	NA
NA	sgNLGN4Y_2	NA	NA	NA	NA
NA	sgNLGN4Y_3	NA	NA	NA	NA
NA	sgNLGN4Y_4	NA	NA	NA	NA
NA	sgNLRP2B_4	NA	NA	NA	NA
NA	sgNLRP2_2	NA	NA	NA	NA
NA	sgNLRP7_2	NA	NA	NA	NA
NA	sgNLRP9_4	NA	NA	NA	NA
NA	sgNMD3_3	NA	NA	NA	NA
NA	sgNME2_1	NA	NA	NA	NA
NA	sgNME2_3	NA	NA	NA	NA
NA	sgNMNAT1_2	NA	NA	NA	NA
NA	sgNMNAT1_3	NA	NA	NA	NA
NA	sgNMNAT1_4	NA	NA	NA	NA
NA	sgNMRK1_1	NA	NA	NA	NA
NA	sgNMUR1_3	NA	NA	NA	NA
NA	sgNOA1_2	NA	NA	NA	NA
NA	sgNOB1_1	NA	NA	NA	NA
NA	sgNOB1_3	NA	NA	NA	NA
NA	sgNOC2L_1	NA	NA	NA	NA
NA	sgNOC2L_4	NA	NA	NA	NA
NA	sgNOD1_4	NA	NA	NA	NA
NA	sgNOL11_3	NA	NA	NA	NA
NA	sgNOL11_4	NA	NA	NA	NA
NA	sgNOL8_2	NA	NA	NA	NA
NA	sgNOMO1_1	NA	NA	NA	NA
NA	sgNOMO1_2	NA	NA	NA	NA
NA	sgNOMO1_3	NA	NA	NA	NA
NA	sgNOMO1_4	NA	NA	NA	NA
NA	sgNOMO2_1	NA	NA	NA	NA
NA	sgNOMO3_1	NA	NA	NA	NA
NA	sgNONO_1	NA	NA	NA	NA
NA	sgNONO_2	NA	NA	NA	NA
NA	sgNONO_3	NA	NA	NA	NA
NA	sgNOP10_4	NA	NA	NA	NA
NA	sgNOP14_3	NA	NA	NA	NA
NA	sgNOP53_2	NA	NA	NA	NA
NA	sgNOP53_3	NA	NA	NA	NA
NA	sgNOTCH2NLB_1	NA	NA	NA	NA
NA	sgNOTCH2NLR_1	NA	NA	NA	NA
NA	sgNOTCH2NLR_2	NA	NA	NA	NA
NA	sgNOTCH2NLR_3	NA	NA	NA	NA
NA	sgNOX4_2	NA	NA	NA	NA
NA	sgNOX4_4	NA	NA	NA	NA
NA	sgNOXA1_3	NA	NA	NA	NA
NA	sgNPAS4_1	NA	NA	NA	NA
NA	sgNPBWR2_3	NA	NA	NA	NA
NA	sgNPEPPS_2	NA	NA	NA	NA
NA	sgNPEPPS_3	NA	NA	NA	NA
NA	sgNPFFR1_4	NA	NA	NA	NA
NA	sgNPIPB11_3	NA	NA	NA	NA
NA	sgNPIPB2_1	NA	NA	NA	NA
NA	sgNPIPB2_3	NA	NA	NA	NA
NA	sgNPIPB6_1	NA	NA	NA	NA
NA	sgNPM1_4	NA	NA	NA	NA
NA	sgNPRL2_3	NA	NA	NA	NA
NA	sgNPTXR_3	NA	NA	NA	NA
NA	sgNPW_1	NA	NA	NA	NA
NA	sgNPY4R2_1	NA	NA	NA	NA
NA	sgNPY4R2_2	NA	NA	NA	NA
NA	sgNPY4R2_3	NA	NA	NA	NA
NA	sgNPY4R_2	NA	NA	NA	NA
NA	sgNR0B1_2	NA	NA	NA	NA
NA	sgNR2C2_4	NA	NA	NA	NA
NA	sgNR2F1_1	NA	NA	NA	NA
NA	sgNR2F2_2	NA	NA	NA	NA
NA	sgNR2F2_3	NA	NA	NA	NA
NA	sgNR2F6_2	NA	NA	NA	NA
NA	sgNR3C1_3	NA	NA	NA	NA
NA	sgNR4A2_2	NA	NA	NA	NA
NA	sgNR5A1_1	NA	NA	NA	NA
NA	sgNRBF2_3	NA	NA	NA	NA
NA	sgNRBF2_4	NA	NA	NA	NA
NA	sgNSA2_2	NA	NA	NA	NA
NA	sgNSFL1C_1	NA	NA	NA	NA
NA	sgNSF_2	NA	NA	NA	NA
NA	sgNSMCE2_2	NA	NA	NA	NA
NA	sgNT5C1A_4	NA	NA	NA	NA
NA	sgNT5C3A_4	NA	NA	NA	NA
NA	sgNT5DC1_1	NA	NA	NA	NA
NA	sgNT5DC1_2	NA	NA	NA	NA
NA	sgNT5DC1_3	NA	NA	NA	NA
NA	sgNT5M_2	NA	NA	NA	NA
NA	sgNTAN1_1	NA	NA	NA	NA
NA	sgNTAN1_3	NA	NA	NA	NA
NA	sgNTF4_4	NA	NA	NA	NA
NA	sgNTSR2_4	NA	NA	NA	NA
NA	sgNUAK2_1	NA	NA	NA	NA
NA	sgNUDC_4	NA	NA	NA	NA
NA	sgNUDT10_1	NA	NA	NA	NA
NA	sgNUDT11_1	NA	NA	NA	NA
NA	sgNUDT11_2	NA	NA	NA	NA
NA	sgNUDT11_3	NA	NA	NA	NA
NA	sgNUDT14_3	NA	NA	NA	NA
NA	sgNUDT16_1	NA	NA	NA	NA
NA	sgNUDT16_4	NA	NA	NA	NA
NA	sgNUDT22_1	NA	NA	NA	NA
NA	sgNUDT2_4	NA	NA	NA	NA
NA	sgNUDT6_3	NA	NA	NA	NA
NA	sgNUDT9_3	NA	NA	NA	NA
NA	sgNUFIP1_4	NA	NA	NA	NA
NA	sgNUP35_4	NA	NA	NA	NA
NA	sgNUP43_2	NA	NA	NA	NA
NA	sgNUP50_1	NA	NA	NA	NA
NA	sgNUP50_4	NA	NA	NA	NA
NA	sgNUPR2_1	NA	NA	NA	NA
NA	sgNUPR2_2	NA	NA	NA	NA
NA	sgNUPR2_3	NA	NA	NA	NA
NA	sgNUTF2_1	NA	NA	NA	NA
NA	sgNUTF2_4	NA	NA	NA	NA
NA	sgNUTM2A_2	NA	NA	NA	NA
NA	sgNUTM2A_3	NA	NA	NA	NA
NA	sgNUTM2D_1	NA	NA	NA	NA
NA	sgNUTM2D_2	NA	NA	NA	NA
NA	sgNUTM2E_1	NA	NA	NA	NA
NA	sgNUTM2E_2	NA	NA	NA	NA
NA	sgNUTM2E_3	NA	NA	NA	NA
NA	sgNUTM2F_1	NA	NA	NA	NA
NA	sgNUTM2F_3	NA	NA	NA	NA
NA	sgNUTM2F_4	NA	NA	NA	NA
NA	sgNUTM2G_2	NA	NA	NA	NA
NA	sgNUTM2G_3	NA	NA	NA	NA
NA	sgNUTM2G_4	NA	NA	NA	NA
NA	sgNWD1_2	NA	NA	NA	NA
NA	sgNXF3_4	NA	NA	NA	NA
NA	sgNXN_2	NA	NA	NA	NA
NA	sgNXPE1_3	NA	NA	NA	NA
NA	sgNXPE2_4	NA	NA	NA	NA
NA	sgNXPE4_2	NA	NA	NA	NA
NA	sgNXT1_2	NA	NA	NA	NA
NA	sgOAT_2	NA	NA	NA	NA
NA	sgOAZ1_2	NA	NA	NA	NA
NA	sgOAZ1_4	NA	NA	NA	NA
NA	sgOBP2A_3	NA	NA	NA	NA
NA	sgOBP2A_4	NA	NA	NA	NA
NA	sgOBP2B_1	NA	NA	NA	NA
NA	sgOBP2B_3	NA	NA	NA	NA
NA	sgOBSCN_1	NA	NA	NA	NA
NA	sgOBSCN_3	NA	NA	NA	NA
NA	sgOCIAD2_1	NA	NA	NA	NA
NA	sgOCIAD2_2	NA	NA	NA	NA
NA	sgOCM2_1	NA	NA	NA	NA
NA	sgOCM2_2	NA	NA	NA	NA
NA	sgOCM2_3	NA	NA	NA	NA
NA	sgOCM2_4	NA	NA	NA	NA
NA	sgOCM_1	NA	NA	NA	NA
NA	sgOCM_2	NA	NA	NA	NA
NA	sgOCM_3	NA	NA	NA	NA
NA	sgOFD1_4	NA	NA	NA	NA
NA	sgOGDHL_2	NA	NA	NA	NA
NA	sgOGG1_1	NA	NA	NA	NA
NA	sgOGG1_3	NA	NA	NA	NA
NA	sgOLA1_1	NA	NA	NA	NA
NA	sgOLA1_3	NA	NA	NA	NA
NA	sgOLFM1_3	NA	NA	NA	NA
NA	sgOLFM4_3	NA	NA	NA	NA
NA	sgOLFML2B_4	NA	NA	NA	NA
NA	sgOLIG1_3	NA	NA	NA	NA
NA	sgONE_SITE_INTERGENIC_106	NA	NA	NA	NA
NA	sgONE_SITE_INTERGENIC_137	NA	NA	NA	NA
NA	sgONE_SITE_INTERGENIC_138	NA	NA	NA	NA
NA	sgONE_SITE_INTERGENIC_144	NA	NA	NA	NA
NA	sgONE_SITE_INTERGENIC_164	NA	NA	NA	NA
NA	sgONE_SITE_INTERGENIC_166	NA	NA	NA	NA
NA	sgONE_SITE_INTERGENIC_200	NA	NA	NA	NA
NA	sgONE_SITE_INTERGENIC_208	NA	NA	NA	NA
NA	sgONE_SITE_INTERGENIC_24	NA	NA	NA	NA
NA	sgONE_SITE_INTERGENIC_248	NA	NA	NA	NA
NA	sgONE_SITE_INTERGENIC_25	NA	NA	NA	NA
NA	sgONE_SITE_INTERGENIC_250	NA	NA	NA	NA
NA	sgONE_SITE_INTERGENIC_255	NA	NA	NA	NA
NA	sgONE_SITE_INTERGENIC_258	NA	NA	NA	NA
NA	sgONE_SITE_INTERGENIC_28	NA	NA	NA	NA
NA	sgONE_SITE_INTERGENIC_281	NA	NA	NA	NA
NA	sgONE_SITE_INTERGENIC_290	NA	NA	NA	NA
NA	sgONE_SITE_INTERGENIC_298	NA	NA	NA	NA
NA	sgONE_SITE_INTERGENIC_30	NA	NA	NA	NA
NA	sgONE_SITE_INTERGENIC_310	NA	NA	NA	NA
NA	sgONE_SITE_INTERGENIC_319	NA	NA	NA	NA
NA	sgONE_SITE_INTERGENIC_324	NA	NA	NA	NA
NA	sgONE_SITE_INTERGENIC_339	NA	NA	NA	NA
NA	sgONE_SITE_INTERGENIC_391	NA	NA	NA	NA
NA	sgONE_SITE_INTERGENIC_4	NA	NA	NA	NA
NA	sgONE_SITE_INTERGENIC_415	NA	NA	NA	NA
NA	sgONE_SITE_INTERGENIC_429	NA	NA	NA	NA
NA	sgONE_SITE_INTERGENIC_438	NA	NA	NA	NA
NA	sgONE_SITE_INTERGENIC_464	NA	NA	NA	NA
NA	sgONE_SITE_INTERGENIC_477	NA	NA	NA	NA
NA	sgONE_SITE_INTERGENIC_481	NA	NA	NA	NA
NA	sgONE_SITE_INTERGENIC_487	NA	NA	NA	NA
NA	sgONE_SITE_INTERGENIC_495	NA	NA	NA	NA
NA	sgONE_SITE_INTERGENIC_504	NA	NA	NA	NA
NA	sgONE_SITE_INTERGENIC_52	NA	NA	NA	NA
NA	sgONE_SITE_INTERGENIC_520	NA	NA	NA	NA
NA	sgONE_SITE_INTERGENIC_525	NA	NA	NA	NA
NA	sgONE_SITE_INTERGENIC_526	NA	NA	NA	NA
NA	sgONE_SITE_INTERGENIC_529	NA	NA	NA	NA
NA	sgONE_SITE_INTERGENIC_53	NA	NA	NA	NA
NA	sgONE_SITE_INTERGENIC_538	NA	NA	NA	NA
NA	sgONE_SITE_INTERGENIC_601	NA	NA	NA	NA
NA	sgONE_SITE_INTERGENIC_611	NA	NA	NA	NA
NA	sgONE_SITE_INTERGENIC_614	NA	NA	NA	NA
NA	sgONE_SITE_INTERGENIC_636	NA	NA	NA	NA
NA	sgONE_SITE_INTERGENIC_643	NA	NA	NA	NA
NA	sgONE_SITE_INTERGENIC_69	NA	NA	NA	NA
NA	sgONE_SITE_INTERGENIC_690	NA	NA	NA	NA
NA	sgONE_SITE_INTERGENIC_691	NA	NA	NA	NA
NA	sgONE_SITE_INTERGENIC_693	NA	NA	NA	NA
NA	sgONE_SITE_INTERGENIC_698	NA	NA	NA	NA
NA	sgONE_SITE_INTERGENIC_715	NA	NA	NA	NA
NA	sgONE_SITE_INTERGENIC_730	NA	NA	NA	NA
NA	sgONE_SITE_INTERGENIC_734	NA	NA	NA	NA
NA	sgONE_SITE_INTERGENIC_736	NA	NA	NA	NA
NA	sgONE_SITE_INTERGENIC_748	NA	NA	NA	NA
NA	sgONE_SITE_INTERGENIC_754	NA	NA	NA	NA
NA	sgONE_SITE_INTERGENIC_756	NA	NA	NA	NA
NA	sgONE_SITE_INTERGENIC_782	NA	NA	NA	NA
NA	sgONE_SITE_INTERGENIC_789	NA	NA	NA	NA
NA	sgONE_SITE_INTERGENIC_792	NA	NA	NA	NA
NA	sgONE_SITE_INTERGENIC_809	NA	NA	NA	NA
NA	sgONE_SITE_INTERGENIC_815	NA	NA	NA	NA
NA	sgONE_SITE_INTERGENIC_820	NA	NA	NA	NA
NA	sgONE_SITE_INTERGENIC_846	NA	NA	NA	NA
NA	sgONE_SITE_INTERGENIC_851	NA	NA	NA	NA
NA	sgONE_SITE_INTERGENIC_869	NA	NA	NA	NA
NA	sgONE_SITE_INTERGENIC_870	NA	NA	NA	NA
NA	sgONE_SITE_INTERGENIC_885	NA	NA	NA	NA
NA	sgONE_SITE_INTERGENIC_889	NA	NA	NA	NA
NA	sgONE_SITE_INTERGENIC_89	NA	NA	NA	NA
NA	sgOOEP_1	NA	NA	NA	NA
NA	sgOOEP_3	NA	NA	NA	NA
NA	sgOOSP1_1	NA	NA	NA	NA
NA	sgOOSP1_3	NA	NA	NA	NA
NA	sgOOSP4B_2	NA	NA	NA	NA
NA	sgOOSP4B_3	NA	NA	NA	NA
NA	sgOPA3_1	NA	NA	NA	NA
NA	sgOPN1LW_1	NA	NA	NA	NA
NA	sgOPN1LW_3	NA	NA	NA	NA
NA	sgOPN1LW_4	NA	NA	NA	NA
NA	sgOPN1SW_4	NA	NA	NA	NA
NA	sgOPRM1_4	NA	NA	NA	NA
NA	sgOPTN_4	NA	NA	NA	NA
NA	sgOR10A3_1	NA	NA	NA	NA
NA	sgOR10A4_2	NA	NA	NA	NA
NA	sgOR10A7_3	NA	NA	NA	NA
NA	sgOR10D3_3	NA	NA	NA	NA
NA	sgOR10G2_1	NA	NA	NA	NA
NA	sgOR10G2_4	NA	NA	NA	NA
NA	sgOR10G3_3	NA	NA	NA	NA
NA	sgOR10G4_1	NA	NA	NA	NA
NA	sgOR10G4_2	NA	NA	NA	NA
NA	sgOR10G4_3	NA	NA	NA	NA
NA	sgOR10G4_4	NA	NA	NA	NA
NA	sgOR10G6_1	NA	NA	NA	NA
NA	sgOR10G7_2	NA	NA	NA	NA
NA	sgOR10G7_4	NA	NA	NA	NA
NA	sgOR10G8_1	NA	NA	NA	NA
NA	sgOR10G8_3	NA	NA	NA	NA
NA	sgOR10G8_4	NA	NA	NA	NA
NA	sgOR10G9_1	NA	NA	NA	NA
NA	sgOR10G9_2	NA	NA	NA	NA
NA	sgOR10G9_3	NA	NA	NA	NA
NA	sgOR10G9_4	NA	NA	NA	NA
NA	sgOR10H1_2	NA	NA	NA	NA
NA	sgOR10H1_3	NA	NA	NA	NA
NA	sgOR10H2_1	NA	NA	NA	NA
NA	sgOR10H2_3	NA	NA	NA	NA
NA	sgOR10H3_1	NA	NA	NA	NA
NA	sgOR10H3_3	NA	NA	NA	NA
NA	sgOR10H3_4	NA	NA	NA	NA
NA	sgOR10H4_1	NA	NA	NA	NA
NA	sgOR10H5_1	NA	NA	NA	NA
NA	sgOR10H5_2	NA	NA	NA	NA
NA	sgOR10J4_4	NA	NA	NA	NA
NA	sgOR10K1_1	NA	NA	NA	NA
NA	sgOR10Q1_4	NA	NA	NA	NA
NA	sgOR10T2_2	NA	NA	NA	NA
NA	sgOR10V1_3	NA	NA	NA	NA
NA	sgOR10W1_3	NA	NA	NA	NA
NA	sgOR11A1_4	NA	NA	NA	NA
NA	sgOR11H12_1	NA	NA	NA	NA
NA	sgOR11H1_1	NA	NA	NA	NA
NA	sgOR11H2_1	NA	NA	NA	NA
NA	sgOR11H2_2	NA	NA	NA	NA
NA	sgOR13A1_3	NA	NA	NA	NA
NA	sgOR13C2_3	NA	NA	NA	NA
NA	sgOR13C2_4	NA	NA	NA	NA
NA	sgOR13C3_3	NA	NA	NA	NA
NA	sgOR13C4_4	NA	NA	NA	NA
NA	sgOR13C5_1	NA	NA	NA	NA
NA	sgOR13C5_2	NA	NA	NA	NA
NA	sgOR13C5_3	NA	NA	NA	NA
NA	sgOR13C9_4	NA	NA	NA	NA
NA	sgOR13D1_3	NA	NA	NA	NA
NA	sgOR13D1_4	NA	NA	NA	NA
NA	sgOR13J1_3	NA	NA	NA	NA
NA	sgOR14C36_2	NA	NA	NA	NA
NA	sgOR14K1_1	NA	NA	NA	NA
NA	sgOR1A1_4	NA	NA	NA	NA
NA	sgOR1A2_1	NA	NA	NA	NA
NA	sgOR1A2_3	NA	NA	NA	NA
NA	sgOR1D2_1	NA	NA	NA	NA
NA	sgOR1E1_1	NA	NA	NA	NA
NA	sgOR1E1_2	NA	NA	NA	NA
NA	sgOR1E1_3	NA	NA	NA	NA
NA	sgOR1E2_1	NA	NA	NA	NA
NA	sgOR1E2_2	NA	NA	NA	NA
NA	sgOR1E2_3	NA	NA	NA	NA
NA	sgOR1E2_4	NA	NA	NA	NA
NA	sgOR1F1_1	NA	NA	NA	NA
NA	sgOR1F1_2	NA	NA	NA	NA
NA	sgOR1F1_3	NA	NA	NA	NA
NA	sgOR1J2_4	NA	NA	NA	NA
NA	sgOR1J4_2	NA	NA	NA	NA
NA	sgOR1L4_3	NA	NA	NA	NA
NA	sgOR1L4_4	NA	NA	NA	NA
NA	sgOR1L6_4	NA	NA	NA	NA
NA	sgOR1N1_4	NA	NA	NA	NA
NA	sgOR1N2_4	NA	NA	NA	NA
NA	sgOR1S1_3	NA	NA	NA	NA
NA	sgOR1S1_4	NA	NA	NA	NA
NA	sgOR2A14_4	NA	NA	NA	NA
NA	sgOR2A2_2	NA	NA	NA	NA
NA	sgOR2A2_3	NA	NA	NA	NA
NA	sgOR2A2_4	NA	NA	NA	NA
NA	sgOR2A5_1	NA	NA	NA	NA
NA	sgOR2A5_4	NA	NA	NA	NA
NA	sgOR2AG1_1	NA	NA	NA	NA
NA	sgOR2AG1_3	NA	NA	NA	NA
NA	sgOR2AG2_1	NA	NA	NA	NA
NA	sgOR2AK2_1	NA	NA	NA	NA
NA	sgOR2AT4_2	NA	NA	NA	NA
NA	sgOR2B11_3	NA	NA	NA	NA
NA	sgOR2B2_1	NA	NA	NA	NA
NA	sgOR2B2_2	NA	NA	NA	NA
NA	sgOR2B2_3	NA	NA	NA	NA
NA	sgOR2B6_4	NA	NA	NA	NA
NA	sgOR2C3_4	NA	NA	NA	NA
NA	sgOR2G6_1	NA	NA	NA	NA
NA	sgOR2H1_3	NA	NA	NA	NA
NA	sgOR2H2_2	NA	NA	NA	NA
NA	sgOR2H2_3	NA	NA	NA	NA
NA	sgOR2I1P_3	NA	NA	NA	NA
NA	sgOR2J1_3	NA	NA	NA	NA
NA	sgOR2J1_4	NA	NA	NA	NA
NA	sgOR2J2_1	NA	NA	NA	NA
NA	sgOR2J2_2	NA	NA	NA	NA
NA	sgOR2J2_3	NA	NA	NA	NA
NA	sgOR2J3_1	NA	NA	NA	NA
NA	sgOR2J3_4	NA	NA	NA	NA
NA	sgOR2K2_3	NA	NA	NA	NA
NA	sgOR2L2_1	NA	NA	NA	NA
NA	sgOR2L2_2	NA	NA	NA	NA
NA	sgOR2L2_3	NA	NA	NA	NA
NA	sgOR2L3_4	NA	NA	NA	NA
NA	sgOR2L5_1	NA	NA	NA	NA
NA	sgOR2L5_2	NA	NA	NA	NA
NA	sgOR2L5_4	NA	NA	NA	NA
NA	sgOR2L8_1	NA	NA	NA	NA
NA	sgOR2L8_2	NA	NA	NA	NA
NA	sgOR2L8_3	NA	NA	NA	NA
NA	sgOR2L8_4	NA	NA	NA	NA
NA	sgOR2M2_1	NA	NA	NA	NA
NA	sgOR2M2_2	NA	NA	NA	NA
NA	sgOR2M2_4	NA	NA	NA	NA
NA	sgOR2M3_1	NA	NA	NA	NA
NA	sgOR2M3_2	NA	NA	NA	NA
NA	sgOR2M3_4	NA	NA	NA	NA
NA	sgOR2M4_1	NA	NA	NA	NA
NA	sgOR2M7_1	NA	NA	NA	NA
NA	sgOR2M7_3	NA	NA	NA	NA
NA	sgOR2M7_4	NA	NA	NA	NA
NA	sgOR2T1_3	NA	NA	NA	NA
NA	sgOR2T27_1	NA	NA	NA	NA
NA	sgOR2T27_2	NA	NA	NA	NA
NA	sgOR2T27_4	NA	NA	NA	NA
NA	sgOR2T33_2	NA	NA	NA	NA
NA	sgOR2T33_3	NA	NA	NA	NA
NA	sgOR2T34_1	NA	NA	NA	NA
NA	sgOR2T34_4	NA	NA	NA	NA
NA	sgOR2T35_1	NA	NA	NA	NA
NA	sgOR2T3_1	NA	NA	NA	NA
NA	sgOR2T3_2	NA	NA	NA	NA
NA	sgOR2T3_3	NA	NA	NA	NA
NA	sgOR2V1_4	NA	NA	NA	NA
NA	sgOR2V2_1	NA	NA	NA	NA
NA	sgOR2V2_3	NA	NA	NA	NA
NA	sgOR3A2_1	NA	NA	NA	NA
NA	sgOR3A2_4	NA	NA	NA	NA
NA	sgOR3A3_4	NA	NA	NA	NA
NA	sgOR4A15_2	NA	NA	NA	NA
NA	sgOR4A47_1	NA	NA	NA	NA
NA	sgOR4A47_2	NA	NA	NA	NA
NA	sgOR4A47_3	NA	NA	NA	NA
NA	sgOR4A47_4	NA	NA	NA	NA
NA	sgOR4A5_3	NA	NA	NA	NA
NA	sgOR4A5_4	NA	NA	NA	NA
NA	sgOR4C12_1	NA	NA	NA	NA
NA	sgOR4C12_2	NA	NA	NA	NA
NA	sgOR4C12_3	NA	NA	NA	NA
NA	sgOR4C13_1	NA	NA	NA	NA
NA	sgOR4C13_2	NA	NA	NA	NA
NA	sgOR4C13_4	NA	NA	NA	NA
NA	sgOR4C3_1	NA	NA	NA	NA
NA	sgOR4C3_3	NA	NA	NA	NA
NA	sgOR4C45_1	NA	NA	NA	NA
NA	sgOR4C46_1	NA	NA	NA	NA
NA	sgOR4C46_4	NA	NA	NA	NA
NA	sgOR4C5_1	NA	NA	NA	NA
NA	sgOR4C5_2	NA	NA	NA	NA
NA	sgOR4C5_3	NA	NA	NA	NA
NA	sgOR4C6_4	NA	NA	NA	NA
NA	sgOR4D10_1	NA	NA	NA	NA
NA	sgOR4D10_3	NA	NA	NA	NA
NA	sgOR4D10_4	NA	NA	NA	NA
NA	sgOR4D1_4	NA	NA	NA	NA
NA	sgOR4D5_1	NA	NA	NA	NA
NA	sgOR4E2_1	NA	NA	NA	NA
NA	sgOR4F6_4	NA	NA	NA	NA
NA	sgOR4K14_1	NA	NA	NA	NA
NA	sgOR4K15_3	NA	NA	NA	NA
NA	sgOR4K17_1	NA	NA	NA	NA
NA	sgOR4K1_2	NA	NA	NA	NA
NA	sgOR4K3_3	NA	NA	NA	NA
NA	sgOR4K5_2	NA	NA	NA	NA
NA	sgOR4M1_1	NA	NA	NA	NA
NA	sgOR4M1_2	NA	NA	NA	NA
NA	sgOR4M2_1	NA	NA	NA	NA
NA	sgOR4N2_1	NA	NA	NA	NA
NA	sgOR4N2_3	NA	NA	NA	NA
NA	sgOR4N4_1	NA	NA	NA	NA
NA	sgOR4N4_3	NA	NA	NA	NA
NA	sgOR4N4_4	NA	NA	NA	NA
NA	sgOR4N5_3	NA	NA	NA	NA
NA	sgOR4Q3_2	NA	NA	NA	NA
NA	sgOR4S1_1	NA	NA	NA	NA
NA	sgOR4S1_4	NA	NA	NA	NA
NA	sgOR4S2_3	NA	NA	NA	NA
NA	sgOR51A4_4	NA	NA	NA	NA
NA	sgOR51C1P_1	NA	NA	NA	NA
NA	sgOR51E1_1	NA	NA	NA	NA
NA	sgOR51G1_3	NA	NA	NA	NA
NA	sgOR51V1_2	NA	NA	NA	NA
NA	sgOR51V1_4	NA	NA	NA	NA
NA	sgOR52B6_4	NA	NA	NA	NA
NA	sgOR52D1_4	NA	NA	NA	NA
NA	sgOR52E2_1	NA	NA	NA	NA
NA	sgOR52E6_3	NA	NA	NA	NA
NA	sgOR52E6_4	NA	NA	NA	NA
NA	sgOR52E8_1	NA	NA	NA	NA
NA	sgOR52E8_3	NA	NA	NA	NA
NA	sgOR52E8_4	NA	NA	NA	NA
NA	sgOR52I1_1	NA	NA	NA	NA
NA	sgOR52I1_4	NA	NA	NA	NA
NA	sgOR52I2_4	NA	NA	NA	NA
NA	sgOR52K1_1	NA	NA	NA	NA
NA	sgOR52K2_1	NA	NA	NA	NA
NA	sgOR52K2_2	NA	NA	NA	NA
NA	sgOR52L1_1	NA	NA	NA	NA
NA	sgOR52L1_4	NA	NA	NA	NA
NA	sgOR52N4_3	NA	NA	NA	NA
NA	sgOR52N4_4	NA	NA	NA	NA
NA	sgOR52R1_1	NA	NA	NA	NA
NA	sgOR56A1_3	NA	NA	NA	NA
NA	sgOR56A3_1	NA	NA	NA	NA
NA	sgOR56A3_3	NA	NA	NA	NA
NA	sgOR56A4_3	NA	NA	NA	NA
NA	sgOR56A5_1	NA	NA	NA	NA
NA	sgOR56B2P_2	NA	NA	NA	NA
NA	sgOR5A1_1	NA	NA	NA	NA
NA	sgOR5AC2_3	NA	NA	NA	NA
NA	sgOR5AK2_1	NA	NA	NA	NA
NA	sgOR5AK2_3	NA	NA	NA	NA
NA	sgOR5AN1_1	NA	NA	NA	NA
NA	sgOR5AN1_3	NA	NA	NA	NA
NA	sgOR5AP2_3	NA	NA	NA	NA
NA	sgOR5AP2_4	NA	NA	NA	NA
NA	sgOR5AR1_2	NA	NA	NA	NA
NA	sgOR5B17_2	NA	NA	NA	NA
NA	sgOR5B3_3	NA	NA	NA	NA
NA	sgOR5D14_4	NA	NA	NA	NA
NA	sgOR5D16_2	NA	NA	NA	NA
NA	sgOR5D18_3	NA	NA	NA	NA
NA	sgOR5H14_1	NA	NA	NA	NA
NA	sgOR5H15_2	NA	NA	NA	NA
NA	sgOR5H2_1	NA	NA	NA	NA
NA	sgOR5H6_3	NA	NA	NA	NA
NA	sgOR5K1_2	NA	NA	NA	NA
NA	sgOR5K1_4	NA	NA	NA	NA
NA	sgOR5K2_2	NA	NA	NA	NA
NA	sgOR5K2_4	NA	NA	NA	NA
NA	sgOR5K3_2	NA	NA	NA	NA
NA	sgOR5K3_4	NA	NA	NA	NA
NA	sgOR5K4_1	NA	NA	NA	NA
NA	sgOR5L1_1	NA	NA	NA	NA
NA	sgOR5L1_4	NA	NA	NA	NA
NA	sgOR5L2_2	NA	NA	NA	NA
NA	sgOR5M10_1	NA	NA	NA	NA
NA	sgOR5M10_2	NA	NA	NA	NA
NA	sgOR5M10_3	NA	NA	NA	NA
NA	sgOR5M11_2	NA	NA	NA	NA
NA	sgOR5M1_1	NA	NA	NA	NA
NA	sgOR5M1_2	NA	NA	NA	NA
NA	sgOR5M3_2	NA	NA	NA	NA
NA	sgOR5M3_3	NA	NA	NA	NA
NA	sgOR5M8_3	NA	NA	NA	NA
NA	sgOR5M8_4	NA	NA	NA	NA
NA	sgOR5M9_2	NA	NA	NA	NA
NA	sgOR5T2_3	NA	NA	NA	NA
NA	sgOR5T2_4	NA	NA	NA	NA
NA	sgOR5T3_3	NA	NA	NA	NA
NA	sgOR6A2_3	NA	NA	NA	NA
NA	sgOR6B1_4	NA	NA	NA	NA
NA	sgOR6B2_1	NA	NA	NA	NA
NA	sgOR6B2_2	NA	NA	NA	NA
NA	sgOR6B2_3	NA	NA	NA	NA
NA	sgOR6B2_4	NA	NA	NA	NA
NA	sgOR6B3_1	NA	NA	NA	NA
NA	sgOR6B3_2	NA	NA	NA	NA
NA	sgOR6B3_3	NA	NA	NA	NA
NA	sgOR6B3_4	NA	NA	NA	NA
NA	sgOR6C1_3	NA	NA	NA	NA
NA	sgOR6C65_4	NA	NA	NA	NA
NA	sgOR6C68_4	NA	NA	NA	NA
NA	sgOR6F1_1	NA	NA	NA	NA
NA	sgOR6K3_2	NA	NA	NA	NA
NA	sgOR6S1_4	NA	NA	NA	NA
NA	sgOR6Y1_4	NA	NA	NA	NA
NA	sgOR7A10_2	NA	NA	NA	NA
NA	sgOR7A10_3	NA	NA	NA	NA
NA	sgOR7A10_4	NA	NA	NA	NA
NA	sgOR7A17_2	NA	NA	NA	NA
NA	sgOR7A5_1	NA	NA	NA	NA
NA	sgOR7A5_2	NA	NA	NA	NA
NA	sgOR7C1_4	NA	NA	NA	NA
NA	sgOR7C2_1	NA	NA	NA	NA
NA	sgOR7C2_3	NA	NA	NA	NA
NA	sgOR7C2_4	NA	NA	NA	NA
NA	sgOR7D2_2	NA	NA	NA	NA
NA	sgOR7D4_1	NA	NA	NA	NA
NA	sgOR7D4_3	NA	NA	NA	NA
NA	sgOR7D4_4	NA	NA	NA	NA
NA	sgOR7G1_2	NA	NA	NA	NA
NA	sgOR7G3_2	NA	NA	NA	NA
NA	sgOR8A1_1	NA	NA	NA	NA
NA	sgOR8B12_2	NA	NA	NA	NA
NA	sgOR8B2_1	NA	NA	NA	NA
NA	sgOR8B2_2	NA	NA	NA	NA
NA	sgOR8B2_3	NA	NA	NA	NA
NA	sgOR8B2_4	NA	NA	NA	NA
NA	sgOR8B3_1	NA	NA	NA	NA
NA	sgOR8B3_2	NA	NA	NA	NA
NA	sgOR8B3_3	NA	NA	NA	NA
NA	sgOR8B3_4	NA	NA	NA	NA
NA	sgOR8B8_2	NA	NA	NA	NA
NA	sgOR8D1_4	NA	NA	NA	NA
NA	sgOR8D4_3	NA	NA	NA	NA
NA	sgOR8G1_1	NA	NA	NA	NA
NA	sgOR8G3P_1	NA	NA	NA	NA
NA	sgOR8G3P_2	NA	NA	NA	NA
NA	sgOR8G3P_3	NA	NA	NA	NA
NA	sgOR8H1_1	NA	NA	NA	NA
NA	sgOR8H1_2	NA	NA	NA	NA
NA	sgOR8H2_1	NA	NA	NA	NA
NA	sgOR8H3_1	NA	NA	NA	NA
NA	sgOR8H3_2	NA	NA	NA	NA
NA	sgOR8I2_4	NA	NA	NA	NA
NA	sgOR8J1_1	NA	NA	NA	NA
NA	sgOR8J1_3	NA	NA	NA	NA
NA	sgOR8J1_4	NA	NA	NA	NA
NA	sgOR8J3_2	NA	NA	NA	NA
NA	sgOR8J3_4	NA	NA	NA	NA
NA	sgOR8K3_1	NA	NA	NA	NA
NA	sgOR9A2_3	NA	NA	NA	NA
NA	sgOR9A4_2	NA	NA	NA	NA
NA	sgOR9G1_2	NA	NA	NA	NA
NA	sgOR9G1_3	NA	NA	NA	NA
NA	sgOR9I1_2	NA	NA	NA	NA
NA	sgOR9I1_3	NA	NA	NA	NA
NA	sgORAI3_3	NA	NA	NA	NA
NA	sgORC3_3	NA	NA	NA	NA
NA	sgORMDL3_3	NA	NA	NA	NA
NA	sgOSBP2_3	NA	NA	NA	NA
NA	sgOSTF1_2	NA	NA	NA	NA
NA	sgOSTF1_3	NA	NA	NA	NA
NA	sgOTOP1_3	NA	NA	NA	NA
NA	sgOTUD4_1	NA	NA	NA	NA
NA	sgOTUD6A_1	NA	NA	NA	NA
NA	sgOVCA2_2	NA	NA	NA	NA
NA	sgOXCT1_2	NA	NA	NA	NA
NA	sgOXCT2_2	NA	NA	NA	NA
NA	sgOXCT2_3	NA	NA	NA	NA
NA	sgOXTR_3	NA	NA	NA	NA
NA	sgP2RY10_1	NA	NA	NA	NA
NA	sgP2RY13_3	NA	NA	NA	NA
NA	sgP4HTM_2	NA	NA	NA	NA
NA	sgPA2G4_1	NA	NA	NA	NA
NA	sgPA2G4_3	NA	NA	NA	NA
NA	sgPABIR1_3	NA	NA	NA	NA
NA	sgPABPC1_3	NA	NA	NA	NA
NA	sgPABPC1_4	NA	NA	NA	NA
NA	sgPABPC3_2	NA	NA	NA	NA
NA	sgPABPC3_4	NA	NA	NA	NA
NA	sgPABPN1_1	NA	NA	NA	NA
NA	sgPABPN1_4	NA	NA	NA	NA
NA	sgPACSIN3_4	NA	NA	NA	NA
NA	sgPAEP_3	NA	NA	NA	NA
NA	sgPAFAH1B2_1	NA	NA	NA	NA
NA	sgPAGE2B_1	NA	NA	NA	NA
NA	sgPAGE2B_2	NA	NA	NA	NA
NA	sgPAGE2B_4	NA	NA	NA	NA
NA	sgPAGE2_1	NA	NA	NA	NA
NA	sgPAGE2_2	NA	NA	NA	NA
NA	sgPAGE2_3	NA	NA	NA	NA
NA	sgPAGE3_1	NA	NA	NA	NA
NA	sgPAGE5_2	NA	NA	NA	NA
NA	sgPAICS_1	NA	NA	NA	NA
NA	sgPAIP1_3	NA	NA	NA	NA
NA	sgPAIP1_4	NA	NA	NA	NA
NA	sgPAK1_3	NA	NA	NA	NA
NA	sgPAK2_2	NA	NA	NA	NA
NA	sgPAK2_3	NA	NA	NA	NA
NA	sgPAK2_4	NA	NA	NA	NA
NA	sgPAK4_1	NA	NA	NA	NA
NA	sgPANK3_2	NA	NA	NA	NA
NA	sgPANK3_3	NA	NA	NA	NA
NA	sgPANX2_4	NA	NA	NA	NA
NA	sgPAPOLA_4	NA	NA	NA	NA
NA	sgPAPOLB_2	NA	NA	NA	NA
NA	sgPARD6A_2	NA	NA	NA	NA
NA	sgPARG_1	NA	NA	NA	NA
NA	sgPARG_2	NA	NA	NA	NA
NA	sgPARG_4	NA	NA	NA	NA
NA	sgPARL_2	NA	NA	NA	NA
NA	sgPARP14_3	NA	NA	NA	NA
NA	sgPARP1_4	NA	NA	NA	NA
NA	sgPARP4_1	NA	NA	NA	NA
NA	sgPARP4_4	NA	NA	NA	NA
NA	sgPARP9_4	NA	NA	NA	NA
NA	sgPATE3_2	NA	NA	NA	NA
NA	sgPAX2_1	NA	NA	NA	NA
NA	sgPAX2_3	NA	NA	NA	NA
NA	sgPAX7_4	NA	NA	NA	NA
NA	sgPAX9_3	NA	NA	NA	NA
NA	sgPAX9_4	NA	NA	NA	NA
NA	sgPBK_2	NA	NA	NA	NA
NA	sgPBX1_1	NA	NA	NA	NA
NA	sgPBX2_2	NA	NA	NA	NA
NA	sgPBX2_3	NA	NA	NA	NA
NA	sgPCBD1_3	NA	NA	NA	NA
NA	sgPCBD2_3	NA	NA	NA	NA
NA	sgPCBP2_1	NA	NA	NA	NA
NA	sgPCBP2_4	NA	NA	NA	NA
NA	sgPCBP3_3	NA	NA	NA	NA
NA	sgPCBP4_3	NA	NA	NA	NA
NA	sgPCDH11X_1	NA	NA	NA	NA
NA	sgPCDH11X_2	NA	NA	NA	NA
NA	sgPCDH11X_4	NA	NA	NA	NA
NA	sgPCDH11Y_1	NA	NA	NA	NA
NA	sgPCDH11Y_2	NA	NA	NA	NA
NA	sgPCDH11Y_3	NA	NA	NA	NA
NA	sgPCDH11Y_4	NA	NA	NA	NA
NA	sgPCED1A_3	NA	NA	NA	NA
NA	sgPCGF6_1	NA	NA	NA	NA
NA	sgPCGF6_4	NA	NA	NA	NA
NA	sgPCNA_3	NA	NA	NA	NA
NA	sgPCNP_1	NA	NA	NA	NA
NA	sgPCNP_3	NA	NA	NA	NA
NA	sgPCNP_4	NA	NA	NA	NA
NA	sgPCNT_2	NA	NA	NA	NA
NA	sgPCSK1N_1	NA	NA	NA	NA
NA	sgPCSK1N_2	NA	NA	NA	NA
NA	sgPCSK2_2	NA	NA	NA	NA
NA	sgPCTP_4	NA	NA	NA	NA
NA	sgPCYOX1L_1	NA	NA	NA	NA
NA	sgPDAP1_4	NA	NA	NA	NA
NA	sgPDCD5_3	NA	NA	NA	NA
NA	sgPDE4C_4	NA	NA	NA	NA
NA	sgPDE4DIP_1	NA	NA	NA	NA
NA	sgPDE4DIP_2	NA	NA	NA	NA
NA	sgPDE4DIP_3	NA	NA	NA	NA
NA	sgPDE4DIP_4	NA	NA	NA	NA
NA	sgPDHA1_4	NA	NA	NA	NA
NA	sgPDK2_3	NA	NA	NA	NA
NA	sgPDLIM5_2	NA	NA	NA	NA
NA	sgPDPN_4	NA	NA	NA	NA
NA	sgPDSS1_1	NA	NA	NA	NA
NA	sgPDSS1_3	NA	NA	NA	NA
NA	sgPDXDC1_1	NA	NA	NA	NA
NA	sgPDXDC1_3	NA	NA	NA	NA
NA	sgPDXDC1_4	NA	NA	NA	NA
NA	sgPDZD11_2	NA	NA	NA	NA
NA	sgPDZD11_4	NA	NA	NA	NA
NA	sgPDZK1_4	NA	NA	NA	NA
NA	sgPEBP1_1	NA	NA	NA	NA
NA	sgPEBP1_2	NA	NA	NA	NA
NA	sgPEBP1_4	NA	NA	NA	NA
NA	sgPEG10_3	NA	NA	NA	NA
NA	sgPERP_2	NA	NA	NA	NA
NA	sgPEX11B_3	NA	NA	NA	NA
NA	sgPEX11G_2	NA	NA	NA	NA
NA	sgPEX12_1	NA	NA	NA	NA
NA	sgPEX12_3	NA	NA	NA	NA
NA	sgPEX16_3	NA	NA	NA	NA
NA	sgPEX19_3	NA	NA	NA	NA
NA	sgPEX26_2	NA	NA	NA	NA
NA	sgPEX2_1	NA	NA	NA	NA
NA	sgPEX5_1	NA	NA	NA	NA
NA	sgPF4V1_2	NA	NA	NA	NA
NA	sgPF4_3	NA	NA	NA	NA
NA	sgPFDN1_1	NA	NA	NA	NA
NA	sgPFDN4_3	NA	NA	NA	NA
NA	sgPFKL_1	NA	NA	NA	NA
NA	sgPFKP_1	NA	NA	NA	NA
NA	sgPFN1_1	NA	NA	NA	NA
NA	sgPFN1_2	NA	NA	NA	NA
NA	sgPFN1_4	NA	NA	NA	NA
NA	sgPFN2_3	NA	NA	NA	NA
NA	sgPGA3_1	NA	NA	NA	NA
NA	sgPGA3_2	NA	NA	NA	NA
NA	sgPGA5_1	NA	NA	NA	NA
NA	sgPGA5_2	NA	NA	NA	NA
NA	sgPGAM1_2	NA	NA	NA	NA
NA	sgPGAM4_1	NA	NA	NA	NA
NA	sgPGAM4_2	NA	NA	NA	NA
NA	sgPGAM4_4	NA	NA	NA	NA
NA	sgPGD_3	NA	NA	NA	NA
NA	sgPGGT1B_1	NA	NA	NA	NA
NA	sgPGGT1B_2	NA	NA	NA	NA
NA	sgPGGT1B_3	NA	NA	NA	NA
NA	sgPGK1_2	NA	NA	NA	NA
NA	sgPGK2_1	NA	NA	NA	NA
NA	sgPGK2_3	NA	NA	NA	NA
NA	sgPGK2_4	NA	NA	NA	NA
NA	sgPGLYRP3_4	NA	NA	NA	NA
NA	sgPGLYRP4_2	NA	NA	NA	NA
NA	sgPGM2L1_3	NA	NA	NA	NA
NA	sgPGM5_1	NA	NA	NA	NA
NA	sgPGM5_2	NA	NA	NA	NA
NA	sgPHACTR3_2	NA	NA	NA	NA
NA	sgPHAX_1	NA	NA	NA	NA
NA	sgPHAX_2	NA	NA	NA	NA
NA	sgPHB1_1	NA	NA	NA	NA
NA	sgPHB1_2	NA	NA	NA	NA
NA	sgPHC1_1	NA	NA	NA	NA
NA	sgPHF10_2	NA	NA	NA	NA
NA	sgPHF10_4	NA	NA	NA	NA
NA	sgPHF14_4	NA	NA	NA	NA
NA	sgPHF23_3	NA	NA	NA	NA
NA	sgPHF5A_1	NA	NA	NA	NA
NA	sgPHF5A_2	NA	NA	NA	NA
NA	sgPHKG1_2	NA	NA	NA	NA
NA	sgPHKG2_1	NA	NA	NA	NA
NA	sgPHLPP1_4	NA	NA	NA	NA
NA	sgPHOSPHO1_1	NA	NA	NA	NA
NA	sgPHOSPHO1_2	NA	NA	NA	NA
NA	sgPI3_1	NA	NA	NA	NA
NA	sgPI4K2A_4	NA	NA	NA	NA
NA	sgPICALM_3	NA	NA	NA	NA
NA	sgPIGA_1	NA	NA	NA	NA
NA	sgPIGA_4	NA	NA	NA	NA
NA	sgPIGC_1	NA	NA	NA	NA
NA	sgPIGC_2	NA	NA	NA	NA
NA	sgPIGC_3	NA	NA	NA	NA
NA	sgPIGC_4	NA	NA	NA	NA
NA	sgPIGF_1	NA	NA	NA	NA
NA	sgPIGG_1	NA	NA	NA	NA
NA	sgPIGH_4	NA	NA	NA	NA
NA	sgPIGV_3	NA	NA	NA	NA
NA	sgPIGY_2	NA	NA	NA	NA
NA	sgPIGY_3	NA	NA	NA	NA
NA	sgPIGY_4	NA	NA	NA	NA
NA	sgPIK3CA_1	NA	NA	NA	NA
NA	sgPIK3CA_2	NA	NA	NA	NA
NA	sgPIK3CD_3	NA	NA	NA	NA
NA	sgPILRB_1	NA	NA	NA	NA
NA	sgPILRB_3	NA	NA	NA	NA
NA	sgPIMREG_2	NA	NA	NA	NA
NA	sgPIMREG_4	NA	NA	NA	NA
NA	sgPIN1_2	NA	NA	NA	NA
NA	sgPIN1_3	NA	NA	NA	NA
NA	sgPIN4_3	NA	NA	NA	NA
NA	sgPIP4K2A_2	NA	NA	NA	NA
NA	sgPIP5K1A_2	NA	NA	NA	NA
NA	sgPIP5K1A_3	NA	NA	NA	NA
NA	sgPIP5K1B_1	NA	NA	NA	NA
NA	sgPIP5K1C_1	NA	NA	NA	NA
NA	sgPIP_3	NA	NA	NA	NA
NA	sgPIRT_2	NA	NA	NA	NA
NA	sgPITPNC1_3	NA	NA	NA	NA
NA	sgPITPNM3_3	NA	NA	NA	NA
NA	sgPITX1_1	NA	NA	NA	NA
NA	sgPKD1_1	NA	NA	NA	NA
NA	sgPKD1_2	NA	NA	NA	NA
NA	sgPKD1_4	NA	NA	NA	NA
NA	sgPKDREJ_1	NA	NA	NA	NA
NA	sgPKIB_3	NA	NA	NA	NA
NA	sgPKM_1	NA	NA	NA	NA
NA	sgPKN1_1	NA	NA	NA	NA
NA	sgPKP2_2	NA	NA	NA	NA
NA	sgPKP2_3	NA	NA	NA	NA
NA	sgPKP4_1	NA	NA	NA	NA
NA	sgPKP4_4	NA	NA	NA	NA
NA	sgPLA2G12A_1	NA	NA	NA	NA
NA	sgPLA2G12A_2	NA	NA	NA	NA
NA	sgPLA2G12A_4	NA	NA	NA	NA
NA	sgPLA2G1B_3	NA	NA	NA	NA
NA	sgPLA2G4D_2	NA	NA	NA	NA
NA	sgPLAC8_1	NA	NA	NA	NA
NA	sgPLAC9_1	NA	NA	NA	NA
NA	sgPLAC9_3	NA	NA	NA	NA
NA	sgPLAGL2_3	NA	NA	NA	NA
NA	sgPLAGL2_4	NA	NA	NA	NA
NA	sgPLCB1_2	NA	NA	NA	NA
NA	sgPLCB1_4	NA	NA	NA	NA
NA	sgPLCB2_4	NA	NA	NA	NA
NA	sgPLCB3_2	NA	NA	NA	NA
NA	sgPLCD3_1	NA	NA	NA	NA
NA	sgPLEKHA3_2	NA	NA	NA	NA
NA	sgPLEKHA3_3	NA	NA	NA	NA
NA	sgPLEKHA3_4	NA	NA	NA	NA
NA	sgPLEKHA8_4	NA	NA	NA	NA
NA	sgPLEKHG3_3	NA	NA	NA	NA
NA	sgPLEKHM1_1	NA	NA	NA	NA
NA	sgPLEKHM1_2	NA	NA	NA	NA
NA	sgPLEKHM1_3	NA	NA	NA	NA
NA	sgPLEKHM1_4	NA	NA	NA	NA
NA	sgPLEKHN1_1	NA	NA	NA	NA
NA	sgPLEKHN1_2	NA	NA	NA	NA
NA	sgPLEKHO1_2	NA	NA	NA	NA
NA	sgPLIN2_3	NA	NA	NA	NA
NA	sgPLIN4_1	NA	NA	NA	NA
NA	sgPLIN4_4	NA	NA	NA	NA
NA	sgPLK1_2	NA	NA	NA	NA
NA	sgPLLP_3	NA	NA	NA	NA
NA	sgPLLP_4	NA	NA	NA	NA
NA	sgPLPP3_1	NA	NA	NA	NA
NA	sgPLPP4_3	NA	NA	NA	NA
NA	sgPLPP5_1	NA	NA	NA	NA
NA	sgPLPPR2_1	NA	NA	NA	NA
NA	sgPLPPR4_4	NA	NA	NA	NA
NA	sgPLSCR1_4	NA	NA	NA	NA
NA	sgPLVAP_2	NA	NA	NA	NA
NA	sgPLXDC1_4	NA	NA	NA	NA
NA	sgPLXNA3_4	NA	NA	NA	NA
NA	sgPMM2_1	NA	NA	NA	NA
NA	sgPMM2_4	NA	NA	NA	NA
NA	sgPMPCA_2	NA	NA	NA	NA
NA	sgPNLIPRP3_3	NA	NA	NA	NA
NA	sgPNMA3_2	NA	NA	NA	NA
NA	sgPNMA5_4	NA	NA	NA	NA
NA	sgPNMA6E_3	NA	NA	NA	NA
NA	sgPNMA6F_3	NA	NA	NA	NA
NA	sgPNMA8B_2	NA	NA	NA	NA
NA	sgPNPT1_4	NA	NA	NA	NA
NA	sgPODNL1_3	NA	NA	NA	NA
NA	sgPODN_2	NA	NA	NA	NA
NA	sgPODXL_4	NA	NA	NA	NA
NA	sgPOGLUT2_3	NA	NA	NA	NA
NA	sgPOGLUT3_4	NA	NA	NA	NA
NA	sgPOGZ_3	NA	NA	NA	NA
NA	sgPOLDIP2_2	NA	NA	NA	NA
NA	sgPOLG2_2	NA	NA	NA	NA
NA	sgPOLN_1	NA	NA	NA	NA
NA	sgPOLR2C_4	NA	NA	NA	NA
NA	sgPOLR2D_1	NA	NA	NA	NA
NA	sgPOLR2E_2	NA	NA	NA	NA
NA	sgPOLR2E_3	NA	NA	NA	NA
NA	sgPOLR2J2_1	NA	NA	NA	NA
NA	sgPOLR2J2_2	NA	NA	NA	NA
NA	sgPOLR2K_1	NA	NA	NA	NA
NA	sgPOLR2K_3	NA	NA	NA	NA
NA	sgPOLR2K_4	NA	NA	NA	NA
NA	sgPOLR2M_2	NA	NA	NA	NA
NA	sgPOLR2M_3	NA	NA	NA	NA
NA	sgPOLR3D_3	NA	NA	NA	NA
NA	sgPOLR3E_2	NA	NA	NA	NA
NA	sgPOLR3G_2	NA	NA	NA	NA
NA	sgPOLR3G_4	NA	NA	NA	NA
NA	sgPOLR3K_1	NA	NA	NA	NA
NA	sgPOLRMT_2	NA	NA	NA	NA
NA	sgPOLRMT_3	NA	NA	NA	NA
NA	sgPOLRMT_4	NA	NA	NA	NA
NA	sgPOM121C_1	NA	NA	NA	NA
NA	sgPOM121C_3	NA	NA	NA	NA
NA	sgPOM121L12_2	NA	NA	NA	NA
NA	sgPOM121_2	NA	NA	NA	NA
NA	sgPOM121_3	NA	NA	NA	NA
NA	sgPOM121_4	NA	NA	NA	NA
NA	sgPOMT2_4	NA	NA	NA	NA
NA	sgPOPDC2_1	NA	NA	NA	NA
NA	sgPOR_3	NA	NA	NA	NA
NA	sgPOTEB2_2	NA	NA	NA	NA
NA	sgPOTED_1	NA	NA	NA	NA
NA	sgPOTEE_2	NA	NA	NA	NA
NA	sgPOTEF_1	NA	NA	NA	NA
NA	sgPOTEH_1	NA	NA	NA	NA
NA	sgPOTEI_1	NA	NA	NA	NA
NA	sgPOTEJ_1	NA	NA	NA	NA
NA	sgPOTEM_1	NA	NA	NA	NA
NA	sgPOU2AF1_1	NA	NA	NA	NA
NA	sgPOU2AF3_2	NA	NA	NA	NA
NA	sgPOU2F1_2	NA	NA	NA	NA
NA	sgPOU3F1_3	NA	NA	NA	NA
NA	sgPOU5F1B_1	NA	NA	NA	NA
NA	sgPOU5F1B_2	NA	NA	NA	NA
NA	sgPOU5F1B_3	NA	NA	NA	NA
NA	sgPOU5F1B_4	NA	NA	NA	NA
NA	sgPOU5F1_1	NA	NA	NA	NA
NA	sgPOU5F1_3	NA	NA	NA	NA
NA	sgPPA1_3	NA	NA	NA	NA
NA	sgPPARGC1A_3	NA	NA	NA	NA
NA	sgPPARG_1	NA	NA	NA	NA
NA	sgPPAT_2	NA	NA	NA	NA
NA	sgPPBP_3	NA	NA	NA	NA
NA	sgPPDPF_4	NA	NA	NA	NA
NA	sgPPFIA2_1	NA	NA	NA	NA
NA	sgPPFIA4_1	NA	NA	NA	NA
NA	sgPPFIBP1_4	NA	NA	NA	NA
NA	sgPPIAL4A_1	NA	NA	NA	NA
NA	sgPPIAL4H_1	NA	NA	NA	NA
NA	sgPPIAL4H_2	NA	NA	NA	NA
NA	sgPPIAL4H_3	NA	NA	NA	NA
NA	sgPPIE_2	NA	NA	NA	NA
NA	sgPPIG_3	NA	NA	NA	NA
NA	sgPPIH_4	NA	NA	NA	NA
NA	sgPPIL2_2	NA	NA	NA	NA
NA	sgPPIL4_3	NA	NA	NA	NA
NA	sgPPIP5K1_3	NA	NA	NA	NA
NA	sgPPM1A_2	NA	NA	NA	NA
NA	sgPPM1A_3	NA	NA	NA	NA
NA	sgPPM1D_3	NA	NA	NA	NA
NA	sgPPM1H_1	NA	NA	NA	NA
NA	sgPPME1_3	NA	NA	NA	NA
NA	sgPPP1R11_1	NA	NA	NA	NA
NA	sgPPP1R12B_1	NA	NA	NA	NA
NA	sgPPP1R12C_2	NA	NA	NA	NA
NA	sgPPP1R14B_2	NA	NA	NA	NA
NA	sgPPP1R14D_1	NA	NA	NA	NA
NA	sgPPP1R14D_3	NA	NA	NA	NA
NA	sgPPP1R15A_1	NA	NA	NA	NA
NA	sgPPP1R1A_2	NA	NA	NA	NA
NA	sgPPP1R1B_4	NA	NA	NA	NA
NA	sgPPP1R2B_1	NA	NA	NA	NA
NA	sgPPP1R2B_2	NA	NA	NA	NA
NA	sgPPP1R2B_4	NA	NA	NA	NA
NA	sgPPP1R2_1	NA	NA	NA	NA
NA	sgPPP1R2_2	NA	NA	NA	NA
NA	sgPPP1R36_4	NA	NA	NA	NA
NA	sgPPP1R42_4	NA	NA	NA	NA
NA	sgPPP1R8_2	NA	NA	NA	NA
NA	sgPPP2CB_1	NA	NA	NA	NA
NA	sgPPP2CB_2	NA	NA	NA	NA
NA	sgPPP2CB_4	NA	NA	NA	NA
NA	sgPPP2R2D_2	NA	NA	NA	NA
NA	sgPPP2R2D_3	NA	NA	NA	NA
NA	sgPPP2R5B_2	NA	NA	NA	NA
NA	sgPPP4C_3	NA	NA	NA	NA
NA	sgPPP4R2_2	NA	NA	NA	NA
NA	sgPPP4R2_4	NA	NA	NA	NA
NA	sgPPP4R3A_2	NA	NA	NA	NA
NA	sgPPP5C_4	NA	NA	NA	NA
NA	sgPRAC2_1	NA	NA	NA	NA
NA	sgPRAC2_3	NA	NA	NA	NA
NA	sgPRADC1_2	NA	NA	NA	NA
NA	sgPRAMEF10_2	NA	NA	NA	NA
NA	sgPRAMEF11_1	NA	NA	NA	NA
NA	sgPRAMEF12_1	NA	NA	NA	NA
NA	sgPRAMEF13_1	NA	NA	NA	NA
NA	sgPRAMEF13_2	NA	NA	NA	NA
NA	sgPRAMEF14_1	NA	NA	NA	NA
NA	sgPRAMEF14_2	NA	NA	NA	NA
NA	sgPRAMEF14_3	NA	NA	NA	NA
NA	sgPRAMEF15_1	NA	NA	NA	NA
NA	sgPRAMEF17_1	NA	NA	NA	NA
NA	sgPRAMEF17_2	NA	NA	NA	NA
NA	sgPRAMEF17_3	NA	NA	NA	NA
NA	sgPRAMEF17_4	NA	NA	NA	NA
NA	sgPRAMEF19_2	NA	NA	NA	NA
NA	sgPRAMEF19_3	NA	NA	NA	NA
NA	sgPRAMEF1_1	NA	NA	NA	NA
NA	sgPRAMEF1_2	NA	NA	NA	NA
NA	sgPRAMEF20_1	NA	NA	NA	NA
NA	sgPRAMEF20_3	NA	NA	NA	NA
NA	sgPRAMEF20_4	NA	NA	NA	NA
NA	sgPRAMEF25_1	NA	NA	NA	NA
NA	sgPRAMEF25_2	NA	NA	NA	NA
NA	sgPRAMEF2_1	NA	NA	NA	NA
NA	sgPRAMEF2_2	NA	NA	NA	NA
NA	sgPRAMEF2_4	NA	NA	NA	NA
NA	sgPRAMEF4_2	NA	NA	NA	NA
NA	sgPRAMEF7_2	NA	NA	NA	NA
NA	sgPRAMEF7_3	NA	NA	NA	NA
NA	sgPRAMEF9_2	NA	NA	NA	NA
NA	sgPRAMEF9_3	NA	NA	NA	NA
NA	sgPRAP1_2	NA	NA	NA	NA
NA	sgPRB2_4	NA	NA	NA	NA
NA	sgPRB3_1	NA	NA	NA	NA
NA	sgPRB3_2	NA	NA	NA	NA
NA	sgPRB3_4	NA	NA	NA	NA
NA	sgPRB4_2	NA	NA	NA	NA
NA	sgPRDM6_3	NA	NA	NA	NA
NA	sgPRDM7_1	NA	NA	NA	NA
NA	sgPRDM7_4	NA	NA	NA	NA
NA	sgPRDX2_2	NA	NA	NA	NA
NA	sgPRDX6_2	NA	NA	NA	NA
NA	sgPRDX6_4	NA	NA	NA	NA
NA	sgPRELID1_2	NA	NA	NA	NA
NA	sgPRELID1_4	NA	NA	NA	NA
NA	sgPRELID3B_3	NA	NA	NA	NA
NA	sgPREX1_2	NA	NA	NA	NA
NA	sgPREX2_4	NA	NA	NA	NA
NA	sgPRG4_3	NA	NA	NA	NA
NA	sgPRH1_4	NA	NA	NA	NA
NA	sgPRH2_1	NA	NA	NA	NA
NA	sgPRH2_3	NA	NA	NA	NA
NA	sgPRH2_4	NA	NA	NA	NA
NA	sgPRIM1_1	NA	NA	NA	NA
NA	sgPRKAR1A_4	NA	NA	NA	NA
NA	sgPRKCA_3	NA	NA	NA	NA
NA	sgPRKCB_2	NA	NA	NA	NA
NA	sgPRKCD_1	NA	NA	NA	NA
NA	sgPRKCI_1	NA	NA	NA	NA
NA	sgPRKCI_3	NA	NA	NA	NA
NA	sgPRKCI_4	NA	NA	NA	NA
NA	sgPRKRA_1	NA	NA	NA	NA
NA	sgPRKX_1	NA	NA	NA	NA
NA	sgPRKX_3	NA	NA	NA	NA
NA	sgPRKX_4	NA	NA	NA	NA
NA	sgPRM3_3	NA	NA	NA	NA
NA	sgPRODH_2	NA	NA	NA	NA
NA	sgPRODH_3	NA	NA	NA	NA
NA	sgPROKR2_1	NA	NA	NA	NA
NA	sgPROKR2_4	NA	NA	NA	NA
NA	sgPROM2_4	NA	NA	NA	NA
NA	sgPROS1_1	NA	NA	NA	NA
NA	sgPROS1_3	NA	NA	NA	NA
NA	sgPROS1_4	NA	NA	NA	NA
NA	sgPROSER1_3	NA	NA	NA	NA
NA	sgPROZ_1	NA	NA	NA	NA
NA	sgPRP4K_3	NA	NA	NA	NA
NA	sgPRPF38A_1	NA	NA	NA	NA
NA	sgPRPF38A_2	NA	NA	NA	NA
NA	sgPRPF38A_3	NA	NA	NA	NA
NA	sgPRPF3_3	NA	NA	NA	NA
NA	sgPRPF3_4	NA	NA	NA	NA
NA	sgPRPF40A_2	NA	NA	NA	NA
NA	sgPRPS1L1_1	NA	NA	NA	NA
NA	sgPRPS1_1	NA	NA	NA	NA
NA	sgPRPS1_3	NA	NA	NA	NA
NA	sgPRPS1_4	NA	NA	NA	NA
NA	sgPRR23A_1	NA	NA	NA	NA
NA	sgPRR23A_2	NA	NA	NA	NA
NA	sgPRR23A_3	NA	NA	NA	NA
NA	sgPRR23A_4	NA	NA	NA	NA
NA	sgPRR23B_1	NA	NA	NA	NA
NA	sgPRR23B_2	NA	NA	NA	NA
NA	sgPRR23B_3	NA	NA	NA	NA
NA	sgPRR23B_4	NA	NA	NA	NA
NA	sgPRR23C_3	NA	NA	NA	NA
NA	sgPRR23C_4	NA	NA	NA	NA
NA	sgPRR23E_4	NA	NA	NA	NA
NA	sgPRR35_1	NA	NA	NA	NA
NA	sgPRR3_4	NA	NA	NA	NA
NA	sgPRSS1_1	NA	NA	NA	NA
NA	sgPRSS1_2	NA	NA	NA	NA
NA	sgPRSS1_3	NA	NA	NA	NA
NA	sgPRSS22_2	NA	NA	NA	NA
NA	sgPRSS2_1	NA	NA	NA	NA
NA	sgPRSS2_2	NA	NA	NA	NA
NA	sgPRSS2_3	NA	NA	NA	NA
NA	sgPRSS3_3	NA	NA	NA	NA
NA	sgPRSS3_4	NA	NA	NA	NA
NA	sgPRSS56_4	NA	NA	NA	NA
NA	sgPRSS8_2	NA	NA	NA	NA
NA	sgPRTN3_4	NA	NA	NA	NA
NA	sgPRUNE1_4	NA	NA	NA	NA
NA	sgPSAT1_3	NA	NA	NA	NA
NA	sgPSG11_2	NA	NA	NA	NA
NA	sgPSG11_4	NA	NA	NA	NA
NA	sgPSG1_1	NA	NA	NA	NA
NA	sgPSG1_2	NA	NA	NA	NA
NA	sgPSG2_2	NA	NA	NA	NA
NA	sgPSG2_3	NA	NA	NA	NA
NA	sgPSG2_4	NA	NA	NA	NA
NA	sgPSG3_1	NA	NA	NA	NA
NA	sgPSG3_2	NA	NA	NA	NA
NA	sgPSG3_3	NA	NA	NA	NA
NA	sgPSG3_4	NA	NA	NA	NA
NA	sgPSG4_1	NA	NA	NA	NA
NA	sgPSG4_2	NA	NA	NA	NA
NA	sgPSG4_3	NA	NA	NA	NA
NA	sgPSG5_1	NA	NA	NA	NA
NA	sgPSG5_3	NA	NA	NA	NA
NA	sgPSG6_2	NA	NA	NA	NA
NA	sgPSG6_3	NA	NA	NA	NA
NA	sgPSG6_4	NA	NA	NA	NA
NA	sgPSG8_2	NA	NA	NA	NA
NA	sgPSG8_4	NA	NA	NA	NA
NA	sgPSG9_1	NA	NA	NA	NA
NA	sgPSG9_3	NA	NA	NA	NA
NA	sgPSIP1_1	NA	NA	NA	NA
NA	sgPSKH1_2	NA	NA	NA	NA
NA	sgPSMA1_2	NA	NA	NA	NA
NA	sgPSMA2_3	NA	NA	NA	NA
NA	sgPSMA6_2	NA	NA	NA	NA
NA	sgPSMA6_3	NA	NA	NA	NA
NA	sgPSMB3_3	NA	NA	NA	NA
NA	sgPSMC5_4	NA	NA	NA	NA
NA	sgPSMC6_2	NA	NA	NA	NA
NA	sgPSMC6_3	NA	NA	NA	NA
NA	sgPSMC6_4	NA	NA	NA	NA
NA	sgPSMD10_4	NA	NA	NA	NA
NA	sgPSMD12_1	NA	NA	NA	NA
NA	sgPSMD12_2	NA	NA	NA	NA
NA	sgPSMD2_2	NA	NA	NA	NA
NA	sgPSMD2_3	NA	NA	NA	NA
NA	sgPSMD4_1	NA	NA	NA	NA
NA	sgPSMD4_2	NA	NA	NA	NA
NA	sgPSMD4_4	NA	NA	NA	NA
NA	sgPSMD8_4	NA	NA	NA	NA
NA	sgPSME2_3	NA	NA	NA	NA
NA	sgPSME3IP1_2	NA	NA	NA	NA
NA	sgPSME3IP1_4	NA	NA	NA	NA
NA	sgPSMG3_4	NA	NA	NA	NA
NA	sgPTBP1_3	NA	NA	NA	NA
NA	sgPTBP3_2	NA	NA	NA	NA
NA	sgPTCD2_1	NA	NA	NA	NA
NA	sgPTCHD3_1	NA	NA	NA	NA
NA	sgPTCHD3_3	NA	NA	NA	NA
NA	sgPTDSS2_1	NA	NA	NA	NA
NA	sgPTEN_1	NA	NA	NA	NA
NA	sgPTEN_4	NA	NA	NA	NA
NA	sgPTGDR2_3	NA	NA	NA	NA
NA	sgPTGES3_1	NA	NA	NA	NA
NA	sgPTGES3_2	NA	NA	NA	NA
NA	sgPTGR1_1	NA	NA	NA	NA
NA	sgPTN_1	NA	NA	NA	NA
NA	sgPTOV1_2	NA	NA	NA	NA
NA	sgPTP4A1_1	NA	NA	NA	NA
NA	sgPTPN11_1	NA	NA	NA	NA
NA	sgPTPN11_4	NA	NA	NA	NA
NA	sgPTPN14_1	NA	NA	NA	NA
NA	sgPTPN21_1	NA	NA	NA	NA
NA	sgPTPN2_2	NA	NA	NA	NA
NA	sgPTPN2_3	NA	NA	NA	NA
NA	sgPTPN4_2	NA	NA	NA	NA
NA	sgPTTG1IP2_3	NA	NA	NA	NA
NA	sgPTTG1_2	NA	NA	NA	NA
NA	sgPTTG1_4	NA	NA	NA	NA
NA	sgPTTG2_1	NA	NA	NA	NA
NA	sgPTTG2_2	NA	NA	NA	NA
NA	sgPTTG2_4	NA	NA	NA	NA
NA	sgPTX3_2	NA	NA	NA	NA
NA	sgPURB_4	NA	NA	NA	NA
NA	sgPVRIG_1	NA	NA	NA	NA
NA	sgPVRIG_4	NA	NA	NA	NA
NA	sgPVR_3	NA	NA	NA	NA
NA	sgPWP2_1	NA	NA	NA	NA
NA	sgPWP2_2	NA	NA	NA	NA
NA	sgPWWP4_1	NA	NA	NA	NA
NA	sgPXN_2	NA	NA	NA	NA
NA	sgPXT1_1	NA	NA	NA	NA
NA	sgPYCR1_2	NA	NA	NA	NA
NA	sgPYGB_2	NA	NA	NA	NA
NA	sgPYGO2_2	NA	NA	NA	NA
NA	sgPYROXD1_1	NA	NA	NA	NA
NA	sgPYROXD1_2	NA	NA	NA	NA
NA	sgPYURF_2	NA	NA	NA	NA
NA	sgPYURF_4	NA	NA	NA	NA
NA	sgPYY_2	NA	NA	NA	NA
NA	sgQRSL1_1	NA	NA	NA	NA
NA	sgQSOX1_2	NA	NA	NA	NA
NA	sgRAB13_4	NA	NA	NA	NA
NA	sgRAB17_2	NA	NA	NA	NA
NA	sgRAB17_4	NA	NA	NA	NA
NA	sgRAB1A_1	NA	NA	NA	NA
NA	sgRAB1A_2	NA	NA	NA	NA
NA	sgRAB1A_3	NA	NA	NA	NA
NA	sgRAB1A_4	NA	NA	NA	NA
NA	sgRAB1B_1	NA	NA	NA	NA
NA	sgRAB1B_2	NA	NA	NA	NA
NA	sgRAB27B_2	NA	NA	NA	NA
NA	sgRAB38_2	NA	NA	NA	NA
NA	sgRAB3B_3	NA	NA	NA	NA
NA	sgRAB3B_4	NA	NA	NA	NA
NA	sgRAB3C_1	NA	NA	NA	NA
NA	sgRAB40A_1	NA	NA	NA	NA
NA	sgRAB42_1	NA	NA	NA	NA
NA	sgRAB42_2	NA	NA	NA	NA
NA	sgRAB42_3	NA	NA	NA	NA
NA	sgRAB42_4	NA	NA	NA	NA
NA	sgRAB43_1	NA	NA	NA	NA
NA	sgRAB4B_3	NA	NA	NA	NA
NA	sgRAB5A_1	NA	NA	NA	NA
NA	sgRAB5A_3	NA	NA	NA	NA
NA	sgRAB5B_2	NA	NA	NA	NA
NA	sgRAB5C_3	NA	NA	NA	NA
NA	sgRAB5C_4	NA	NA	NA	NA
NA	sgRAB6C_1	NA	NA	NA	NA
NA	sgRAB6D_1	NA	NA	NA	NA
NA	sgRAB7B_4	NA	NA	NA	NA
NA	sgRAB9A_3	NA	NA	NA	NA
NA	sgRAB9B_1	NA	NA	NA	NA
NA	sgRABAC1_1	NA	NA	NA	NA
NA	sgRABGEF1_4	NA	NA	NA	NA
NA	sgRABGGTB_2	NA	NA	NA	NA
NA	sgRABL2A_2	NA	NA	NA	NA
NA	sgRABL2A_3	NA	NA	NA	NA
NA	sgRABL2A_4	NA	NA	NA	NA
NA	sgRABL2B_1	NA	NA	NA	NA
NA	sgRABL2B_3	NA	NA	NA	NA
NA	sgRABL2B_4	NA	NA	NA	NA
NA	sgRACGAP1_2	NA	NA	NA	NA
NA	sgRAD1_2	NA	NA	NA	NA
NA	sgRAD1_4	NA	NA	NA	NA
NA	sgRAD21_2	NA	NA	NA	NA
NA	sgRAD21_4	NA	NA	NA	NA
NA	sgRAD23A_1	NA	NA	NA	NA
NA	sgRAD23B_2	NA	NA	NA	NA
NA	sgRAD23B_3	NA	NA	NA	NA
NA	sgRAD51AP1_2	NA	NA	NA	NA
NA	sgRAD52_4	NA	NA	NA	NA
NA	sgRAET1G_2	NA	NA	NA	NA
NA	sgRAET1G_4	NA	NA	NA	NA
NA	sgRAET1L_1	NA	NA	NA	NA
NA	sgRAET1L_2	NA	NA	NA	NA
NA	sgRAET1L_3	NA	NA	NA	NA
NA	sgRAET1L_4	NA	NA	NA	NA
NA	sgRALBP1_2	NA	NA	NA	NA
NA	sgRALBP1_3	NA	NA	NA	NA
NA	sgRALY_2	NA	NA	NA	NA
NA	sgRAN_1	NA	NA	NA	NA
NA	sgRAN_2	NA	NA	NA	NA
NA	sgRAP1A_3	NA	NA	NA	NA
NA	sgRAP1B_4	NA	NA	NA	NA
NA	sgRAP2A_1	NA	NA	NA	NA
NA	sgRAP2A_2	NA	NA	NA	NA
NA	sgRAP2A_4	NA	NA	NA	NA
NA	sgRAP2B_2	NA	NA	NA	NA
NA	sgRAP2B_4	NA	NA	NA	NA
NA	sgRARA_1	NA	NA	NA	NA
NA	sgRARA_4	NA	NA	NA	NA
NA	sgRARG_3	NA	NA	NA	NA
NA	sgRARRES2_2	NA	NA	NA	NA
NA	sgRARRES2_4	NA	NA	NA	NA
NA	sgRASA4B_1	NA	NA	NA	NA
NA	sgRASA4B_3	NA	NA	NA	NA
NA	sgRASA4_2	NA	NA	NA	NA
NA	sgRASD1_4	NA	NA	NA	NA
NA	sgRASD2_2	NA	NA	NA	NA
NA	sgRASSF2_3	NA	NA	NA	NA
NA	sgRASSF3_1	NA	NA	NA	NA
NA	sgRASSF4_4	NA	NA	NA	NA
NA	sgRASSF6_1	NA	NA	NA	NA
NA	sgRAX2_4	NA	NA	NA	NA
NA	sgRAX_3	NA	NA	NA	NA
NA	sgRBAK_4	NA	NA	NA	NA
NA	sgRBBP4_2	NA	NA	NA	NA
NA	sgRBBP4_3	NA	NA	NA	NA
NA	sgRBM17_1	NA	NA	NA	NA
NA	sgRBM17_4	NA	NA	NA	NA
NA	sgRBM20_1	NA	NA	NA	NA
NA	sgRBM34_3	NA	NA	NA	NA
NA	sgRBM39_1	NA	NA	NA	NA
NA	sgRBM43_4	NA	NA	NA	NA
NA	sgRBM48_3	NA	NA	NA	NA
NA	sgRBM48_4	NA	NA	NA	NA
NA	sgRBM7_1	NA	NA	NA	NA
NA	sgRBM8A_4	NA	NA	NA	NA
NA	sgRBMS1_1	NA	NA	NA	NA
NA	sgRBMS1_2	NA	NA	NA	NA
NA	sgRBMS2_1	NA	NA	NA	NA
NA	sgRBMS2_3	NA	NA	NA	NA
NA	sgRBMX2_3	NA	NA	NA	NA
NA	sgRBMXL1_1	NA	NA	NA	NA
NA	sgRBMXL1_3	NA	NA	NA	NA
NA	sgRBMXL2_1	NA	NA	NA	NA
NA	sgRBMXL3_2	NA	NA	NA	NA
NA	sgRBMXL3_4	NA	NA	NA	NA
NA	sgRBMY1F_1	NA	NA	NA	NA
NA	sgRBP2_3	NA	NA	NA	NA
NA	sgRCBTB1_3	NA	NA	NA	NA
NA	sgRCBTB2_1	NA	NA	NA	NA
NA	sgRCBTB2_3	NA	NA	NA	NA
NA	sgRCC1_2	NA	NA	NA	NA
NA	sgRCL1_4	NA	NA	NA	NA
NA	sgRCOR1_2	NA	NA	NA	NA
NA	sgRCOR1_3	NA	NA	NA	NA
NA	sgRCOR3_3	NA	NA	NA	NA
NA	sgRD3_3	NA	NA	NA	NA
NA	sgRDM1_1	NA	NA	NA	NA
NA	sgRDM1_2	NA	NA	NA	NA
NA	sgRDX_1	NA	NA	NA	NA
NA	sgRDX_2	NA	NA	NA	NA
NA	sgRDX_3	NA	NA	NA	NA
NA	sgRDX_4	NA	NA	NA	NA
NA	sgREELD1_3	NA	NA	NA	NA
NA	sgREEP2_2	NA	NA	NA	NA
NA	sgREG1A_2	NA	NA	NA	NA
NA	sgREG1A_4	NA	NA	NA	NA
NA	sgREG1B_1	NA	NA	NA	NA
NA	sgREG1B_3	NA	NA	NA	NA
NA	sgREG3A_3	NA	NA	NA	NA
NA	sgREG3G_2	NA	NA	NA	NA
NA	sgREG3G_4	NA	NA	NA	NA
NA	sgREPIN1_1	NA	NA	NA	NA
NA	sgREPS2_2	NA	NA	NA	NA
NA	sgRERE_3	NA	NA	NA	NA
NA	sgRERG_2	NA	NA	NA	NA
NA	sgRERG_3	NA	NA	NA	NA
NA	sgRETSAT_2	NA	NA	NA	NA
NA	sgRFESD_1	NA	NA	NA	NA
NA	sgRFESD_3	NA	NA	NA	NA
NA	sgRFK_4	NA	NA	NA	NA
NA	sgRFPL1_2	NA	NA	NA	NA
NA	sgRFPL1_4	NA	NA	NA	NA
NA	sgRFPL2_2	NA	NA	NA	NA
NA	sgRFPL2_3	NA	NA	NA	NA
NA	sgRFPL3_1	NA	NA	NA	NA
NA	sgRFPL3_3	NA	NA	NA	NA
NA	sgRFPL3_4	NA	NA	NA	NA
NA	sgRFPL4AL1_1	NA	NA	NA	NA
NA	sgRFPL4AL1_2	NA	NA	NA	NA
NA	sgRFPL4A_1	NA	NA	NA	NA
NA	sgRFPL4A_2	NA	NA	NA	NA
NA	sgRFPL4B_4	NA	NA	NA	NA
NA	sgRFT1_3	NA	NA	NA	NA
NA	sgRFTN1_4	NA	NA	NA	NA
NA	sgRFX7_3	NA	NA	NA	NA
NA	sgRFXANK_3	NA	NA	NA	NA
NA	sgRFXAP_2	NA	NA	NA	NA
NA	sgRGL4_4	NA	NA	NA	NA
NA	sgRGPD3_4	NA	NA	NA	NA
NA	sgRGPD4_1	NA	NA	NA	NA
NA	sgRGPD4_2	NA	NA	NA	NA
NA	sgRGPD4_3	NA	NA	NA	NA
NA	sgRGPD4_4	NA	NA	NA	NA
NA	sgRGPD8_1	NA	NA	NA	NA
NA	sgRGS10_3	NA	NA	NA	NA
NA	sgRGS1_4	NA	NA	NA	NA
NA	sgRGS4_1	NA	NA	NA	NA
NA	sgRGS8_3	NA	NA	NA	NA
NA	sgRHAG_1	NA	NA	NA	NA
NA	sgRHBDD2_4	NA	NA	NA	NA
NA	sgRHCE_1	NA	NA	NA	NA
NA	sgRHCE_4	NA	NA	NA	NA
NA	sgRHD_1	NA	NA	NA	NA
NA	sgRHD_2	NA	NA	NA	NA
NA	sgRHOA_1	NA	NA	NA	NA
NA	sgRHOB_1	NA	NA	NA	NA
NA	sgRHOC_1	NA	NA	NA	NA
NA	sgRHOQ_1	NA	NA	NA	NA
NA	sgRHOXF2B_1	NA	NA	NA	NA
NA	sgRHOXF2_1	NA	NA	NA	NA
NA	sgRHPN2_1	NA	NA	NA	NA
NA	sgRHPN2_2	NA	NA	NA	NA
NA	sgRHPN2_4	NA	NA	NA	NA
NA	sgRIC8A_4	NA	NA	NA	NA
NA	sgRIDA_4	NA	NA	NA	NA
NA	sgRILPL2_2	NA	NA	NA	NA
NA	sgRIMBP2_2	NA	NA	NA	NA
NA	sgRIMBP3B_1	NA	NA	NA	NA
NA	sgRIMKLB_1	NA	NA	NA	NA
NA	sgRIMKLB_3	NA	NA	NA	NA
NA	sgRIMKLB_4	NA	NA	NA	NA
NA	sgRIN1_1	NA	NA	NA	NA
NA	sgRIN3_4	NA	NA	NA	NA
NA	sgRIOK1_2	NA	NA	NA	NA
NA	sgRIOK3_4	NA	NA	NA	NA
NA	sgRIOX1_1	NA	NA	NA	NA
NA	sgRIPOR1_3	NA	NA	NA	NA
NA	sgRIT1_4	NA	NA	NA	NA
NA	sgRLF_3	NA	NA	NA	NA
NA	sgRLIM_1	NA	NA	NA	NA
NA	sgRLIM_3	NA	NA	NA	NA
NA	sgRLIM_4	NA	NA	NA	NA
NA	sgRLN1_4	NA	NA	NA	NA
NA	sgRLN2_4	NA	NA	NA	NA
NA	sgRNASE11_3	NA	NA	NA	NA
NA	sgRNASE7_4	NA	NA	NA	NA
NA	sgRNASE8_1	NA	NA	NA	NA
NA	sgRNASE8_3	NA	NA	NA	NA
NA	sgRNASEK_3	NA	NA	NA	NA
NA	sgRNASET2_1	NA	NA	NA	NA
NA	sgRNASET2_3	NA	NA	NA	NA
NA	sgRNF113B_1	NA	NA	NA	NA
NA	sgRNF113B_4	NA	NA	NA	NA
NA	sgRNF11_4	NA	NA	NA	NA
NA	sgRNF126_2	NA	NA	NA	NA
NA	sgRNF135_4	NA	NA	NA	NA
NA	sgRNF138_1	NA	NA	NA	NA
NA	sgRNF138_2	NA	NA	NA	NA
NA	sgRNF145_3	NA	NA	NA	NA
NA	sgRNF148_4	NA	NA	NA	NA
NA	sgRNF14_4	NA	NA	NA	NA
NA	sgRNF152_1	NA	NA	NA	NA
NA	sgRNF181_1	NA	NA	NA	NA
NA	sgRNF187_3	NA	NA	NA	NA
NA	sgRNF212_3	NA	NA	NA	NA
NA	sgRNF216_2	NA	NA	NA	NA
NA	sgRNF220_2	NA	NA	NA	NA
NA	sgRNF220_4	NA	NA	NA	NA
NA	sgRNF228_1	NA	NA	NA	NA
NA	sgRNF2_2	NA	NA	NA	NA
NA	sgRNF32_2	NA	NA	NA	NA
NA	sgRNF4_3	NA	NA	NA	NA
NA	sgRNF6_1	NA	NA	NA	NA
NA	sgRNF7_3	NA	NA	NA	NA
NA	sgRNFT1_2	NA	NA	NA	NA
NA	sgRNPS1_1	NA	NA	NA	NA
NA	sgROPN1B_4	NA	NA	NA	NA
NA	sgROPN1L_1	NA	NA	NA	NA
NA	sgROPN1_3	NA	NA	NA	NA
NA	sgROPN1_4	NA	NA	NA	NA
NA	sgRP9_1	NA	NA	NA	NA
NA	sgRP9_3	NA	NA	NA	NA
NA	sgRPA2_3	NA	NA	NA	NA
NA	sgRPA3_4	NA	NA	NA	NA
NA	sgRPAP2_1	NA	NA	NA	NA
NA	sgRPEL1_1	NA	NA	NA	NA
NA	sgRPEL1_2	NA	NA	NA	NA
NA	sgRPEL1_4	NA	NA	NA	NA
NA	sgRPE_2	NA	NA	NA	NA
NA	sgRPE_3	NA	NA	NA	NA
NA	sgRPF1_4	NA	NA	NA	NA
NA	sgRPF2_3	NA	NA	NA	NA
NA	sgRPL10L_3	NA	NA	NA	NA
NA	sgRPL10L_4	NA	NA	NA	NA
NA	sgRPL11_1	NA	NA	NA	NA
NA	sgRPL13_1	NA	NA	NA	NA
NA	sgRPL14_2	NA	NA	NA	NA
NA	sgRPL18A_2	NA	NA	NA	NA
NA	sgRPL18_1	NA	NA	NA	NA
NA	sgRPL22L1_2	NA	NA	NA	NA
NA	sgRPL23_2	NA	NA	NA	NA
NA	sgRPL23_4	NA	NA	NA	NA
NA	sgRPL24_3	NA	NA	NA	NA
NA	sgRPL27_4	NA	NA	NA	NA
NA	sgRPL28_2	NA	NA	NA	NA
NA	sgRPL30_1	NA	NA	NA	NA
NA	sgRPL31_1	NA	NA	NA	NA
NA	sgRPL31_2	NA	NA	NA	NA
NA	sgRPL32_2	NA	NA	NA	NA
NA	sgRPL35_1	NA	NA	NA	NA
NA	sgRPL36AL_2	NA	NA	NA	NA
NA	sgRPL36AL_3	NA	NA	NA	NA
NA	sgRPL36_1	NA	NA	NA	NA
NA	sgRPL36_3	NA	NA	NA	NA
NA	sgRPL36_4	NA	NA	NA	NA
NA	sgRPL37A_1	NA	NA	NA	NA
NA	sgRPL37A_2	NA	NA	NA	NA
NA	sgRPL37A_4	NA	NA	NA	NA
NA	sgRPL37_1	NA	NA	NA	NA
NA	sgRPL38_1	NA	NA	NA	NA
NA	sgRPL3L_3	NA	NA	NA	NA
NA	sgRPL3L_4	NA	NA	NA	NA
NA	sgRPL3_4	NA	NA	NA	NA
NA	sgRPL4_2	NA	NA	NA	NA
NA	sgRPL4_4	NA	NA	NA	NA
NA	sgRPL5_3	NA	NA	NA	NA
NA	sgRPL8_1	NA	NA	NA	NA
NA	sgRPL8_3	NA	NA	NA	NA
NA	sgRPL9_2	NA	NA	NA	NA
NA	sgRPL9_3	NA	NA	NA	NA
NA	sgRPLP0_1	NA	NA	NA	NA
NA	sgRPLP0_2	NA	NA	NA	NA
NA	sgRPLP0_4	NA	NA	NA	NA
NA	sgRPLP1_4	NA	NA	NA	NA
NA	sgRPLP2_2	NA	NA	NA	NA
NA	sgRPLP2_3	NA	NA	NA	NA
NA	sgRPLP2_4	NA	NA	NA	NA
NA	sgRPP25_2	NA	NA	NA	NA
NA	sgRPRD1A_3	NA	NA	NA	NA
NA	sgRPRD2_1	NA	NA	NA	NA
NA	sgRPRM_2	NA	NA	NA	NA
NA	sgRPS11_1	NA	NA	NA	NA
NA	sgRPS11_3	NA	NA	NA	NA
NA	sgRPS12_3	NA	NA	NA	NA
NA	sgRPS14_1	NA	NA	NA	NA
NA	sgRPS14_2	NA	NA	NA	NA
NA	sgRPS15_4	NA	NA	NA	NA
NA	sgRPS19_1	NA	NA	NA	NA
NA	sgRPS19_2	NA	NA	NA	NA
NA	sgRPS19_4	NA	NA	NA	NA
NA	sgRPS20_2	NA	NA	NA	NA
NA	sgRPS21_1	NA	NA	NA	NA
NA	sgRPS21_3	NA	NA	NA	NA
NA	sgRPS23_1	NA	NA	NA	NA
NA	sgRPS24_1	NA	NA	NA	NA
NA	sgRPS24_2	NA	NA	NA	NA
NA	sgRPS27L_1	NA	NA	NA	NA
NA	sgRPS27L_3	NA	NA	NA	NA
NA	sgRPS28_1	NA	NA	NA	NA
NA	sgRPS3_2	NA	NA	NA	NA
NA	sgRPS3_3	NA	NA	NA	NA
NA	sgRPS4X_1	NA	NA	NA	NA
NA	sgRPS4Y1_2	NA	NA	NA	NA
NA	sgRPS4Y1_4	NA	NA	NA	NA
NA	sgRPS4Y2_2	NA	NA	NA	NA
NA	sgRPS4Y2_4	NA	NA	NA	NA
NA	sgRPS5_1	NA	NA	NA	NA
NA	sgRPS5_3	NA	NA	NA	NA
NA	sgRPS6KB1_1	NA	NA	NA	NA
NA	sgRPS6KB1_3	NA	NA	NA	NA
NA	sgRPS6KL1_2	NA	NA	NA	NA
NA	sgRPS6_2	NA	NA	NA	NA
NA	sgRPS8_1	NA	NA	NA	NA
NA	sgRPS8_4	NA	NA	NA	NA
NA	sgRPS9_2	NA	NA	NA	NA
NA	sgRPS9_3	NA	NA	NA	NA
NA	sgRPS9_4	NA	NA	NA	NA
NA	sgRRAS2_2	NA	NA	NA	NA
NA	sgRRAS2_3	NA	NA	NA	NA
NA	sgRRAS2_4	NA	NA	NA	NA
NA	sgRRAS_3	NA	NA	NA	NA
NA	sgRRM2_3	NA	NA	NA	NA
NA	sgRRN3_4	NA	NA	NA	NA
NA	sgRRP7A_2	NA	NA	NA	NA
NA	sgRSL1D1_4	NA	NA	NA	NA
NA	sgRSL24D1_1	NA	NA	NA	NA
NA	sgRSPH10B2_1	NA	NA	NA	NA
NA	sgRSPH10B2_3	NA	NA	NA	NA
NA	sgRSPH10B_3	NA	NA	NA	NA
NA	sgRSPH9_2	NA	NA	NA	NA
NA	sgRSRC2_4	NA	NA	NA	NA
NA	sgRSRP1_4	NA	NA	NA	NA
NA	sgRSU1_4	NA	NA	NA	NA
NA	sgRTBDN_1	NA	NA	NA	NA
NA	sgRTBDN_2	NA	NA	NA	NA
NA	sgRTCA_2	NA	NA	NA	NA
NA	sgRTEL1_1	NA	NA	NA	NA
NA	sgRTKN_3	NA	NA	NA	NA
NA	sgRTL8A_2	NA	NA	NA	NA
NA	sgRTL8A_3	NA	NA	NA	NA
NA	sgRTL8A_4	NA	NA	NA	NA
NA	sgRTL8B_2	NA	NA	NA	NA
NA	sgRTL8B_3	NA	NA	NA	NA
NA	sgRTL8B_4	NA	NA	NA	NA
NA	sgRTL8C_1	NA	NA	NA	NA
NA	sgRTL8C_2	NA	NA	NA	NA
NA	sgRTL8C_3	NA	NA	NA	NA
NA	sgRTL8C_4	NA	NA	NA	NA
NA	sgRTN4IP1_2	NA	NA	NA	NA
NA	sgRTN4RL1_1	NA	NA	NA	NA
NA	sgRTP1_1	NA	NA	NA	NA
NA	sgRTP2_3	NA	NA	NA	NA
NA	sgRTP4_3	NA	NA	NA	NA
NA	sgRUFY3_1	NA	NA	NA	NA
NA	sgRUNX3_4	NA	NA	NA	NA
NA	sgRUVBL2_2	NA	NA	NA	NA
NA	sgRWDD1_4	NA	NA	NA	NA
NA	sgRXFP3_1	NA	NA	NA	NA
NA	sgRXRB_2	NA	NA	NA	NA
NA	sgRYK_1	NA	NA	NA	NA
NA	sgRYK_2	NA	NA	NA	NA
NA	sgRYK_3	NA	NA	NA	NA
NA	sgS100A11_2	NA	NA	NA	NA
NA	sgS100A11_3	NA	NA	NA	NA
NA	sgS100P_4	NA	NA	NA	NA
NA	sgS1PR1_1	NA	NA	NA	NA
NA	sgS1PR4_1	NA	NA	NA	NA
NA	sgS1PR4_4	NA	NA	NA	NA
NA	sgSAA1_2	NA	NA	NA	NA
NA	sgSAA1_3	NA	NA	NA	NA
NA	sgSAA2_1	NA	NA	NA	NA
NA	sgSAA2_3	NA	NA	NA	NA
NA	sgSAA2_4	NA	NA	NA	NA
NA	sgSAE1_1	NA	NA	NA	NA
NA	sgSAE1_2	NA	NA	NA	NA
NA	sgSAGE1_3	NA	NA	NA	NA
NA	sgSAGE1_4	NA	NA	NA	NA
NA	sgSALL1_3	NA	NA	NA	NA
NA	sgSALL4_3	NA	NA	NA	NA
NA	sgSAMD10_3	NA	NA	NA	NA
NA	sgSAP25_2	NA	NA	NA	NA
NA	sgSAPCD2_1	NA	NA	NA	NA
NA	sgSAPCD2_2	NA	NA	NA	NA
NA	sgSAPCD2_3	NA	NA	NA	NA
NA	sgSAR1A_1	NA	NA	NA	NA
NA	sgSAR1A_3	NA	NA	NA	NA
NA	sgSATL1_4	NA	NA	NA	NA
NA	sgSAV1_1	NA	NA	NA	NA
NA	sgSAV1_3	NA	NA	NA	NA
NA	sgSAXO2_3	NA	NA	NA	NA
NA	sgSAXO2_4	NA	NA	NA	NA
NA	sgSBDS_2	NA	NA	NA	NA
NA	sgSBDS_3	NA	NA	NA	NA
NA	sgSBDS_4	NA	NA	NA	NA
NA	sgSBF1_3	NA	NA	NA	NA
NA	sgSBF1_4	NA	NA	NA	NA
NA	sgSBK1_3	NA	NA	NA	NA
NA	sgSBNO2_1	NA	NA	NA	NA
NA	sgSCAF4_4	NA	NA	NA	NA
NA	sgSCD_2	NA	NA	NA	NA
NA	sgSCGB1C1_1	NA	NA	NA	NA
NA	sgSCGB1C2_1	NA	NA	NA	NA
NA	sgSCGB1C2_2	NA	NA	NA	NA
NA	sgSCGB1D1_1	NA	NA	NA	NA
NA	sgSCGB1D1_4	NA	NA	NA	NA
NA	sgSCGB1D2_1	NA	NA	NA	NA
NA	sgSCGB1D4_1	NA	NA	NA	NA
NA	sgSCGB2A1_2	NA	NA	NA	NA
NA	sgSCGB2B2_4	NA	NA	NA	NA
NA	sgSCLT1_3	NA	NA	NA	NA
NA	sgSCN1A_2	NA	NA	NA	NA
NA	sgSCN3A_4	NA	NA	NA	NA
NA	sgSCN8A_2	NA	NA	NA	NA
NA	sgSCTR_4	NA	NA	NA	NA
NA	sgSCUBE1_1	NA	NA	NA	NA
NA	sgSCYGR1_2	NA	NA	NA	NA
NA	sgSCYGR4_1	NA	NA	NA	NA
NA	sgSCYGR4_2	NA	NA	NA	NA
NA	sgSCYGR5_1	NA	NA	NA	NA
NA	sgSCYGR7_1	NA	NA	NA	NA
NA	sgSCYL1_1	NA	NA	NA	NA
NA	sgSCYL2_2	NA	NA	NA	NA
NA	sgSDCBP_1	NA	NA	NA	NA
NA	sgSDCBP_3	NA	NA	NA	NA
NA	sgSDCBP_4	NA	NA	NA	NA
NA	sgSDHAF1_2	NA	NA	NA	NA
NA	sgSDHAF3_1	NA	NA	NA	NA
NA	sgSDHA_1	NA	NA	NA	NA
NA	sgSDHA_3	NA	NA	NA	NA
NA	sgSDHA_4	NA	NA	NA	NA
NA	sgSDHC_2	NA	NA	NA	NA
NA	sgSDK1_4	NA	NA	NA	NA
NA	sgSDR42E1_4	NA	NA	NA	NA
NA	sgSEC14L1_1	NA	NA	NA	NA
NA	sgSEC14L4_2	NA	NA	NA	NA
NA	sgSEC14L4_3	NA	NA	NA	NA
NA	sgSEC14L6_4	NA	NA	NA	NA
NA	sgSEC61B_1	NA	NA	NA	NA
NA	sgSEC61G_1	NA	NA	NA	NA
NA	sgSEC63_2	NA	NA	NA	NA
NA	sgSEL1L_3	NA	NA	NA	NA
NA	sgSELENOK_4	NA	NA	NA	NA
NA	sgSELENOT_3	NA	NA	NA	NA
NA	sgSELENOT_4	NA	NA	NA	NA
NA	sgSELL_1	NA	NA	NA	NA
NA	sgSELPLG_1	NA	NA	NA	NA
NA	sgSEM1_2	NA	NA	NA	NA
NA	sgSEMG1_2	NA	NA	NA	NA
NA	sgSEMG2_2	NA	NA	NA	NA
NA	sgSEPHS2_2	NA	NA	NA	NA
NA	sgSEPTIN10_1	NA	NA	NA	NA
NA	sgSEPTIN11_4	NA	NA	NA	NA
NA	sgSEPTIN14_1	NA	NA	NA	NA
NA	sgSEPTIN1_1	NA	NA	NA	NA
NA	sgSEPTIN7_1	NA	NA	NA	NA
NA	sgSEPTIN7_3	NA	NA	NA	NA
NA	sgSERF2_1	NA	NA	NA	NA
NA	sgSERHL2_2	NA	NA	NA	NA
NA	sgSERPINB3_3	NA	NA	NA	NA
NA	sgSERPINB3_4	NA	NA	NA	NA
NA	sgSERPINB4_2	NA	NA	NA	NA
NA	sgSERPINB4_3	NA	NA	NA	NA
NA	sgSERPINB6_4	NA	NA	NA	NA
NA	sgSERPINB9_2	NA	NA	NA	NA
NA	sgSERPINF2_3	NA	NA	NA	NA
NA	sgSERPING1_4	NA	NA	NA	NA
NA	sgSERPINH1_3	NA	NA	NA	NA
NA	sgSERPINH1_4	NA	NA	NA	NA
NA	sgSETBP1_4	NA	NA	NA	NA
NA	sgSETD1B_2	NA	NA	NA	NA
NA	sgSETSIP_1	NA	NA	NA	NA
NA	sgSETSIP_2	NA	NA	NA	NA
NA	sgSF3A3_2	NA	NA	NA	NA
NA	sgSF3B4_3	NA	NA	NA	NA
NA	sgSF3B4_4	NA	NA	NA	NA
NA	sgSF3B6_2	NA	NA	NA	NA
NA	sgSF3B6_4	NA	NA	NA	NA
NA	sgSFI1_2	NA	NA	NA	NA
NA	sgSFMBT2_1	NA	NA	NA	NA
NA	sgSFR1_1	NA	NA	NA	NA
NA	sgSFR1_3	NA	NA	NA	NA
NA	sgSFR1_4	NA	NA	NA	NA
NA	sgSFT2D3_4	NA	NA	NA	NA
NA	sgSFTPD_4	NA	NA	NA	NA
NA	sgSGCA_4	NA	NA	NA	NA
NA	sgSGCE_3	NA	NA	NA	NA
NA	sgSGF29_2	NA	NA	NA	NA
NA	sgSGF29_4	NA	NA	NA	NA
NA	sgSGK2_1	NA	NA	NA	NA
NA	sgSGO1_3	NA	NA	NA	NA
NA	sgSGSM2_2	NA	NA	NA	NA
NA	sgSH2D2A_2	NA	NA	NA	NA
NA	sgSH2D7_4	NA	NA	NA	NA
NA	sgSH3BGRL3_4	NA	NA	NA	NA
NA	sgSH3BP1_3	NA	NA	NA	NA
NA	sgSH3D19_4	NA	NA	NA	NA
NA	sgSH3GL1_2	NA	NA	NA	NA
NA	sgSH3GL2_2	NA	NA	NA	NA
NA	sgSHANK2_2	NA	NA	NA	NA
NA	sgSHANK2_4	NA	NA	NA	NA
NA	sgSHARPIN_3	NA	NA	NA	NA
NA	sgSHCBP1_1	NA	NA	NA	NA
NA	sgSHH_1	NA	NA	NA	NA
NA	sgSHH_4	NA	NA	NA	NA
NA	sgSHISA4_4	NA	NA	NA	NA
NA	sgSHLD2_1	NA	NA	NA	NA
NA	sgSHLD2_2	NA	NA	NA	NA
NA	sgSHMT1_2	NA	NA	NA	NA
NA	sgSHOC2_1	NA	NA	NA	NA
NA	sgSHQ1_1	NA	NA	NA	NA
NA	sgSIGLEC11_1	NA	NA	NA	NA
NA	sgSIGLEC11_2	NA	NA	NA	NA
NA	sgSIGLEC11_4	NA	NA	NA	NA
NA	sgSIGLEC6_1	NA	NA	NA	NA
NA	sgSIGLEC6_2	NA	NA	NA	NA
NA	sgSIGLEC7_1	NA	NA	NA	NA
NA	sgSIGLEC7_2	NA	NA	NA	NA
NA	sgSIGLEC8_2	NA	NA	NA	NA
NA	sgSIGLEC9_1	NA	NA	NA	NA
NA	sgSIK2_1	NA	NA	NA	NA
NA	sgSIMC1_3	NA	NA	NA	NA
NA	sgSIN3A_2	NA	NA	NA	NA
NA	sgSIPA1L2_3	NA	NA	NA	NA
NA	sgSIRPB1_2	NA	NA	NA	NA
NA	sgSIRPB1_4	NA	NA	NA	NA
NA	sgSIRT5_4	NA	NA	NA	NA
NA	sgSIRT6_1	NA	NA	NA	NA
NA	sgSIX1_3	NA	NA	NA	NA
NA	sgSIX2_1	NA	NA	NA	NA
NA	sgSIX6_1	NA	NA	NA	NA
NA	sgSKOR1_2	NA	NA	NA	NA
NA	sgSKP1_1	NA	NA	NA	NA
NA	sgSKP1_3	NA	NA	NA	NA
NA	sgSKP2_2	NA	NA	NA	NA
NA	sgSKP2_4	NA	NA	NA	NA
NA	sgSLC10A1_1	NA	NA	NA	NA
NA	sgSLC10A3_1	NA	NA	NA	NA
NA	sgSLC10A5_2	NA	NA	NA	NA
NA	sgSLC10A6_2	NA	NA	NA	NA
NA	sgSLC12A3_1	NA	NA	NA	NA
NA	sgSLC12A4_1	NA	NA	NA	NA
NA	sgSLC14A2_1	NA	NA	NA	NA
NA	sgSLC16A1_3	NA	NA	NA	NA
NA	sgSLC16A6_1	NA	NA	NA	NA
NA	sgSLC17A2_2	NA	NA	NA	NA
NA	sgSLC19A3_4	NA	NA	NA	NA
NA	sgSLC1A5_2	NA	NA	NA	NA
NA	sgSLC1A5_4	NA	NA	NA	NA
NA	sgSLC22A12_3	NA	NA	NA	NA
NA	sgSLC22A25_4	NA	NA	NA	NA
NA	sgSLC22A4_2	NA	NA	NA	NA
NA	sgSLC22A5_3	NA	NA	NA	NA
NA	sgSLC23A1_3	NA	NA	NA	NA
NA	sgSLC24A4_1	NA	NA	NA	NA
NA	sgSLC25A13_1	NA	NA	NA	NA
NA	sgSLC25A14_2	NA	NA	NA	NA
NA	sgSLC25A14_3	NA	NA	NA	NA
NA	sgSLC25A14_4	NA	NA	NA	NA
NA	sgSLC25A15_1	NA	NA	NA	NA
NA	sgSLC25A18_3	NA	NA	NA	NA
NA	sgSLC25A19_2	NA	NA	NA	NA
NA	sgSLC25A1_1	NA	NA	NA	NA
NA	sgSLC25A1_2	NA	NA	NA	NA
NA	sgSLC25A1_4	NA	NA	NA	NA
NA	sgSLC25A33_2	NA	NA	NA	NA
NA	sgSLC25A36_2	NA	NA	NA	NA
NA	sgSLC25A38_1	NA	NA	NA	NA
NA	sgSLC25A38_3	NA	NA	NA	NA
NA	sgSLC25A38_4	NA	NA	NA	NA
NA	sgSLC25A46_4	NA	NA	NA	NA
NA	sgSLC25A51_1	NA	NA	NA	NA
NA	sgSLC25A51_2	NA	NA	NA	NA
NA	sgSLC25A51_3	NA	NA	NA	NA
NA	sgSLC25A51_4	NA	NA	NA	NA
NA	sgSLC25A52_2	NA	NA	NA	NA
NA	sgSLC25A52_3	NA	NA	NA	NA
NA	sgSLC25A52_4	NA	NA	NA	NA
NA	sgSLC25A53_1	NA	NA	NA	NA
NA	sgSLC25A5_1	NA	NA	NA	NA
NA	sgSLC25A5_2	NA	NA	NA	NA
NA	sgSLC25A5_4	NA	NA	NA	NA
NA	sgSLC26A5_2	NA	NA	NA	NA
NA	sgSLC29A2_4	NA	NA	NA	NA
NA	sgSLC29A4_1	NA	NA	NA	NA
NA	sgSLC29A4_4	NA	NA	NA	NA
NA	sgSLC2A14_1	NA	NA	NA	NA
NA	sgSLC2A14_3	NA	NA	NA	NA
NA	sgSLC2A14_4	NA	NA	NA	NA
NA	sgSLC2A3_1	NA	NA	NA	NA
NA	sgSLC2A3_2	NA	NA	NA	NA
NA	sgSLC2A3_3	NA	NA	NA	NA
NA	sgSLC2A4_1	NA	NA	NA	NA
NA	sgSLC2A6_4	NA	NA	NA	NA
NA	sgSLC2A9_2	NA	NA	NA	NA
NA	sgSLC30A5_2	NA	NA	NA	NA
NA	sgSLC31A1_3	NA	NA	NA	NA
NA	sgSLC31A1_4	NA	NA	NA	NA
NA	sgSLC34A2_2	NA	NA	NA	NA
NA	sgSLC35B1_1	NA	NA	NA	NA
NA	sgSLC35B3_1	NA	NA	NA	NA
NA	sgSLC35E2B_2	NA	NA	NA	NA
NA	sgSLC35F5_3	NA	NA	NA	NA
NA	sgSLC35G3_1	NA	NA	NA	NA
NA	sgSLC35G3_2	NA	NA	NA	NA
NA	sgSLC35G3_3	NA	NA	NA	NA
NA	sgSLC35G3_4	NA	NA	NA	NA
NA	sgSLC35G4_2	NA	NA	NA	NA
NA	sgSLC35G4_4	NA	NA	NA	NA
NA	sgSLC35G5_1	NA	NA	NA	NA
NA	sgSLC35G5_2	NA	NA	NA	NA
NA	sgSLC35G5_3	NA	NA	NA	NA
NA	sgSLC35G6_1	NA	NA	NA	NA
NA	sgSLC35G6_3	NA	NA	NA	NA
NA	sgSLC35G6_4	NA	NA	NA	NA
NA	sgSLC37A2_1	NA	NA	NA	NA
NA	sgSLC37A4_2	NA	NA	NA	NA
NA	sgSLC38A2_2	NA	NA	NA	NA
NA	sgSLC38A5_2	NA	NA	NA	NA
NA	sgSLC38A7_1	NA	NA	NA	NA
NA	sgSLC39A14_4	NA	NA	NA	NA
NA	sgSLC3A1_1	NA	NA	NA	NA
NA	sgSLC41A3_2	NA	NA	NA	NA
NA	sgSLC46A1_1	NA	NA	NA	NA
NA	sgSLC52A1_4	NA	NA	NA	NA
NA	sgSLC52A2_1	NA	NA	NA	NA
NA	sgSLC52A2_2	NA	NA	NA	NA
NA	sgSLC52A2_3	NA	NA	NA	NA
NA	sgSLC5A12_2	NA	NA	NA	NA
NA	sgSLC5A1_2	NA	NA	NA	NA
NA	sgSLC5A2_2	NA	NA	NA	NA
NA	sgSLC5A4_4	NA	NA	NA	NA
NA	sgSLC6A12_2	NA	NA	NA	NA
NA	sgSLC6A13_1	NA	NA	NA	NA
NA	sgSLC6A5_1	NA	NA	NA	NA
NA	sgSLC6A6_4	NA	NA	NA	NA
NA	sgSLC6A8_3	NA	NA	NA	NA
NA	sgSLC6A8_4	NA	NA	NA	NA
NA	sgSLC7A13_3	NA	NA	NA	NA
NA	sgSLC7A1_1	NA	NA	NA	NA
NA	sgSLC7A1_4	NA	NA	NA	NA
NA	sgSLC7A5_4	NA	NA	NA	NA
NA	sgSLC8A2_4	NA	NA	NA	NA
NA	sgSLC9B1_1	NA	NA	NA	NA
NA	sgSLC9B1_2	NA	NA	NA	NA
NA	sgSLCO1B1_3	NA	NA	NA	NA
NA	sgSLCO2A1_4	NA	NA	NA	NA
NA	sgSLF2_4	NA	NA	NA	NA
NA	sgSLFN11_1	NA	NA	NA	NA
NA	sgSLFN12L_3	NA	NA	NA	NA
NA	sgSLFN12_3	NA	NA	NA	NA
NA	sgSLFN12_4	NA	NA	NA	NA
NA	sgSLIT3_1	NA	NA	NA	NA
NA	sgSLITRK6_1	NA	NA	NA	NA
NA	sgSLX9_1	NA	NA	NA	NA
NA	sgSMAD5_3	NA	NA	NA	NA
NA	sgSMAGP_2	NA	NA	NA	NA
NA	sgSMARCE1_1	NA	NA	NA	NA
NA	sgSMC1A_3	NA	NA	NA	NA
NA	sgSMCO4_2	NA	NA	NA	NA
NA	sgSMCP_1	NA	NA	NA	NA
NA	sgSMCP_4	NA	NA	NA	NA
NA	sgSMG1_1	NA	NA	NA	NA
NA	sgSMG5_2	NA	NA	NA	NA
NA	sgSMIM10L1_4	NA	NA	NA	NA
NA	sgSMIM10L2A_1	NA	NA	NA	NA
NA	sgSMIM10L2B_2	NA	NA	NA	NA
NA	sgSMIM10L3_1	NA	NA	NA	NA
NA	sgSMIM10L3_2	NA	NA	NA	NA
NA	sgSMIM10L3_4	NA	NA	NA	NA
NA	sgSMIM11_3	NA	NA	NA	NA
NA	sgSMIM12_3	NA	NA	NA	NA
NA	sgSMIM13_1	NA	NA	NA	NA
NA	sgSMIM22_4	NA	NA	NA	NA
NA	sgSMIM24_1	NA	NA	NA	NA
NA	sgSMIM24_3	NA	NA	NA	NA
NA	sgSMIM24_4	NA	NA	NA	NA
NA	sgSMIM30_1	NA	NA	NA	NA
NA	sgSMIM40_3	NA	NA	NA	NA
NA	sgSMIM41_2	NA	NA	NA	NA
NA	sgSMIM43_1	NA	NA	NA	NA
NA	sgSMIM46_2	NA	NA	NA	NA
NA	sgSMIM47_2	NA	NA	NA	NA
NA	sgSMPD4_1	NA	NA	NA	NA
NA	sgSMPD4_2	NA	NA	NA	NA
NA	sgSMPD4_3	NA	NA	NA	NA
NA	sgSMPD4_4	NA	NA	NA	NA
NA	sgSMPX_3	NA	NA	NA	NA
NA	sgSMR3A_2	NA	NA	NA	NA
NA	sgSMR3B_2	NA	NA	NA	NA
NA	sgSMR3B_4	NA	NA	NA	NA
NA	sgSMS_2	NA	NA	NA	NA
NA	sgSMS_4	NA	NA	NA	NA
NA	sgSMU1_1	NA	NA	NA	NA
NA	sgSNAPC5_4	NA	NA	NA	NA
NA	sgSNF8_3	NA	NA	NA	NA
NA	sgSNRNP27_1	NA	NA	NA	NA
NA	sgSNRPA1_2	NA	NA	NA	NA
NA	sgSNRPB2_2	NA	NA	NA	NA
NA	sgSNRPB2_4	NA	NA	NA	NA
NA	sgSNRPB_1	NA	NA	NA	NA
NA	sgSNRPC_2	NA	NA	NA	NA
NA	sgSNRPC_3	NA	NA	NA	NA
NA	sgSNRPD1_2	NA	NA	NA	NA
NA	sgSNRPD2_1	NA	NA	NA	NA
NA	sgSNRPD2_3	NA	NA	NA	NA
NA	sgSNRPE_2	NA	NA	NA	NA
NA	sgSNRPF_3	NA	NA	NA	NA
NA	sgSNRPF_4	NA	NA	NA	NA
NA	sgSNRPN_3	NA	NA	NA	NA
NA	sgSNTB2_2	NA	NA	NA	NA
NA	sgSNUPN_1	NA	NA	NA	NA
NA	sgSNURF_3	NA	NA	NA	NA
NA	sgSNW1_3	NA	NA	NA	NA
NA	sgSNW1_4	NA	NA	NA	NA
NA	sgSNX19_2	NA	NA	NA	NA
NA	sgSNX19_3	NA	NA	NA	NA
NA	sgSNX29_4	NA	NA	NA	NA
NA	sgSNX33_1	NA	NA	NA	NA
NA	sgSNX5_4	NA	NA	NA	NA
NA	sgSNX6_2	NA	NA	NA	NA
NA	sgSNX6_4	NA	NA	NA	NA
NA	sgSNX7_1	NA	NA	NA	NA
NA	sgSOAT1_3	NA	NA	NA	NA
NA	sgSOCS5_1	NA	NA	NA	NA
NA	sgSOCS5_2	NA	NA	NA	NA
NA	sgSOCS5_3	NA	NA	NA	NA
NA	sgSOCS5_4	NA	NA	NA	NA
NA	sgSORBS1_2	NA	NA	NA	NA
NA	sgSOX10_4	NA	NA	NA	NA
NA	sgSOX15_4	NA	NA	NA	NA
NA	sgSOX18_4	NA	NA	NA	NA
NA	sgSOX1_2	NA	NA	NA	NA
NA	sgSOX3_4	NA	NA	NA	NA
NA	sgSOX4_1	NA	NA	NA	NA
NA	sgSOX7_2	NA	NA	NA	NA
NA	sgSOX7_3	NA	NA	NA	NA
NA	sgSOX8_1	NA	NA	NA	NA
NA	sgSP100_1	NA	NA	NA	NA
NA	sgSP140L_2	NA	NA	NA	NA
NA	sgSP3_2	NA	NA	NA	NA
NA	sgSP3_3	NA	NA	NA	NA
NA	sgSPACA3_3	NA	NA	NA	NA
NA	sgSPAG11A_1	NA	NA	NA	NA
NA	sgSPAG11A_2	NA	NA	NA	NA
NA	sgSPAG11A_3	NA	NA	NA	NA
NA	sgSPAG5_3	NA	NA	NA	NA
NA	sgSPAG7_1	NA	NA	NA	NA
NA	sgSPANXB1_1	NA	NA	NA	NA
NA	sgSPANXN1_1	NA	NA	NA	NA
NA	sgSPANXN1_2	NA	NA	NA	NA
NA	sgSPANXN2_2	NA	NA	NA	NA
NA	sgSPANXN3_2	NA	NA	NA	NA
NA	sgSPANXN5_1	NA	NA	NA	NA
NA	sgSPAST_4	NA	NA	NA	NA
NA	sgSPATA17_3	NA	NA	NA	NA
NA	sgSPATA22_4	NA	NA	NA	NA
NA	sgSPATA31A1_1	NA	NA	NA	NA
NA	sgSPATA31A1_2	NA	NA	NA	NA
NA	sgSPATA31A1_3	NA	NA	NA	NA
NA	sgSPATA31A3_2	NA	NA	NA	NA
NA	sgSPATA31A6_1	NA	NA	NA	NA
NA	sgSPATA31A6_2	NA	NA	NA	NA
NA	sgSPATA31A6_3	NA	NA	NA	NA
NA	sgSPATA31A7_1	NA	NA	NA	NA
NA	sgSPATA31C1_1	NA	NA	NA	NA
NA	sgSPATA31C1_2	NA	NA	NA	NA
NA	sgSPATA31C1_3	NA	NA	NA	NA
NA	sgSPATA31C2_1	NA	NA	NA	NA
NA	sgSPATA31C2_4	NA	NA	NA	NA
NA	sgSPATA31D1_2	NA	NA	NA	NA
NA	sgSPATA31D1_4	NA	NA	NA	NA
NA	sgSPATA31E1_4	NA	NA	NA	NA
NA	sgSPATA31F1_1	NA	NA	NA	NA
NA	sgSPATA31F1_2	NA	NA	NA	NA
NA	sgSPATA31F1_4	NA	NA	NA	NA
NA	sgSPATA31F3_2	NA	NA	NA	NA
NA	sgSPATA31G1_4	NA	NA	NA	NA
NA	sgSPATA31H1_3	NA	NA	NA	NA
NA	sgSPATA32_1	NA	NA	NA	NA
NA	sgSPATA46_4	NA	NA	NA	NA
NA	sgSPATS2L_2	NA	NA	NA	NA
NA	sgSPCS2_3	NA	NA	NA	NA
NA	sgSPDL1_3	NA	NA	NA	NA
NA	sgSPDYA_1	NA	NA	NA	NA
NA	sgSPDYA_4	NA	NA	NA	NA
NA	sgSPDYE12_1	NA	NA	NA	NA
NA	sgSPDYE12_2	NA	NA	NA	NA
NA	sgSPDYE1_2	NA	NA	NA	NA
NA	sgSPDYE1_3	NA	NA	NA	NA
NA	sgSPDYE1_4	NA	NA	NA	NA
NA	sgSPDYE3_1	NA	NA	NA	NA
NA	sgSPDYE3_2	NA	NA	NA	NA
NA	sgSPDYE4_3	NA	NA	NA	NA
NA	sgSPDYE4_4	NA	NA	NA	NA
NA	sgSPECC1_4	NA	NA	NA	NA
NA	sgSPEM2_2	NA	NA	NA	NA
NA	sgSPIB_3	NA	NA	NA	NA
NA	sgSPIC_1	NA	NA	NA	NA
NA	sgSPIC_4	NA	NA	NA	NA
NA	sgSPIN2A_1	NA	NA	NA	NA
NA	sgSPIN2B_1	NA	NA	NA	NA
NA	sgSPINK13_3	NA	NA	NA	NA
NA	sgSPINK9_4	NA	NA	NA	NA
NA	sgSPINT2_3	NA	NA	NA	NA
NA	sgSPINT3_4	NA	NA	NA	NA
NA	sgSPINT4_2	NA	NA	NA	NA
NA	sgSPMAP1_3	NA	NA	NA	NA
NA	sgSPMAP2_1	NA	NA	NA	NA
NA	sgSPMIP5_1	NA	NA	NA	NA
NA	sgSPN_1	NA	NA	NA	NA
NA	sgSPOCK3_3	NA	NA	NA	NA
NA	sgSPPL2B_3	NA	NA	NA	NA
NA	sgSPPL2C_4	NA	NA	NA	NA
NA	sgSPPL3_1	NA	NA	NA	NA
NA	sgSPPL3_4	NA	NA	NA	NA
NA	sgSPRING1_3	NA	NA	NA	NA
NA	sgSPRN_3	NA	NA	NA	NA
NA	sgSPRR1A_2	NA	NA	NA	NA
NA	sgSPRR1A_4	NA	NA	NA	NA
NA	sgSPRR1B_1	NA	NA	NA	NA
NA	sgSPRR1B_2	NA	NA	NA	NA
NA	sgSPRR2D_1	NA	NA	NA	NA
NA	sgSPRR5_3	NA	NA	NA	NA
NA	sgSRD5A1_1	NA	NA	NA	NA
NA	sgSRD5A1_3	NA	NA	NA	NA
NA	sgSRD5A1_4	NA	NA	NA	NA
NA	sgSRD5A2_2	NA	NA	NA	NA
NA	sgSRD5A3_3	NA	NA	NA	NA
NA	sgSREBF1_1	NA	NA	NA	NA
NA	sgSREK1IP1_3	NA	NA	NA	NA
NA	sgSREK1IP1_4	NA	NA	NA	NA
NA	sgSRGAP2B_2	NA	NA	NA	NA
NA	sgSRGAP2C_1	NA	NA	NA	NA
NA	sgSRGAP2C_2	NA	NA	NA	NA
NA	sgSRGAP2C_3	NA	NA	NA	NA
NA	sgSRGAP2_2	NA	NA	NA	NA
NA	sgSRP14_2	NA	NA	NA	NA
NA	sgSRP14_3	NA	NA	NA	NA
NA	sgSRP14_4	NA	NA	NA	NA
NA	sgSRP68_1	NA	NA	NA	NA
NA	sgSRP72_2	NA	NA	NA	NA
NA	sgSRP72_3	NA	NA	NA	NA
NA	sgSRP72_4	NA	NA	NA	NA
NA	sgSRPK2_2	NA	NA	NA	NA
NA	sgSRPK2_3	NA	NA	NA	NA
NA	sgSRPRA_2	NA	NA	NA	NA
NA	sgSRRM1_4	NA	NA	NA	NA
NA	sgSRSF11_2	NA	NA	NA	NA
NA	sgSRSF11_4	NA	NA	NA	NA
NA	sgSRSF12_2	NA	NA	NA	NA
NA	sgSRSF1_2	NA	NA	NA	NA
NA	sgSRSF2_2	NA	NA	NA	NA
NA	sgSRSF2_4	NA	NA	NA	NA
NA	sgSRSF3_1	NA	NA	NA	NA
NA	sgSRSF3_4	NA	NA	NA	NA
NA	sgSRSF5_3	NA	NA	NA	NA
NA	sgSRSF8_1	NA	NA	NA	NA
NA	sgSRSF8_2	NA	NA	NA	NA
NA	sgSRSF8_3	NA	NA	NA	NA
NA	sgSRSF8_4	NA	NA	NA	NA
NA	sgSRSF9_3	NA	NA	NA	NA
NA	sgSRSF9_4	NA	NA	NA	NA
NA	sgSSBP3_1	NA	NA	NA	NA
NA	sgSSBP3_2	NA	NA	NA	NA
NA	sgSSBP4_1	NA	NA	NA	NA
NA	sgSSBP4_2	NA	NA	NA	NA
NA	sgSSB_2	NA	NA	NA	NA
NA	sgSSB_3	NA	NA	NA	NA
NA	sgSSB_4	NA	NA	NA	NA
NA	sgSSC4D_1	NA	NA	NA	NA
NA	sgSSC5D_4	NA	NA	NA	NA
NA	sgSSNA1_1	NA	NA	NA	NA
NA	sgSSNA1_2	NA	NA	NA	NA
NA	sgSSR3_2	NA	NA	NA	NA
NA	sgSSR3_4	NA	NA	NA	NA
NA	sgSSRP1_4	NA	NA	NA	NA
NA	sgSSTR2_1	NA	NA	NA	NA
NA	sgSSTR3_1	NA	NA	NA	NA
NA	sgSSTR3_4	NA	NA	NA	NA
NA	sgSSTR5_4	NA	NA	NA	NA
NA	sgSSU72L1_1	NA	NA	NA	NA
NA	sgSSU72L6_1	NA	NA	NA	NA
NA	sgSSU72L6_2	NA	NA	NA	NA
NA	sgSSU72L6_4	NA	NA	NA	NA
NA	sgSSU72_1	NA	NA	NA	NA
NA	sgSSX1_1	NA	NA	NA	NA
NA	sgSSX1_3	NA	NA	NA	NA
NA	sgSSX3_1	NA	NA	NA	NA
NA	sgSSX3_2	NA	NA	NA	NA
NA	sgSSX3_4	NA	NA	NA	NA
NA	sgSSX5_1	NA	NA	NA	NA
NA	sgSSX5_4	NA	NA	NA	NA
NA	sgSSX7_1	NA	NA	NA	NA
NA	sgSSX7_3	NA	NA	NA	NA
NA	sgSSX7_4	NA	NA	NA	NA
NA	sgST13_3	NA	NA	NA	NA
NA	sgST3GAL1_2	NA	NA	NA	NA
NA	sgST6GAL2_1	NA	NA	NA	NA
NA	sgST6GALNAC3_2	NA	NA	NA	NA
NA	sgSTAG3_1	NA	NA	NA	NA
NA	sgSTAM_3	NA	NA	NA	NA
NA	sgSTAP1_2	NA	NA	NA	NA
NA	sgSTARD3_2	NA	NA	NA	NA
NA	sgSTARD4_1	NA	NA	NA	NA
NA	sgSTATH_4	NA	NA	NA	NA
NA	sgSTAU1_4	NA	NA	NA	NA
NA	sgSTEAP1B_2	NA	NA	NA	NA
NA	sgSTEAP1_2	NA	NA	NA	NA
NA	sgSTEAP1_4	NA	NA	NA	NA
NA	sgSTEEP1_2	NA	NA	NA	NA
NA	sgSTEEP1_4	NA	NA	NA	NA
NA	sgSTIM1_4	NA	NA	NA	NA
NA	sgSTIMATE_4	NA	NA	NA	NA
NA	sgSTIP1_4	NA	NA	NA	NA
NA	sgSTK16_3	NA	NA	NA	NA
NA	sgSTK24_1	NA	NA	NA	NA
NA	sgSTK24_4	NA	NA	NA	NA
NA	sgSTK32A_1	NA	NA	NA	NA
NA	sgSTK32C_1	NA	NA	NA	NA
NA	sgSTK3_2	NA	NA	NA	NA
NA	sgSTMN1_2	NA	NA	NA	NA
NA	sgSTMN1_3	NA	NA	NA	NA
NA	sgSTMN2_1	NA	NA	NA	NA
NA	sgSTMN2_2	NA	NA	NA	NA
NA	sgSTMN2_4	NA	NA	NA	NA
NA	sgSTMN3_4	NA	NA	NA	NA
NA	sgSTMP1_3	NA	NA	NA	NA
NA	sgSTRA8_3	NA	NA	NA	NA
NA	sgSTRADB_4	NA	NA	NA	NA
NA	sgSTRAP_1	NA	NA	NA	NA
NA	sgSTRAP_4	NA	NA	NA	NA
NA	sgSTRC_2	NA	NA	NA	NA
NA	sgSTRC_3	NA	NA	NA	NA
NA	sgSTRC_4	NA	NA	NA	NA
NA	sgSTRN4_2	NA	NA	NA	NA
NA	sgSTRN_1	NA	NA	NA	NA
NA	sgSTS_3	NA	NA	NA	NA
NA	sgSTX18_1	NA	NA	NA	NA
NA	sgSTX18_3	NA	NA	NA	NA
NA	sgSTX1A_2	NA	NA	NA	NA
NA	sgSTX1B_1	NA	NA	NA	NA
NA	sgSTX8_3	NA	NA	NA	NA
NA	sgSUB1_1	NA	NA	NA	NA
NA	sgSUB1_2	NA	NA	NA	NA
NA	sgSUCLA2_1	NA	NA	NA	NA
NA	sgSUCLA2_4	NA	NA	NA	NA
NA	sgSUCLG2_4	NA	NA	NA	NA
NA	sgSUDS3_1	NA	NA	NA	NA
NA	sgSUGCT_1	NA	NA	NA	NA
NA	sgSUGCT_3	NA	NA	NA	NA
NA	sgSUGT1_1	NA	NA	NA	NA
NA	sgSULT1A1_1	NA	NA	NA	NA
NA	sgSULT1A1_3	NA	NA	NA	NA
NA	sgSULT1A2_1	NA	NA	NA	NA
NA	sgSULT1A2_2	NA	NA	NA	NA
NA	sgSULT1C2_1	NA	NA	NA	NA
NA	sgSULT1C4_2	NA	NA	NA	NA
NA	sgSULT4A1_3	NA	NA	NA	NA
NA	sgSUN5_4	NA	NA	NA	NA
NA	sgSUPT16H_1	NA	NA	NA	NA
NA	sgSUPT16H_2	NA	NA	NA	NA
NA	sgSUPT16H_4	NA	NA	NA	NA
NA	sgSUPT20HL1_1	NA	NA	NA	NA
NA	sgSUPT20HL1_3	NA	NA	NA	NA
NA	sgSUPT20HL1_4	NA	NA	NA	NA
NA	sgSUPT20HL2_1	NA	NA	NA	NA
NA	sgSUPT20HL2_2	NA	NA	NA	NA
NA	sgSUPT20H_1	NA	NA	NA	NA
NA	sgSUPT4H1_2	NA	NA	NA	NA
NA	sgSUSD4_1	NA	NA	NA	NA
NA	sgSUZ12_2	NA	NA	NA	NA
NA	sgSUZ12_3	NA	NA	NA	NA
NA	sgSVEP1_1	NA	NA	NA	NA
NA	sgSVIP_1	NA	NA	NA	NA
NA	sgSYCE2_3	NA	NA	NA	NA
NA	sgSYDE1_1	NA	NA	NA	NA
NA	sgSYK_1	NA	NA	NA	NA
NA	sgSYMPK_4	NA	NA	NA	NA
NA	sgSYNCRIP_1	NA	NA	NA	NA
NA	sgSYNCRIP_4	NA	NA	NA	NA
NA	sgSYNC_1	NA	NA	NA	NA
NA	sgSYNGR2_1	NA	NA	NA	NA
NA	sgSYNGR2_2	NA	NA	NA	NA
NA	sgSYNGR2_4	NA	NA	NA	NA
NA	sgSYNGR3_2	NA	NA	NA	NA
NA	sgSYNPO_2	NA	NA	NA	NA
NA	sgSYT15B_1	NA	NA	NA	NA
NA	sgSYT15_1	NA	NA	NA	NA
NA	sgSYT15_2	NA	NA	NA	NA
NA	sgSYTL5_1	NA	NA	NA	NA
NA	sgSZRD1_1	NA	NA	NA	NA
NA	sgTAAR6_1	NA	NA	NA	NA
NA	sgTAAR6_3	NA	NA	NA	NA
NA	sgTAAR8_3	NA	NA	NA	NA
NA	sgTADA1_2	NA	NA	NA	NA
NA	sgTAF11L11_1	NA	NA	NA	NA
NA	sgTAF11L11_4	NA	NA	NA	NA
NA	sgTAF11L12_1	NA	NA	NA	NA
NA	sgTAF11L12_2	NA	NA	NA	NA
NA	sgTAF11L12_3	NA	NA	NA	NA
NA	sgTAF11L12_4	NA	NA	NA	NA
NA	sgTAF11L14_3	NA	NA	NA	NA
NA	sgTAF11L2_1	NA	NA	NA	NA
NA	sgTAF11L2_3	NA	NA	NA	NA
NA	sgTAF11L8_1	NA	NA	NA	NA
NA	sgTAF11L8_2	NA	NA	NA	NA
NA	sgTAF1B_4	NA	NA	NA	NA
NA	sgTAF1L_1	NA	NA	NA	NA
NA	sgTAF1L_2	NA	NA	NA	NA
NA	sgTAF1L_4	NA	NA	NA	NA
NA	sgTAF1_1	NA	NA	NA	NA
NA	sgTAF1_2	NA	NA	NA	NA
NA	sgTAF4B_3	NA	NA	NA	NA
NA	sgTAF4_2	NA	NA	NA	NA
NA	sgTAF5L_2	NA	NA	NA	NA
NA	sgTAF9_1	NA	NA	NA	NA
NA	sgTAF9_2	NA	NA	NA	NA
NA	sgTAF9_3	NA	NA	NA	NA
NA	sgTAF9_4	NA	NA	NA	NA
NA	sgTAGLN2_1	NA	NA	NA	NA
NA	sgTAL1_3	NA	NA	NA	NA
NA	sgTANGO2_1	NA	NA	NA	NA
NA	sgTANGO2_4	NA	NA	NA	NA
NA	sgTAOK1_1	NA	NA	NA	NA
NA	sgTARBP2_3	NA	NA	NA	NA
NA	sgTARDBP_1	NA	NA	NA	NA
NA	sgTARDBP_2	NA	NA	NA	NA
NA	sgTARDBP_3	NA	NA	NA	NA
NA	sgTARS2_3	NA	NA	NA	NA
NA	sgTARS2_4	NA	NA	NA	NA
NA	sgTARS3_3	NA	NA	NA	NA
NA	sgTAS2R19_1	NA	NA	NA	NA
NA	sgTAS2R19_2	NA	NA	NA	NA
NA	sgTAS2R30_2	NA	NA	NA	NA
NA	sgTAS2R30_3	NA	NA	NA	NA
NA	sgTAS2R31_1	NA	NA	NA	NA
NA	sgTAS2R31_4	NA	NA	NA	NA
NA	sgTAS2R50_2	NA	NA	NA	NA
NA	sgTASOR_3	NA	NA	NA	NA
NA	sgTATDN1_3	NA	NA	NA	NA
NA	sgTBC1D10A_3	NA	NA	NA	NA
NA	sgTBC1D17_1	NA	NA	NA	NA
NA	sgTBC1D20_2	NA	NA	NA	NA
NA	sgTBC1D26_1	NA	NA	NA	NA
NA	sgTBC1D26_3	NA	NA	NA	NA
NA	sgTBC1D26_4	NA	NA	NA	NA
NA	sgTBC1D28_2	NA	NA	NA	NA
NA	sgTBC1D28_4	NA	NA	NA	NA
NA	sgTBC1D30_4	NA	NA	NA	NA
NA	sgTBC1D32_2	NA	NA	NA	NA
NA	sgTBC1D3E_1	NA	NA	NA	NA
NA	sgTBC1D5_3	NA	NA	NA	NA
NA	sgTBC1D9B_3	NA	NA	NA	NA
NA	sgTBCCD1_1	NA	NA	NA	NA
NA	sgTBCCD1_3	NA	NA	NA	NA
NA	sgTBL1XR1_2	NA	NA	NA	NA
NA	sgTBL1XR1_3	NA	NA	NA	NA
NA	sgTBL1X_1	NA	NA	NA	NA
NA	sgTBL1X_2	NA	NA	NA	NA
NA	sgTBL1Y_2	NA	NA	NA	NA
NA	sgTBL1Y_3	NA	NA	NA	NA
NA	sgTBL2_4	NA	NA	NA	NA
NA	sgTBP_2	NA	NA	NA	NA
NA	sgTBX18_3	NA	NA	NA	NA
NA	sgTBX19_1	NA	NA	NA	NA
NA	sgTBX19_4	NA	NA	NA	NA
NA	sgTBX20_2	NA	NA	NA	NA
NA	sgTBX21_3	NA	NA	NA	NA
NA	sgTBX4_3	NA	NA	NA	NA
NA	sgTBX4_4	NA	NA	NA	NA
NA	sgTBXT_3	NA	NA	NA	NA
NA	sgTCAF1_4	NA	NA	NA	NA
NA	sgTCAF2_4	NA	NA	NA	NA
NA	sgTCEA1_4	NA	NA	NA	NA
NA	sgTCEAL1_4	NA	NA	NA	NA
NA	sgTCEAL2_1	NA	NA	NA	NA
NA	sgTCEAL2_3	NA	NA	NA	NA
NA	sgTCEAL3_3	NA	NA	NA	NA
NA	sgTCEAL4_1	NA	NA	NA	NA
NA	sgTCEAL5_1	NA	NA	NA	NA
NA	sgTCEAL6_1	NA	NA	NA	NA
NA	sgTCEAL6_2	NA	NA	NA	NA
NA	sgTCEAL6_4	NA	NA	NA	NA
NA	sgTCEAL7_1	NA	NA	NA	NA
NA	sgTCF21_1	NA	NA	NA	NA
NA	sgTCF24_2	NA	NA	NA	NA
NA	sgTCF7L1_4	NA	NA	NA	NA
NA	sgTCOF1_3	NA	NA	NA	NA
NA	sgTCP11X1_1	NA	NA	NA	NA
NA	sgTCP1_1	NA	NA	NA	NA
NA	sgTCTA_4	NA	NA	NA	NA
NA	sgTDG_2	NA	NA	NA	NA
NA	sgTDRD10_2	NA	NA	NA	NA
NA	sgTEAD3_4	NA	NA	NA	NA
NA	sgTEAD4_1	NA	NA	NA	NA
NA	sgTECPR1_3	NA	NA	NA	NA
NA	sgTECR_1	NA	NA	NA	NA
NA	sgTECR_3	NA	NA	NA	NA
NA	sgTECTA_2	NA	NA	NA	NA
NA	sgTEDC1_4	NA	NA	NA	NA
NA	sgTEKT1_1	NA	NA	NA	NA
NA	sgTEKT4_1	NA	NA	NA	NA
NA	sgTEKT4_2	NA	NA	NA	NA
NA	sgTEKTL1_1	NA	NA	NA	NA
NA	sgTENT4A_3	NA	NA	NA	NA
NA	sgTENT5A_2	NA	NA	NA	NA
NA	sgTENT5D_1	NA	NA	NA	NA
NA	sgTET2_1	NA	NA	NA	NA
NA	sgTEX10_1	NA	NA	NA	NA
NA	sgTEX13A_1	NA	NA	NA	NA
NA	sgTEX13B_4	NA	NA	NA	NA
NA	sgTEX13C_2	NA	NA	NA	NA
NA	sgTEX264_4	NA	NA	NA	NA
NA	sgTEX29_3	NA	NA	NA	NA
NA	sgTEX48_4	NA	NA	NA	NA
NA	sgTFAM_1	NA	NA	NA	NA
NA	sgTFB2M_3	NA	NA	NA	NA
NA	sgTFDP1_1	NA	NA	NA	NA
NA	sgTFDP1_4	NA	NA	NA	NA
NA	sgTFDP3_3	NA	NA	NA	NA
NA	sgTFF3_3	NA	NA	NA	NA
NA	sgTF_1	NA	NA	NA	NA
NA	sgTGFA_4	NA	NA	NA	NA
NA	sgTGFBR1_4	NA	NA	NA	NA
NA	sgTGFBR3_3	NA	NA	NA	NA
NA	sgTGIF1_2	NA	NA	NA	NA
NA	sgTGIF1_3	NA	NA	NA	NA
NA	sgTGM4_3	NA	NA	NA	NA
NA	sgTGM6_3	NA	NA	NA	NA
NA	sgTHAP11_1	NA	NA	NA	NA
NA	sgTHAP11_3	NA	NA	NA	NA
NA	sgTHAP12_1	NA	NA	NA	NA
NA	sgTHAP12_4	NA	NA	NA	NA
NA	sgTHAP5_4	NA	NA	NA	NA
NA	sgTHAP8_1	NA	NA	NA	NA
NA	sgTHEM4_1	NA	NA	NA	NA
NA	sgTHEMIS_1	NA	NA	NA	NA
NA	sgTHNSL1_3	NA	NA	NA	NA
NA	sgTHRAP3_1	NA	NA	NA	NA
NA	sgTHRAP3_4	NA	NA	NA	NA
NA	sgTHRB_4	NA	NA	NA	NA
NA	sgTHTPA_4	NA	NA	NA	NA
NA	sgTHYN1_4	NA	NA	NA	NA
NA	sgTIAM2_3	NA	NA	NA	NA
NA	sgTICAM1_2	NA	NA	NA	NA
NA	sgTIGD1_2	NA	NA	NA	NA
NA	sgTIGD1_3	NA	NA	NA	NA
NA	sgTIGD1_4	NA	NA	NA	NA
NA	sgTIMM13_2	NA	NA	NA	NA
NA	sgTIMM23B_1	NA	NA	NA	NA
NA	sgTIMM23B_3	NA	NA	NA	NA
NA	sgTIMM23B_4	NA	NA	NA	NA
NA	sgTIMM23_1	NA	NA	NA	NA
NA	sgTIMM23_2	NA	NA	NA	NA
NA	sgTIMM23_3	NA	NA	NA	NA
NA	sgTIMM23_4	NA	NA	NA	NA
NA	sgTIMM8B_1	NA	NA	NA	NA
NA	sgTIMM8B_2	NA	NA	NA	NA
NA	sgTIMP2_3	NA	NA	NA	NA
NA	sgTIMP4_1	NA	NA	NA	NA
NA	sgTIPIN_4	NA	NA	NA	NA
NA	sgTJAP1_2	NA	NA	NA	NA
NA	sgTJP3_3	NA	NA	NA	NA
NA	sgTKTL1_1	NA	NA	NA	NA
NA	sgTLE1_1	NA	NA	NA	NA
NA	sgTLE4_2	NA	NA	NA	NA
NA	sgTLK1_1	NA	NA	NA	NA
NA	sgTLK2_1	NA	NA	NA	NA
NA	sgTLK2_4	NA	NA	NA	NA
NA	sgTLR3_4	NA	NA	NA	NA
NA	sgTM2D3_2	NA	NA	NA	NA
NA	sgTMA16_3	NA	NA	NA	NA
NA	sgTMA7B_1	NA	NA	NA	NA
NA	sgTMA7B_2	NA	NA	NA	NA
NA	sgTMA7B_3	NA	NA	NA	NA
NA	sgTMC6_4	NA	NA	NA	NA
NA	sgTMCC3_3	NA	NA	NA	NA
NA	sgTMED10_2	NA	NA	NA	NA
NA	sgTMED10_4	NA	NA	NA	NA
NA	sgTMED2_2	NA	NA	NA	NA
NA	sgTMED2_3	NA	NA	NA	NA
NA	sgTMEM100_1	NA	NA	NA	NA
NA	sgTMEM106A_3	NA	NA	NA	NA
NA	sgTMEM109_4	NA	NA	NA	NA
NA	sgTMEM132C_2	NA	NA	NA	NA
NA	sgTMEM132C_4	NA	NA	NA	NA
NA	sgTMEM132D_1	NA	NA	NA	NA
NA	sgTMEM132D_3	NA	NA	NA	NA
NA	sgTMEM132D_4	NA	NA	NA	NA
NA	sgTMEM143_2	NA	NA	NA	NA
NA	sgTMEM14B_2	NA	NA	NA	NA
NA	sgTMEM14B_3	NA	NA	NA	NA
NA	sgTMEM14C_2	NA	NA	NA	NA
NA	sgTMEM14C_3	NA	NA	NA	NA
NA	sgTMEM154_2	NA	NA	NA	NA
NA	sgTMEM161B_2	NA	NA	NA	NA
NA	sgTMEM161B_4	NA	NA	NA	NA
NA	sgTMEM167A_2	NA	NA	NA	NA
NA	sgTMEM167B_3	NA	NA	NA	NA
NA	sgTMEM176A_2	NA	NA	NA	NA
NA	sgTMEM181_1	NA	NA	NA	NA
NA	sgTMEM191C_1	NA	NA	NA	NA
NA	sgTMEM191C_3	NA	NA	NA	NA
NA	sgTMEM212_3	NA	NA	NA	NA
NA	sgTMEM220_1	NA	NA	NA	NA
NA	sgTMEM221_1	NA	NA	NA	NA
NA	sgTMEM230_1	NA	NA	NA	NA
NA	sgTMEM230_3	NA	NA	NA	NA
NA	sgTMEM230_4	NA	NA	NA	NA
NA	sgTMEM234_1	NA	NA	NA	NA
NA	sgTMEM242_2	NA	NA	NA	NA
NA	sgTMEM244_2	NA	NA	NA	NA
NA	sgTMEM252_2	NA	NA	NA	NA
NA	sgTMEM258_1	NA	NA	NA	NA
NA	sgTMEM259_3	NA	NA	NA	NA
NA	sgTMEM270_1	NA	NA	NA	NA
NA	sgTMEM35A_3	NA	NA	NA	NA
NA	sgTMEM41A_1	NA	NA	NA	NA
NA	sgTMEM44_2	NA	NA	NA	NA
NA	sgTMEM50B_1	NA	NA	NA	NA
NA	sgTMEM54_2	NA	NA	NA	NA
NA	sgTMEM59L_3	NA	NA	NA	NA
NA	sgTMEM60_4	NA	NA	NA	NA
NA	sgTMEM65_4	NA	NA	NA	NA
NA	sgTMEM69_2	NA	NA	NA	NA
NA	sgTMEM69_4	NA	NA	NA	NA
NA	sgTMEM72_4	NA	NA	NA	NA
NA	sgTMEM74B_4	NA	NA	NA	NA
NA	sgTMEM88_3	NA	NA	NA	NA
NA	sgTMEM92_1	NA	NA	NA	NA
NA	sgTMEM92_3	NA	NA	NA	NA
NA	sgTMEM95_3	NA	NA	NA	NA
NA	sgTMEM97_1	NA	NA	NA	NA
NA	sgTMEM97_4	NA	NA	NA	NA
NA	sgTMEM98_4	NA	NA	NA	NA
NA	sgTMOD1_3	NA	NA	NA	NA
NA	sgTMOD2_1	NA	NA	NA	NA
NA	sgTMPRSS4_1	NA	NA	NA	NA
NA	sgTMSB10_3	NA	NA	NA	NA
NA	sgTMSB10_4	NA	NA	NA	NA
NA	sgTMSB15A_2	NA	NA	NA	NA
NA	sgTMSB15A_3	NA	NA	NA	NA
NA	sgTMSB15B_2	NA	NA	NA	NA
NA	sgTMSB15B_3	NA	NA	NA	NA
NA	sgTMT1A_1	NA	NA	NA	NA
NA	sgTMT1A_2	NA	NA	NA	NA
NA	sgTMT1A_3	NA	NA	NA	NA
NA	sgTMTC1_3	NA	NA	NA	NA
NA	sgTMTC4_3	NA	NA	NA	NA
NA	sgTMUB1_2	NA	NA	NA	NA
NA	sgTMX1_1	NA	NA	NA	NA
NA	sgTMX1_2	NA	NA	NA	NA
NA	sgTMX2_4	NA	NA	NA	NA
NA	sgTNFAIP1_3	NA	NA	NA	NA
NA	sgTNFRSF10B_4	NA	NA	NA	NA
NA	sgTNFRSF13B_1	NA	NA	NA	NA
NA	sgTNFRSF25_4	NA	NA	NA	NA
NA	sgTNFSF18_1	NA	NA	NA	NA
NA	sgTNIK_1	NA	NA	NA	NA
NA	sgTNIP2_2	NA	NA	NA	NA
NA	sgTNNT1_4	NA	NA	NA	NA
NA	sgTNN_2	NA	NA	NA	NA
NA	sgTNPO1_2	NA	NA	NA	NA
NA	sgTNS4_2	NA	NA	NA	NA
NA	sgTNXB_4	NA	NA	NA	NA
NA	sgTOB2_3	NA	NA	NA	NA
NA	sgTOMM22_4	NA	NA	NA	NA
NA	sgTOMM40_1	NA	NA	NA	NA
NA	sgTOMM40_2	NA	NA	NA	NA
NA	sgTOMM40_4	NA	NA	NA	NA
NA	sgTOMM5_3	NA	NA	NA	NA
NA	sgTOMM7_3	NA	NA	NA	NA
NA	sgTOR2A_2	NA	NA	NA	NA
NA	sgTOX4_2	NA	NA	NA	NA
NA	sgTOX4_4	NA	NA	NA	NA
NA	sgTP53I11_3	NA	NA	NA	NA
NA	sgTP53TG5_2	NA	NA	NA	NA
NA	sgTPD52L2_2	NA	NA	NA	NA
NA	sgTPI1_2	NA	NA	NA	NA
NA	sgTPI1_4	NA	NA	NA	NA
NA	sgTPM1_4	NA	NA	NA	NA
NA	sgTPM3_1	NA	NA	NA	NA
NA	sgTPM4_2	NA	NA	NA	NA
NA	sgTPM4_3	NA	NA	NA	NA
NA	sgTPMT_1	NA	NA	NA	NA
NA	sgTPMT_4	NA	NA	NA	NA
NA	sgTPRX1_1	NA	NA	NA	NA
NA	sgTPRX1_2	NA	NA	NA	NA
NA	sgTPRX1_3	NA	NA	NA	NA
NA	sgTPRX1_4	NA	NA	NA	NA
NA	sgTPSAB1_1	NA	NA	NA	NA
NA	sgTPSAB1_3	NA	NA	NA	NA
NA	sgTPSAB1_4	NA	NA	NA	NA
NA	sgTPSD1_2	NA	NA	NA	NA
NA	sgTPSD1_3	NA	NA	NA	NA
NA	sgTRA2A_1	NA	NA	NA	NA
NA	sgTRA2A_4	NA	NA	NA	NA
NA	sgTRADD_3	NA	NA	NA	NA
NA	sgTRAF6_1	NA	NA	NA	NA
NA	sgTRAF6_3	NA	NA	NA	NA
NA	sgTRAM1L1_4	NA	NA	NA	NA
NA	sgTRAPPC13_1	NA	NA	NA	NA
NA	sgTRAPPC13_3	NA	NA	NA	NA
NA	sgTRAPPC2L_4	NA	NA	NA	NA
NA	sgTREML2_4	NA	NA	NA	NA
NA	sgTRIM15_1	NA	NA	NA	NA
NA	sgTRIM16_2	NA	NA	NA	NA
NA	sgTRIM16_4	NA	NA	NA	NA
NA	sgTRIM33_1	NA	NA	NA	NA
NA	sgTRIM35_2	NA	NA	NA	NA
NA	sgTRIM43B_2	NA	NA	NA	NA
NA	sgTRIM43B_3	NA	NA	NA	NA
NA	sgTRIM43_2	NA	NA	NA	NA
NA	sgTRIM43_3	NA	NA	NA	NA
NA	sgTRIM48_1	NA	NA	NA	NA
NA	sgTRIM48_2	NA	NA	NA	NA
NA	sgTRIM49B_1	NA	NA	NA	NA
NA	sgTRIM49C_2	NA	NA	NA	NA
NA	sgTRIM49_1	NA	NA	NA	NA
NA	sgTRIM4_1	NA	NA	NA	NA
NA	sgTRIM50_3	NA	NA	NA	NA
NA	sgTRIM51G_2	NA	NA	NA	NA
NA	sgTRIM51_1	NA	NA	NA	NA
NA	sgTRIM51_2	NA	NA	NA	NA
NA	sgTRIM51_3	NA	NA	NA	NA
NA	sgTRIM54_4	NA	NA	NA	NA
NA	sgTRIM55_4	NA	NA	NA	NA
NA	sgTRIM59_1	NA	NA	NA	NA
NA	sgTRIM5_2	NA	NA	NA	NA
NA	sgTRIM61_2	NA	NA	NA	NA
NA	sgTRIM62_3	NA	NA	NA	NA
NA	sgTRIM64C_1	NA	NA	NA	NA
NA	sgTRIM64C_3	NA	NA	NA	NA
NA	sgTRIM64_2	NA	NA	NA	NA
NA	sgTRIM65_2	NA	NA	NA	NA
NA	sgTRIM72_3	NA	NA	NA	NA
NA	sgTRIM75_2	NA	NA	NA	NA
NA	sgTRIM75_3	NA	NA	NA	NA
NA	sgTRIM77_4	NA	NA	NA	NA
NA	sgTRIM7_3	NA	NA	NA	NA
NA	sgTRIP4_2	NA	NA	NA	NA
NA	sgTRIP6_3	NA	NA	NA	NA
NA	sgTRMT10B_2	NA	NA	NA	NA
NA	sgTRMT112_3	NA	NA	NA	NA
NA	sgTRMT11_4	NA	NA	NA	NA
NA	sgTRMT1_1	NA	NA	NA	NA
NA	sgTRNT1_2	NA	NA	NA	NA
NA	sgTRPM4_1	NA	NA	NA	NA
NA	sgTRPV5_4	NA	NA	NA	NA
NA	sgTRPV6_1	NA	NA	NA	NA
NA	sgTRPV6_4	NA	NA	NA	NA
NA	sgTRRAP_2	NA	NA	NA	NA
NA	sgTSC2_1	NA	NA	NA	NA
NA	sgTSEN15_3	NA	NA	NA	NA
NA	sgTSEN2_4	NA	NA	NA	NA
NA	sgTSGA10IP_4	NA	NA	NA	NA
NA	sgTSPAN12_2	NA	NA	NA	NA
NA	sgTSPAN19_3	NA	NA	NA	NA
NA	sgTSPAN6_2	NA	NA	NA	NA
NA	sgTSPAN9_4	NA	NA	NA	NA
NA	sgTSPYL6_2	NA	NA	NA	NA
NA	sgTSR1_1	NA	NA	NA	NA
NA	sgTSR1_3	NA	NA	NA	NA
NA	sgTSR2_3	NA	NA	NA	NA
NA	sgTSSK1B_3	NA	NA	NA	NA
NA	sgTTC14_4	NA	NA	NA	NA
NA	sgTTC4_4	NA	NA	NA	NA
NA	sgTTC5_1	NA	NA	NA	NA
NA	sgTTC9B_2	NA	NA	NA	NA
NA	sgTTC9_2	NA	NA	NA	NA
NA	sgTTLL8_1	NA	NA	NA	NA
NA	sgTTN_2	NA	NA	NA	NA
NA	sgTTPAL_4	NA	NA	NA	NA
NA	sgTUBA1A_1	NA	NA	NA	NA
NA	sgTUBA1A_4	NA	NA	NA	NA
NA	sgTUBA1C_1	NA	NA	NA	NA
NA	sgTUBA1C_3	NA	NA	NA	NA
NA	sgTUBA1C_4	NA	NA	NA	NA
NA	sgTUBA3C_1	NA	NA	NA	NA
NA	sgTUBA3C_3	NA	NA	NA	NA
NA	sgTUBA3D_1	NA	NA	NA	NA
NA	sgTUBA3D_2	NA	NA	NA	NA
NA	sgTUBA3D_4	NA	NA	NA	NA
NA	sgTUBA3E_1	NA	NA	NA	NA
NA	sgTUBA3E_2	NA	NA	NA	NA
NA	sgTUBA3E_4	NA	NA	NA	NA
NA	sgTUBA4A_3	NA	NA	NA	NA
NA	sgTUBA4A_4	NA	NA	NA	NA
NA	sgTUBA4B_1	NA	NA	NA	NA
NA	sgTUBA4B_3	NA	NA	NA	NA
NA	sgTUBB2A_4	NA	NA	NA	NA
NA	sgTUBB2B_2	NA	NA	NA	NA
NA	sgTUBB2B_3	NA	NA	NA	NA
NA	sgTUBB2B_4	NA	NA	NA	NA
NA	sgTUBB3_2	NA	NA	NA	NA
NA	sgTUBB3_3	NA	NA	NA	NA
NA	sgTUBB3_4	NA	NA	NA	NA
NA	sgTUBB4A_1	NA	NA	NA	NA
NA	sgTUBB4A_2	NA	NA	NA	NA
NA	sgTUBB4B_2	NA	NA	NA	NA
NA	sgTUBB4B_4	NA	NA	NA	NA
NA	sgTUBB6_3	NA	NA	NA	NA
NA	sgTUBB8_2	NA	NA	NA	NA
NA	sgTUBB_3	NA	NA	NA	NA
NA	sgTUBG1_2	NA	NA	NA	NA
NA	sgTUBG1_4	NA	NA	NA	NA
NA	sgTUBG2_1	NA	NA	NA	NA
NA	sgTUBG2_3	NA	NA	NA	NA
NA	sgTUFM_1	NA	NA	NA	NA
NA	sgTUFT1_1	NA	NA	NA	NA
NA	sgTUSC3_4	NA	NA	NA	NA
NA	sgTVP23B_1	NA	NA	NA	NA
NA	sgTVP23B_3	NA	NA	NA	NA
NA	sgTVP23C_2	NA	NA	NA	NA
NA	sgTVP23C_3	NA	NA	NA	NA
NA	sgTWF2_2	NA	NA	NA	NA
NA	sgTWIST2_1	NA	NA	NA	NA
NA	sgTXLNA_3	NA	NA	NA	NA
NA	sgTXLNB_3	NA	NA	NA	NA
NA	sgTXLNG_1	NA	NA	NA	NA
NA	sgTXN2_3	NA	NA	NA	NA
NA	sgTXN2_4	NA	NA	NA	NA
NA	sgTXNDC2_2	NA	NA	NA	NA
NA	sgTXNDC2_4	NA	NA	NA	NA
NA	sgTXNDC5_1	NA	NA	NA	NA
NA	sgTXNDC9_4	NA	NA	NA	NA
NA	sgTXNL4B_4	NA	NA	NA	NA
NA	sgTYRO3_1	NA	NA	NA	NA
NA	sgTYRO3_3	NA	NA	NA	NA
NA	sgTYW1_1	NA	NA	NA	NA
NA	sgTYW1_2	NA	NA	NA	NA
NA	sgTYW1_3	NA	NA	NA	NA
NA	sgU2AF1_1	NA	NA	NA	NA
NA	sgU2AF1_4	NA	NA	NA	NA
NA	sgUAP1_3	NA	NA	NA	NA
NA	sgUBA52_3	NA	NA	NA	NA
NA	sgUBA5_3	NA	NA	NA	NA
NA	sgUBAP1_4	NA	NA	NA	NA
NA	sgUBB_2	NA	NA	NA	NA
NA	sgUBB_3	NA	NA	NA	NA
NA	sgUBB_4	NA	NA	NA	NA
NA	sgUBC_1	NA	NA	NA	NA
NA	sgUBC_2	NA	NA	NA	NA
NA	sgUBC_4	NA	NA	NA	NA
NA	sgUBE2B_2	NA	NA	NA	NA
NA	sgUBE2C_1	NA	NA	NA	NA
NA	sgUBE2C_4	NA	NA	NA	NA
NA	sgUBE2D3_2	NA	NA	NA	NA
NA	sgUBE2D4_1	NA	NA	NA	NA
NA	sgUBE2D4_2	NA	NA	NA	NA
NA	sgUBE2D4_3	NA	NA	NA	NA
NA	sgUBE2E3_1	NA	NA	NA	NA
NA	sgUBE2E3_2	NA	NA	NA	NA
NA	sgUBE2E3_4	NA	NA	NA	NA
NA	sgUBE2F_1	NA	NA	NA	NA
NA	sgUBE2I_1	NA	NA	NA	NA
NA	sgUBE2L3_1	NA	NA	NA	NA
NA	sgUBE2L3_4	NA	NA	NA	NA
NA	sgUBE2L5_4	NA	NA	NA	NA
NA	sgUBE2M_1	NA	NA	NA	NA
NA	sgUBE2N_1	NA	NA	NA	NA
NA	sgUBE2N_2	NA	NA	NA	NA
NA	sgUBE2N_3	NA	NA	NA	NA
NA	sgUBE2Q2_1	NA	NA	NA	NA
NA	sgUBE2Q2_2	NA	NA	NA	NA
NA	sgUBE2Q2_3	NA	NA	NA	NA
NA	sgUBE2Q2_4	NA	NA	NA	NA
NA	sgUBE2S_1	NA	NA	NA	NA
NA	sgUBE2V1_1	NA	NA	NA	NA
NA	sgUBE2V1_4	NA	NA	NA	NA
NA	sgUBE2V2_1	NA	NA	NA	NA
NA	sgUBE2V2_4	NA	NA	NA	NA
NA	sgUBE2W_3	NA	NA	NA	NA
NA	sgUBE3A_3	NA	NA	NA	NA
NA	sgUBE3A_4	NA	NA	NA	NA
NA	sgUBFD1_3	NA	NA	NA	NA
NA	sgUBL5_1	NA	NA	NA	NA
NA	sgUBL7_3	NA	NA	NA	NA
NA	sgUBQLN4_1	NA	NA	NA	NA
NA	sgUBR7_4	NA	NA	NA	NA
NA	sgUBTFL1_4	NA	NA	NA	NA
NA	sgUBTF_4	NA	NA	NA	NA
NA	sgUBXN2B_3	NA	NA	NA	NA
NA	sgUBXN8_3	NA	NA	NA	NA
NA	sgUBXN8_4	NA	NA	NA	NA
NA	sgUFD1_4	NA	NA	NA	NA
NA	sgUGP2_3	NA	NA	NA	NA
NA	sgUGT2A3_2	NA	NA	NA	NA
NA	sgUGT2B10_1	NA	NA	NA	NA
NA	sgUGT2B10_2	NA	NA	NA	NA
NA	sgUGT2B10_4	NA	NA	NA	NA
NA	sgUGT2B11_1	NA	NA	NA	NA
NA	sgUGT2B11_4	NA	NA	NA	NA
NA	sgUGT2B17_3	NA	NA	NA	NA
NA	sgUGT2B4_2	NA	NA	NA	NA
NA	sgUGT2B4_3	NA	NA	NA	NA
NA	sgUGT2B4_4	NA	NA	NA	NA
NA	sgUGT2B7_1	NA	NA	NA	NA
NA	sgUGT2B7_2	NA	NA	NA	NA
NA	sgUGT2B7_3	NA	NA	NA	NA
NA	sgUGT2B7_4	NA	NA	NA	NA
NA	sgUHRF2_2	NA	NA	NA	NA
NA	sgUIMC1_4	NA	NA	NA	NA
NA	sgULBP1_1	NA	NA	NA	NA
NA	sgULBP2_1	NA	NA	NA	NA
NA	sgULBP2_2	NA	NA	NA	NA
NA	sgULBP2_3	NA	NA	NA	NA
NA	sgULBP3_4	NA	NA	NA	NA
NA	sgUNCX_4	NA	NA	NA	NA
NA	sgUNG_4	NA	NA	NA	NA
NA	sgUPF3B_3	NA	NA	NA	NA
NA	sgUPK3B_2	NA	NA	NA	NA
NA	sgUPK3B_4	NA	NA	NA	NA
NA	sgUQCR10_1	NA	NA	NA	NA
NA	sgUQCRB_1	NA	NA	NA	NA
NA	sgUQCRC2_2	NA	NA	NA	NA
NA	sgUQCRC2_3	NA	NA	NA	NA
NA	sgUQCRFS1_1	NA	NA	NA	NA
NA	sgUQCRFS1_2	NA	NA	NA	NA
NA	sgUQCRFS1_4	NA	NA	NA	NA
NA	sgUQCRH_1	NA	NA	NA	NA
NA	sgUQCRQ_4	NA	NA	NA	NA
NA	sgUSF1_4	NA	NA	NA	NA
NA	sgUSHBP1_2	NA	NA	NA	NA
NA	sgUSP10_2	NA	NA	NA	NA
NA	sgUSP12_1	NA	NA	NA	NA
NA	sgUSP12_2	NA	NA	NA	NA
NA	sgUSP12_3	NA	NA	NA	NA
NA	sgUSP17L13_1	NA	NA	NA	NA
NA	sgUSP17L1_1	NA	NA	NA	NA
NA	sgUSP18_1	NA	NA	NA	NA
NA	sgUSP18_2	NA	NA	NA	NA
NA	sgUSP18_3	NA	NA	NA	NA
NA	sgUSP19_1	NA	NA	NA	NA
NA	sgUSP21_2	NA	NA	NA	NA
NA	sgUSP31_3	NA	NA	NA	NA
NA	sgUSP42_4	NA	NA	NA	NA
NA	sgUSP51_2	NA	NA	NA	NA
NA	sgUSP6_1	NA	NA	NA	NA
NA	sgUSP7_1	NA	NA	NA	NA
NA	sgUSP7_4	NA	NA	NA	NA
NA	sgUSP8_3	NA	NA	NA	NA
NA	sgUSP9Y_1	NA	NA	NA	NA
NA	sgUTP14C_4	NA	NA	NA	NA
NA	sgUTP6_1	NA	NA	NA	NA
NA	sgUTP6_4	NA	NA	NA	NA
NA	sgUTS2B_3	NA	NA	NA	NA
NA	sgUTY_1	NA	NA	NA	NA
NA	sgUXS1_3	NA	NA	NA	NA
NA	sgUXS1_4	NA	NA	NA	NA
NA	sgVASH1_1	NA	NA	NA	NA
NA	sgVASH2_1	NA	NA	NA	NA
NA	sgVAT1_4	NA	NA	NA	NA
NA	sgVAX1_2	NA	NA	NA	NA
NA	sgVBP1_2	NA	NA	NA	NA
NA	sgVCX2_1	NA	NA	NA	NA
NA	sgVDAC1_3	NA	NA	NA	NA
NA	sgVDAC1_4	NA	NA	NA	NA
NA	sgVDAC3_3	NA	NA	NA	NA
NA	sgVDAC3_4	NA	NA	NA	NA
NA	sgVENTX_3	NA	NA	NA	NA
NA	sgVEZF1_2	NA	NA	NA	NA
NA	sgVEZF1_3	NA	NA	NA	NA
NA	sgVEZF1_4	NA	NA	NA	NA
NA	sgVEZT_3	NA	NA	NA	NA
NA	sgVEZT_4	NA	NA	NA	NA
NA	sgVHLL_3	NA	NA	NA	NA
NA	sgVIPR2_3	NA	NA	NA	NA
NA	sgVKORC1L1_3	NA	NA	NA	NA
NA	sgVKORC1L1_4	NA	NA	NA	NA
NA	sgVKORC1_3	NA	NA	NA	NA
NA	sgVKORC1_4	NA	NA	NA	NA
NA	sgVMA21_3	NA	NA	NA	NA
NA	sgVMAC_2	NA	NA	NA	NA
NA	sgVN1R4_2	NA	NA	NA	NA
NA	sgVN1R4_4	NA	NA	NA	NA
NA	sgVN1R5_4	NA	NA	NA	NA
NA	sgVNN1_1	NA	NA	NA	NA
NA	sgVNN2_1	NA	NA	NA	NA
NA	sgVOPP1_3	NA	NA	NA	NA
NA	sgVOPP1_4	NA	NA	NA	NA
NA	sgVPS25_1	NA	NA	NA	NA
NA	sgVPS25_2	NA	NA	NA	NA
NA	sgVPS35_3	NA	NA	NA	NA
NA	sgVPS35_4	NA	NA	NA	NA
NA	sgVPS37A_4	NA	NA	NA	NA
NA	sgVSIG10L2_2	NA	NA	NA	NA
NA	sgVSIG8_2	NA	NA	NA	NA
NA	sgVTI1A_3	NA	NA	NA	NA
NA	sgVTI1B_1	NA	NA	NA	NA
NA	sgVWA2_1	NA	NA	NA	NA
NA	sgVXN_1	NA	NA	NA	NA
NA	sgWASHC2A_1	NA	NA	NA	NA
NA	sgWASHC2A_4	NA	NA	NA	NA
NA	sgWASHC2C_1	NA	NA	NA	NA
NA	sgWASHC2C_2	NA	NA	NA	NA
NA	sgWASHC2C_3	NA	NA	NA	NA
NA	sgWASHC2C_4	NA	NA	NA	NA
NA	sgWASL_1	NA	NA	NA	NA
NA	sgWASL_4	NA	NA	NA	NA
NA	sgWBP11_4	NA	NA	NA	NA
NA	sgWBP1_1	NA	NA	NA	NA
NA	sgWBP1_2	NA	NA	NA	NA
NA	sgWBP1_4	NA	NA	NA	NA
NA	sgWBP2_1	NA	NA	NA	NA
NA	sgWDR24_3	NA	NA	NA	NA
NA	sgWDR45B_3	NA	NA	NA	NA
NA	sgWDR45B_4	NA	NA	NA	NA
NA	sgWDR45_3	NA	NA	NA	NA
NA	sgWDR53_4	NA	NA	NA	NA
NA	sgWDR59_1	NA	NA	NA	NA
NA	sgWDR5_4	NA	NA	NA	NA
NA	sgWDR70_1	NA	NA	NA	NA
NA	sgWDR70_4	NA	NA	NA	NA
NA	sgWDR77_3	NA	NA	NA	NA
NA	sgWDR82_2	NA	NA	NA	NA
NA	sgWDR82_4	NA	NA	NA	NA
NA	sgWDR97_1	NA	NA	NA	NA
NA	sgWEE2_2	NA	NA	NA	NA
NA	sgWEE2_3	NA	NA	NA	NA
NA	sgWFDC10A_2	NA	NA	NA	NA
NA	sgWFDC10A_3	NA	NA	NA	NA
NA	sgWFDC10B_2	NA	NA	NA	NA
NA	sgWFDC10B_3	NA	NA	NA	NA
NA	sgWFDC2_1	NA	NA	NA	NA
NA	sgWFDC9_1	NA	NA	NA	NA
NA	sgWHAMM_1	NA	NA	NA	NA
NA	sgWHAMM_2	NA	NA	NA	NA
NA	sgWIPF1_2	NA	NA	NA	NA
NA	sgWIPI1_3	NA	NA	NA	NA
NA	sgWIPI2_1	NA	NA	NA	NA
NA	sgWIZ_4	NA	NA	NA	NA
NA	sgWNT3_1	NA	NA	NA	NA
NA	sgWNT8B_3	NA	NA	NA	NA
NA	sgWNT9B_4	NA	NA	NA	NA
NA	sgWSCD1_1	NA	NA	NA	NA
NA	sgWTAP_4	NA	NA	NA	NA
NA	sgWWC2_3	NA	NA	NA	NA
NA	sgWWP1_4	NA	NA	NA	NA
NA	sgXAGE2_2	NA	NA	NA	NA
NA	sgXAGE2_4	NA	NA	NA	NA
NA	sgXAGE3_2	NA	NA	NA	NA
NA	sgXAGE5_2	NA	NA	NA	NA
NA	sgXAGE5_4	NA	NA	NA	NA
NA	sgXCL1_1	NA	NA	NA	NA
NA	sgXCL1_3	NA	NA	NA	NA
NA	sgXCL2_3	NA	NA	NA	NA
NA	sgXIAP_2	NA	NA	NA	NA
NA	sgXKR6_4	NA	NA	NA	NA
NA	sgXKR8_1	NA	NA	NA	NA
NA	sgXKR8_2	NA	NA	NA	NA
NA	sgXNDC1N_2	NA	NA	NA	NA
NA	sgXPO6_4	NA	NA	NA	NA
NA	sgXRCC3_2	NA	NA	NA	NA
NA	sgXRCC6_1	NA	NA	NA	NA
NA	sgXYLB_2	NA	NA	NA	NA
NA	sgYAP1_1	NA	NA	NA	NA
NA	sgYBX2_4	NA	NA	NA	NA
NA	sgYES1_4	NA	NA	NA	NA
NA	sgYPEL1_1	NA	NA	NA	NA
NA	sgYPEL3_4	NA	NA	NA	NA
NA	sgYPEL5_1	NA	NA	NA	NA
NA	sgYTHDF1_3	NA	NA	NA	NA
NA	sgYTHDF2_2	NA	NA	NA	NA
NA	sgYTHDF2_3	NA	NA	NA	NA
NA	sgYWHAE_1	NA	NA	NA	NA
NA	sgYWHAE_3	NA	NA	NA	NA
NA	sgYWHAH_3	NA	NA	NA	NA
NA	sgYWHAQ_3	NA	NA	NA	NA
NA	sgYY1AP1_2	NA	NA	NA	NA
NA	sgYY1AP1_3	NA	NA	NA	NA
NA	sgYY1AP1_4	NA	NA	NA	NA
NA	sgYY1_4	NA	NA	NA	NA
NA	sgZBBX_3	NA	NA	NA	NA
NA	sgZBTB11_3	NA	NA	NA	NA
NA	sgZBTB12_2	NA	NA	NA	NA
NA	sgZBTB12_3	NA	NA	NA	NA
NA	sgZBTB18_1	NA	NA	NA	NA
NA	sgZBTB24_3	NA	NA	NA	NA
NA	sgZBTB33_3	NA	NA	NA	NA
NA	sgZBTB3_4	NA	NA	NA	NA
NA	sgZBTB43_1	NA	NA	NA	NA
NA	sgZBTB44_4	NA	NA	NA	NA
NA	sgZBTB45_4	NA	NA	NA	NA
NA	sgZBTB48_4	NA	NA	NA	NA
NA	sgZBTB49_1	NA	NA	NA	NA
NA	sgZBTB9_2	NA	NA	NA	NA
NA	sgZC3H10_4	NA	NA	NA	NA
NA	sgZC3H11A_1	NA	NA	NA	NA
NA	sgZC3H11B_1	NA	NA	NA	NA
NA	sgZCCHC10_1	NA	NA	NA	NA
NA	sgZCCHC12_1	NA	NA	NA	NA
NA	sgZCCHC18_1	NA	NA	NA	NA
NA	sgZCCHC18_2	NA	NA	NA	NA
NA	sgZCCHC7_4	NA	NA	NA	NA
NA	sgZDHHC1_3	NA	NA	NA	NA
NA	sgZDHHC20_3	NA	NA	NA	NA
NA	sgZDHHC2_3	NA	NA	NA	NA
NA	sgZDHHC7_4	NA	NA	NA	NA
NA	sgZDHHC8_1	NA	NA	NA	NA
NA	sgZDHHC9_1	NA	NA	NA	NA
NA	sgZFAND5_1	NA	NA	NA	NA
NA	sgZFAND5_2	NA	NA	NA	NA
NA	sgZFAND5_3	NA	NA	NA	NA
NA	sgZFAND6_1	NA	NA	NA	NA
NA	sgZFAND6_4	NA	NA	NA	NA
NA	sgZFHX2_3	NA	NA	NA	NA
NA	sgZFP14_4	NA	NA	NA	NA
NA	sgZFP28_3	NA	NA	NA	NA
NA	sgZFP2_1	NA	NA	NA	NA
NA	sgZFP30_1	NA	NA	NA	NA
NA	sgZFP57_1	NA	NA	NA	NA
NA	sgZFP64_3	NA	NA	NA	NA
NA	sgZFP82_3	NA	NA	NA	NA
NA	sgZFP90_3	NA	NA	NA	NA
NA	sgZFR_2	NA	NA	NA	NA
NA	sgZFX_3	NA	NA	NA	NA
NA	sgZFX_4	NA	NA	NA	NA
NA	sgZFY_2	NA	NA	NA	NA
NA	sgZFY_3	NA	NA	NA	NA
NA	sgZFY_4	NA	NA	NA	NA
NA	sgZHX3_1	NA	NA	NA	NA
NA	sgZIC2_4	NA	NA	NA	NA
NA	sgZIC4_1	NA	NA	NA	NA
NA	sgZIC4_4	NA	NA	NA	NA
NA	sgZIK1_4	NA	NA	NA	NA
NA	sgZMAT3_1	NA	NA	NA	NA
NA	sgZMPSTE24_1	NA	NA	NA	NA
NA	sgZMYM5_4	NA	NA	NA	NA
NA	sgZMYND10_3	NA	NA	NA	NA
NA	sgZNF100_2	NA	NA	NA	NA
NA	sgZNF100_4	NA	NA	NA	NA
NA	sgZNF107_2	NA	NA	NA	NA
NA	sgZNF10_4	NA	NA	NA	NA
NA	sgZNF117_2	NA	NA	NA	NA
NA	sgZNF117_3	NA	NA	NA	NA
NA	sgZNF121_1	NA	NA	NA	NA
NA	sgZNF132_3	NA	NA	NA	NA
NA	sgZNF133_2	NA	NA	NA	NA
NA	sgZNF133_4	NA	NA	NA	NA
NA	sgZNF135_3	NA	NA	NA	NA
NA	sgZNF135_4	NA	NA	NA	NA
NA	sgZNF138_1	NA	NA	NA	NA
NA	sgZNF138_3	NA	NA	NA	NA
NA	sgZNF138_4	NA	NA	NA	NA
NA	sgZNF140_2	NA	NA	NA	NA
NA	sgZNF141_1	NA	NA	NA	NA
NA	sgZNF141_2	NA	NA	NA	NA
NA	sgZNF141_3	NA	NA	NA	NA
NA	sgZNF141_4	NA	NA	NA	NA
NA	sgZNF146_2	NA	NA	NA	NA
NA	sgZNF146_3	NA	NA	NA	NA
NA	sgZNF146_4	NA	NA	NA	NA
NA	sgZNF14_4	NA	NA	NA	NA
NA	sgZNF154_1	NA	NA	NA	NA
NA	sgZNF155_3	NA	NA	NA	NA
NA	sgZNF157_1	NA	NA	NA	NA
NA	sgZNF157_3	NA	NA	NA	NA
NA	sgZNF160_3	NA	NA	NA	NA
NA	sgZNF169_3	NA	NA	NA	NA
NA	sgZNF16_2	NA	NA	NA	NA
NA	sgZNF175_1	NA	NA	NA	NA
NA	sgZNF175_3	NA	NA	NA	NA
NA	sgZNF177_2	NA	NA	NA	NA
NA	sgZNF17_4	NA	NA	NA	NA
NA	sgZNF180_2	NA	NA	NA	NA
NA	sgZNF180_4	NA	NA	NA	NA
NA	sgZNF181_1	NA	NA	NA	NA
NA	sgZNF181_2	NA	NA	NA	NA
NA	sgZNF181_3	NA	NA	NA	NA
NA	sgZNF189_2	NA	NA	NA	NA
NA	sgZNF195_3	NA	NA	NA	NA
NA	sgZNF207_1	NA	NA	NA	NA
NA	sgZNF207_2	NA	NA	NA	NA
NA	sgZNF207_3	NA	NA	NA	NA
NA	sgZNF208_2	NA	NA	NA	NA
NA	sgZNF208_3	NA	NA	NA	NA
NA	sgZNF208_4	NA	NA	NA	NA
NA	sgZNF20_1	NA	NA	NA	NA
NA	sgZNF20_3	NA	NA	NA	NA
NA	sgZNF20_4	NA	NA	NA	NA
NA	sgZNF211_1	NA	NA	NA	NA
NA	sgZNF212_1	NA	NA	NA	NA
NA	sgZNF213_1	NA	NA	NA	NA
NA	sgZNF219_4	NA	NA	NA	NA
NA	sgZNF221_1	NA	NA	NA	NA
NA	sgZNF221_3	NA	NA	NA	NA
NA	sgZNF221_4	NA	NA	NA	NA
NA	sgZNF222_2	NA	NA	NA	NA
NA	sgZNF223_3	NA	NA	NA	NA
NA	sgZNF224_2	NA	NA	NA	NA
NA	sgZNF225_3	NA	NA	NA	NA
NA	sgZNF225_4	NA	NA	NA	NA
NA	sgZNF226_3	NA	NA	NA	NA
NA	sgZNF227_1	NA	NA	NA	NA
NA	sgZNF227_2	NA	NA	NA	NA
NA	sgZNF227_4	NA	NA	NA	NA
NA	sgZNF230_1	NA	NA	NA	NA
NA	sgZNF230_3	NA	NA	NA	NA
NA	sgZNF232_3	NA	NA	NA	NA
NA	sgZNF236_3	NA	NA	NA	NA
NA	sgZNF239_2	NA	NA	NA	NA
NA	sgZNF24_3	NA	NA	NA	NA
NA	sgZNF250_1	NA	NA	NA	NA
NA	sgZNF253_4	NA	NA	NA	NA
NA	sgZNF254_1	NA	NA	NA	NA
NA	sgZNF254_2	NA	NA	NA	NA
NA	sgZNF254_3	NA	NA	NA	NA
NA	sgZNF254_4	NA	NA	NA	NA
NA	sgZNF256_2	NA	NA	NA	NA
NA	sgZNF257_2	NA	NA	NA	NA
NA	sgZNF257_3	NA	NA	NA	NA
NA	sgZNF260_4	NA	NA	NA	NA
NA	sgZNF264_3	NA	NA	NA	NA
NA	sgZNF266_3	NA	NA	NA	NA
NA	sgZNF267_1	NA	NA	NA	NA
NA	sgZNF268_1	NA	NA	NA	NA
NA	sgZNF26_4	NA	NA	NA	NA
NA	sgZNF273_2	NA	NA	NA	NA
NA	sgZNF273_4	NA	NA	NA	NA
NA	sgZNF274_1	NA	NA	NA	NA
NA	sgZNF275_1	NA	NA	NA	NA
NA	sgZNF275_2	NA	NA	NA	NA
NA	sgZNF280A_2	NA	NA	NA	NA
NA	sgZNF280B_1	NA	NA	NA	NA
NA	sgZNF283_1	NA	NA	NA	NA
NA	sgZNF284_2	NA	NA	NA	NA
NA	sgZNF284_3	NA	NA	NA	NA
NA	sgZNF284_4	NA	NA	NA	NA
NA	sgZNF285_3	NA	NA	NA	NA
NA	sgZNF286A_3	NA	NA	NA	NA
NA	sgZNF28_1	NA	NA	NA	NA
NA	sgZNF28_2	NA	NA	NA	NA
NA	sgZNF28_3	NA	NA	NA	NA
NA	sgZNF28_4	NA	NA	NA	NA
NA	sgZNF300_2	NA	NA	NA	NA
NA	sgZNF302_1	NA	NA	NA	NA
NA	sgZNF302_3	NA	NA	NA	NA
NA	sgZNF302_4	NA	NA	NA	NA
NA	sgZNF317_3	NA	NA	NA	NA
NA	sgZNF320_1	NA	NA	NA	NA
NA	sgZNF320_2	NA	NA	NA	NA
NA	sgZNF324_2	NA	NA	NA	NA
NA	sgZNF329_1	NA	NA	NA	NA
NA	sgZNF329_3	NA	NA	NA	NA
NA	sgZNF331_2	NA	NA	NA	NA
NA	sgZNF334_1	NA	NA	NA	NA
NA	sgZNF334_2	NA	NA	NA	NA
NA	sgZNF337_3	NA	NA	NA	NA
NA	sgZNF337_4	NA	NA	NA	NA
NA	sgZNF33A_1	NA	NA	NA	NA
NA	sgZNF33A_2	NA	NA	NA	NA
NA	sgZNF33A_4	NA	NA	NA	NA
NA	sgZNF33B_2	NA	NA	NA	NA
NA	sgZNF33B_3	NA	NA	NA	NA
NA	sgZNF341_3	NA	NA	NA	NA
NA	sgZNF341_4	NA	NA	NA	NA
NA	sgZNF343_3	NA	NA	NA	NA
NA	sgZNF345_1	NA	NA	NA	NA
NA	sgZNF354B_1	NA	NA	NA	NA
NA	sgZNF35_1	NA	NA	NA	NA
NA	sgZNF35_3	NA	NA	NA	NA
NA	sgZNF35_4	NA	NA	NA	NA
NA	sgZNF362_1	NA	NA	NA	NA
NA	sgZNF37A_3	NA	NA	NA	NA
NA	sgZNF382_2	NA	NA	NA	NA
NA	sgZNF383_4	NA	NA	NA	NA
NA	sgZNF384_4	NA	NA	NA	NA
NA	sgZNF396_2	NA	NA	NA	NA
NA	sgZNF396_4	NA	NA	NA	NA
NA	sgZNF3_4	NA	NA	NA	NA
NA	sgZNF404_3	NA	NA	NA	NA
NA	sgZNF417_1	NA	NA	NA	NA
NA	sgZNF417_2	NA	NA	NA	NA
NA	sgZNF418_1	NA	NA	NA	NA
NA	sgZNF419_1	NA	NA	NA	NA
NA	sgZNF420_1	NA	NA	NA	NA
NA	sgZNF420_3	NA	NA	NA	NA
NA	sgZNF423_3	NA	NA	NA	NA
NA	sgZNF429_2	NA	NA	NA	NA
NA	sgZNF429_3	NA	NA	NA	NA
NA	sgZNF430_1	NA	NA	NA	NA
NA	sgZNF431_2	NA	NA	NA	NA
NA	sgZNF431_3	NA	NA	NA	NA
NA	sgZNF431_4	NA	NA	NA	NA
NA	sgZNF433_2	NA	NA	NA	NA
NA	sgZNF433_3	NA	NA	NA	NA
NA	sgZNF439_1	NA	NA	NA	NA
NA	sgZNF439_3	NA	NA	NA	NA
NA	sgZNF43_1	NA	NA	NA	NA
NA	sgZNF43_2	NA	NA	NA	NA
NA	sgZNF43_3	NA	NA	NA	NA
NA	sgZNF440_1	NA	NA	NA	NA
NA	sgZNF441_1	NA	NA	NA	NA
NA	sgZNF441_3	NA	NA	NA	NA
NA	sgZNF441_4	NA	NA	NA	NA
NA	sgZNF442_1	NA	NA	NA	NA
NA	sgZNF442_2	NA	NA	NA	NA
NA	sgZNF443_3	NA	NA	NA	NA
NA	sgZNF443_4	NA	NA	NA	NA
NA	sgZNF444_4	NA	NA	NA	NA
NA	sgZNF44_1	NA	NA	NA	NA
NA	sgZNF44_3	NA	NA	NA	NA
NA	sgZNF45_4	NA	NA	NA	NA
NA	sgZNF461_2	NA	NA	NA	NA
NA	sgZNF468_2	NA	NA	NA	NA
NA	sgZNF468_4	NA	NA	NA	NA
NA	sgZNF471_4	NA	NA	NA	NA
NA	sgZNF473_3	NA	NA	NA	NA
NA	sgZNF475_1	NA	NA	NA	NA
NA	sgZNF479_1	NA	NA	NA	NA
NA	sgZNF484_2	NA	NA	NA	NA
NA	sgZNF484_3	NA	NA	NA	NA
NA	sgZNF486_1	NA	NA	NA	NA
NA	sgZNF486_2	NA	NA	NA	NA
NA	sgZNF487_1	NA	NA	NA	NA
NA	sgZNF491_1	NA	NA	NA	NA
NA	sgZNF492_1	NA	NA	NA	NA
NA	sgZNF492_2	NA	NA	NA	NA
NA	sgZNF492_3	NA	NA	NA	NA
NA	sgZNF492_4	NA	NA	NA	NA
NA	sgZNF493_1	NA	NA	NA	NA
NA	sgZNF493_3	NA	NA	NA	NA
NA	sgZNF500_4	NA	NA	NA	NA
NA	sgZNF501_1	NA	NA	NA	NA
NA	sgZNF506_1	NA	NA	NA	NA
NA	sgZNF513_3	NA	NA	NA	NA
NA	sgZNF514_2	NA	NA	NA	NA
NA	sgZNF517_2	NA	NA	NA	NA
NA	sgZNF519_1	NA	NA	NA	NA
NA	sgZNF519_4	NA	NA	NA	NA
NA	sgZNF521_2	NA	NA	NA	NA
NA	sgZNF524_2	NA	NA	NA	NA
NA	sgZNF525_1	NA	NA	NA	NA
NA	sgZNF528_1	NA	NA	NA	NA
NA	sgZNF528_3	NA	NA	NA	NA
NA	sgZNF528_4	NA	NA	NA	NA
NA	sgZNF532_1	NA	NA	NA	NA
NA	sgZNF532_2	NA	NA	NA	NA
NA	sgZNF532_3	NA	NA	NA	NA
NA	sgZNF532_4	NA	NA	NA	NA
NA	sgZNF534_2	NA	NA	NA	NA
NA	sgZNF543_1	NA	NA	NA	NA
NA	sgZNF543_4	NA	NA	NA	NA
NA	sgZNF544_2	NA	NA	NA	NA
NA	sgZNF548_2	NA	NA	NA	NA
NA	sgZNF549_3	NA	NA	NA	NA
NA	sgZNF550_4	NA	NA	NA	NA
NA	sgZNF552_1	NA	NA	NA	NA
NA	sgZNF552_2	NA	NA	NA	NA
NA	sgZNF555_2	NA	NA	NA	NA
NA	sgZNF557_1	NA	NA	NA	NA
NA	sgZNF557_2	NA	NA	NA	NA
NA	sgZNF561_2	NA	NA	NA	NA
NA	sgZNF561_3	NA	NA	NA	NA
NA	sgZNF561_4	NA	NA	NA	NA
NA	sgZNF562_2	NA	NA	NA	NA
NA	sgZNF562_3	NA	NA	NA	NA
NA	sgZNF562_4	NA	NA	NA	NA
NA	sgZNF563_1	NA	NA	NA	NA
NA	sgZNF563_2	NA	NA	NA	NA
NA	sgZNF564_2	NA	NA	NA	NA
NA	sgZNF564_3	NA	NA	NA	NA
NA	sgZNF564_4	NA	NA	NA	NA
NA	sgZNF565_4	NA	NA	NA	NA
NA	sgZNF568_2	NA	NA	NA	NA
NA	sgZNF569_1	NA	NA	NA	NA
NA	sgZNF570_4	NA	NA	NA	NA
NA	sgZNF577_2	NA	NA	NA	NA
NA	sgZNF578_1	NA	NA	NA	NA
NA	sgZNF578_3	NA	NA	NA	NA
NA	sgZNF578_4	NA	NA	NA	NA
NA	sgZNF57_4	NA	NA	NA	NA
NA	sgZNF580_1	NA	NA	NA	NA
NA	sgZNF582_2	NA	NA	NA	NA
NA	sgZNF582_3	NA	NA	NA	NA
NA	sgZNF583_3	NA	NA	NA	NA
NA	sgZNF583_4	NA	NA	NA	NA
NA	sgZNF585A_1	NA	NA	NA	NA
NA	sgZNF585B_2	NA	NA	NA	NA
NA	sgZNF587B_3	NA	NA	NA	NA
NA	sgZNF587B_4	NA	NA	NA	NA
NA	sgZNF587_1	NA	NA	NA	NA
NA	sgZNF587_2	NA	NA	NA	NA
NA	sgZNF594_3	NA	NA	NA	NA
NA	sgZNF594_4	NA	NA	NA	NA
NA	sgZNF595_3	NA	NA	NA	NA
NA	sgZNF597_2	NA	NA	NA	NA
NA	sgZNF600_2	NA	NA	NA	NA
NA	sgZNF600_4	NA	NA	NA	NA
NA	sgZNF605_1	NA	NA	NA	NA
NA	sgZNF605_2	NA	NA	NA	NA
NA	sgZNF606_1	NA	NA	NA	NA
NA	sgZNF607_1	NA	NA	NA	NA
NA	sgZNF607_2	NA	NA	NA	NA
NA	sgZNF607_3	NA	NA	NA	NA
NA	sgZNF611_2	NA	NA	NA	NA
NA	sgZNF611_3	NA	NA	NA	NA
NA	sgZNF613_4	NA	NA	NA	NA
NA	sgZNF614_2	NA	NA	NA	NA
NA	sgZNF615_4	NA	NA	NA	NA
NA	sgZNF616_1	NA	NA	NA	NA
NA	sgZNF620_4	NA	NA	NA	NA
NA	sgZNF623_1	NA	NA	NA	NA
NA	sgZNF623_3	NA	NA	NA	NA
NA	sgZNF625_1	NA	NA	NA	NA
NA	sgZNF625_2	NA	NA	NA	NA
NA	sgZNF625_3	NA	NA	NA	NA
NA	sgZNF627_3	NA	NA	NA	NA
NA	sgZNF630_1	NA	NA	NA	NA
NA	sgZNF649_2	NA	NA	NA	NA
NA	sgZNF649_3	NA	NA	NA	NA
NA	sgZNF654_1	NA	NA	NA	NA
NA	sgZNF655_3	NA	NA	NA	NA
NA	sgZNF658_1	NA	NA	NA	NA
NA	sgZNF658_2	NA	NA	NA	NA
NA	sgZNF658_3	NA	NA	NA	NA
NA	sgZNF658_4	NA	NA	NA	NA
NA	sgZNF665_1	NA	NA	NA	NA
NA	sgZNF665_2	NA	NA	NA	NA
NA	sgZNF665_4	NA	NA	NA	NA
NA	sgZNF667_3	NA	NA	NA	NA
NA	sgZNF66_1	NA	NA	NA	NA
NA	sgZNF66_4	NA	NA	NA	NA
NA	sgZNF670_4	NA	NA	NA	NA
NA	sgZNF674_2	NA	NA	NA	NA
NA	sgZNF674_4	NA	NA	NA	NA
NA	sgZNF675_1	NA	NA	NA	NA
NA	sgZNF675_2	NA	NA	NA	NA
NA	sgZNF675_3	NA	NA	NA	NA
NA	sgZNF676_2	NA	NA	NA	NA
NA	sgZNF676_3	NA	NA	NA	NA
NA	sgZNF676_4	NA	NA	NA	NA
NA	sgZNF677_1	NA	NA	NA	NA
NA	sgZNF678_1	NA	NA	NA	NA
NA	sgZNF678_2	NA	NA	NA	NA
NA	sgZNF679_1	NA	NA	NA	NA
NA	sgZNF679_2	NA	NA	NA	NA
NA	sgZNF679_3	NA	NA	NA	NA
NA	sgZNF679_4	NA	NA	NA	NA
NA	sgZNF680_4	NA	NA	NA	NA
NA	sgZNF682_4	NA	NA	NA	NA
NA	sgZNF683_4	NA	NA	NA	NA
NA	sgZNF688_1	NA	NA	NA	NA
NA	sgZNF688_2	NA	NA	NA	NA
NA	sgZNF689_2	NA	NA	NA	NA
NA	sgZNF691_2	NA	NA	NA	NA
NA	sgZNF697_4	NA	NA	NA	NA
NA	sgZNF69_1	NA	NA	NA	NA
NA	sgZNF69_3	NA	NA	NA	NA
NA	sgZNF700_1	NA	NA	NA	NA
NA	sgZNF700_2	NA	NA	NA	NA
NA	sgZNF700_3	NA	NA	NA	NA
NA	sgZNF700_4	NA	NA	NA	NA
NA	sgZNF701_4	NA	NA	NA	NA
NA	sgZNF705A_1	NA	NA	NA	NA
NA	sgZNF705G_1	NA	NA	NA	NA
NA	sgZNF708_1	NA	NA	NA	NA
NA	sgZNF708_2	NA	NA	NA	NA
NA	sgZNF709_3	NA	NA	NA	NA
NA	sgZNF710_1	NA	NA	NA	NA
NA	sgZNF710_3	NA	NA	NA	NA
NA	sgZNF716_1	NA	NA	NA	NA
NA	sgZNF716_2	NA	NA	NA	NA
NA	sgZNF716_3	NA	NA	NA	NA
NA	sgZNF716_4	NA	NA	NA	NA
NA	sgZNF717_2	NA	NA	NA	NA
NA	sgZNF717_3	NA	NA	NA	NA
NA	sgZNF717_4	NA	NA	NA	NA
NA	sgZNF718_2	NA	NA	NA	NA
NA	sgZNF718_3	NA	NA	NA	NA
NA	sgZNF718_4	NA	NA	NA	NA
NA	sgZNF71_1	NA	NA	NA	NA
NA	sgZNF71_2	NA	NA	NA	NA
NA	sgZNF71_3	NA	NA	NA	NA
NA	sgZNF721_3	NA	NA	NA	NA
NA	sgZNF722_1	NA	NA	NA	NA
NA	sgZNF722_2	NA	NA	NA	NA
NA	sgZNF724_1	NA	NA	NA	NA
NA	sgZNF726_1	NA	NA	NA	NA
NA	sgZNF726_4	NA	NA	NA	NA
NA	sgZNF727_1	NA	NA	NA	NA
NA	sgZNF727_2	NA	NA	NA	NA
NA	sgZNF727_3	NA	NA	NA	NA
NA	sgZNF727_4	NA	NA	NA	NA
NA	sgZNF728_4	NA	NA	NA	NA
NA	sgZNF729_1	NA	NA	NA	NA
NA	sgZNF729_2	NA	NA	NA	NA
NA	sgZNF730_2	NA	NA	NA	NA
NA	sgZNF732_2	NA	NA	NA	NA
NA	sgZNF732_3	NA	NA	NA	NA
NA	sgZNF735_3	NA	NA	NA	NA
NA	sgZNF737_2	NA	NA	NA	NA
NA	sgZNF737_3	NA	NA	NA	NA
NA	sgZNF738_2	NA	NA	NA	NA
NA	sgZNF738_3	NA	NA	NA	NA
NA	sgZNF738_4	NA	NA	NA	NA
NA	sgZNF746_2	NA	NA	NA	NA
NA	sgZNF747_4	NA	NA	NA	NA
NA	sgZNF761_1	NA	NA	NA	NA
NA	sgZNF761_3	NA	NA	NA	NA
NA	sgZNF763_2	NA	NA	NA	NA
NA	sgZNF763_3	NA	NA	NA	NA
NA	sgZNF764_1	NA	NA	NA	NA
NA	sgZNF765_1	NA	NA	NA	NA
NA	sgZNF765_2	NA	NA	NA	NA
NA	sgZNF766_4	NA	NA	NA	NA
NA	sgZNF768_1	NA	NA	NA	NA
NA	sgZNF768_4	NA	NA	NA	NA
NA	sgZNF770_2	NA	NA	NA	NA
NA	sgZNF770_4	NA	NA	NA	NA
NA	sgZNF772_4	NA	NA	NA	NA
NA	sgZNF773_2	NA	NA	NA	NA
NA	sgZNF773_3	NA	NA	NA	NA
NA	sgZNF773_4	NA	NA	NA	NA
NA	sgZNF774_2	NA	NA	NA	NA
NA	sgZNF775_1	NA	NA	NA	NA
NA	sgZNF777_4	NA	NA	NA	NA
NA	sgZNF780A_4	NA	NA	NA	NA
NA	sgZNF783_4	NA	NA	NA	NA
NA	sgZNF785_3	NA	NA	NA	NA
NA	sgZNF791_3	NA	NA	NA	NA
NA	sgZNF792_4	NA	NA	NA	NA
NA	sgZNF793_3	NA	NA	NA	NA
NA	sgZNF799_2	NA	NA	NA	NA
NA	sgZNF799_3	NA	NA	NA	NA
NA	sgZNF805_1	NA	NA	NA	NA
NA	sgZNF805_2	NA	NA	NA	NA
NA	sgZNF808_1	NA	NA	NA	NA
NA	sgZNF808_3	NA	NA	NA	NA
NA	sgZNF80_4	NA	NA	NA	NA
NA	sgZNF813_2	NA	NA	NA	NA
NA	sgZNF813_3	NA	NA	NA	NA
NA	sgZNF813_4	NA	NA	NA	NA
NA	sgZNF814_1	NA	NA	NA	NA
NA	sgZNF814_3	NA	NA	NA	NA
NA	sgZNF814_4	NA	NA	NA	NA
NA	sgZNF816_1	NA	NA	NA	NA
NA	sgZNF816_3	NA	NA	NA	NA
NA	sgZNF81_3	NA	NA	NA	NA
NA	sgZNF823_3	NA	NA	NA	NA
NA	sgZNF823_4	NA	NA	NA	NA
NA	sgZNF831_2	NA	NA	NA	NA
NA	sgZNF836_4	NA	NA	NA	NA
NA	sgZNF839_4	NA	NA	NA	NA
NA	sgZNF83_1	NA	NA	NA	NA
NA	sgZNF841_3	NA	NA	NA	NA
NA	sgZNF841_4	NA	NA	NA	NA
NA	sgZNF844_1	NA	NA	NA	NA
NA	sgZNF845_1	NA	NA	NA	NA
NA	sgZNF845_3	NA	NA	NA	NA
NA	sgZNF84_2	NA	NA	NA	NA
NA	sgZNF853_3	NA	NA	NA	NA
NA	sgZNF85_1	NA	NA	NA	NA
NA	sgZNF85_2	NA	NA	NA	NA
NA	sgZNF85_4	NA	NA	NA	NA
NA	sgZNF860_3	NA	NA	NA	NA
NA	sgZNF860_4	NA	NA	NA	NA
NA	sgZNF862_1	NA	NA	NA	NA
NA	sgZNF865_2	NA	NA	NA	NA
NA	sgZNF878_1	NA	NA	NA	NA
NA	sgZNF878_2	NA	NA	NA	NA
NA	sgZNF878_4	NA	NA	NA	NA
NA	sgZNF879_1	NA	NA	NA	NA
NA	sgZNF879_2	NA	NA	NA	NA
NA	sgZNF879_4	NA	NA	NA	NA
NA	sgZNF880_2	NA	NA	NA	NA
NA	sgZNF880_3	NA	NA	NA	NA
NA	sgZNF888_1	NA	NA	NA	NA
NA	sgZNF888_4	NA	NA	NA	NA
NA	sgZNF90_1	NA	NA	NA	NA
NA	sgZNF90_4	NA	NA	NA	NA
NA	sgZNF91_1	NA	NA	NA	NA
NA	sgZNF91_2	NA	NA	NA	NA
NA	sgZNF91_3	NA	NA	NA	NA
NA	sgZNF91_4	NA	NA	NA	NA
NA	sgZNF92_1	NA	NA	NA	NA
NA	sgZNF92_2	NA	NA	NA	NA
NA	sgZNF92_3	NA	NA	NA	NA
NA	sgZNF93_2	NA	NA	NA	NA
NA	sgZNF93_3	NA	NA	NA	NA
NA	sgZNF98_1	NA	NA	NA	NA
NA	sgZNF98_3	NA	NA	NA	NA
NA	sgZNF99_1	NA	NA	NA	NA
NA	sgZNG1A_2	NA	NA	NA	NA
NA	sgZNG1B_1	NA	NA	NA	NA
NA	sgZNG1B_2	NA	NA	NA	NA
NA	sgZNG1F_2	NA	NA	NA	NA
NA	sgZNHIT1_1	NA	NA	NA	NA
NA	sgZNHIT1_4	NA	NA	NA	NA
NA	sgZNRF2_1	NA	NA	NA	NA
NA	sgZNRF2_3	NA	NA	NA	NA
NA	sgZNRF2_4	NA	NA	NA	NA
NA	sgZPR1_3	NA	NA	NA	NA
NA	sgZRANB2_2	NA	NA	NA	NA
NA	sgZRSR2_2	NA	NA	NA	NA
NA	sgZRSR2_4	NA	NA	NA	NA
NA	sgZSCAN12_1	NA	NA	NA	NA
NA	sgZSCAN21_1	NA	NA	NA	NA
NA	sgZSCAN22_4	NA	NA	NA	NA
NA	sgZSCAN23_1	NA	NA	NA	NA
NA	sgZSCAN26_1	NA	NA	NA	NA
NA	sgZSCAN2_1	NA	NA	NA	NA
NA	sgZSCAN31_1	NA	NA	NA	NA
NA	sgZSCAN5A_2	NA	NA	NA	NA
NA	sgZSCAN9_2	NA	NA	NA	NA
NA	sgZW10_2	NA	NA	NA	NA
NA	sgZXDA_1	NA	NA	NA	NA
NA	sgZXDA_3	NA	NA	NA	NA
NA	sgZXDB_1	NA	NA	NA	NA
NA	sgZXDB_2	NA	NA	NA	NA
