multi_target_guides	single_mismatch_guides	pam_distal_single_mismatch_guides	pam_distal_double_mismatch_guides	guides_not_target_anywhere	guides_not_target_exon
sgA4GNT_3	sgA2M_2	NA	sgACBD4_1	sgCCPG1_1	sgAAED1_3
sgABCC6_1	sgAAMDC_1	NA	sgADA_3	sgDMBT1_1	sgABCA7_1
sgABCC6_2	sgABCA1_4	NA	sgADAM20_3	sgEGFP_1	sgABCB1_2
sgABCC6_3	sgABCB7_2	NA	sgADAMTSL4_1	sgEGFP_2	sgABCD4_2
sgABCC6_4	sgABCE1_2	NA	sgADORA1_3	sgEGFP_3	sgAC007040.11_1
sgABCE1_1	sgABCE1_3	NA	sgAGFG1_3	sgEGFP_4	sgAC007040.11_2
sgABCE1_4	sgABCG2_1	NA	sgAGGF1_2	sgEGFP_5	sgAC007040.11_3
sgABHD17A_2	sgABHD10_3	NA	sgANAPC5_2	sgEGFP_6	sgAC016722.1_1
sgACAA2_4	sgABHD17A_3	NA	sgANGPTL7_3	sgEGFP_7	sgAC016722.1_3
sgACER2_2	sgABI1_4	NA	sgANKS4B_3	sgEGFP_8	sgAC016722.1_4
sgACER2_4	sgABI3_2	NA	sgAPLN_1	sgEGFP_9	sgAC016757.3_1
sgACKR4_1	sgABLIM1_2	NA	sgAPLN_2	sgEGFP_10	sgAC016757.3_2
sgACKR4_2	sgAC009892.10_1	NA	sgATAD3C_2	sgEGFP_11	sgAC016757.3_3
sgACKR4_3	sgAC016722.1_2	NA	sgATP5J2_1	sgEGFP_12	sgAC016757.3_4
sgACKR4_4	sgACAA2_3	NA	sgATRIP_4	sgEGFP_13	sgAC018755.1_1
sgACO2_4	sgACAN_2	NA	sgBCL2_3	sgEGFP_14	sgAC018755.1_2
sgACP1_4	sgACAN_4	NA	sgBEST4_3	sgEGFP_15	sgAC018755.1_3
sgACR_3	sgACER2_3	NA	sgBPIFA3_2	sgEGFP_16	sgAC018755.1_4
sgACR_4	sgACE_4	NA	sgC10orf91_2	sgEGFP_17	sgAC079612.1_1
sgACSBG2_3	sgACMSD_3	NA	sgC14orf164_4	sgEGFP_18	sgAC079612.1_2
sgACSM5_1	sgACN9_3	NA	sgC16orf62_2	sgEGFP_19	sgAC079612.1_3
sgACSM5_3	sgACO2_1	NA	sgC2orf69_2	sgEGFP_20	sgAC079612.1_4
sgACTR1A_4	sgACOT4_1	NA	sgC3orf38_2	sgEGFP_21	sgAC091801.1_1
sgACTR2_3	sgACOT4_4	NA	sgC3orf79_2	sgEGFP_22	sgAC091801.1_2
sgACTR2_4	sgACOT7_4	NA	sgC9orf129_2	sgKCNA5_2	sgAC091801.1_3
sgACTR3C_1	sgACP1_3	NA	sgC9orf57_4	sgKCNA5_3	sgAC091801.1_4
sgACTR3C_2	sgACSM3_4	NA	sgC9orf96_1	sgKRT1_3	sgAC093802.1_1
sgADAM21_1	sgACSM5_2	NA	sgCALML6_2	sgORM2_1	sgAC093802.1_2
sgADAM21_2	sgACTB_1	NA	sgCCDC3_4	sgORM2_2	sgAC093802.1_3
sgADAM21_4	sgACTR2_2	NA	sgCCDC94_3	sgORM2_3	sgAC093802.1_4
sgADH1B_2	sgACTR3_2	NA	sgCD97_3	sgORM2_4	sgAC106876.2_1
sgADH1B_3	sgACTR3_4	NA	sgCDADC1_3	sgSLC25A24_1	sgAC106876.2_2
sgADH1B_4	sgADAD2_2	NA	sgCDV3_2	sgSPINK14_4	sgAC106876.2_3
sgADH5_1	sgADAM21_3	NA	sgCETN2_2	sgZDHHC11B_1	sgAC106876.2_4
sgADPGK_2	sgADAM29_3	NA	sgCMTM7_2	sgZNF2_3	sgACD_1
sgADSS_2	sgADAM29_4	NA	sgCOG1_2	NA	sgACLY_4
sgAFG3L2_2	sgADAMTS7_2	NA	sgCOX15_4	NA	sgACOT7_1
sgAFG3L2_4	sgADAMTSL4_2	NA	sgCOX18_1	NA	sgACP1_1
sgAGK_2	sgADAR_2	NA	sgCPLX1_3	NA	sgACP1_2
sgAHCTF1_2	sgADAT1_3	NA	sgCPXM2_1	NA	sgACRV1_1
sgAIDA_1	sgADGB_3	NA	sgCRB1_3	NA	sgACSL6_4
sgAIDA_2	sgADH5_2	NA	sgCRY2_1	NA	sgACSS2_3
sgAIDA_4	sgADIPOR1_1	NA	sgCRYZL1_3	NA	sgACTC1_3
sgAK2_1	sgADIPOR1_3	NA	sgCSMD1_1	NA	sgACTL6B_2
sgAK2_2	sgADK_2	NA	sgCTSF_3	NA	sgACTN1_2
sgAK2_4	sgADORA2B_3	NA	sgCXCL1_2	NA	sgADAM11_1
sgAK4_1	sgADSS_4	NA	sgDCDC2B_4	NA	sgADAM8_4
sgAK4_2	sgAEBP1_2	NA	sgDCXR_4	NA	sgADAMTS9_3
sgAKR1B10_1	sgAFAP1L1_4	NA	sgDHRS3_3	NA	sgADAMTSL4-AS1_1
sgAKR1B1_1	sgAFAP1L2_2	NA	sgDTNA_1	NA	sgADAMTSL4-AS1_2
sgAKR7A3_1	sgAFF2_3	NA	sgECE2_1	NA	sgADAMTSL4-AS1_3
sgAKTIP_1	sgAFG3L2_3	NA	sgEDDM3A_4	NA	sgADAMTSL4-AS1_4
sgAKTIP_2	sgAGRP_2	NA	sgEGR3_2	NA	sgAFAP1_1
sgAKTIP_3	sgAHCTF1_3	NA	sgEIF3I_4	NA	sgAGMAT_2
sgALDH7A1_1	sgAHCY_1	NA	sgELAVL4_1	NA	sgAGR2_1
sgALDH7A1_3	sgAHNAK2_1	NA	sgELF5_2	NA	sgAHCTF1_1
sgALOX15_2	sgAHNAK2_2	NA	sgESPN_2	NA	sgAHSA2_1
sgAMPD1_1	sgAHNAK2_3	NA	sgETFA_4	NA	sgAHSA2_2
sgAMZ2_1	sgAHNAK2_4	NA	sgEVI5L_2	NA	sgAHSA2_4
sgAMZ2_2	sgAHNAK_3	NA	sgEVI5L_4	NA	sgAIM1L_4
sgANAPC1_1	sgAHNAK_4	NA	sgFBXO34_2	NA	sgAKAP2_1
sgANAPC1_2	sgAHSA2_3	NA	sgFMO3_3	NA	sgAKAP2_2
sgANAPC1_3	sgAIF1_3	NA	sgFOXF2_4	NA	sgAKAP8_2
sgANKRD62_4	sgAIFM2_3	NA	sgFOXP1_2	NA	sgAKNA_4
sgANP32A_2	sgAIM2_2	NA	sgFREM1_2	NA	sgAKT3_3
sgANP32B_2	sgAIMP1_4	NA	sgFSTL1_4	NA	sgALKBH1_3
sgANXA2_1	sgAK2_3	NA	sgFTSJ1_4	NA	sgALPK3_1
sgANXA2_3	sgAK4_3	NA	sgGABRB1_2	NA	sgAMPD2_1
sgANXA2_4	sgAKAP5_2	NA	sgGAL3ST4_1	NA	sgANAPC13_1
sgAOC3_1	sgAKAP8L_4	NA	sgGLB1L3_4	NA	sgANGPT4_3
sgAOC3_4	sgAKIRIN1_4	NA	sgGLS2_2	NA	sgANKHD1-EIF4EBP3_1
sgAP1B1_1	sgAKIRIN2_4	NA	sgGRIK2_3	NA	sgANKHD1-EIF4EBP3_2
sgAP1S2_1	sgAKR1B10_4	NA	sgGSTA3_1	NA	sgANKHD1-EIF4EBP3_3
sgAP1S2_3	sgAKR1C4_2	NA	sgGTF3C2_4	NA	sgANKHD1-EIF4EBP3_4
sgAP2B1_3	sgAKR1D1_1	NA	sgHADHA_3	NA	sgANKLE2_1
sgAP2B1_4	sgAKR1D1_2	NA	sgHCFC2_4	NA	sgANKRD24_1
sgAP3S1_1	sgAKR7A2_2	NA	sgHGFAC_2	NA	sgANKRD28_1
sgAP3S1_2	sgAKR7A2_3	NA	sgHIP1R_4	NA	sgANKRD33_2
sgAP3S1_3	sgAKR7A3_3	NA	sgHMGN3_2	NA	sgANKRD33_4
sgAP3S1_4	sgAKTIP_4	NA	sgHPS5_4	NA	sgANKRD66_1
sgAPI5_1	sgALDH16A1_3	NA	sgHSD3B1_2	NA	sgANKRD66_2
sgAPI5_3	sgALDH1A2_2	NA	sgIL13RA2_1	NA	sgANO10_1
sgAPI5_4	sgALDH3B2_3	NA	sgIL31RA_1	NA	sgANO7_1
sgAPIP_4	sgALDH4A1_3	NA	sgINS_1	NA	sgANP32A_3
sgAPOA1BP_4	sgALDOA_1	NA	sgIRF2BP2_1	NA	sgANXA6_4
sgAPOC1_1	sgALDOA_2	NA	sgISL2_4	NA	sgAP001816.1_1
sgAPOC1_2	sgALG11_2	NA	sgKDM2A_2	NA	sgAP001816.1_2
sgAPOOL_3	sgALG3_4	NA	sgKIF22_3	NA	sgAP001816.1_3
sgAPOOL_4	sgALKBH3_2	NA	sgKLHL5_4	NA	sgAP001816.1_4
sgAQP10_1	sgALKBH8_4	NA	sgKRT17_1	NA	sgAP003774.4_1
sgAQP10_2	sgALMS1_1	NA	sgKRTAP17-1_1	NA	sgAP003774.4_2
sgARF4_1	sgALMS1_3	NA	sgLAMP3_4	NA	sgAP003774.4_3
sgARF4_2	sgALOX15_3	NA	sgLITAF_4	NA	sgAP003774.4_4
sgARF4_3	sgALOX5AP_2	NA	sgLONRF2_3	NA	sgAP1S3_3
sgARF4_4	sgALPP_1	NA	sgLRCH4_4	NA	sgAP4B1_2
sgARGFX_3	sgALYREF_3	NA	sgLRRC59_2	NA	sgAPLN_3
sgARHGAP42_1	sgAMHR2_3	NA	sgLRRC6_4	NA	sgAPOL2_1
sgARHGAP42_2	sgAMH_2	NA	sgMAP3K7CL_2	NA	sgAPOL2_2
sgARHGAP42_3	sgAMIGO2_4	NA	sgMATK_2	NA	sgAPOL2_4
sgARHGAP5_1	sgAMOT_2	NA	sgMC4R_3	NA	sgAPOL3_1
sgARHGAP5_2	sgAMTN_4	NA	sgMCHR1_2	NA	sgAPOL3_2
sgARHGAP5_4	sgAMZ2_4	NA	sgMED14_2	NA	sgARAP1_4
sgARID3B_1	sgANAPC10_3	NA	sgMED24_4	NA	sgARF3_3
sgARID3B_2	sgANAPC10_4	NA	sgMED8_4	NA	sgARHGAP9_1
sgARID3B_4	sgANAPC13_3	NA	sgMEF2B_1	NA	sgARHGAP9_2
sgARIH2_3	sgANAPC15_3	NA	sgMESDC2_1	NA	sgARHGEF18_1
sgARL4A_1	sgANAPC1_4	NA	sgMFNG_3	NA	sgARHGEF25_1
sgARL4A_2	sgANGEL1_2	NA	sgMRAP2_2	NA	sgARHGEF25_2
sgARL5A_3	sgANGPTL6_2	NA	sgMRPL37_4	NA	sgARIH2OS_1
sgARL8B_1	sgANK1_4	NA	sgN4BP3_4	NA	sgARIH2OS_2
sgARL8B_2	sgANKDD1A_4	NA	sgNAF1_2	NA	sgARIH2OS_3
sgARL8B_3	sgANKDD1B_1	NA	sgNFE2_3	NA	sgARIH2OS_4
sgARMC10_1	sgANKMY1_1	NA	sgNIN_4	NA	sgARL16_1
sgARMC10_2	sgANKRD30B_2	NA	sgNKX2-4_2	NA	sgARNT_4
sgARMC10_4	sgANKRD30B_3	NA	sgNLN_3	NA	sgASIC2_1
sgARMC4_3	sgANKRD30B_4	NA	sgNR1H2_4	NA	sgASPRV1_4
sgARMCX6_1	sgANKRD36C_4	NA	sgNTF4_4	NA	sgASTN2_1
sgARSD_2	sgANKRD36_1	NA	sgNUCB1_1	NA	sgATP13A1_4
sgARSD_4	sgANKRD49_1	NA	sgNUF2_4	NA	sgATP6AP1L_1
sgASAH2_4	sgANKRD62_3	NA	sgOPRL1_2	NA	sgATP6AP1L_2
sgASNS_3	sgANKS4B_4	NA	sgOR13A1_2	NA	sgATP6AP1L_3
sgATAD1_2	sgANKUB1_3	NA	sgOR2T6_3	NA	sgATP6AP1L_4
sgATF4_1	sgANKUB1_4	NA	sgOR51M1_3	NA	sgATP8B2_1
sgATMIN_3	sgANO9_1	NA	sgOR5H2_1	NA	sgATP9A_3
sgATMIN_4	sgANP32A_4	NA	sgOR8D1_1	NA	sgATXN2_1
sgATP1B3_2	sgANP32B_4	NA	sgOVOL1_2	NA	sgATXN3_1
sgATP5C1_3	sgANXA2R_4	NA	sgOVOL2_4	NA	sgATXN3_2
sgATP5G2_4	sgANXA9_4	NA	sgP4HA3_1	NA	sgATXN3_3
sgATP5J_1	sgAP1B1_4	NA	sgPANK1_4	NA	sgBARHL2_3
sgATP6AP2_3	sgAP1S2_2	NA	sgPAQR9_3	NA	sgBCL2L12_1
sgATP6V0C_1	sgAP2B1_2	NA	sgPARP15_1	NA	sgBIRC8_1
sgATP6V0C_3	sgAP2M1_3	NA	sgPATZ1_3	NA	sgBIRC8_2
sgATP6V1E1_3	sgAP3B1_2	NA	sgPCDHGC5_2	NA	sgBIRC8_3
sgAZGP1_3	sgAP3D1_1	NA	sgPCP4L1_2	NA	sgBIRC8_4
sgAZGP1_4	sgAP4S1_2	NA	sgPDCD1_4	NA	sgBLACE_1
sgB3GAT3_2	sgAP4S1_4	NA	sgPI16_1	NA	sgBLACE_2
sgB3GAT3_3	sgAPBA2_1	NA	sgPLP2_1	NA	sgBLACE_3
sgB3GNTL1_1	sgAPEX1_2	NA	sgPMPCA_4	NA	sgBLACE_4
sgB3GNTL1_2	sgAPI5_2	NA	sgPOLM_3	NA	sgBLVRB_3
sgB3GNTL1_3	sgAPIP_3	NA	sgPOLR2A_1	NA	sgBNIP3_4
sgB3GNTL1_4	sgAPLN_4	NA	sgPPAPDC2_3	NA	sgBOLL_1
sgBAG4_4	sgAPOBEC3C_3	NA	sgPPP1R16A_2	NA	sgBST1_2
sgBAK1_1	sgAPOBEC3C_4	NA	sgPSENEN_4	NA	sgBSX_1
sgBAK1_2	sgAPOBEC3G_3	NA	sgPSMA3_4	NA	sgBTC_1
sgBAK1_3	sgAPOL2_3	NA	sgPSMB5_3	NA	sgBUB1_1
sgBAK1_4	sgAPOL4_1	NA	sgPSMC1_3	NA	sgC10orf111_1
sgBANF1_4	sgAPOL6_4	NA	sgPXMP4_4	NA	sgC10orf111_2
sgBANP_3	sgAPOO_3	NA	sgRBBP4_3	NA	sgC10orf111_3
sgBANP_4	sgARF1_2	NA	sgRIMS2_1	NA	sgC10orf111_4
sgBCAS2_4	sgARF1_4	NA	sgRNF4_3	NA	sgC10orf113_1
sgBCL2L12_2	sgARF6_2	NA	sgRPL23_1	NA	sgC10orf113_2
sgBCL2L12_3	sgARF6_4	NA	sgRTCB_4	NA	sgC10orf113_3
sgBCLAF1_1	sgARGFX_2	NA	sgSCAF8_1	NA	sgC10orf113_4
sgBCLAF1_2	sgARHGAP11A_1	NA	sgSCGB2A2_2	NA	sgC10orf126_1
sgBDH2_2	sgARHGAP15_4	NA	sgSEMA3G_1	NA	sgC10orf126_2
sgBDH2_4	sgARHGAP20_4	NA	sgSEPT14_4	NA	sgC10orf126_3
sgBIN2_4	sgARHGAP21_2	NA	sgSERPINA3_1	NA	sgC10orf126_4
sgBMPR1A_3	sgARHGAP21_3	NA	sgSERPINB9_4	NA	sgC10orf128_3
sgBMPR1A_4	sgARHGAP4_3	NA	sgSFMBT2_2	NA	sgC10orf25_1
sgBNIP3_1	sgARIH2_1	NA	sgSIGLEC11_2	NA	sgC10orf25_2
sgBOLA3_4	sgARIH2_4	NA	sgSLC22A8_1	NA	sgC10orf25_3
sgBRCC3_1	sgARL14EP_2	NA	sgSLC25A16_4	NA	sgC10orf40_1
sgBRCC3_2	sgARL16_3	NA	sgSLC2A13_2	NA	sgC10orf40_2
sgBRCC3_3	sgARL2BP_2	NA	sgSLC35D1_2	NA	sgC10orf40_3
sgBRD7_3	sgARL5A_1	NA	sgSLC6A13_4	NA	sgC10orf40_4
sgBRI3_1	sgARMC3_1	NA	sgSLC6A20_4	NA	sgC10orf54_4
sgBRI3_4	sgARMCX4_2	NA	sgSLC7A2_1	NA	sgC10orf55_1
sgBTBD6_3	sgARMCX4_3	NA	sgSLIT1_3	NA	sgC10orf55_2
sgBTF3L4_1	sgARPC1A_2	NA	sgSMARCA4_4	NA	sgC10orf55_3
sgBZW1_3	sgARPC1A_3	NA	sgSMPDL3B_2	NA	sgC10orf55_4
sgBZW1_4	sgARPC3_4	NA	sgSPATA31E1_4	NA	sgC10orf85_1
sgC10orf68_3	sgARPP19_2	NA	sgSRR_2	NA	sgC10orf85_2
sgC10orf88_1	sgARPP19_3	NA	sgSSH1_2	NA	sgC10orf85_3
sgC11orf58_4	sgARPP19_4	NA	sgSTK31_1	NA	sgC10orf85_4
sgC11orf73_1	sgARSD_1	NA	sgSTPG2_2	NA	sgC10orf91_1
sgC11orf73_2	sgARSD_3	NA	sgSUN2_3	NA	sgC10orf91_3
sgC11orf73_3	sgART3_2	NA	sgSUPT4H1_4	NA	sgC10orf91_4
sgC11orf73_4	sgASAP2_4	NA	sgTACC3_1	NA	sgC11orf40_1
sgC11orf74_1	sgASB9_1	NA	sgTEAD1_2	NA	sgC11orf40_2
sgC12orf49_2	sgASB9_4	NA	sgTMEM202_3	NA	sgC11orf40_3
sgC12orf71_2	sgASGR2_4	NA	sgTMEM240_2	NA	sgC11orf40_4
sgC12orf71_3	sgASIC5_1	NA	sgTMEM253_1	NA	sgC11orf44_1
sgC12orf71_4	sgASNA1_2	NA	sgTMEM8B_1	NA	sgC11orf44_2
sgC15orf40_3	sgASNA1_3	NA	sgTNFRSF10B_3	NA	sgC11orf44_3
sgC15orf40_4	sgASNA1_4	NA	sgTOMM40_2	NA	sgC11orf44_4
sgC17orf89_4	sgASNSD1_1	NA	sgTPRX2P_2	NA	sgC11orf45_1
sgC18orf25_3	sgASNS_1	NA	sgTRIM13_4	NA	sgC11orf45_2
sgC1QBP_3	sgASNS_2	NA	sgTRMT10C_1	NA	sgC11orf45_3
sgC22orf42_2	sgASTL_4	NA	sgTSR3_1	NA	sgC11orf45_4
sgC22orf42_3	sgATAD3B_4	NA	sgTSSK6_4	NA	sgC11orf72_1
sgC22orf42_4	sgATF4_3	NA	sgTSTD1_4	NA	sgC11orf72_2
sgC22orf43_1	sgATF4_4	NA	sgTYK2_4	NA	sgC11orf72_3
sgC22orf43_3	sgATF7IP2_1	NA	sgUSP27X_3	NA	sgC11orf72_4
sgC22orf43_4	sgATF7IP_1	NA	sgUSP8_1	NA	sgC11orf96_2
sgC3orf38_3	sgATF7IP_2	NA	sgVHL_3	NA	sgC11orf96_3
sgC4orf46_1	sgATF7IP_3	NA	sgVN1R4_3	NA	sgC11orf96_4
sgC4orf46_3	sgATF7_4	NA	sgWBP1L_2	NA	sgC12orf36_1
sgC5orf60_1	sgATG12_2	NA	sgWBP2_1	NA	sgC12orf36_2
sgC5orf60_2	sgATG12_3	NA	sgWWC3_1	NA	sgC12orf36_4
sgC5orf60_3	sgATG12_4	NA	sgXDH_2	NA	sgC12orf61_1
sgC5orf60_4	sgATG13_2	NA	sgXIRP2_3	NA	sgC12orf61_2
sgC6orf106_3	sgATG4B_4	NA	sgXPNPEP2_1	NA	sgC12orf61_3
sgC8orf46_1	sgATMIN_1	NA	sgXPOT_3	NA	sgC12orf61_4
sgCA5A_2	sgATMIN_2	NA	sgXYLT2_2	NA	sgC12orf74_4
sgCA5A_3	sgATOH7_1	NA	sgZNF140_1	NA	sgC12orf77_1
sgCA5B_2	sgATP13A3_4	NA	sgZNF276_2	NA	sgC12orf77_2
sgCACNA1B_1	sgATP1B1_2	NA	sgZNF471_4	NA	sgC12orf77_3
sgCACNA1B_2	sgATP1B3_1	NA	sgZNF562_3	NA	sgC12orf77_4
sgCACNA1B_3	sgATP1B3_4	NA	sgZNF598_2	NA	sgC13orf35_1
sgCACNA2D2_2	sgATP5B_4	NA	sgZNF624_1	NA	sgC13orf35_2
sgCACYBP_1	sgATP5G2_3	NA	sgZNF764_2	NA	sgC13orf35_3
sgCACYBP_2	sgATP5H_3	NA	NA	NA	sgC13orf35_4
sgCACYBP_3	sgATP5H_4	NA	NA	NA	sgC14orf132_1
sgCACYBP_4	sgATP5L_3	NA	NA	NA	sgC14orf132_2
sgCALM1_1	sgATP5O_1	NA	NA	NA	sgC14orf132_3
sgCAPZA1_4	sgATP6V1A_4	NA	NA	NA	sgC14orf132_4
sgCAPZA2_4	sgATP6V1E1_1	NA	NA	NA	sgC14orf166B_1
sgCASC4_4	sgATP6V1E1_4	NA	NA	NA	sgC14orf177_1
sgCATSPER2_2	sgATP6V1G1_4	NA	NA	NA	sgC14orf177_2
sgCATSPER2_4	sgATXN1L_4	NA	NA	NA	sgC14orf177_3
sgCBX1_2	sgATXN3_4	NA	NA	NA	sgC14orf177_4
sgCBX1_4	sgAVEN_2	NA	NA	NA	sgC14orf178_1
sgCCDC127_1	sgAZIN1_2	NA	NA	NA	sgC14orf178_2
sgCCDC127_2	sgB3GALNT1_1	NA	NA	NA	sgC14orf178_3
sgCCDC144A_1	sgB3GAT3_4	NA	NA	NA	sgC14orf178_4
sgCCDC144A_2	sgB3GNT4_2	NA	NA	NA	sgC14orf182_1
sgCCDC144A_3	sgB4GALT1_1	NA	NA	NA	sgC14orf182_2
sgCCDC181_3	sgBAG1_2	NA	NA	NA	sgC14orf182_3
sgCCDC25_4	sgBAG1_4	NA	NA	NA	sgC14orf182_4
sgCCDC53_4	sgBANF1_1	NA	NA	NA	sgC14orf183_1
sgCCDC86_2	sgBANF1_3	NA	NA	NA	sgC14orf183_2
sgCCNB1IP1_3	sgBANP_1	NA	NA	NA	sgC14orf183_3
sgCCNJ_4	sgBASP1_4	NA	NA	NA	sgC14orf183_4
sgCCNYL1_2	sgBATF2_2	NA	NA	NA	sgC14orf23_1
sgCCRN4L_4	sgBAZ2B_3	NA	NA	NA	sgC14orf23_2
sgCCT6A_4	sgBBIP1_3	NA	NA	NA	sgC14orf23_3
sgCCT8L2_1	sgBBIP1_4	NA	NA	NA	sgC14orf23_4
sgCCT8L2_4	sgBBOX1_1	NA	NA	NA	sgC15orf27_1
sgCCT8_4	sgBCAR1_1	NA	NA	NA	sgC15orf32_1
sgCD33_2	sgBCL2L11_3	NA	NA	NA	sgC15orf32_2
sgCD33_3	sgBCL6_3	NA	NA	NA	sgC15orf32_3
sgCD83_4	sgBCLAF1_3	NA	NA	NA	sgC15orf32_4
sgCD8B_1	sgBDP1_1	NA	NA	NA	sgC15orf37_1
sgCD8B_2	sgBDP1_2	NA	NA	NA	sgC15orf37_2
sgCD8B_4	sgBDP1_4	NA	NA	NA	sgC15orf37_3
sgCDC14B_2	sgBEX5_1	NA	NA	NA	sgC15orf52_1
sgCDC20_4	sgBHLHA15_3	NA	NA	NA	sgC15orf53_1
sgCDC26_2	sgBHLHB9_1	NA	NA	NA	sgC15orf53_2
sgCDC26_3	sgBHLHB9_4	NA	NA	NA	sgC15orf53_3
sgCDC27_1	sgBHMT_1	NA	NA	NA	sgC15orf53_4
sgCDC27_3	sgBIK_1	NA	NA	NA	sgC15orf54_1
sgCDC27_4	sgBIN2_2	NA	NA	NA	sgC15orf54_2
sgCDC37_3	sgBIN2_3	NA	NA	NA	sgC15orf54_3
sgCDC42EP3_1	sgBLCAP_1	NA	NA	NA	sgC15orf54_4
sgCDC42_1	sgBLCAP_4	NA	NA	NA	sgC15orf56_1
sgCDC42_2	sgBLOC1S2_3	NA	NA	NA	sgC15orf56_2
sgCDK11A_1	sgBLOC1S6_4	NA	NA	NA	sgC15orf56_3
sgCDK11A_2	sgBLZF1_2	NA	NA	NA	sgC15orf56_4
sgCDK11A_3	sgBMP10_4	NA	NA	NA	sgC15orf57_4
sgCDK11A_4	sgBMX_3	NA	NA	NA	sgC16orf3_1
sgCDK2AP1_2	sgBMX_4	NA	NA	NA	sgC16orf3_2
sgCDK2AP2_1	sgBOC_3	NA	NA	NA	sgC16orf3_3
sgCDK5_1	sgBOLA3_2	NA	NA	NA	sgC16orf3_4
sgCDK7_4	sgBPIFA1_4	NA	NA	NA	sgC16orf47_1
sgCDKN2AIPNL_2	sgBPIFB1_1	NA	NA	NA	sgC16orf47_2
sgCDKN2AIPNL_4	sgBRCA1_4	NA	NA	NA	sgC16orf47_3
sgCDPF1_1	sgBRCC3_4	NA	NA	NA	sgC16orf47_4
sgCDRT15L2_1	sgBRD7_1	NA	NA	NA	sgC16orf97_1
sgCDRT15L2_2	sgBRD7_2	NA	NA	NA	sgC16orf97_2
sgCDRT15L2_3	sgBRD7_4	NA	NA	NA	sgC16orf97_3
sgCDRT15_1	sgBRI3_3	NA	NA	NA	sgC16orf97_4
sgCDRT15_2	sgBRIX1_2	NA	NA	NA	sgC16orf98_1
sgCDRT15_3	sgBRS3_3	NA	NA	NA	sgC16orf98_2
sgCDRT1_1	sgBTBD10_2	NA	NA	NA	sgC16orf98_3
sgCDRT1_2	sgBTBD10_3	NA	NA	NA	sgC16orf98_4
sgCDRT1_3	sgBTBD10_4	NA	NA	NA	sgC17orf100_4
sgCENPC_2	sgBTBD6_2	NA	NA	NA	sgC17orf102_1
sgCENPI_3	sgBTBD6_4	NA	NA	NA	sgC17orf102_2
sgCEP170_3	sgBTBD7_4	NA	NA	NA	sgC17orf102_3
sgCEP57L1_1	sgBUB3_1	NA	NA	NA	sgC17orf102_4
sgCEP57L1_2	sgBUB3_3	NA	NA	NA	sgC17orf112_1
sgCES1_2	sgBZW1_2	NA	NA	NA	sgC17orf112_2
sgCES1_3	sgC10orf128_4	NA	NA	NA	sgC17orf112_3
sgCES1_4	sgC10orf131_2	NA	NA	NA	sgC17orf112_4
sgCHADL_4	sgC10orf71_4	NA	NA	NA	sgC17orf51_1
sgCHCHD1_4	sgC10orf88_2	NA	NA	NA	sgC17orf51_3
sgCHCHD3_2	sgC11orf24_1	NA	NA	NA	sgC17orf51_4
sgCHCHD4_1	sgC11orf24_2	NA	NA	NA	sgC17orf62_4
sgCHCHD4_2	sgC11orf24_3	NA	NA	NA	sgC17orf77_1
sgCHCHD4_3	sgC11orf58_1	NA	NA	NA	sgC17orf77_2
sgCHEK2_4	sgC11orf58_2	NA	NA	NA	sgC17orf77_3
sgCHMP4B_1	sgC11orf65_1	NA	NA	NA	sgC17orf77_4
sgCHMP4B_3	sgC12orf29_3	NA	NA	NA	sgC17orf82_1
sgCHORDC1_2	sgC12orf36_3	NA	NA	NA	sgC17orf82_2
sgCHORDC1_4	sgC12orf49_3	NA	NA	NA	sgC17orf82_3
sgCHP1_4	sgC12orf60_1	NA	NA	NA	sgC17orf82_4
sgCIAPIN1_1	sgC14orf166_4	NA	NA	NA	sgC17orf85_2
sgCIAPIN1_3	sgC15orf26_1	NA	NA	NA	sgC19orf18_3
sgCKS2_3	sgC15orf37_4	NA	NA	NA	sgC19orf47_1
sgCKS2_4	sgC16orf58_1	NA	NA	NA	sgC19orf48_1
sgCLDN6_1	sgC16orf62_1	NA	NA	NA	sgC19orf48_2
sgCLDN6_2	sgC16orf70_4	NA	NA	NA	sgC19orf48_4
sgCLDN6_3	sgC16orf93_3	NA	NA	NA	sgC19orf57_1
sgCLDN6_4	sgC17orf51_2	NA	NA	NA	sgC1QTNF2_1
sgCLEC4G_2	sgC17orf58_1	NA	NA	NA	sgC1QTNF2_2
sgCLIC1_4	sgC17orf58_2	NA	NA	NA	sgC1RL_3
sgCLK2_1	sgC17orf58_3	NA	NA	NA	sgC1orf137_1
sgCLNS1A_4	sgC17orf74_3	NA	NA	NA	sgC1orf137_2
sgCLUH_2	sgC17orf89_2	NA	NA	NA	sgC1orf137_3
sgCNOT6L_1	sgC17orf97_4	NA	NA	NA	sgC1orf137_4
sgCNOT6L_3	sgC18orf25_1	NA	NA	NA	sgC1orf145_1
sgCNOT7_1	sgC19orf48_3	NA	NA	NA	sgC1orf147_1
sgCNTNAP3_1	sgC19orf53_4	NA	NA	NA	sgC1orf147_2
sgCOBL_1	sgC19orf57_4	NA	NA	NA	sgC1orf147_3
sgCOL22A1_3	sgC19orf60_3	NA	NA	NA	sgC1orf147_4
sgCOMMD4_2	sgC19orf77_2	NA	NA	NA	sgC1orf159_2
sgCOMMD5_1	sgC1D_1	NA	NA	NA	sgC1orf162_1
sgCOMMD5_3	sgC1GALT1_4	NA	NA	NA	sgC1orf180_1
sgCOPS5_4	sgC1QBP_2	NA	NA	NA	sgC1orf180_3
sgCOPS8_2	sgC1QBP_4	NA	NA	NA	sgC1orf180_4
sgCOPS8_4	sgC1orf173_4	NA	NA	NA	sgC1orf195_1
sgCOX17_4	sgC1orf180_2	NA	NA	NA	sgC1orf195_2
sgCOX20_1	sgC1orf198_3	NA	NA	NA	sgC1orf195_3
sgCOX5A_3	sgC1orf220_4	NA	NA	NA	sgC1orf195_4
sgCOX5A_4	sgC1orf226_1	NA	NA	NA	sgC1orf200_1
sgCOX6A1P2_2	sgC1orf68_3	NA	NA	NA	sgC1orf200_2
sgCOX6A1P2_3	sgC20orf141_4	NA	NA	NA	sgC1orf200_3
sgCOX6A1P2_4	sgC20orf27_4	NA	NA	NA	sgC1orf200_4
sgCOX7A2_4	sgC20orf96_4	NA	NA	NA	sgC1orf204_1
sgCOX7C_2	sgC21orf2_4	NA	NA	NA	sgC1orf204_2
sgCPAMD8_1	sgC21orf88_4	NA	NA	NA	sgC1orf204_3
sgCPAMD8_2	sgC21orf91_1	NA	NA	NA	sgC1orf204_4
sgCRP_3	sgC22orf23_2	NA	NA	NA	sgC1orf213_1
sgCRTC2_4	sgC22orf29_2	NA	NA	NA	sgC1orf213_2
sgCRYBB2_3	sgC22orf43_2	NA	NA	NA	sgC1orf213_3
sgCRYGD_2	sgC22orf46_1	NA	NA	NA	sgC1orf213_4
sgCSGALNACT2_4	sgC2orf16_3	NA	NA	NA	sgC1orf220_1
sgCSRP2_4	sgC2orf80_1	NA	NA	NA	sgC1orf220_2
sgCST9L_3	sgC3AR1_1	NA	NA	NA	sgC1orf220_3
sgCS_1	sgC3orf70_4	NA	NA	NA	sgC1orf229_1
sgCS_3	sgC3orf83_1	NA	NA	NA	sgC1orf229_2
sgCTBP2_3	sgC3orf84_3	NA	NA	NA	sgC1orf229_3
sgCTDNEP1_1	sgC4BPB_2	NA	NA	NA	sgC1orf229_4
sgCTDNEP1_2	sgC4BPB_3	NA	NA	NA	sgC1orf43_3
sgCTDNEP1_3	sgC4orf27_1	NA	NA	NA	sgC1orf61_1
sgCTDSPL2_1	sgC4orf27_2	NA	NA	NA	sgC1orf61_2
sgCTDSPL2_2	sgC4orf27_3	NA	NA	NA	sgC1orf61_3
sgCTLA4_3	sgC4orf46_2	NA	NA	NA	sgC1orf61_4
sgCTNNA1_4	sgC4orf46_4	NA	NA	NA	sgC20orf112_4
sgCTU1_3	sgC4orf6_2	NA	NA	NA	sgC20orf166_1
sgCXADR_2	sgC4orf6_4	NA	NA	NA	sgC20orf166_2
sgCXCR2_2	sgC5orf15_4	NA	NA	NA	sgC20orf166_3
sgCXorf48_2	sgC5orf17_1	NA	NA	NA	sgC20orf166_4
sgCXorf48_4	sgC5orf48_1	NA	NA	NA	sgC20orf187_1
sgCXorf56_2	sgC5orf63_3	NA	NA	NA	sgC20orf187_2
sgCXorf56_4	sgC6orf106_1	NA	NA	NA	sgC20orf197_1
sgCYB5A_4	sgC6orf106_2	NA	NA	NA	sgC20orf197_2
sgCYP21A2_1	sgC6orf106_4	NA	NA	NA	sgC20orf197_3
sgCYP21A2_3	sgC6orf15_1	NA	NA	NA	sgC20orf197_4
sgCYP21A2_4	sgC6orf203_4	NA	NA	NA	sgC20orf202_1
sgCYP2B6_2	sgC6orf223_2	NA	NA	NA	sgC20orf62_1
sgCYP2B6_3	sgC7orf73_3	NA	NA	NA	sgC20orf62_2
sgCYP2B6_4	sgC7orf73_4	NA	NA	NA	sgC20orf62_3
sgCYP2D6_3	sgC8G_2	NA	NA	NA	sgC20orf62_4
sgCYP2F1_3	sgC8orf47_4	NA	NA	NA	sgC20orf78_1
sgCYP2F1_4	sgC8orf82_3	NA	NA	NA	sgC20orf78_2
sgCYP3A43_1	sgC9orf129_4	NA	NA	NA	sgC20orf78_3
sgCYP3A5_1	sgC9orf16_1	NA	NA	NA	sgC20orf78_4
sgCYP4F12_4	sgC9orf16_2	NA	NA	NA	sgC21orf119_1
sgCYP4F2_3	sgC9orf16_3	NA	NA	NA	sgC21orf119_2
sgCYP4Z1_1	sgC9orf57_3	NA	NA	NA	sgC21orf119_3
sgCYP4Z1_3	sgC9orf78_1	NA	NA	NA	sgC21orf119_4
sgCYP4Z1_4	sgC9orf78_3	NA	NA	NA	sgC21orf128_1
sgDAP3_4	sgC9orf84_4	NA	NA	NA	sgC21orf128_2
sgDAZAP2_3	sgC9orf92_3	NA	NA	NA	sgC21orf128_3
sgDBF4_1	sgCA5A_1	NA	NA	NA	sgC21orf128_4
sgDBF4_2	sgCA5B_1	NA	NA	NA	sgC21orf37_1
sgDBF4_3	sgCABYR_3	NA	NA	NA	sgC21orf49_1
sgDCAF13_3	sgCACNA1H_2	NA	NA	NA	sgC21orf49_2
sgDCLRE1C_2	sgCADPS_4	NA	NA	NA	sgC21orf49_3
sgDCLRE1C_4	sgCAD_2	NA	NA	NA	sgC21orf49_4
sgDCUN1D1_1	sgCALCA_3	NA	NA	NA	sgC21orf54_1
sgDCUN1D1_4	sgCALCB_3	NA	NA	NA	sgC21orf54_2
sgDDX10_1	sgCAMSAP1_3	NA	NA	NA	sgC21orf54_3
sgDDX10_2	sgCAP1_1	NA	NA	NA	sgC21orf54_4
sgDDX11_2	sgCAP1_2	NA	NA	NA	sgC21orf67_1
sgDDX11_3	sgCAP1_4	NA	NA	NA	sgC21orf67_2
sgDDX11_4	sgCAPRIN1_1	NA	NA	NA	sgC21orf67_3
sgDDX3Y_3	sgCAPRIN2_2	NA	NA	NA	sgC21orf67_4
sgDDX50_1	sgCAPZA1_3	NA	NA	NA	sgC21orf88_1
sgDDX56_3	sgCAPZA2_2	NA	NA	NA	sgC21orf88_2
sgDDX6_1	sgCARD8_4	NA	NA	NA	sgC21orf88_3
sgDDX6_3	sgCASC4_3	NA	NA	NA	sgC21orf90_1
sgDEF8_3	sgCASP1_2	NA	NA	NA	sgC21orf90_2
sgDEF8_4	sgCASP4_4	NA	NA	NA	sgC21orf90_3
sgDEFB118_1	sgCASP5_2	NA	NA	NA	sgC21orf90_4
sgDEFB130_1	sgCASP8_3	NA	NA	NA	sgC22orf24_1
sgDEFB130_2	sgCATSPER2_1	NA	NA	NA	sgC22orf24_2
sgDEFB130_3	sgCBX1_1	NA	NA	NA	sgC22orf24_3
sgDEPDC1_1	sgCBX6_4	NA	NA	NA	sgC22orf24_4
sgDEPDC1_2	sgCCDC101_4	NA	NA	NA	sgC22orf26_1
sgDEPDC1_3	sgCCDC102A_1	NA	NA	NA	sgC22orf26_2
sgDEPDC1_4	sgCCDC112_3	NA	NA	NA	sgC22orf26_3
sgDESI2_3	sgCCDC113_4	NA	NA	NA	sgC22orf26_4
sgDEXI_1	sgCCDC121_1	NA	NA	NA	sgC22orf34_1
sgDEXI_2	sgCCDC121_2	NA	NA	NA	sgC22orf34_2
sgDEXI_3	sgCCDC121_3	NA	NA	NA	sgC22orf34_3
sgDEXI_4	sgCCDC121_4	NA	NA	NA	sgC22orf34_4
sgDGKZ_2	sgCCDC127_4	NA	NA	NA	sgC22orf46_2
sgDGKZ_3	sgCCDC141_1	NA	NA	NA	sgC22orf46_3
sgDHRS4_4	sgCCDC144A_4	NA	NA	NA	sgC22orf46_4
sgDHX29_2	sgCCDC144NL_1	NA	NA	NA	sgC2ORF15_1
sgDHX40_2	sgCCDC14_3	NA	NA	NA	sgC2orf42_1
sgDHX40_3	sgCCDC160_1	NA	NA	NA	sgC2orf48_1
sgDHX40_4	sgCCDC175_3	NA	NA	NA	sgC2orf48_2
sgDHX9_2	sgCCDC181_2	NA	NA	NA	sgC2orf48_3
sgDHX9_3	sgCCDC25_1	NA	NA	NA	sgC2orf48_4
sgDKKL1_2	sgCCDC27_3	NA	NA	NA	sgC2orf66_3
sgDLST_3	sgCCDC34_3	NA	NA	NA	sgC2orf83_1
sgDNAJB14_3	sgCCDC59_3	NA	NA	NA	sgC2orf83_2
sgDNAJB1_2	sgCCDC59_4	NA	NA	NA	sgC2orf83_3
sgDNAJB6_1	sgCCDC65_3	NA	NA	NA	sgC2orf83_4
sgDNAJB6_2	sgCCDC86_4	NA	NA	NA	sgC2orf91_1
sgDNAJB6_3	sgCCDC8_1	NA	NA	NA	sgC2orf91_2
sgDNAJC19_2	sgCCDC8_2	NA	NA	NA	sgC2orf91_3
sgDNAJC1_3	sgCCDC90B_3	NA	NA	NA	sgC2orf91_4
sgDNAJC8_2	sgCCHCR1_4	NA	NA	NA	sgC3orf22_1
sgDNAJC9_1	sgCCL13_3	NA	NA	NA	sgC3orf27_1
sgDNAJC9_3	sgCCL8_2	NA	NA	NA	sgC3orf27_2
sgDNAJC9_4	sgCCNA1_3	NA	NA	NA	sgC3orf27_3
sgDND1_1	sgCCNB1IP1_2	NA	NA	NA	sgC3orf27_4
sgDND1_3	sgCCNB1IP1_4	NA	NA	NA	sgC3orf35_1
sgDND1_4	sgCCNB3_1	NA	NA	NA	sgC3orf35_2
sgDPF2_1	sgCCNB3_3	NA	NA	NA	sgC3orf35_3
sgDPH3_1	sgCCNB3_4	NA	NA	NA	sgC3orf35_4
sgDPP6_1	sgCCND3_4	NA	NA	NA	sgC3orf55_1
sgDPPA2_4	sgCCNJ_2	NA	NA	NA	sgC3orf55_2
sgDPPA3_1	sgCCNJ_3	NA	NA	NA	sgC3orf55_3
sgDPPA3_2	sgCCNYL1_3	NA	NA	NA	sgC3orf55_4
sgDPPA3_3	sgCCS_2	NA	NA	NA	sgC3orf65_1
sgDPPA3_4	sgCCT4_2	NA	NA	NA	sgC3orf65_2
sgDPY19L1_2	sgCCT6A_1	NA	NA	NA	sgC3orf65_3
sgDPY19L2_2	sgCCT6A_2	NA	NA	NA	sgC3orf65_4
sgDPY19L2_3	sgCCT6A_3	NA	NA	NA	sgC3orf67_3
sgDPY19L3_1	sgCCT7_4	NA	NA	NA	sgC3orf79_1
sgDPY30_4	sgCCT8L2_2	NA	NA	NA	sgC3orf79_3
sgDRD5_1	sgCCT8_1	NA	NA	NA	sgC4orf6_1
sgDRD5_2	sgCCT8_2	NA	NA	NA	sgC4orf6_3
sgDRD5_4	sgCCT8_3	NA	NA	NA	sgC5orf17_2
sgDRG1_3	sgCD163L1_4	NA	NA	NA	sgC5orf27_1
sgDRG1_4	sgCD276_1	NA	NA	NA	sgC5orf27_2
sgDSE_2	sgCD276_4	NA	NA	NA	sgC5orf27_3
sgDSE_3	sgCD2BP2_4	NA	NA	NA	sgC5orf27_4
sgDSTN_1	sgCD33_1	NA	NA	NA	sgC5orf38_1
sgDTWD1_2	sgCD33_4	NA	NA	NA	sgC5orf38_2
sgDTWD1_3	sgCD83_3	NA	NA	NA	sgC5orf38_3
sgDTX2_2	sgCD8B_3	NA	NA	NA	sgC5orf38_4
sgDTX2_3	sgCDC14B_3	NA	NA	NA	sgC5orf55_1
sgDTX2_4	sgCDC37_2	NA	NA	NA	sgC5orf55_2
sgDUSP22_1	sgCDC42EP1_2	NA	NA	NA	sgC5orf55_3
sgDUSP22_2	sgCDC42EP1_3	NA	NA	NA	sgC5orf55_4
sgDUSP22_3	sgCDC42EP1_4	NA	NA	NA	sgC5orf56_1
sgDUSP22_4	sgCDC42EP3_2	NA	NA	NA	sgC5orf56_2
sgDYNC1I2_1	sgCDC5L_2	NA	NA	NA	sgC5orf56_3
sgDYNC1I2_2	sgCDC6_3	NA	NA	NA	sgC5orf56_4
sgDYNC1I2_4	sgCDCA4_1	NA	NA	NA	sgC5orf63_4
sgDYNC1LI1_4	sgCDCA4_2	NA	NA	NA	sgC5orf64_1
sgDYNLRB1_2	sgCDCA7_3	NA	NA	NA	sgC5orf64_2
sgDYNLT1_1	sgCDCA8_1	NA	NA	NA	sgC5orf64_3
sgDYNLT1_2	sgCDH8_4	NA	NA	NA	sgC5orf64_4
sgDYNLT3_1	sgCDHR5_1	NA	NA	NA	sgC6orf1_3
sgDYNLT3_2	sgCDHR5_2	NA	NA	NA	sgC6orf1_4
sgE2F3_4	sgCDHR5_3	NA	NA	NA	sgC6orf10_1
sgE2F6_4	sgCDHR5_4	NA	NA	NA	sgC6orf10_2
sgE4F1_2	sgCDK2_2	NA	NA	NA	sgC6orf100_1
sgEBPL_2	sgCDK5RAP1_1	NA	NA	NA	sgC6orf100_2
sgEBPL_4	sgCDK5RAP3_2	NA	NA	NA	sgC6orf100_3
sgEEF1E1_1	sgCDK5RAP3_3	NA	NA	NA	sgC6orf100_4
sgEEF1G_1	sgCDK5RAP3_4	NA	NA	NA	sgC6orf123_1
sgEEF1G_3	sgCDK5_3	NA	NA	NA	sgC6orf123_2
sgEEF1G_4	sgCDK7_1	NA	NA	NA	sgC6orf123_3
sgEFCAB14_2	sgCDK7_2	NA	NA	NA	sgC6orf123_4
sgEFCAB3_4	sgCDKL3_3	NA	NA	NA	sgC6orf164_1
sgEFTUD1_1	sgCDKN2AIPNL_1	NA	NA	NA	sgC6orf164_2
sgEFTUD1_2	sgCDRT15L2_4	NA	NA	NA	sgC6orf164_3
sgEFTUD1_3	sgCDSN_3	NA	NA	NA	sgC6orf164_4
sgEFTUD1_4	sgCDV3_1	NA	NA	NA	sgC6orf195_1
sgEIF1AX_2	sgCEACAM8_3	NA	NA	NA	sgC6orf195_2
sgEIF1AX_3	sgCEND1_4	NA	NA	NA	sgC6orf195_3
sgEIF3E_1	sgCENPM_3	NA	NA	NA	sgC6orf195_4
sgEIF3E_2	sgCENPN_4	NA	NA	NA	sgC6orf201_1
sgEIF3F_1	sgCEP128_4	NA	NA	NA	sgC6orf201_2
sgEIF3F_2	sgCEP55_1	NA	NA	NA	sgC6orf201_3
sgEIF3F_4	sgCEP57_2	NA	NA	NA	sgC6orf201_4
sgEIF3J_4	sgCEP70_4	NA	NA	NA	sgC6orf223_1
sgEIF3K_2	sgCEP76_2	NA	NA	NA	sgC6orf223_3
sgEIF4A2_1	sgCEPT1_2	NA	NA	NA	sgC6orf223_4
sgEIF4A2_2	sgCES5A_4	NA	NA	NA	sgC6orf48_1
sgEIF4A2_4	sgCETP_4	NA	NA	NA	sgC6orf48_2
sgEIF4B_1	sgCFHR4_2	NA	NA	NA	sgC6orf48_3
sgEIF4E2_2	sgCFHR4_3	NA	NA	NA	sgC6orf48_4
sgEIF4EBP2_2	sgCFHR4_4	NA	NA	NA	sgC6orf99_1
sgEIF4H_1	sgCFL1_3	NA	NA	NA	sgC6orf99_2
sgEIF4H_2	sgCFL1_4	NA	NA	NA	sgC6orf99_3
sgEIF4H_3	sgCGRRF1_4	NA	NA	NA	sgC6orf99_4
sgEIF5AL1_1	sgCHAF1B_2	NA	NA	NA	sgC7orf13_1
sgEIF5AL1_2	sgCHAF1B_3	NA	NA	NA	sgC7orf13_2
sgEIF5AL1_3	sgCHAMP1_2	NA	NA	NA	sgC7orf13_3
sgELK1_2	sgCHCHD10_4	NA	NA	NA	sgC7orf13_4
sgELL2_2	sgCHCHD1_3	NA	NA	NA	sgC7orf34_1
sgELL2_4	sgCHCHD2_3	NA	NA	NA	sgC7orf65_1
sgELMO2_2	sgCHCHD2_4	NA	NA	NA	sgC7orf65_2
sgELMO2_4	sgCHCHD3_1	NA	NA	NA	sgC7orf65_3
sgEMB_4	sgCHCHD3_3	NA	NA	NA	sgC7orf65_4
sgEMC3_1	sgCHCHD4_4	NA	NA	NA	sgC7orf66_1
sgENOPH1_3	sgCHMP2A_4	NA	NA	NA	sgC7orf66_2
sgENPP7_1	sgCHMP4B_4	NA	NA	NA	sgC7orf66_3
sgENSA_3	sgCHMP5_1	NA	NA	NA	sgC7orf66_4
sgENSA_4	sgCHMP5_2	NA	NA	NA	sgC7orf69_1
sgENY2_3	sgCHMP5_4	NA	NA	NA	sgC7orf69_2
sgEP400NL_2	sgCHORDC1_3	NA	NA	NA	sgC7orf69_3
sgEP400NL_3	sgCHRDL1_2	NA	NA	NA	sgC7orf69_4
sgEPB41L5_1	sgCHRD_2	NA	NA	NA	sgC7orf71_1
sgEPCAM_4	sgCHST5_4	NA	NA	NA	sgC7orf71_2
sgERP29_1	sgCHTF8_3	NA	NA	NA	sgC7orf71_3
sgERP29_2	sgCIAPIN1_4	NA	NA	NA	sgC7orf71_4
sgESAM_3	sgCIDEC_3	NA	NA	NA	sgC8B_4
sgESPN_3	sgCIR1_1	NA	NA	NA	sgC8orf12_1
sgESPN_4	sgCIR1_2	NA	NA	NA	sgC8orf12_2
sgETF1_4	sgCISD1_1	NA	NA	NA	sgC8orf12_3
sgEWSR1_1	sgCISD3_4	NA	NA	NA	sgC8orf12_4
sgEWSR1_2	sgCKAP2_4	NA	NA	NA	sgC8orf17_1
sgEWSR1_3	sgCLDN10_2	NA	NA	NA	sgC8orf17_2
sgEXOC5_2	sgCLEC1B_2	NA	NA	NA	sgC8orf17_3
sgEXOC5_3	sgCLEC1B_3	NA	NA	NA	sgC8orf17_4
sgEXOSC3_3	sgCLEC4D_2	NA	NA	NA	sgC8orf31_4
sgEXOSC3_4	sgCLIC4_1	NA	NA	NA	sgC8orf44_1
sgEXOSC8_4	sgCLIC6_1	NA	NA	NA	sgC8orf44_2
sgEXTL2_4	sgCLIP2_4	NA	NA	NA	sgC8orf44_3
sgFAF2_2	sgCLK2_3	NA	NA	NA	sgC8orf44_4
sgFAM103A1_1	sgCLRN2_2	NA	NA	NA	sgC8orf49_1
sgFAM103A1_2	sgCLSTN1_2	NA	NA	NA	sgC8orf49_2
sgFAM103A1_3	sgCLSTN2_3	NA	NA	NA	sgC8orf49_3
sgFAM103A1_4	sgCMC1_1	NA	NA	NA	sgC8orf49_4
sgFAM106A_1	sgCMPK1_3	NA	NA	NA	sgC8orf56_1
sgFAM106A_2	sgCMPK2_1	NA	NA	NA	sgC8orf56_2
sgFAM106A_4	sgCMTM1_2	NA	NA	NA	sgC8orf56_3
sgFAM115A_2	sgCMTM3_2	NA	NA	NA	sgC8orf56_4
sgFAM115A_3	sgCMTR1_2	NA	NA	NA	sgC8orf86_1
sgFAM115A_4	sgCNIH4_3	NA	NA	NA	sgC8orf86_2
sgFAM115C_2	sgCNN2_1	NA	NA	NA	sgC8orf86_3
sgFAM115C_3	sgCNN2_2	NA	NA	NA	sgC8orf86_4
sgFAM115C_4	sgCNOT11_4	NA	NA	NA	sgC8orf87_1
sgFAM131C_3	sgCNOT6L_4	NA	NA	NA	sgC8orf87_2
sgFAM131C_4	sgCNOT7_2	NA	NA	NA	sgC8orf87_3
sgFAM136A_2	sgCNOT7_4	NA	NA	NA	sgC8orf87_4
sgFAM151A_4	sgCNOT8_1	NA	NA	NA	sgC9orf129_1
sgFAM175A_3	sgCNOT8_3	NA	NA	NA	sgC9orf129_3
sgFAM175A_4	sgCNOT8_4	NA	NA	NA	sgC9orf139_1
sgFAM177A1_1	sgCNTN3_1	NA	NA	NA	sgC9orf139_2
sgFAM177A1_4	sgCNTN4_1	NA	NA	NA	sgC9orf139_3
sgFAM185A_2	sgCOA5_4	NA	NA	NA	sgC9orf139_4
sgFAM185A_3	sgCOBL_2	NA	NA	NA	sgC9orf141_1
sgFAM185A_4	sgCOBL_3	NA	NA	NA	sgC9orf141_2
sgFAM192A_1	sgCOG4_3	NA	NA	NA	sgC9orf141_3
sgFAM192A_4	sgCOIL_3	NA	NA	NA	sgC9orf141_4
sgFAM195A_4	sgCOIL_4	NA	NA	NA	sgC9orf163_1
sgFAM200B_3	sgCOL21A1_3	NA	NA	NA	sgC9orf163_2
sgFAM204A_3	sgCOL6A6_1	NA	NA	NA	sgC9orf163_3
sgFAM205A_1	sgCOL7A1_3	NA	NA	NA	sgC9orf163_4
sgFAM205A_2	sgCOMMD4_1	NA	NA	NA	sgC9orf170_1
sgFAM205A_3	sgCOMMD5_2	NA	NA	NA	sgC9orf170_2
sgFAM206A_4	sgCOMMD5_4	NA	NA	NA	sgC9orf170_3
sgFAM207A_3	sgCOMMD6_4	NA	NA	NA	sgC9orf170_4
sgFAM213A_3	sgCOPB1_2	NA	NA	NA	sgC9orf171_2
sgFAM21B_1	sgCOPS3_3	NA	NA	NA	sgC9orf37_1
sgFAM220A_3	sgCOPS5_3	NA	NA	NA	sgC9orf37_2
sgFAM220A_4	sgCOPS8_3	NA	NA	NA	sgC9orf37_3
sgFAM230A_1	sgCOQ10B_4	NA	NA	NA	sgC9orf37_4
sgFAM230A_2	sgCORO1C_4	NA	NA	NA	sgC9orf47_1
sgFAM230A_3	sgCOX11_1	NA	NA	NA	sgC9orf47_2
sgFAM230A_4	sgCOX16_3	NA	NA	NA	sgC9orf47_3
sgFAM35A_1	sgCOX17_1	NA	NA	NA	sgC9orf47_4
sgFAM35A_2	sgCOX17_2	NA	NA	NA	sgC9orf50_2
sgFAM35A_3	sgCOX17_3	NA	NA	NA	sgC9orf53_1
sgFAM3C_1	sgCOX5B_2	NA	NA	NA	sgC9orf53_2
sgFAM3C_2	sgCOX5B_3	NA	NA	NA	sgC9orf53_3
sgFAM3C_3	sgCOX6A1P2_1	NA	NA	NA	sgC9orf53_4
sgFAM45A_1	sgCOX7A2_3	NA	NA	NA	sgC9orf62_1
sgFAM45A_2	sgCOX7C_1	NA	NA	NA	sgC9orf62_2
sgFAM45A_3	sgCOX7C_3	NA	NA	NA	sgC9orf62_3
sgFAM49B_3	sgCOX8C_3	NA	NA	NA	sgC9orf62_4
sgFAM60A_2	sgCPLX4_3	NA	NA	NA	sgC9orf66_1
sgFAM60A_3	sgCPNE7_4	NA	NA	NA	sgC9orf66_2
sgFAM60A_4	sgCPO_2	NA	NA	NA	sgC9orf66_3
sgFAM64A_4	sgCPZ_2	NA	NA	NA	sgC9orf66_4
sgFAM91A1_1	sgCR1_1	NA	NA	NA	sgC9orf92_1
sgFAM91A1_2	sgCR1_2	NA	NA	NA	sgC9orf92_2
sgFAM91A1_3	sgCR1_3	NA	NA	NA	sgC9orf92_4
sgFAM92A1_2	sgCRB2_1	NA	NA	NA	sgCABP1_1
sgFAM92A1_3	sgCREBZF_4	NA	NA	NA	sgCACNB4_1
sgFAM92A1_4	sgCRIP1_1	NA	NA	NA	sgCAGE1_1
sgFANCD2_3	sgCRIP1_2	NA	NA	NA	sgCALML4_1
sgFAR1_4	sgCRIPAK_4	NA	NA	NA	sgCAMK2G_4
sgFAU_1	sgCRLF3_2	NA	NA	NA	sgCAMSAP3_4
sgFAU_3	sgCRLF3_4	NA	NA	NA	sgCARD16_1
sgFBLIM1_4	sgCRNN_3	NA	NA	NA	sgCARD17_1
sgFBXO25_1	sgCROCC_3	NA	NA	NA	sgCARD17_2
sgFBXO36_2	sgCROCC_4	NA	NA	NA	sgCARD17_3
sgFBXO36_3	sgCRTAP_1	NA	NA	NA	sgCARD17_4
sgFBXW10_3	sgCRTAP_2	NA	NA	NA	sgCARKD_1
sgFBXW10_4	sgCRTC1_2	NA	NA	NA	sgCASC10_1
sgFBXW11_1	sgCRYBB2_2	NA	NA	NA	sgCASC10_2
sgFCGR1A_1	sgCRYGC_3	NA	NA	NA	sgCASC10_3
sgFCGR1A_2	sgCRYGN_2	NA	NA	NA	sgCASC10_4
sgFCGR1A_3	sgCSGALNACT2_3	NA	NA	NA	sgCASP12_1
sgFCGR1A_4	sgCSN2_2	NA	NA	NA	sgCASP12_2
sgFCGR2A_3	sgCSPG4_1	NA	NA	NA	sgCASP12_3
sgFCGR2A_4	sgCSPG4_3	NA	NA	NA	sgCASP12_4
sgFCGR2B_1	sgCSPG4_4	NA	NA	NA	sgCASP16_1
sgFCGR2B_2	sgCSRP2_3	NA	NA	NA	sgCASP16_2
sgFCGR2B_3	sgCST2_3	NA	NA	NA	sgCASP16_3
sgFDX1_4	sgCST5_1	NA	NA	NA	sgCASP16_4
sgFEM1A_3	sgCSTF2_4	NA	NA	NA	sgCASQ2_4
sgFGFR1OP2_3	sgCS_2	NA	NA	NA	sgCATSPER4_1
sgFKBP6_1	sgCTAGE1_2	NA	NA	NA	sgCCBE1_4
sgFKBP6_2	sgCTBP2_2	NA	NA	NA	sgCCDC140_1
sgFKBP8_4	sgCTDSP2_1	NA	NA	NA	sgCCDC140_2
sgFKBP9_4	sgCTDSP2_3	NA	NA	NA	sgCCDC140_3
sgFLNB_2	sgCTLA4_1	NA	NA	NA	sgCCDC140_4
sgFOLH1_2	sgCTNNBL1_1	NA	NA	NA	sgCCDC144NL_2
sgFOLH1_3	sgCTSO_1	NA	NA	NA	sgCCDC169_2
sgFOLH1_4	sgCTSW_3	NA	NA	NA	sgCCDC180_1
sgFOLR3_4	sgCTU1_1	NA	NA	NA	sgCCDC28A_1
sgFOSL1_3	sgCUL1_1	NA	NA	NA	sgCCDC28A_2
sgFOSL1_4	sgCUTA_2	NA	NA	NA	sgCCDC53_2
sgFOXH1_4	sgCWC27_4	NA	NA	NA	sgCCDC89_1
sgFOXN3_1	sgCWF19L1_1	NA	NA	NA	sgCCDC93_1
sgFOXN3_2	sgCXCL11_1	NA	NA	NA	sgCCL19_1
sgFOXN3_3	sgCXCL13_3	NA	NA	NA	sgCCL5_1
sgFOXO3_1	sgCXCL17_1	NA	NA	NA	sgCCNA1_1
sgFOXO3_2	sgCXCR2_3	NA	NA	NA	sgCCNC_1
sgFOXO3_3	sgCXCR2_4	NA	NA	NA	sgCCNE2_3
sgFOXO3_4	sgCXXC11_1	NA	NA	NA	sgCCNYL1_1
sgFRMD8_1	sgCXorf56_3	NA	NA	NA	sgCCR2_3
sgFRMD8_4	sgCYB5R2_1	NA	NA	NA	sgCCR2_4
sgFTL_1	sgCYBA_1	NA	NA	NA	sgCD200R1L_1
sgFTL_2	sgCYHR1_4	NA	NA	NA	sgCD200R1L_2
sgFTL_4	sgCYP2A6_1	NA	NA	NA	sgCD200R1L_3
sgFUNDC1_1	sgCYP2B6_1	NA	NA	NA	sgCD200R1L_4
sgFUNDC2_1	sgCYP2D6_1	NA	NA	NA	sgCD300C_3
sgFUNDC2_2	sgCYP2D6_4	NA	NA	NA	sgCD300LB_1
sgFUNDC2_3	sgCYP2F1_1	NA	NA	NA	sgCD48_3
sgFUNDC2_4	sgCYP3A5_4	NA	NA	NA	sgCD68_1
sgFUT2_3	sgCYP51A1_3	NA	NA	NA	sgCDCA5_3
sgFXYD6_1	sgCYSTM1_1	NA	NA	NA	sgCDKN2A_4
sgG2E3_4	sgDAZAP1_4	NA	NA	NA	sgCDR1_1
sgG3BP1_1	sgDAZAP2_1	NA	NA	NA	sgCDR1_2
sgGABARAPL1_1	sgDAZAP2_4	NA	NA	NA	sgCDR1_3
sgGABARAPL1_2	sgDBR1_4	NA	NA	NA	sgCDR1_4
sgGABARAPL1_3	sgDBT_4	NA	NA	NA	sgCELSR1_3
sgGABARAP_4	sgDCAF12L2_1	NA	NA	NA	sgCENPBD1_1
sgGABPA_1	sgDCAF13_4	NA	NA	NA	sgCENPBD1_2
sgGABPA_2	sgDCAF6_1	NA	NA	NA	sgCENPBD1_3
sgGABPA_4	sgDCAF6_2	NA	NA	NA	sgCENPBD1_4
sgGBA_3	sgDCAF8L2_4	NA	NA	NA	sgCEP57L1_3
sgGBA_4	sgDCBLD1_4	NA	NA	NA	sgCERKL_4
sgGBP1_1	sgDCLRE1C_3	NA	NA	NA	sgCES1_1
sgGBP1_2	sgDCTN3_4	NA	NA	NA	sgCES2_1
sgGCAT_2	sgDCTN5_1	NA	NA	NA	sgCES5A_1
sgGCAT_4	sgDCTN5_2	NA	NA	NA	sgCHAC1_1
sgGCSH_2	sgDCTN5_4	NA	NA	NA	sgCHD4_2
sgGCSH_3	sgDCTN6_2	NA	NA	NA	sgCHEK2_2
sgGCSH_4	sgDCUN1D1_2	NA	NA	NA	sgCHFR_3
sgGGCT_4	sgDCUN1D2_2	NA	NA	NA	sgCHORDC1_1
sgGINS2_3	sgDCUN1D3_2	NA	NA	NA	sgCHRNA7_1
sgGK_2	sgDCUN1D3_4	NA	NA	NA	sgCHRNA7_2
sgGK_3	sgDDB1_4	NA	NA	NA	sgCIB1_1
sgGLDC_1	sgDDIT3_1	NA	NA	NA	sgCIC_1
sgGLDC_2	sgDDX11_1	NA	NA	NA	sgCLDN16_1
sgGLDC_4	sgDDX21_4	NA	NA	NA	sgCLDN5_1
sgGLRX3_4	sgDDX23_4	NA	NA	NA	sgCLDN5_2
sgGLRX_2	sgDDX24_1	NA	NA	NA	sgCLDN5_3
sgGLRX_3	sgDDX24_4	NA	NA	NA	sgCLDN5_4
sgGLTP_2	sgDDX28_4	NA	NA	NA	sgCLEC10A_2
sgGLTP_4	sgDDX39B_1	NA	NA	NA	sgCLEC19A_4
sgGLTSCR2_3	sgDDX39B_2	NA	NA	NA	sgCLEC7A_3
sgGLTSCR2_4	sgDDX39B_3	NA	NA	NA	sgCLECL1_2
sgGLUL_1	sgDDX39B_4	NA	NA	NA	sgCLECL1_3
sgGNAQ_1	sgDDX3X_1	NA	NA	NA	sgCLLU1_1
sgGNAQ_4	sgDDX50_3	NA	NA	NA	sgCLLU1_2
sgGNG10_1	sgDDX53_2	NA	NA	NA	sgCLLU1_3
sgGNG10_2	sgDDX6_4	NA	NA	NA	sgCLLU1_4
sgGNG10_3	sgDEC1_4	NA	NA	NA	sgCLLU1OS_1
sgGNGT1_4	sgDEF8_1	NA	NA	NA	sgCLLU1OS_2
sgGNPNAT1_4	sgDEFA5_2	NA	NA	NA	sgCLLU1OS_3
sgGOLGA5_4	sgDEFA6_2	NA	NA	NA	sgCLLU1OS_4
sgGOLGA6L2_2	sgDEFB136_1	NA	NA	NA	sgCLN3_1
sgGOLGA7_2	sgDEK_1	NA	NA	NA	sgCLN3_2
sgGOLGA8R_1	sgDFNB59_2	NA	NA	NA	sgCLN3_3
sgGOLGA8R_2	sgDGAT2_2	NA	NA	NA	sgCLN3_4
sgGOT2_1	sgDGKD_3	NA	NA	NA	sgCLTA_4
sgGOT2_2	sgDGKQ_1	NA	NA	NA	sgCMTM3_3
sgGPAT2_1	sgDHFRL1_1	NA	NA	NA	sgCMTM3_4
sgGPAT2_2	sgDHRS4L2_1	NA	NA	NA	sgCNEP1R1_3
sgGPAT2_3	sgDHX35_2	NA	NA	NA	sgCNN3_3
sgGPAT2_4	sgDHX38_3	NA	NA	NA	sgCNTD2_4
sgGPATCH11_1	sgDHX9_1	NA	NA	NA	sgCOL18A1_1
sgGPCPD1_2	sgDKK4_3	NA	NA	NA	sgCOL1A1_4
sgGPR125_1	sgDLGAP4_4	NA	NA	NA	sgCOL23A1_2
sgGPR125_3	sgDLGAP5_1	NA	NA	NA	sgCOL23A1_3
sgGPR125_4	sgDLST_4	NA	NA	NA	sgCOL24A1_2
sgGPR32_3	sgDMBT1_3	NA	NA	NA	sgCOL25A1_3
sgGPR32_4	sgDMRTA2_1	NA	NA	NA	sgCOL25A1_4
sgGPRIN2_1	sgDMRTA2_2	NA	NA	NA	sgCOL28A1_1
sgGPRIN2_2	sgDNAH3_3	NA	NA	NA	sgCOL2A1_3
sgGPRIN2_3	sgDNAJA1_1	NA	NA	NA	sgCOL4A6_1
sgGPRIN2_4	sgDNAJA1_2	NA	NA	NA	sgCOL4A6_4
sgGPS2_4	sgDNAJA1_3	NA	NA	NA	sgCOL5A2_3
sgGPX1_1	sgDNAJB12_1	NA	NA	NA	sgCOL9A2_3
sgGPX1_2	sgDNAJB14_4	NA	NA	NA	sgCOLCA1_1
sgGPX1_3	sgDNAJB1_1	NA	NA	NA	sgCOLCA1_2
sgGRAP_1	sgDNAJB1_4	NA	NA	NA	sgCOLCA1_3
sgGRAP_2	sgDNAJC12_2	NA	NA	NA	sgCOLCA1_4
sgGRAP_3	sgDNAJC1_4	NA	NA	NA	sgCOLQ_3
sgGRK6_1	sgDNAJC24_3	NA	NA	NA	sgCOQ2_4
sgGRK6_4	sgDNAJC2_4	NA	NA	NA	sgCOX7A2_1
sgGRM5_1	sgDNAJC5_2	NA	NA	NA	sgCOX7A2L_1
sgGRM5_2	sgDNAJC5_3	NA	NA	NA	sgCPLX4_1
sgGSTM3_4	sgDNAJC7_2	NA	NA	NA	sgCPNE5_3
sgGTF2H1_3	sgDNAJC8_3	NA	NA	NA	sgCPSF3L_1
sgGTF2H1_4	sgDNAJC8_4	NA	NA	NA	sgCRB3_4
sgGTF2I_2	sgDND1_2	NA	NA	NA	sgCRIPAK_1
sgGTF2I_3	sgDOCK10_2	NA	NA	NA	sgCRIPAK_2
sgGTF2I_4	sgDOLK_4	NA	NA	NA	sgCRIPAK_3
sgGTF3C6_3	sgDPCR1_1	NA	NA	NA	sgCRISP3_1
sgGYG2_1	sgDPCR1_2	NA	NA	NA	sgCRTC2_3
sgH2AFV_1	sgDPCR1_3	NA	NA	NA	sgCRYGB_1
sgH2AFV_3	sgDPCR1_4	NA	NA	NA	sgCSNK1G1_2
sgH2AFZ_1	sgDPF2_4	NA	NA	NA	sgCSNK1G1_4
sgHADHA_4	sgDPF3_1	NA	NA	NA	sgCSNK2A1_1
sgHADHB_2	sgDPH3_2	NA	NA	NA	sgCSPP1_1
sgHAUS4_1	sgDPH3_3	NA	NA	NA	sgCT62_1
sgHAUS6_1	sgDPH3_4	NA	NA	NA	sgCT62_2
sgHAUS6_2	sgDPPA2_1	NA	NA	NA	sgCT62_3
sgHAUS6_3	sgDPPA2_3	NA	NA	NA	sgCT62_4
sgHAUS6_4	sgDPPA5_3	NA	NA	NA	sgCTD-2368P22.1_1
sgHAVCR1_2	sgDPRX_1	NA	NA	NA	sgCTD-2368P22.1_2
sgHBZ_1	sgDPRX_2	NA	NA	NA	sgCTD-2368P22.1_3
sgHBZ_2	sgDPRX_3	NA	NA	NA	sgCTD-2368P22.1_4
sgHBZ_3	sgDPRX_4	NA	NA	NA	sgCTDNEP1_4
sgHCN2_4	sgDPY19L1_1	NA	NA	NA	sgCTPS2_4
sgHINT1_1	sgDPY19L1_3	NA	NA	NA	sgCTSA_1
sgHIST1H2BK_1	sgDPY19L1_4	NA	NA	NA	sgCUEDC2_2
sgHIST1H2BK_2	sgDPY19L2_1	NA	NA	NA	sgCXADR_4
sgHIST1H2BK_3	sgDR1_3	NA	NA	NA	sgCXCL5_1
sgHIST2H2BF_1	sgDRAM2_3	NA	NA	NA	sgCXorf21_1
sgHIST2H2BF_2	sgDRD5_3	NA	NA	NA	sgCXorf24_1
sgHLA-B_1	sgDRG1_2	NA	NA	NA	sgCXorf24_2
sgHLA-DPB1_3	sgDSE_4	NA	NA	NA	sgCXorf24_3
sgHMGCS1_1	sgDTX1_1	NA	NA	NA	sgCXorf24_4
sgHNRNPA3_1	sgDTX4_1	NA	NA	NA	sgCXorf28_1
sgHNRNPAB_2	sgDUS4L_3	NA	NA	NA	sgCXorf28_2
sgHNRNPD_4	sgDUS4L_4	NA	NA	NA	sgCXorf31_1
sgHNRNPK_1	sgDUXA_1	NA	NA	NA	sgCXorf31_2
sgHNRNPL_1	sgDYNAP_3	NA	NA	NA	sgCXorf31_3
sgHNRNPL_3	sgDYNC1LI1_2	NA	NA	NA	sgCXorf31_4
sgHORMAD1_2	sgDYNLL1_1	NA	NA	NA	sgCYB561_3
sgHORMAD1_3	sgDYNLRB1_3	NA	NA	NA	sgCYP4B1_1
sgHRG_4	sgDYNLRB1_4	NA	NA	NA	sgCYP4B1_2
sgHRNR_2	sgDYNLT1_3	NA	NA	NA	sgCYP4B1_3
sgHRSP12_3	sgE2F3_3	NA	NA	NA	sgCYP4B1_4
sgHS6ST1_1	sgE2F5_4	NA	NA	NA	sgCYP4F11_2
sgHS6ST1_2	sgE2F6_1	NA	NA	NA	sgCYP51A1_4
sgHS6ST1_4	sgE2F8_3	NA	NA	NA	sgCYP7A1_4
sgHSD17B7_1	sgECEL1_2	NA	NA	NA	sgCYTH1_3
sgHSD17B7_2	sgEDDM3A_1	NA	NA	NA	sgCYorf17_1
sgHSF2_3	sgEDEM2_1	NA	NA	NA	sgCYorf17_2
sgHSP90AA1_4	sgEDEM3_4	NA	NA	NA	sgCYorf17_3
sgHSP90AB1_3	sgEDN3_2	NA	NA	NA	sgCYorf17_4
sgHSP90AB1_4	sgEFCAB12_2	NA	NA	NA	sgDAB1_4
sgHSP90B1_3	sgEFCAB14_1	NA	NA	NA	sgDACT3_3
sgHSPA5_3	sgEFNA3_4	NA	NA	NA	sgDCAF12_1
sgHSPA5_4	sgEIF2B5_2	NA	NA	NA	sgDCAF13_1
sgHSPA6_1	sgEIF2B5_3	NA	NA	NA	sgDCAF13_2
sgHSPA6_2	sgEIF2S2_2	NA	NA	NA	sgDCHS2_1
sgHSPA6_3	sgEIF3K_1	NA	NA	NA	sgDCHS2_2
sgHSPA6_4	sgEIF3K_4	NA	NA	NA	sgDCHS2_3
sgHSPA8_3	sgEIF3L_4	NA	NA	NA	sgDCHS2_4
sgHSPA9_4	sgEIF4A1_2	NA	NA	NA	sgDDHD1_3
sgHSPB1_3	sgEIF4EBP1_2	NA	NA	NA	sgDDX27_1
sgHSPB1_4	sgEIF4EBP1_3	NA	NA	NA	sgDEC1_1
sgHTR7_1	sgEIF4EBP2_3	NA	NA	NA	sgDEC1_2
sgHYDIN_3	sgEIF4E_3	NA	NA	NA	sgDEC1_3
sgHYDIN_4	sgEIF4G3_3	NA	NA	NA	sgDEFA5_1
sgHYPK_3	sgEIF4H_4	NA	NA	NA	sgDEFB119_2
sgHYPK_4	sgEIF5A2_2	NA	NA	NA	sgDEFB121_1
sgID2_1	sgEIF5_2	NA	NA	NA	sgDEFB126_1
sgIDS_2	sgELF1_2	NA	NA	NA	sgDEFB126_2
sgIFI16_4	sgELF2_1	NA	NA	NA	sgDEFB126_3
sgIGF2BP3_3	sgELF2_2	NA	NA	NA	sgDEFB126_4
sgIGF2BP3_4	sgELL2_3	NA	NA	NA	sgDGKZ_1
sgIGLON5_1	sgELL3_2	NA	NA	NA	sgDHRS12_1
sgIGLON5_3	sgELMO2_1	NA	NA	NA	sgDHRS12_4
sgIGLON5_4	sgELMOD1_1	NA	NA	NA	sgDHRS4L2_2
sgIGSF3_1	sgEMB_1	NA	NA	NA	sgDHRS4L2_3
sgIGSF3_2	sgEMB_2	NA	NA	NA	sgDIRC1_1
sgIGSF3_3	sgEMB_3	NA	NA	NA	sgDIRC1_2
sgIKBKG_2	sgEML3_1	NA	NA	NA	sgDIRC1_3
sgIKBKG_3	sgEMP2_4	NA	NA	NA	sgDIRC1_4
sgIKBKG_4	sgEMR1_3	NA	NA	NA	sgDIRC3_1
sgIK_1	sgENAH_2	NA	NA	NA	sgDIRC3_2
sgIK_2	sgENKD1_3	NA	NA	NA	sgDIRC3_3
sgIL32_4	sgENO1_4	NA	NA	NA	sgDIRC3_4
sgILF2_1	sgENOPH1_4	NA	NA	NA	sgDIXDC1_1
sgIMMP1L_2	sgENPEP_2	NA	NA	NA	sgDLEU1_1
sgIMPA1_2	sgENSA_2	NA	NA	NA	sgDLEU1_2
sgINTS4_3	sgEPHA6_2	NA	NA	NA	sgDLEU1_3
sgINTS4_4	sgEPS8L1_3	NA	NA	NA	sgDLEU1_4
sgINTS6_2	sgEPS8_4	NA	NA	NA	sgDMPK_1
sgINTS6_3	sgERBB2_1	NA	NA	NA	sgDMPK_2
sgIPMK_3	sgERCC4_3	NA	NA	NA	sgDMPK_3
sgIPMK_4	sgERF_1	NA	NA	NA	sgDMPK_4
sgIPO7_4	sgERV3-1_2	NA	NA	NA	sgDNAAF3_1
sgIQSEC3_1	sgERVFRD-1_2	NA	NA	NA	sgDNAH10OS_1
sgISG20L2_3	sgESCO1_2	NA	NA	NA	sgDNAH10OS_2
sgISPD_3	sgESRRA_1	NA	NA	NA	sgDNAH10OS_3
sgIST1_2	sgESRRA_4	NA	NA	NA	sgDNAH10OS_4
sgKATNBL1_2	sgESX1_1	NA	NA	NA	sgDNAH3_1
sgKCNJ12_1	sgESX1_2	NA	NA	NA	sgDNAH7_3
sgKCNJ12_2	sgESX1_3	NA	NA	NA	sgDNAJB14_1
sgKCNJ12_3	sgETV1_2	NA	NA	NA	sgDNAJC2_1
sgKCNJ12_4	sgETV2_1	NA	NA	NA	sgDNALI1_1
sgKCNMB3_3	sgETV3L_3	NA	NA	NA	sgDNPEP_1
sgKCTD1_1	sgEVC2_4	NA	NA	NA	sgDPF1_1
sgKCTD5_3	sgEWSR1_4	NA	NA	NA	sgDPYSL2_1
sgKDM6A_4	sgEXD2_3	NA	NA	NA	sgDSCAML1_1
sgKIAA0895L_1	sgEXOC2_1	NA	NA	NA	sgDSCR4_1
sgKIAA0895L_3	sgEXOC3L4_2	NA	NA	NA	sgDSCR4_2
sgKIAA1143_2	sgEXOC7_3	NA	NA	NA	sgDSCR4_3
sgKIAA1143_3	sgEXOG_4	NA	NA	NA	sgDSCR4_4
sgKIAA1143_4	sgF5_2	NA	NA	NA	sgDSCR8_1
sgKIAA1191_2	sgF5_3	NA	NA	NA	sgDSCR8_2
sgKIAA1191_3	sgFABP1_1	NA	NA	NA	sgDSCR8_3
sgKIAA1328_1	sgFAF1_2	NA	NA	NA	sgDSCR8_4
sgKIAA2013_2	sgFAF2_4	NA	NA	NA	sgDUOXA1_3
sgKIAA2013_3	sgFAHD1_4	NA	NA	NA	sgDUSP11_3
sgKIAA2013_4	sgFAHD2B_1	NA	NA	NA	sgDUSP13_2
sgKIF25_1	sgFAHD2B_2	NA	NA	NA	sgDUSP13_3
sgKIF25_2	sgFAHD2B_3	NA	NA	NA	sgDUSP13_4
sgKIF27_2	sgFAM104B_2	NA	NA	NA	sgEDAR_2
sgKIF27_3	sgFAM104B_3	NA	NA	NA	sgEFCAB13_1
sgKIF27_4	sgFAM106A_3	NA	NA	NA	sgEFCAB13_2
sgKLF7_4	sgFAM110B_3	NA	NA	NA	sgEFCAB13_3
sgKLF8_4	sgFAM115C_1	NA	NA	NA	sgEFCAB13_4
sgKLHL12_3	sgFAM120B_1	NA	NA	NA	sgEFHB_2
sgKMT2C_1	sgFAM120B_2	NA	NA	NA	sgEFNA4_4
sgKNTC1_4	sgFAM131B_2	NA	NA	NA	sgEIF2B3_3
sgKPNA2_4	sgFAM132B_2	NA	NA	NA	sgEIF4B_2
sgKPNA4_4	sgFAM13A_4	NA	NA	NA	sgEIF4B_3
sgKRAS_2	sgFAM149B1_4	NA	NA	NA	sgELMO3_1
sgKRAS_4	sgFAM150B_4	NA	NA	NA	sgEML2_1
sgKRT19_4	sgFAM153C_1	NA	NA	NA	sgEML2_2
sgKRTAP10-2_1	sgFAM159A_2	NA	NA	NA	sgEML2_3
sgKRTAP13-3_2	sgFAM160A1_3	NA	NA	NA	sgEML2_4
sgKRTAP21-1_2	sgFAM162A_1	NA	NA	NA	sgENAH_3
sgKRTCAP2_4	sgFAM167A_2	NA	NA	NA	sgENOSF1_3
sgLAMTOR3_2	sgFAM177A1_2	NA	NA	NA	sgEP400NL_1
sgLAMTOR3_3	sgFAM179A_2	NA	NA	NA	sgEP400NL_4
sgLAMTOR5_1	sgFAM182B_3	NA	NA	NA	sgEPB41L2_3
sgLANCL3_1	sgFAM182B_4	NA	NA	NA	sgEPB41L5_4
sgLAP3_2	sgFAM183A_1	NA	NA	NA	sgEPM2A_2
sgLAP3_3	sgFAM186A_2	NA	NA	NA	sgEPRS_3
sgLAPTM4B_3	sgFAM192A_2	NA	NA	NA	sgERAP1_2
sgLARP4_1	sgFAM195A_3	NA	NA	NA	sgERCC2_3
sgLARP4_2	sgFAM204A_2	NA	NA	NA	sgERH_2
sgLCN1_1	sgFAM204A_4	NA	NA	NA	sgERI3_3
sgLDHAL6B_4	sgFAM205A_4	NA	NA	NA	sgERN2_1
sgLDHB_4	sgFAM206A_3	NA	NA	NA	sgESAM_1
sgLETM1_4	sgFAM210B_3	NA	NA	NA	sgESYT2_1
sgLGALS9B_1	sgFAM210B_4	NA	NA	NA	sgETNK1_1
sgLIMS1_3	sgFAM213A_2	NA	NA	NA	sgETNPPL_1
sgLIN28A_3	sgFAM220A_2	NA	NA	NA	sgETS1_1
sgLINC00998_1	sgFAM228A_2	NA	NA	NA	sgEVI2A_1
sgLLPH_1	sgFAM32A_3	NA	NA	NA	sgEXTL2_1
sgLLPH_2	sgFAM35A_4	NA	NA	NA	sgEYA1_1
sgLLPH_3	sgFAM3C_4	NA	NA	NA	sgEYA3_4
sgLRP5_3	sgFAM53B_4	NA	NA	NA	sgFABP5_1
sgLRRC37B_4	sgFAM60A_1	NA	NA	NA	sgFAM104B_4
sgLRRC7_2	sgFAM63B_1	NA	NA	NA	sgFAM129C_1
sgLSM12_1	sgFAM64A_1	NA	NA	NA	sgFAM134B_1
sgLSM12_2	sgFAM83C_2	NA	NA	NA	sgFAM134B_2
sgLSM12_3	sgFAM83C_3	NA	NA	NA	sgFAM169B_1
sgLSM12_4	sgFAM83C_4	NA	NA	NA	sgFAM169B_2
sgLSM6_2	sgFAM86B1_1	NA	NA	NA	sgFAM169B_3
sgLYPLA1_4	sgFAM86B1_2	NA	NA	NA	sgFAM169B_4
sgLYPLA2_1	sgFAM92A1_1	NA	NA	NA	sgFAM182B_1
sgLYPLA2_2	sgFAM98C_1	NA	NA	NA	sgFAM182B_2
sgLYPLA2_4	sgFAM9A_3	NA	NA	NA	sgFAM183B_1
sgLYRM2_3	sgFANCL_3	NA	NA	NA	sgFAM183B_2
sgLYRM5_1	sgFAR1_2	NA	NA	NA	sgFAM183B_3
sgMAD2L1_2	sgFARS2_3	NA	NA	NA	sgFAM183B_4
sgMAGEB6_3	sgFASLG_2	NA	NA	NA	sgFAM186B_4
sgMAGEB6_4	sgFASTKD1_1	NA	NA	NA	sgFAM193B_4
sgMALL_1	sgFAT4_1	NA	NA	NA	sgFAM19A5_1
sgMALL_2	sgFAT4_4	NA	NA	NA	sgFAM215A_1
sgMALL_3	sgFBLIM1_2	NA	NA	NA	sgFAM215A_2
sgMALL_4	sgFBP2_3	NA	NA	NA	sgFAM215A_3
sgMANBAL_1	sgFBP2_4	NA	NA	NA	sgFAM215A_4
sgMANBAL_4	sgFBRSL1_1	NA	NA	NA	sgFAM218A_1
sgMANEAL_2	sgFBXL12_3	NA	NA	NA	sgFAM218A_2
sgMAP2K1_2	sgFBXO36_4	NA	NA	NA	sgFAM218A_3
sgMAP2K2_1	sgFBXO40_2	NA	NA	NA	sgFAM218A_4
sgMAP2K2_2	sgFBXO7_4	NA	NA	NA	sgFAM25E_1
sgMAP2K2_3	sgFBXW10_2	NA	NA	NA	sgFAM25E_2
sgMAP2K2_4	sgFBXW2_2	NA	NA	NA	sgFAM25E_3
sgMAP2K3_2	sgFCF1_2	NA	NA	NA	sgFAM25E_4
sgMAP2K3_3	sgFCGBP_1	NA	NA	NA	sgFAM46A_1
sgMAP2K3_4	sgFCGBP_3	NA	NA	NA	sgFAM46A_2
sgMAP2K4_1	sgFCGBP_4	NA	NA	NA	sgFAM69A_1
sgMAP2K4_4	sgFCGRT_1	NA	NA	NA	sgFAM69A_2
sgMAPK1IP1L_1	sgFCHO2_2	NA	NA	NA	sgFAM69A_3
sgMAPK1IP1L_2	sgFCN3_1	NA	NA	NA	sgFAM69A_4
sgMAPK1IP1L_3	sgFCRL5_4	NA	NA	NA	sgFAM83D_1
sgMAPK8IP1_2	sgFCRL6_2	NA	NA	NA	sgFAM90A26_1
sgMATR3_3	sgFDX1_1	NA	NA	NA	sgFAM90A26_2
sgMCFD2_3	sgFDXACB1_3	NA	NA	NA	sgFANCL_4
sgMCTP2_1	sgFEM1A_4	NA	NA	NA	sgFARSB_1
sgMCTP2_2	sgFEN1_2	NA	NA	NA	sgFBXL22_3
sgMCTS1_1	sgFEN1_3	NA	NA	NA	sgFBXL22_4
sgMDH1_4	sgFES_2	NA	NA	NA	sgFCER2_3
sgME2_1	sgFEZ1_4	NA	NA	NA	sgFCN1_3
sgMEA1_1	sgFGA_3	NA	NA	NA	sgFCRL6_1
sgMED27_1	sgFGD4_4	NA	NA	NA	sgFCRL6_3
sgMED27_3	sgFGF6_2	NA	NA	NA	sgFCRL6_4
sgMED27_4	sgFGFBP2_4	NA	NA	NA	sgFEZ2_3
sgMEF2A_3	sgFGFR2_3	NA	NA	NA	sgFGA_4
sgMEIS3_2	sgFGG_4	NA	NA	NA	sgFGF12_1
sgMEMO1_1	sgFGL1_2	NA	NA	NA	sgFGF8_1
sgMEMO1_2	sgFHIT_3	NA	NA	NA	sgFLJ27365_1
sgMETAP2_4	sgFHL1_4	NA	NA	NA	sgFLJ27365_2
sgMETTL15_1	sgFIP1L1_2	NA	NA	NA	sgFLJ27365_3
sgMETTL15_2	sgFKBP9_3	NA	NA	NA	sgFLJ27365_4
sgMETTL15_3	sgFLG2_1	NA	NA	NA	sgFMN1_1
sgMETTL15_4	sgFLG2_4	NA	NA	NA	sgFMO2_1
sgMETTL1_2	sgFLG_1	NA	NA	NA	sgFMO2_2
sgMETTL7A_2	sgFLG_2	NA	NA	NA	sgFMO2_3
sgMETTL8_4	sgFLG_4	NA	NA	NA	sgFMO2_4
sgMFF_2	sgFLNB_3	NA	NA	NA	sgFMO6P_1
sgMFF_3	sgFLYWCH1_1	NA	NA	NA	sgFMO6P_2
sgMGAM_3	sgFN3K_2	NA	NA	NA	sgFMO6P_3
sgMGST2_2	sgFNTA_3	NA	NA	NA	sgFMO6P_4
sgMIPEP_3	sgFNTA_4	NA	NA	NA	sgFOLR3_3
sgMKI67IP_2	sgFOLH1_1	NA	NA	NA	sgFREM1_1
sgMMP23B_2	sgFOLR2_1	NA	NA	NA	sgFRRS1L_2
sgMMP23B_3	sgFOLR2_2	NA	NA	NA	sgFTCDNL1_2
sgMMP23B_4	sgFOLR2_3	NA	NA	NA	sgFTCDNL1_3
sgMOCS3_4	sgFOLR3_1	NA	NA	NA	sgFTCDNL1_4
sgMORF4L1_4	sgFOLR3_2	NA	NA	NA	sgG6PD_1
sgMPHOSPH8_3	sgFOSL1_1	NA	NA	NA	sgGABRB3_1
sgMPPE1_1	sgFOSL1_2	NA	NA	NA	sgGADL1_3
sgMPPED1_3	sgFOXB2_1	NA	NA	NA	sgGALNT14_3
sgMPRIP_1	sgFOXJ2_4	NA	NA	NA	sgGCNT3_1
sgMPRIP_3	sgFOXM1_4	NA	NA	NA	sgGCNT3_2
sgMPV17L_4	sgFRG2C_1	NA	NA	NA	sgGCNT3_3
sgMPZL1_2	sgFRMD4A_2	NA	NA	NA	sgGCNT3_4
sgMRE11A_1	sgFRMD6_1	NA	NA	NA	sgGDF5OS_1
sgMRGPRX1_1	sgFRMD8_3	NA	NA	NA	sgGDF5OS_2
sgMRGPRX1_2	sgFSCB_1	NA	NA	NA	sgGDF5OS_3
sgMRGPRX1_3	sgFSCB_2	NA	NA	NA	sgGDF5OS_4
sgMRGPRX1_4	sgFSCN1_1	NA	NA	NA	sgGEMIN2_1
sgMRPL10_1	sgFSCN1_2	NA	NA	NA	sgGHRL_4
sgMRPL11_1	sgFSCN1_3	NA	NA	NA	sgGKN1_1
sgMRPL2_4	sgFSCN1_4	NA	NA	NA	sgGKN1_2
sgMRPL35_1	sgFSIP1_1	NA	NA	NA	sgGLRA4_1
sgMRPL36_1	sgFSIP1_4	NA	NA	NA	sgGLRA4_2
sgMRPL36_2	sgFTHL17_1	NA	NA	NA	sgGLRA4_3
sgMRPL36_4	sgFTSJ1_3	NA	NA	NA	sgGLRA4_4
sgMRPL45_1	sgFUBP3_2	NA	NA	NA	sgGLRX2_1
sgMRPL45_2	sgFUCA1_4	NA	NA	NA	sgGLRX2_2
sgMRPL48_4	sgFUNDC1_2	NA	NA	NA	sgGLRX2_3
sgMRPL50_1	sgFUT5_4	NA	NA	NA	sgGLUL_3
sgMRPL50_2	sgFXR1_3	NA	NA	NA	sgGNAL_1
sgMRPL9_4	sgFZD10_2	NA	NA	NA	sgGNRHR_1
sgMRPS18A_1	sgFZD3_1	NA	NA	NA	sgGNRHR_3
sgMRPS18A_2	sgG2E3_2	NA	NA	NA	sgGNS_2
sgMRPS18A_3	sgGAB3_3	NA	NA	NA	sgGP2_3
sgMRPS33_3	sgGABARAP_3	NA	NA	NA	sgGPATCH4_1
sgMRPS33_4	sgGABPA_3	NA	NA	NA	sgGPR110_2
sgMRPS6_4	sgGABRA3_4	NA	NA	NA	sgGPR111_1
sgMRRF_3	sgGABRR1_4	NA	NA	NA	sgGPR111_2
sgMRRF_4	sgGABRR2_4	NA	NA	NA	sgGPR111_3
sgMSANTD3_3	sgGALNT15_2	NA	NA	NA	sgGPR111_4
sgMSANTD3_4	sgGALNT1_2	NA	NA	NA	sgGPR123_1
sgMSL3_2	sgGALNT2_1	NA	NA	NA	sgGPR123_2
sgMSL3_4	sgGALNT3_3	NA	NA	NA	sgGPR123_3
sgMSMO1_1	sgGALNT6_1	NA	NA	NA	sgGPR123_4
sgMSN_1	sgGAP43_4	NA	NA	NA	sgGPR142_1
sgMST1_3	sgGAPDH_4	NA	NA	NA	sgGPR144_1
sgMST1_4	sgGAR1_4	NA	NA	NA	sgGPRC5C_1
sgMSTO1_1	sgGAS2L1_4	NA	NA	NA	sgGPRC5D_3
sgMSTO1_2	sgGATA4_1	NA	NA	NA	sgGRB14_2
sgMSTO1_3	sgGBP1_3	NA	NA	NA	sgGRIN1_4
sgMSTO1_4	sgGBP6_3	NA	NA	NA	sgGSTM2_1
sgMSX2_3	sgGC_4	NA	NA	NA	sgGSTM2_2
sgMSX2_4	sgGDAP1L1_4	NA	NA	NA	sgGSTM2_3
sgMTAP_3	sgGDF3_2	NA	NA	NA	sgGSTM2_4
sgMTCH2_2	sgGEMIN6_2	NA	NA	NA	sgGUCY1A2_3
sgMTIF3_4	sgGEMIN7_1	NA	NA	NA	sgGVQW1_1
sgMTRF1L_1	sgGEMIN7_2	NA	NA	NA	sgGVQW1_2
sgMTRF1L_2	sgGEMIN7_4	NA	NA	NA	sgGVQW1_4
sgMTRF1L_3	sgGEMIN8_2	NA	NA	NA	sgH2BFWT_3
sgMTRF1L_4	sgGFM2_3	NA	NA	NA	sgH2BFWT_4
sgMTX1_2	sgGGH_4	NA	NA	NA	sgHHLA3_1
sgMTX1_3	sgGGNBP2_1	NA	NA	NA	sgHHLA3_2
sgMTX1_4	sgGGT5_1	NA	NA	NA	sgHHLA3_3
sgMTX2_3	sgGJA1_1	NA	NA	NA	sgHHLA3_4
sgMUC12_3	sgGJA1_2	NA	NA	NA	sgHMGCL_3
sgMUC20_1	sgGJA1_4	NA	NA	NA	sgHMGCLL1_3
sgMUC20_2	sgGJA3_1	NA	NA	NA	sgHNF4A_1
sgMUC20_3	sgGJB5_3	NA	NA	NA	sgHOMEZ_1
sgMUC20_4	sgGJC3_3	NA	NA	NA	sgHP_1
sgMUC2_4	sgGJC3_4	NA	NA	NA	sgHRASLS_1
sgMUC6_2	sgGK2_4	NA	NA	NA	sgHRASLS_2
sgMUC6_3	sgGKAP1_2	NA	NA	NA	sgHRASLS_3
sgMUC6_4	sgGK_4	NA	NA	NA	sgHSF5_4
sgMXRA5_4	sgGLB1L_3	NA	NA	NA	sgHTR3D_1
sgMXRA7_1	sgGLI1_4	NA	NA	NA	sgHTR3D_2
sgMXRA7_2	sgGLRX3_2	NA	NA	NA	sgHYAL1_1
sgMXRA7_3	sgGLRX3_3	NA	NA	NA	sgHYLS1_1
sgMYCBP_4	sgGLRX5_4	NA	NA	NA	sgHYLS1_2
sgMYEOV2_1	sgGLRX_1	NA	NA	NA	sgHYLS1_3
sgMYL12B_1	sgGLTP_3	NA	NA	NA	sgHYLS1_4
sgMYL6_3	sgGLUL_2	NA	NA	NA	sgIBA57-AS1_1
sgMZT2B_2	sgGLYATL1_3	NA	NA	NA	sgIBA57-AS1_2
sgMZT2B_3	sgGLYATL2_1	NA	NA	NA	sgIBA57-AS1_3
sgN6AMT1_3	sgGM2A_2	NA	NA	NA	sgIBA57-AS1_4
sgNAB1_1	sgGMCL1_1	NA	NA	NA	sgICAM3_1
sgNAB1_4	sgGML_4	NA	NA	NA	sgIDH3G_3
sgNAIP_2	sgGMPR_3	NA	NA	NA	sgIFI27L2_2
sgNAIP_3	sgGNAI1_4	NA	NA	NA	sgIFT172_1
sgNAIP_4	sgGNAQ_2	NA	NA	NA	sgIGFL2_1
sgNAMPT_2	sgGNAS_2	NA	NA	NA	sgIKZF3_1
sgNAMPT_3	sgGNB1_2	NA	NA	NA	sgIL12A_1
sgNAMPT_4	sgGNB2L1_4	NA	NA	NA	sgIL12A_2
sgNANOG_1	sgGNB2_2	NA	NA	NA	sgIL15RA_4
sgNANOG_2	sgGNGT1_2	NA	NA	NA	sgIL17RC_1
sgNAP1L1_2	sgGNGT1_3	NA	NA	NA	sgIL17RD_3
sgNAP1L4_1	sgGNL3L_3	NA	NA	NA	sgIL5RA_3
sgNASP_3	sgGNL3L_4	NA	NA	NA	sgIMPDH1_3
sgNASP_4	sgGNPNAT1_1	NA	NA	NA	sgINPP4B_3
sgNBEA_3	sgGNPNAT1_2	NA	NA	NA	sgINS-IGF2_1
sgNBEA_4	sgGNPTAB_3	NA	NA	NA	sgINS-IGF2_2
sgNBPF3_3	sgGNPTAB_4	NA	NA	NA	sgINS-IGF2_3
sgNBPF3_4	sgGOLGA1_4	NA	NA	NA	sgINS-IGF2_4
sgNCAPG_4	sgGOLGA2_2	NA	NA	NA	sgINSC_1
sgNCF1_1	sgGOLGA5_1	NA	NA	NA	sgIQCJ_1
sgNCF1_2	sgGOLM1_2	NA	NA	NA	sgIQCJ_2
sgNCF1_3	sgGOT2_3	NA	NA	NA	sgIQCJ_3
sgNCF1_4	sgGP2_1	NA	NA	NA	sgIQCJ_4
sgNCOA4_4	sgGPCPD1_1	NA	NA	NA	sgIQGAP3_3
sgNDUFA4_2	sgGPCPD1_3	NA	NA	NA	sgIRAK1_3
sgNDUFAF2_1	sgGPCPD1_4	NA	NA	NA	sgITGA8_2
sgNDUFAF2_3	sgGPD2_3	NA	NA	NA	sgJAK3_1
sgNDUFB11_3	sgGPD2_4	NA	NA	NA	sgKALRN_1
sgNDUFB1_3	sgGPR113_1	NA	NA	NA	sgKANSL1L_4
sgNDUFB9_2	sgGPR119_3	NA	NA	NA	sgKAT2A_2
sgNDUFB9_4	sgGPR125_2	NA	NA	NA	sgKCNAB1_1
sgNDUFS5_3	sgGPR179_3	NA	NA	NA	sgKCNAB2_1
sgNDUFS6_3	sgGPR180_3	NA	NA	NA	sgKCNE4_2
sgNDUFS6_4	sgGPRIN1_4	NA	NA	NA	sgKCNH2_3
sgNDUFV2_1	sgGPS2_2	NA	NA	NA	sgKCNH5_1
sgNDUFV2_2	sgGPX1_4	NA	NA	NA	sgKCNIP2_1
sgNECAP1_2	sgGRIA4_4	NA	NA	NA	sgKCNIP3_1
sgNECAP1_4	sgGRIK5_1	NA	NA	NA	sgKCNJ6_1
sgNEDD8_1	sgGRK4_4	NA	NA	NA	sgKCNK10_1
sgNEDD8_2	sgGRK6_3	NA	NA	NA	sgKCNK5_2
sgNEDD8_3	sgGRN_1	NA	NA	NA	sgKCNMB3_1
sgNEFH_2	sgGRPEL2_4	NA	NA	NA	sgKCNQ3_4
sgNFE2L3_3	sgGRSF1_4	NA	NA	NA	sgKCTD16_1
sgNFE2L3_4	sgGSTA5_3	NA	NA	NA	sgKCTD16_2
sgNFYB_3	sgGSTM3_3	NA	NA	NA	sgKCTD16_3
sgNGRN_3	sgGSTO1_3	NA	NA	NA	sgKCTD16_4
sgNHP2L1_3	sgGSTO1_4	NA	NA	NA	sgKCTD17_1
sgNHP2_1	sgGTF2H5_4	NA	NA	NA	sgKDM5D_1
sgNHP2_3	sgGUCA2A_4	NA	NA	NA	sgKHDC1_1
sgNHP2_4	sgGUCY2D_3	NA	NA	NA	sgKHK_3
sgNICN1_3	sgGUSB_1	NA	NA	NA	sgKIAA0087_1
sgNLGN4X_4	sgGUSB_2	NA	NA	NA	sgKIAA0087_2
sgNMNAT1_1	sgGVQW1_3	NA	NA	NA	sgKIAA0087_3
sgNOB1_2	sgGYG1_1	NA	NA	NA	sgKIAA0125_1
sgNOC2L_2	sgGYG1_3	NA	NA	NA	sgKIAA0125_2
sgNONO_1	sgGYG1_4	NA	NA	NA	sgKIAA0125_3
sgNONO_3	sgGYPA_2	NA	NA	NA	sgKIAA0125_4
sgNOTCH2NL_1	sgGYPC_2	NA	NA	NA	sgKIAA1210_1
sgNOTCH2_1	sgH2AFV_4	NA	NA	NA	sgKIAA1210_4
sgNPEPPS_1	sgH2AFZ_2	NA	NA	NA	sgKIAA1549_1
sgNPEPPS_2	sgH2AFZ_4	NA	NA	NA	sgKIAA1755_3
sgNPEPPS_3	sgHADHA_1	NA	NA	NA	sgKIAA1958_3
sgNPIPB5_1	sgHADHB_3	NA	NA	NA	sgKIAA1958_4
sgNPIPB5_2	sgHADHB_4	NA	NA	NA	sgKIF17_3
sgNPL_3	sgHADH_2	NA	NA	NA	sgKIR2DL4_1
sgNPY4R_1	sgHAT1_2	NA	NA	NA	sgKIR2DL4_2
sgNPY4R_2	sgHAUS1_1	NA	NA	NA	sgKIR2DL4_3
sgNPY4R_3	sgHAUS1_2	NA	NA	NA	sgKIR2DL4_4
sgNPY4R_4	sgHAUS1_3	NA	NA	NA	sgKIR3DX1_1
sgNREP_2	sgHAUS1_4	NA	NA	NA	sgKIR3DX1_2
sgNREP_3	sgHAX1_3	NA	NA	NA	sgKIR3DX1_3
sgNSF_1	sgHAX1_4	NA	NA	NA	sgKIR3DX1_4
sgNSF_2	sgHBS1L_1	NA	NA	NA	sgKLK11_2
sgNSF_3	sgHBS1L_2	NA	NA	NA	sgKLK14_2
sgNSF_4	sgHBZ_4	NA	NA	NA	sgKLK9_1
sgNSRP1_1	sgHCAR2_1	NA	NA	NA	sgKLRF1_4
sgNSRP1_4	sgHCCS_3	NA	NA	NA	sgKPTN_4
sgNSUN5_1	sgHCFC1R1_1	NA	NA	NA	sgKRBA2_1
sgNSUN5_3	sgHCFC1_1	NA	NA	NA	sgKRBA2_2
sgNSUN5_4	sgHCFC1_3	NA	NA	NA	sgKRT23_2
sgNT5C3A_2	sgHCN2_2	NA	NA	NA	sgKRT24_1
sgNT5C3A_4	sgHCN2_3	NA	NA	NA	sgKRT24_2
sgNT5DC1_1	sgHCST_4	NA	NA	NA	sgKRT24_3
sgNT5DC1_4	sgHDAC1_2	NA	NA	NA	sgKRT24_4
sgNTAN1_2	sgHDAC1_3	NA	NA	NA	sgKRT34_1
sgNTPCR_1	sgHDAC6_4	NA	NA	NA	sgKRT81_1
sgNUDC_1	sgHDGFRP3_2	NA	NA	NA	sgKRT81_2
sgNUDT15_4	sgHDHD1_3	NA	NA	NA	sgKRT81_4
sgNUDT4_1	sgHDHD1_4	NA	NA	NA	sgKRTAP5-1_1
sgNUDT4_2	sgHEXA_2	NA	NA	NA	sgKRTAP5-1_2
sgNUDT4_3	sgHIGD2A_2	NA	NA	NA	sgKRTAP5-1_3
sgNUDT4_4	sgHIGD2A_3	NA	NA	NA	sgKRTAP5-1_4
sgNUFIP1_2	sgHIGD2A_4	NA	NA	NA	sgKRTAP9-7_1
sgNUFIP1_4	sgHIGD2B_1	NA	NA	NA	sgKRTCAP2_1
sgNUP210_2	sgHIST1H1T_2	NA	NA	NA	sgL3HYPDH_1
sgNUP50_1	sgHIST1H2BM_1	NA	NA	NA	sgLACRT_1
sgNUP50_2	sgHIST2H2AC_1	NA	NA	NA	sgLACTB2_1
sgNUP50_3	sgHIST3H2BB_2	NA	NA	NA	sgLAMA1_1
sgNUP50_4	sgHK2_1	NA	NA	NA	sgLAPTM4A_3
sgNUS1_1	sgHK2_4	NA	NA	NA	sgLARP1_1
sgNUS1_2	sgHLA-DPB1_2	NA	NA	NA	sgLARS_4
sgNUS1_3	sgHLA-DQB2_2	NA	NA	NA	sgLAYN_1
sgNUS1_4	sgHLA-E_2	NA	NA	NA	sgLCOR_3
sgOAT_1	sgHLA-G_3	NA	NA	NA	sgLCOR_4
sgOCLN_3	sgHLA-G_4	NA	NA	NA	sgLDHD_3
sgOCLN_4	sgHM13_3	NA	NA	NA	sgLECT1_1
sgOLA1_1	sgHM13_4	NA	NA	NA	sgLEO1_1
sgOLA1_2	sgHMBOX1_1	NA	NA	NA	sgLEO1_2
sgOLA1_4	sgHMGA2_3	NA	NA	NA	sgLEO1_3
sgOR10G2_1	sgHMGB2_3	NA	NA	NA	sgLEO1_4
sgOR13D1_1	sgHMGB2_4	NA	NA	NA	sgLGALS14_1
sgOR13D1_2	sgHMGB4_4	NA	NA	NA	sgLGALS14_2
sgOR1D2_3	sgHMGN3_1	NA	NA	NA	sgLGALS8_2
sgOR1D2_4	sgHMGN3_4	NA	NA	NA	sgLIG1_3
sgOR1D5_3	sgHNF4A_2	NA	NA	NA	sgLIMCH1_1
sgOR1D5_4	sgHNRNPDL_4	NA	NA	NA	sgLIMS2_2
sgOR2A14_2	sgHNRNPD_3	NA	NA	NA	sgLIN9_1
sgOR2A25_2	sgHNRNPH1_2	NA	NA	NA	sgLINC00632_1
sgOR2A2_1	sgHNRNPK_4	NA	NA	NA	sgLINC00632_2
sgOR2H2_4	sgHNRNPL_2	NA	NA	NA	sgLINC00632_3
sgOR2J3_1	sgHNRNPL_4	NA	NA	NA	sgLINC00632_4
sgOR2J3_2	sgHNRNPR_2	NA	NA	NA	sgLINC00692_2
sgOR2T27_1	sgHORMAD1_4	NA	NA	NA	sgLINC00692_3
sgOR4A15_3	sgHRG_3	NA	NA	NA	sgLINGO2_1
sgOR4A47_2	sgHRH4_1	NA	NA	NA	sgLINGO2_2
sgOR4A47_3	sgHRNR_1	NA	NA	NA	sgLINGO2_3
sgOR4B1_3	sgHRNR_4	NA	NA	NA	sgLINGO2_4
sgOR4B1_4	sgHRSP12_4	NA	NA	NA	sgLIPI_1
sgOR4C3_1	sgHS3ST6_2	NA	NA	NA	sgLLGL2_3
sgOR4C3_2	sgHS6ST1_3	NA	NA	NA	sgLMBR1L_1
sgOR4C3_3	sgHSD17B12_2	NA	NA	NA	sgLMBR1L_4
sgOR4C3_4	sgHSD17B2_3	NA	NA	NA	sgLPAR1_1
sgOR4C46_2	sgHSD17B7_3	NA	NA	NA	sgLPCAT1_4
sgOR4C5_1	sgHSD17B7_4	NA	NA	NA	sgLRP5L_1
sgOR4D10_2	sgHSD3B1_3	NA	NA	NA	sgLRP5L_2
sgOR4D11_3	sgHSF2_1	NA	NA	NA	sgLRP5L_3
sgOR4D9_4	sgHSF2_2	NA	NA	NA	sgLRP5L_4
sgOR4K15_1	sgHSF2_4	NA	NA	NA	sgLRRC29_1
sgOR4K15_3	sgHSP90AA1_2	NA	NA	NA	sgLRRC29_2
sgOR4K15_4	sgHSP90AA1_3	NA	NA	NA	sgLRRC29_4
sgOR4N4_1	sgHSP90AB1_1	NA	NA	NA	sgLSAMP_1
sgOR4N4_3	sgHSPA5_1	NA	NA	NA	sgLSMD1_2
sgOR4N4_4	sgHSPA5_2	NA	NA	NA	sgLSMD1_3
sgOR4Q3_1	sgHSPBAP1_4	NA	NA	NA	sgLSMD1_4
sgOR51B2_4	sgHSPG2_1	NA	NA	NA	sgLSP1_1
sgOR52E2_1	sgHSPG2_3	NA	NA	NA	sgLTB4R2_1
sgOR52K2_1	sgHTR3E_1	NA	NA	NA	sgLTK_1
sgOR52L1_3	sgHTRA2_4	NA	NA	NA	sgMAGEB16_1
sgOR52M1_2	sgHUWE1_4	NA	NA	NA	sgMAGEB16_2
sgOR56A4_1	sgIAPP_1	NA	NA	NA	sgMAGEB16_3
sgOR56B4_3	sgIARS2_1	NA	NA	NA	sgMAGEB16_4
sgOR5AK2_1	sgIARS2_2	NA	NA	NA	sgMAMLD1_3
sgOR5AK2_4	sgIBSP_4	NA	NA	NA	sgMAMLD1_4
sgOR5B3_1	sgID2_2	NA	NA	NA	sgMAN2C1_4
sgOR5F1_3	sgID2_4	NA	NA	NA	sgMAP10_1
sgOR5M3_2	sgIDH1_2	NA	NA	NA	sgMAP4K2_3
sgOR5M8_1	sgIDNK_1	NA	NA	NA	sgMAP9_1
sgOR7A5_2	sgIFI16_2	NA	NA	NA	sgMAPK14_3
sgOR7D4_4	sgIFIH1_3	NA	NA	NA	sgMAPT_1
sgOR9G1_1	sgIFIT1_4	NA	NA	NA	sgMARVELD3_4
sgOR9G1_2	sgIFNW1_1	NA	NA	NA	sgMATK_1
sgOR9G1_3	sgIFNW1_2	NA	NA	NA	sgMATN4_3
sgOR9G1_4	sgIFT80_2	NA	NA	NA	sgMAZ_4
sgOSBPL9_4	sgIGBP1_3	NA	NA	NA	sgMBNL2_4
sgOSTF1_1	sgIGF2BP2_1	NA	NA	NA	sgMCHR1_1
sgOTOP1_1	sgIGF2BP2_3	NA	NA	NA	sgMDP1_1
sgOTOP1_4	sgIGF2BP2_4	NA	NA	NA	sgMDP1_2
sgOTUD4_1	sgIGF2BP3_2	NA	NA	NA	sgMDP1_3
sgOTUD4_2	sgIGSF3_4	NA	NA	NA	sgMDP1_4
sgOTUD4_3	sgIGSF5_2	NA	NA	NA	sgMDS2_1
sgOTUD4_4	sgIKZF2_3	NA	NA	NA	sgMDS2_2
sgOTUD7A_1	sgIK_3	NA	NA	NA	sgMDS2_3
sgOXCT2_1	sgIL17RA_2	NA	NA	NA	sgMDS2_4
sgOXCT2_2	sgIL17RC_2	NA	NA	NA	sgMED29_1
sgOXCT2_3	sgIL18BP_4	NA	NA	NA	sgMFGE8_1
sgOXCT2_4	sgIL1RAPL1_2	NA	NA	NA	sgMFRP_3
sgP2RX6_1	sgIL1RL1_1	NA	NA	NA	sgMIB2_1
sgPABPC1_4	sgIL27RA_4	NA	NA	NA	sgMIB2_2
sgPABPN1_3	sgIL2RB_2	NA	NA	NA	sgMICAL3_4
sgPAFAH1B2_1	sgIL2RG_1	NA	NA	NA	sgMICALCL_1
sgPAICS_3	sgIL32_3	NA	NA	NA	sgMICALCL_2
sgPAIP1_2	sgIL6ST_1	NA	NA	NA	sgMICALCL_3
sgPAIP1_3	sgIL6ST_2	NA	NA	NA	sgMICALCL_4
sgPAIP1_4	sgIL6ST_3	NA	NA	NA	sgMICALL2_2
sgPAK2_4	sgIL9_3	NA	NA	NA	sgMIER1_1
sgPANK3_1	sgILF2_2	NA	NA	NA	sgMMEL1_2
sgPANK3_3	sgILK_4	NA	NA	NA	sgMOB3B_3
sgPARL_2	sgIMMT_1	NA	NA	NA	sgMOB3C_3
sgPARL_3	sgIMMT_2	NA	NA	NA	sgMON1A_1
sgPARL_4	sgIMMT_4	NA	NA	NA	sgMPHOSPH9_4
sgPARP4_3	sgIMPA1_1	NA	NA	NA	sgMROH2B_1
sgPATL1_4	sgIMPACT_4	NA	NA	NA	sgMRPL13_1
sgPBX2_1	sgINIP_1	NA	NA	NA	sgMRPL21_4
sgPBX2_2	sgINO80B_1	NA	NA	NA	sgMRPL39_4
sgPBX2_4	sgINO80B_3	NA	NA	NA	sgMRPS10_2
sgPCBP2_2	sgINTS6_4	NA	NA	NA	sgMS4A14_1
sgPCBP2_3	sgIPMK_1	NA	NA	NA	sgMS4A14_2
sgPCDH11X_1	sgIPPK_2	NA	NA	NA	sgMS4A14_3
sgPCDH11X_2	sgIPPK_3	NA	NA	NA	sgMS4A14_4
sgPCDH11X_3	sgIQCB1_1	NA	NA	NA	sgMS4A4E_4
sgPCDH11X_4	sgIQCB1_3	NA	NA	NA	sgMT1G_1
sgPCDHB10_1	sgIQCF2_1	NA	NA	NA	sgMTCH1_2
sgPCDHB10_2	sgIRAK4_2	NA	NA	NA	sgMTHFR_1
sgPCDHB10_4	sgIRAK4_3	NA	NA	NA	sgMTHFR_2
sgPCDHGB4_1	sgIRS4_4	NA	NA	NA	sgMTMR2_4
sgPCDHGB4_2	sgISG20L2_4	NA	NA	NA	sgMTOR_2
sgPCGF5_4	sgISM2_2	NA	NA	NA	sgMTRNR2L6_1
sgPCGF6_4	sgIST1_1	NA	NA	NA	sgMTUS1_1
sgPCNA_2	sgIST1_4	NA	NA	NA	sgMUC13_1
sgPCNP_3	sgITFG1_3	NA	NA	NA	sgMUL1_3
sgPDAP1_4	sgITFG2_3	NA	NA	NA	sgMXRA7_4
sgPDCD5_3	sgITGA6_4	NA	NA	NA	sgMYCBPAP_1
sgPDCL2_2	sgITGAE_2	NA	NA	NA	sgMYD88_1
sgPDCL3_3	sgITPK1_1	NA	NA	NA	sgMYL1_1
sgPDCL3_4	sgIVL_4	NA	NA	NA	sgMYL2_2
sgPDE4DIP_1	sgJAM3_4	NA	NA	NA	sgMYO19_2
sgPDE4DIP_2	sgJMJD7_4	NA	NA	NA	sgMYOF_4
sgPDE4DIP_3	sgKAL1_1	NA	NA	NA	sgMZT2B_1
sgPDE4DIP_4	sgKALRN_3	NA	NA	NA	sgNAA10_2
sgPDIA3_1	sgKANK4_3	NA	NA	NA	sgNAB2_4
sgPDIA3_2	sgKARS_1	NA	NA	NA	sgNACA2_1
sgPDIA3_3	sgKAT6A_2	NA	NA	NA	sgNACA2_2
sgPDIA3_4	sgKAT6B_3	NA	NA	NA	sgNACA2_3
sgPDPK1_1	sgKAT7_4	NA	NA	NA	sgNACA2_4
sgPDPK1_2	sgKATNBL1_1	NA	NA	NA	sgNADK_2
sgPDPR_2	sgKBTBD3_4	NA	NA	NA	sgNADK_3
sgPDPR_3	sgKBTBD6_2	NA	NA	NA	sgNAE1_2
sgPDPR_4	sgKCNA4_1	NA	NA	NA	sgNAP1L6_1
sgPDXDC1_2	sgKCNE4_1	NA	NA	NA	sgNAP1L6_2
sgPDXDC1_4	sgKCNG2_1	NA	NA	NA	sgNAP1L6_3
sgPDZD11_2	sgKCNH3_2	NA	NA	NA	sgNAP1L6_4
sgPDZD11_3	sgKCNJ13_1	NA	NA	NA	sgNAT6_4
sgPDZK1_2	sgKCNMB1_2	NA	NA	NA	sgNAV2_1
sgPDZK1_3	sgKCNT2_4	NA	NA	NA	sgNBPF6_1
sgPDZK1_4	sgKCTD1_2	NA	NA	NA	sgNCKAP5L_4
sgPEBP1_3	sgKCTD1_4	NA	NA	NA	sgNDRG4_1
sgPEBP1_4	sgKCTD4_1	NA	NA	NA	sgNDUFA4_1
sgPEF1_3	sgKDELC1_3	NA	NA	NA	sgNDUFB8_4
sgPEPD_3	sgKDM2A_1	NA	NA	NA	sgNEBL_1
sgPERP_3	sgKDM3B_4	NA	NA	NA	sgNEDD4_3
sgPET100_2	sgKDM4D_1	NA	NA	NA	sgNEK3_1
sgPEX2_1	sgKDM4D_4	NA	NA	NA	sgNEK3_2
sgPEX5_2	sgKHDRBS3_4	NA	NA	NA	sgNEK3_3
sgPFDN1_3	sgKHSRP_1	NA	NA	NA	sgNEK3_4
sgPFN1_4	sgKHSRP_3	NA	NA	NA	sgNELFE_4
sgPGGT1B_1	sgKIAA0087_4	NA	NA	NA	sgNET1_1
sgPGGT1B_3	sgKIAA0391_3	NA	NA	NA	sgNFATC4_1
sgPGGT1B_4	sgKIAA0408_1	NA	NA	NA	sgNFKBIE_1
sgPGK1_3	sgKIAA0895L_4	NA	NA	NA	sgNFXL1_1
sgPGM5_1	sgKIAA0895_2	NA	NA	NA	sgNGEF_1
sgPGM5_2	sgKIAA0907_3	NA	NA	NA	sgNINJ2_1
sgPGM5_3	sgKIAA0907_4	NA	NA	NA	sgNINJ2_2
sgPHC1_1	sgKIAA1191_1	NA	NA	NA	sgNINJ2_3
sgPHC1_3	sgKIAA1191_4	NA	NA	NA	sgNIPAL4_1
sgPHC1_4	sgKIAA1244_3	NA	NA	NA	sgNKX1-2_1
sgPHF10_1	sgKIAA1328_2	NA	NA	NA	sgNKX6-3_1
sgPHF10_2	sgKIAA1462_3	NA	NA	NA	sgNLRP1_4
sgPHF10_3	sgKIAA1715_2	NA	NA	NA	sgNLRP5_1
sgPHKA1_2	sgKIAA1919_3	NA	NA	NA	sgNLRP5_2
sgPHKA1_3	sgKIAA1984_4	NA	NA	NA	sgNME2_1
sgPHKA1_4	sgKIAA2013_1	NA	NA	NA	sgNME2_2
sgPHLPP2_2	sgKIF14_2	NA	NA	NA	sgNME2_3
sgPHLPP2_3	sgKIF15_1	NA	NA	NA	sgNOBOX_1
sgPIGF_4	sgKIF20A_2	NA	NA	NA	sgNOBOX_2
sgPIGH_1	sgKIF4A_1	NA	NA	NA	sgNOD2_1
sgPIGH_3	sgKIR2DL1_1	NA	NA	NA	sgNOL3_1
sgPIK3CA_4	sgKIR2DL1_2	NA	NA	NA	sgNOTCH2_4
sgPIN4_3	sgKIR3DL1_1	NA	NA	NA	sgNOX3_3
sgPIN4_4	sgKIR3DL3_3	NA	NA	NA	sgNPAS3_1
sgPIP5K1A_2	sgKLC2_2	NA	NA	NA	sgNPRL2_1
sgPIP5K1A_4	sgKLF3_2	NA	NA	NA	sgNPRL2_3
sgPKM_3	sgKLF7_2	NA	NA	NA	sgNR1I2_1
sgPKM_4	sgKLF7_3	NA	NA	NA	sgNR1I3_4
sgPKP2_1	sgKLF8_1	NA	NA	NA	sgNRD1_2
sgPLA2G12A_1	sgKLHDC3_3	NA	NA	NA	sgNREP_1
sgPLA2G12A_2	sgKLHL10_4	NA	NA	NA	sgNRG2_4
sgPLA2G12A_3	sgKLHL32_2	NA	NA	NA	sgNSMAF_4
sgPLA2G4A_1	sgKLHL35_3	NA	NA	NA	sgNTN4_1
sgPLAC8_3	sgKLHL3_1	NA	NA	NA	sgNUB1_1
sgPLAC8_4	sgKLHL3_3	NA	NA	NA	sgNUP160_1
sgPLAC9_3	sgKLHL4_4	NA	NA	NA	sgNXF5_1
sgPLAC9_4	sgKLHL5_2	NA	NA	NA	sgNXF5_2
sgPLAGL2_4	sgKLHL7_1	NA	NA	NA	sgNYX_1
sgPLD3_3	sgKLK7_1	NA	NA	NA	sgNYX_2
sgPLD5_2	sgKNOP1_1	NA	NA	NA	sgOLFM3_1
sgPLD5_3	sgKPNA2_1	NA	NA	NA	sgOLFM3_2
sgPLEKHA3_1	sgKPNA6_2	NA	NA	NA	sgOPA3_3
sgPLEKHA3_2	sgKRBA1_1	NA	NA	NA	sgOPA3_4
sgPLEKHA3_3	sgKRIT1_1	NA	NA	NA	sgOPCML_1
sgPLEKHA3_4	sgKRT10_2	NA	NA	NA	sgOR10J3_1
sgPLEKHA8_1	sgKRT10_3	NA	NA	NA	sgOR10J3_2
sgPLEKHA8_4	sgKRT10_4	NA	NA	NA	sgOR10J3_3
sgPLEKHM1_1	sgKRT16_2	NA	NA	NA	sgOR10J3_4
sgPLEKHM1_3	sgKRT16_3	NA	NA	NA	sgOR11G2_2
sgPLEKHM1_4	sgKRT17_2	NA	NA	NA	sgOR11G2_4
sgPM20D1_2	sgKRT17_4	NA	NA	NA	sgOR1B1_1
sgPMPCA_3	sgKRT1_1	NA	NA	NA	sgOR1B1_2
sgPMS2_4	sgKRT1_2	NA	NA	NA	sgOR1B1_3
sgPNPT1_3	sgKRT32_4	NA	NA	NA	sgOR1B1_4
sgPNRC2_1	sgKRT5_2	NA	NA	NA	sgOR2T12_1
sgPNRC2_2	sgKRT5_4	NA	NA	NA	sgOR2T4_1
sgPNRC2_3	sgKRT81_3	NA	NA	NA	sgOR2T4_2
sgPNRC2_4	sgKRT83_3	NA	NA	NA	sgOR2T4_3
sgPOLR2J2_1	sgKRT86_3	NA	NA	NA	sgOR2T4_4
sgPOLR2M_1	sgKRT9_3	NA	NA	NA	sgOR2T7_1
sgPOLR2M_2	sgKRT9_4	NA	NA	NA	sgOR2T7_2
sgPOLR2M_3	sgKRTAP10-3_2	NA	NA	NA	sgOR4A15_1
sgPOLRMT_2	sgKRTAP11-1_2	NA	NA	NA	sgOR51H1P_1
sgPOLRMT_3	sgKRTAP12-2_1	NA	NA	NA	sgOR51H1P_2
sgPOLRMT_4	sgKRTAP12-4_3	NA	NA	NA	sgOR51H1P_3
sgPPIAL4D_1	sgKRTAP13-1_4	NA	NA	NA	sgOR51H1P_4
sgPPIH_2	sgKRTAP13-2_3	NA	NA	NA	sgOR51I2_1
sgPPIP5K1_1	sgKRTAP13-2_4	NA	NA	NA	sgOR51I2_2
sgPPIP5K2_1	sgKRTAP16-1_2	NA	NA	NA	sgOR51I2_3
sgPPP1R11_3	sgKRTAP22-2_3	NA	NA	NA	sgOR51I2_4
sgPPP1R12B_4	sgKRTAP4-1_4	NA	NA	NA	sgOR51J1_1
sgPPP2CB_2	sgKRTAP4-3_3	NA	NA	NA	sgOR51J1_2
sgPPP2CB_3	sgKRTAP5-10_1	NA	NA	NA	sgOR51J1_3
sgPPP2R5E_4	sgKRTCAP2_3	NA	NA	NA	sgOR51J1_4
sgPRADC1_1	sgKXD1_4	NA	NA	NA	sgOR52B4_1
sgPRADC1_2	sgKY_4	NA	NA	NA	sgOR52B4_2
sgPRADC1_4	sgL3MBTL2_4	NA	NA	NA	sgOR52B4_3
sgPRAMEF8_1	sgLACTBL1_1	NA	NA	NA	sgOR52B4_4
sgPRAMEF8_2	sgLAGE3_1	NA	NA	NA	sgOR56A4_4
sgPRAMEF8_3	sgLAGE3_2	NA	NA	NA	sgOR5T2_2
sgPRAMEF8_4	sgLAGE3_4	NA	NA	NA	sgOR5T2_3
sgPRH2_2	sgLAMTOR3_4	NA	NA	NA	sgOR5T2_4
sgPRH2_3	sgLAMTOR5_3	NA	NA	NA	sgOR5T3_1
sgPRH2_4	sgLANCL3_2	NA	NA	NA	sgOR6C74_1
sgPRIM1_2	sgLASP1_1	NA	NA	NA	sgOR6C74_2
sgPRKCI_1	sgLATS1_2	NA	NA	NA	sgOR6C74_3
sgPRKCI_3	sgLCMT1_1	NA	NA	NA	sgOR6C74_4
sgPRKX_2	sgLCMT1_3	NA	NA	NA	sgOR6C76_1
sgPRKX_3	sgLCN1_2	NA	NA	NA	sgOR6C76_2
sgPRODH_4	sgLCN1_3	NA	NA	NA	sgOR6C76_3
sgPRR13_3	sgLCN1_4	NA	NA	NA	sgOR6C76_4
sgPRR23B_4	sgLDHAL6A_3	NA	NA	NA	sgOR8G5_1
sgPRUNE_4	sgLDHA_1	NA	NA	NA	sgOR8S1_3
sgPSAT1_2	sgLDHA_2	NA	NA	NA	sgOR8S1_4
sgPSAT1_4	sgLDHB_1	NA	NA	NA	sgOR9G4_3
sgPSMA1_1	sgLDHB_3	NA	NA	NA	sgOR9G4_4
sgPSMA6_1	sgLDLRAD3_1	NA	NA	NA	sgOSBPL5_2
sgPSMA6_2	sgLDOC1L_4	NA	NA	NA	sgOTUD7B_4
sgPSMB3_4	sgLEFTY1_1	NA	NA	NA	sgOXR1_1
sgPSMC3_2	sgLELP1_4	NA	NA	NA	sgP2RX1_4
sgPSMC6_2	sgLEMD1_3	NA	NA	NA	sgP2RX5_1
sgPSMD10_4	sgLETM1_3	NA	NA	NA	sgP2RX5_2
sgPSMD4_2	sgLGALSL_2	NA	NA	NA	sgP2RX5_3
sgPSMD4_3	sgLGMN_3	NA	NA	NA	sgP2RX5_4
sgPSPC1_4	sgLHB_2	NA	NA	NA	sgP4HA1_4
sgPSPH_4	sgLILRA4_4	NA	NA	NA	sgPABPC4_1
sgPTCD3_4	sgLIMK2_2	NA	NA	NA	sgPABPN1L_1
sgPTEN_2	sgLIMK2_4	NA	NA	NA	sgPADI2_3
sgPTEN_4	sgLIMS1_2	NA	NA	NA	sgPAFAH2_4
sgPTGES3_1	sgLIN28A_4	NA	NA	NA	sgPAGE5_1
sgPTGR1_1	sgLIN7B_1	NA	NA	NA	sgPAGE5_2
sgPTGR1_2	sgLINC00692_1	NA	NA	NA	sgPAGE5_3
sgPTMS_4	sgLINC00692_4	NA	NA	NA	sgPAH_2
sgPTP4A1_2	sgLINGO3_3	NA	NA	NA	sgPAK3_2
sgPTP4A2_1	sgLIPE_3	NA	NA	NA	sgPAK7_2
sgPTP4A2_2	sgLMO3_4	NA	NA	NA	sgPALM2_1
sgPTP4A2_3	sgLOR_1	NA	NA	NA	sgPALM2_2
sgPTP4A2_4	sgLPA_4	NA	NA	NA	sgPALM2_4
sgPTPN11_2	sgLPGAT1_2	NA	NA	NA	sgPAPD5_1
sgPTPN2_2	sgLRG1_4	NA	NA	NA	sgPARP6_1
sgPTPRN2_4	sgLRP1_2	NA	NA	NA	sgPATE4_1
sgPTTG1_2	sgLRP3_3	NA	NA	NA	sgPAX4_2
sgPWWP2A_4	sgLRP5_4	NA	NA	NA	sgPBLD_2
sgPYROXD1_4	sgLRRC17_4	NA	NA	NA	sgPCMT1_1
sgPYURF_2	sgLRRC23_2	NA	NA	NA	sgPCMT1_2
sgPYURF_3	sgLRRC28_1	NA	NA	NA	sgPCNXL2_2
sgQRSL1_2	sgLRRC29_3	NA	NA	NA	sgPDE1C_1
sgRAB13_2	sgLRRC37B_1	NA	NA	NA	sgPDE1C_2
sgRAB13_3	sgLRRC40_1	NA	NA	NA	sgPDE1C_3
sgRAB13_4	sgLRRC59_1	NA	NA	NA	sgPDE4B_1
sgRAB1B_3	sgLRRC69_2	NA	NA	NA	sgPDE4C_1
sgRAB1B_4	sgLRRC8B_4	NA	NA	NA	sgPDE4D_1
sgRAB42_1	sgLRRFIP1_2	NA	NA	NA	sgPDLIM3_2
sgRAB42_4	sgLRRN1_4	NA	NA	NA	sgPDPN_1
sgRAB43_1	sgLSM10_4	NA	NA	NA	sgPDPN_2
sgRAB43_2	sgLSM1_4	NA	NA	NA	sgPELP1_1
sgRAB43_3	sgLSM2_4	NA	NA	NA	sgPEX16_2
sgRAB43_4	sgLSM3_1	NA	NA	NA	sgPGAP2_1
sgRAB5A_3	sgLSM3_3	NA	NA	NA	sgPGPEP1L_1
sgRAB6C_1	sgLSM3_4	NA	NA	NA	sgPGPEP1L_2
sgRAB6C_2	sgLTBP3_4	NA	NA	NA	sgPGPEP1L_3
sgRAB6C_4	sgLTF_2	NA	NA	NA	sgPGPEP1L_4
sgRABGEF1_3	sgLXN_4	NA	NA	NA	sgPHB2_3
sgRAC1_2	sgLY6G5C_4	NA	NA	NA	sgPHF21B_2
sgRAC1_3	sgLYRM2_4	NA	NA	NA	sgPHOX2B_1
sgRAC1_4	sgLYSMD4_1	NA	NA	NA	sgPIANP_4
sgRAD17_2	sgM6PR_2	NA	NA	NA	sgPIK3R3_4
sgRAD17_4	sgMAD2L1_1	NA	NA	NA	sgPIK3R5_3
sgRAD1_3	sgMAD2L1_3	NA	NA	NA	sgPIM2_2
sgRAD21_1	sgMAD2L1_4	NA	NA	NA	sgPIN4_1
sgRAD21_3	sgMAGEA11_1	NA	NA	NA	sgPIN4_2
sgRAD23B_1	sgMAGEC1_2	NA	NA	NA	sgPISD_1
sgRAD52_2	sgMAGEC3_3	NA	NA	NA	sgPISD_2
sgRALGAPA1_1	sgMAGED1_2	NA	NA	NA	sgPJA1_4
sgRALGAPA1_3	sgMAGI2_3	NA	NA	NA	sgPKLR_1
sgRALGAPA1_4	sgMAGI2_4	NA	NA	NA	sgPKP2_3
sgRANBP1_1	sgMAGOH_4	NA	NA	NA	sgPLA2G10_1
sgRANBP1_3	sgMAN1A2_3	NA	NA	NA	sgPLA2G10_2
sgRANBP1_4	sgMANBAL_2	NA	NA	NA	sgPLA2G10_3
sgRAN_3	sgMANBAL_3	NA	NA	NA	sgPLA2G10_4
sgRAP1B_1	sgMANF_4	NA	NA	NA	sgPLA2G2A_4
sgRBBP4_1	sgMAP2K1_1	NA	NA	NA	sgPLA2G4E_1
sgRBM39_4	sgMAP6_2	NA	NA	NA	sgPLCD1_1
sgRBM7_3	sgMAP6_3	NA	NA	NA	sgPLEC_1
sgRBM7_4	sgMAPK6_1	NA	NA	NA	sgPLEKHG5_1
sgRBM8A_1	sgMAPK8IP1_4	NA	NA	NA	sgPNKD_1
sgRBM8A_2	sgMAPRE1_4	NA	NA	NA	sgPODN_1
sgRBM8A_3	sgMAPRE3_4	NA	NA	NA	sgPOLR2D_4
sgRBM8A_4	sgMARCKSL1_4	NA	NA	NA	sgPOMT2_2
sgRBMS1_3	sgMAS1L_4	NA	NA	NA	sgPOMZP3_1
sgRBMS2_1	sgMAT2A_2	NA	NA	NA	sgPPA1_3
sgRBMS2_3	sgMB_2	NA	NA	NA	sgPPFIA2_1
sgRBMS2_4	sgMCFD2_4	NA	NA	NA	sgPPFIA2_2
sgRCC2_1	sgMCHR2_3	NA	NA	NA	sgPPM1B_4
sgRCN1_1	sgMCTS1_2	NA	NA	NA	sgPPP2R5C_1
sgRCN1_2	sgMCTS1_4	NA	NA	NA	sgPPP2R5C_2
sgRCN1_3	sgMDC1_3	NA	NA	NA	sgPPP2R5C_3
sgRCN1_4	sgMDC1_4	NA	NA	NA	sgPPP4R1L_1
sgREST_2	sgMDM4_4	NA	NA	NA	sgPPP4R1L_2
sgRFESD_1	sgME1_2	NA	NA	NA	sgPPP4R1L_3
sgRFESD_2	sgMEAF6_4	NA	NA	NA	sgPPP4R1L_4
sgRFESD_3	sgMED14_3	NA	NA	NA	sgPPP5D1_1
sgRFESD_4	sgMED1_1	NA	NA	NA	sgPPP5D1_2
sgRFPL2_2	sgMED21_2	NA	NA	NA	sgPPP5D1_4
sgRFPL2_3	sgMED21_4	NA	NA	NA	sgPPY_3
sgRFPL2_4	sgMED22_4	NA	NA	NA	sgPRAME_1
sgRFPL3S_2	sgMED23_3	NA	NA	NA	sgPRB3_1
sgRFPL3S_4	sgMED24_1	NA	NA	NA	sgPRDM11_1
sgRGS10_2	sgMED28_2	NA	NA	NA	sgPRDM15_1
sgRGS17_1	sgMED28_3	NA	NA	NA	sgPRDM9_1
sgRHEB_2	sgMED30_2	NA	NA	NA	sgPRDM9_2
sgRHEB_3	sgMED7_4	NA	NA	NA	sgPRDM9_3
sgRHEB_4	sgMEF2A_1	NA	NA	NA	sgPRELID1_4
sgRHOQ_1	sgMEMO1_3	NA	NA	NA	sgPRICKLE2_1
sgRHOQ_4	sgMEST_3	NA	NA	NA	sgPRIMA1_2
sgRHPN2_3	sgMEST_4	NA	NA	NA	sgPRNT_1
sgRHPN2_4	sgMETAP1D_2	NA	NA	NA	sgPRNT_2
sgRIMKLB_2	sgMETTL16_1	NA	NA	NA	sgPRNT_3
sgRIMKLB_3	sgMETTL1_4	NA	NA	NA	sgPRNT_4
sgRLIM_1	sgMETTL21A_2	NA	NA	NA	sgPRR13_1
sgRMND5A_1	sgMFAP3_3	NA	NA	NA	sgPRR13_2
sgRNASET2_2	sgMFAP5_2	NA	NA	NA	sgPRR25_1
sgRNF11_1	sgMFN1_1	NA	NA	NA	sgPRR25_2
sgRNF126_4	sgMFN1_2	NA	NA	NA	sgPRR25_3
sgRNF138_1	sgMGAM_1	NA	NA	NA	sgPRR25_4
sgRNF138_2	sgMGAM_2	NA	NA	NA	sgPRR26_2
sgRNF145_2	sgMGA_1	NA	NA	NA	sgPRR26_3
sgRNF145_4	sgMICB_1	NA	NA	NA	sgPRR26_4
sgRNF185_3	sgMIER3_4	NA	NA	NA	sgPRSS42_1
sgRNF185_4	sgMIS18A_1	NA	NA	NA	sgPRSS42_2
sgRNF2_2	sgMKI67_3	NA	NA	NA	sgPRSS42_3
sgRNF5_1	sgMKKS_2	NA	NA	NA	sgPRSS42_4
sgRNF5_3	sgMKNK1_4	NA	NA	NA	sgPRSS45_1
sgRNF5_4	sgMKRN1_1	NA	NA	NA	sgPRSS45_2
sgRNF6_3	sgMKRN1_3	NA	NA	NA	sgPRSS45_3
sgRNPC3_4	sgMLF1IP_4	NA	NA	NA	sgPRSS45_4
sgRNPS1_1	sgMLLT4_4	NA	NA	NA	sgPRSS46_1
sgRNPS1_2	sgMMADHC_1	NA	NA	NA	sgPRSS46_2
sgRNPS1_3	sgMMADHC_2	NA	NA	NA	sgPRSS46_3
sgRP9_2	sgMMP9_3	NA	NA	NA	sgPRSS46_4
sgRPE_1	sgMMP9_4	NA	NA	NA	sgPRSS48_1
sgRPE_2	sgMOB1B_4	NA	NA	NA	sgPRSS48_2
sgRPE_4	sgMOB4_1	NA	NA	NA	sgPRSS48_3
sgRPF2_4	sgMOB4_3	NA	NA	NA	sgPRSS48_4
sgRPL10A_1	sgMOCOS_2	NA	NA	NA	sgPRSS54_1
sgRPL10_3	sgMOCS3_2	NA	NA	NA	sgPRSS57_2
sgRPL11_3	sgMOGAT3_1	NA	NA	NA	sgPRX_3
sgRPL13_2	sgMORN4_3	NA	NA	NA	sgPSG5_1
sgRPL13_3	sgMPEG1_1	NA	NA	NA	sgPSMB10_4
sgRPL18A_1	sgMPHOSPH8_2	NA	NA	NA	sgPSME4_2
sgRPL18A_3	sgMPO_4	NA	NA	NA	sgPSMG1_2
sgRPL26L1_1	sgMPP3_3	NA	NA	NA	sgPSPH_3
sgRPL26L1_2	sgMPP5_1	NA	NA	NA	sgPSTK_4
sgRPL26L1_3	sgMPP5_4	NA	NA	NA	sgPTCH1_3
sgRPL26L1_4	sgMPP7_4	NA	NA	NA	sgPTGES_2
sgRPL27A_2	sgMPPE1_3	NA	NA	NA	sgPTGR1_3
sgRPL27A_3	sgMPRIP_4	NA	NA	NA	sgPTH2_1
sgRPL27A_4	sgMPV17L_2	NA	NA	NA	sgPTPN7_1
sgRPL28_3	sgMPZL1_3	NA	NA	NA	sgPTPRK_2
sgRPL32_1	sgMR1_1	NA	NA	NA	sgPTPRT_1
sgRPL35_3	sgMR1_3	NA	NA	NA	sgRAB13_1
sgRPL37A_1	sgMRFAP1_3	NA	NA	NA	sgRAB36_1
sgRPL3_4	sgMRGPRX3_1	NA	NA	NA	sgRAMP2_1
sgRPL4_2	sgMRPL10_3	NA	NA	NA	sgRAMP2_2
sgRPL8_3	sgMRPL10_4	NA	NA	NA	sgRANBP3L_3
sgRPLP0_3	sgMRPL11_4	NA	NA	NA	sgRAPGEF2_1
sgRPLP0_4	sgMRPL20_3	NA	NA	NA	sgRAPGEF5_1
sgRPLP1_1	sgMRPL30_4	NA	NA	NA	sgRAPGEF6_1
sgRPLP2_1	sgMRPL32_3	NA	NA	NA	sgRAPH1_4
sgRPS11_4	sgMRPL35_4	NA	NA	NA	sgRBAK-RBAKDN_1
sgRPS14_2	sgMRPL36_3	NA	NA	NA	sgRBAK-RBAKDN_2
sgRPS14_4	sgMRPL3_1	NA	NA	NA	sgRBAK-RBAKDN_3
sgRPS16_2	sgMRPL3_2	NA	NA	NA	sgRBAK-RBAKDN_4
sgRPS21_2	sgMRPL3_3	NA	NA	NA	sgRBCK1_1
sgRPS23_4	sgMRPL3_4	NA	NA	NA	sgRBM22_4
sgRPS27L_2	sgMRPL45_3	NA	NA	NA	sgRBP1_1
sgRPS3_2	sgMRPL48_3	NA	NA	NA	sgRCAN1_1
sgRPS3_3	sgMRPL49_2	NA	NA	NA	sgRCAN2_1
sgRPS6KB1_4	sgMRPS16_2	NA	NA	NA	sgRDH8_1
sgRPS8_2	sgMRPS16_3	NA	NA	NA	sgRDX_1
sgRPS9_1	sgMRPS16_4	NA	NA	NA	sgRESP18_1
sgRPS9_3	sgMRPS17_4	NA	NA	NA	sgRETNLB_1
sgRRM2_2	sgMRPS18A_4	NA	NA	NA	sgRETNLB_2
sgRRN3_2	sgMRPS18C_2	NA	NA	NA	sgRETNLB_3
sgRRP7A_4	sgMRPS18C_3	NA	NA	NA	sgRETNLB_4
sgRSPO1_1	sgMRPS21_1	NA	NA	NA	sgRFK_1
sgRSPO2_2	sgMRPS21_3	NA	NA	NA	sgRFPL3S_1
sgRSRC1_2	sgMRPS25_2	NA	NA	NA	sgRFPL3S_3
sgRSU1_3	sgMRPS31_1	NA	NA	NA	sgRFX1_3
sgRTEL1_1	sgMRPS31_4	NA	NA	NA	sgRGL1_1
sgRTN3_2	sgMRPS36_1	NA	NA	NA	sgRGMA_1
sgRTN3_3	sgMRPS7_4	NA	NA	NA	sgRGMB_1
sgRTN3_4	sgMRRF_1	NA	NA	NA	sgRGS3_1
sgRTN4IP1_3	sgMRS2_4	NA	NA	NA	sgRHBG_1
sgRWDD2B_4	sgMSANTD3_1	NA	NA	NA	sgRHBG_2
sgRWDD4_2	sgMSANTD4_2	NA	NA	NA	sgRHBG_3
sgRWDD4_3	sgMSMO1_2	NA	NA	NA	sgRHBG_4
sgRWDD4_4	sgMSN_3	NA	NA	NA	sgRNASEK_1
sgSAGE1_3	sgMSN_4	NA	NA	NA	sgRNASEK_2
sgSAMD11_4	sgMSRB1_1	NA	NA	NA	sgRNASEK_3
sgSAMD12_2	sgMST1_1	NA	NA	NA	sgRNASET2_1
sgSAMD12_3	sgMST1_2	NA	NA	NA	sgRND1_2
sgSAP18_1	sgMSX2_1	NA	NA	NA	sgRNF213_2
sgSARNP_3	sgMTAP_4	NA	NA	NA	sgRNF25_2
sgSARNP_4	sgMTCH1_3	NA	NA	NA	sgRNF38_3
sgSBDS_2	sgMTERF_1	NA	NA	NA	sgRNF44_3
sgSBDS_3	sgMTERF_3	NA	NA	NA	sgRNH1_3
sgSBDS_4	sgMTHFD1_1	NA	NA	NA	sgRP11-389E17.1_1
sgSBF1_3	sgMTHFD1_2	NA	NA	NA	sgRP11-389E17.1_2
sgSCD_1	sgMTHFD2_3	NA	NA	NA	sgRP11-389E17.1_3
sgSCD_4	sgMTHFD2_4	NA	NA	NA	sgRP11-408E5.4_1
sgSCGB1C1_1	sgMTIF3_1	NA	NA	NA	sgRP11-408E5.4_2
sgSCGB1C1_2	sgMTIF3_2	NA	NA	NA	sgRP11-422N16.3_1
sgSCGB1C1_3	sgMTIF3_3	NA	NA	NA	sgRP11-422N16.3_2
sgSCGB1C1_4	sgMTX2_1	NA	NA	NA	sgRP11-422N16.3_3
sgSCGB2B2_2	sgMTX2_2	NA	NA	NA	sgRP11-422N16.3_4
sgSCYL2_2	sgMTX2_4	NA	NA	NA	sgRP11-553A10.1_1
sgSCYL2_3	sgMUC12_2	NA	NA	NA	sgRP11-553A10.1_2
sgSDAD1_2	sgMUC12_4	NA	NA	NA	sgRP11-553A10.1_3
sgSDCBP_2	sgMUC16_2	NA	NA	NA	sgRP11-553A10.1_4
sgSDCBP_4	sgMUC16_3	NA	NA	NA	sgRP11-770J1.4_1
sgSEC11A_3	sgMUC16_4	NA	NA	NA	sgRP11-770J1.4_2
sgSEC13_1	sgMUC17_1	NA	NA	NA	sgRP11-770J1.4_3
sgSEC14L1_3	sgMUC17_2	NA	NA	NA	sgRP11-770J1.4_4
sgSEC61A1_1	sgMUC17_4	NA	NA	NA	sgRP11-89N17.1_1
sgSEC61A1_2	sgMUC19_1	NA	NA	NA	sgRP11-89N17.1_2
sgSEC61A1_4	sgMUC19_3	NA	NA	NA	sgRP11-89N17.1_3
sgSEC61B_4	sgMUC19_4	NA	NA	NA	sgRP11-89N17.1_4
sgSEC63_4	sgMUC22_3	NA	NA	NA	sgRP11-93B14.6_1
sgSELK_3	sgMUC22_4	NA	NA	NA	sgRP11-93B14.6_2
sgSELT_1	sgMUC2_3	NA	NA	NA	sgRP11-93B14.6_3
sgSELT_2	sgMUC5B_1	NA	NA	NA	sgRP11-93B14.6_4
sgSELT_4	sgMUC5B_2	NA	NA	NA	sgRPL10_2
sgSEPHS1_2	sgMUC5B_3	NA	NA	NA	sgRPL22_1
sgSEPT10_3	sgMUC5B_4	NA	NA	NA	sgRPL3_2
sgSEPT10_4	sgMUC6_1	NA	NA	NA	sgRPL36A_1
sgSEPT7_1	sgMUC7_2	NA	NA	NA	sgRPL36A_2
sgSERBP1_1	sgMUC7_3	NA	NA	NA	sgRPL36A_3
sgSERBP1_3	sgMVP_2	NA	NA	NA	sgRPL36A_4
sgSERBP1_4	sgMYADM_3	NA	NA	NA	sgRPL41_1
sgSERHL2_1	sgMYCBP2_2	NA	NA	NA	sgRPLP2_4
sgSERHL2_2	sgMYCBP2_3	NA	NA	NA	sgRPS20_1
sgSERHL2_3	sgMYCBP_2	NA	NA	NA	sgRPSA_2
sgSERPINH1_2	sgMYEF2_2	NA	NA	NA	sgRSG1_2
sgSERPINH1_3	sgMYH11_3	NA	NA	NA	sgRTBDN_2
sgSERPINH1_4	sgMYH15_4	NA	NA	NA	sgRTCB_1
sgSETD8_2	sgMYL6B_2	NA	NA	NA	sgRTN4_1
sgSETD8_3	sgMYL9_2	NA	NA	NA	sgRUFY2_1
sgSETD8_4	sgMYO1H_4	NA	NA	NA	sgRUFY4_4
sgSF3B4_3	sgMYO9A_1	NA	NA	NA	sgRUNX3_1
sgSH2D1B_2	sgMYOCD_2	NA	NA	NA	sgS100A7L2_1
sgSH3BGRL3_2	sgMZF1_3	NA	NA	NA	sgS100A7L2_2
sgSHFM1_4	sgMZF1_4	NA	NA	NA	sgS100A7L2_3
sgSHMT1_3	sgMZT1_2	NA	NA	NA	sgS100A7L2_4
sgSHOC2_2	sgMZT2B_4	NA	NA	NA	sgSALL2_1
sgSIGLEC11_1	sgNAA38_4	NA	NA	NA	sgSCARF2_3
sgSIMC1_1	sgNAA40_3	NA	NA	NA	sgSCOC_1
sgSIMC1_2	sgNAA50_1	NA	NA	NA	sgSCOC_2
sgSKA2_1	sgNAA50_4	NA	NA	NA	sgSCOC_3
sgSKA3_1	sgNAB1_3	NA	NA	NA	sgSCOC_4
sgSKA3_2	sgNACA_1	NA	NA	NA	sgSCRN3_1
sgSKP1_1	sgNACA_3	NA	NA	NA	sgSCRN3_2
sgSKP1_3	sgNAIF1_1	NA	NA	NA	sgSCRN3_3
sgSLAMF6_1	sgNANP_3	NA	NA	NA	sgSCRN3_4
sgSLC10A5_4	sgNAP1L1_1	NA	NA	NA	sgSDC4_3
sgSLC16A6_4	sgNAP1L1_4	NA	NA	NA	sgSDS_2
sgSLC19A1_1	sgNAP1L4_2	NA	NA	NA	sgSEC13_3
sgSLC25A33_1	sgNAP1L4_4	NA	NA	NA	sgSEC31B_1
sgSLC25A33_2	sgNAP1L5_1	NA	NA	NA	sgSEC63_1
sgSLC25A33_3	sgNAPSA_4	NA	NA	NA	sgSELL_1
sgSLC25A33_4	sgNARG2_3	NA	NA	NA	sgSEPHS2_1
sgSLC25A38_1	sgNARG2_4	NA	NA	NA	sgSEPT4_1
sgSLC25A38_2	sgNARS_2	NA	NA	NA	sgSEPT9_1
sgSLC25A53_1	sgNAT8L_1	NA	NA	NA	sgSERPING1_1
sgSLC25A53_2	sgNAT8_2	NA	NA	NA	sgSETD2_1
sgSLC25A5_1	sgNCAM2_1	NA	NA	NA	sgSFRP1_1
sgSLC29A4_1	sgNCAPG_1	NA	NA	NA	sgSFTA3_1
sgSLC29A4_3	sgNCKAP5_4	NA	NA	NA	sgSFTA3_2
sgSLC31A1_4	sgNCOA4_1	NA	NA	NA	sgSFTA3_3
sgSLC6A6_2	sgNCOA4_3	NA	NA	NA	sgSFTA3_4
sgSLC6A8_2	sgNCOA6_1	NA	NA	NA	sgSFXN4_3
sgSLC6A8_3	sgNCS1_4	NA	NA	NA	sgSGIP1_2
sgSLC6A8_4	sgNDEL1_1	NA	NA	NA	sgSH2D6_1
sgSLC7A5_1	sgNDN_2	NA	NA	NA	sgSHF_1
sgSMKR1_4	sgNDRG1_2	NA	NA	NA	sgSIGLEC12_1
sgSMS_2	sgNDRG1_3	NA	NA	NA	sgSIGLEC12_2
sgSMS_3	sgNDRG1_4	NA	NA	NA	sgSIGLEC12_3
sgSMS_4	sgNDUFA10_3	NA	NA	NA	sgSIGLEC12_4
sgSMU1_1	sgNDUFA8_2	NA	NA	NA	sgSIGLEC5_1
sgSMU1_2	sgNDUFAF2_4	NA	NA	NA	sgSIGLEC5_2
sgSMU1_3	sgNDUFAF4_1	NA	NA	NA	sgSIGLEC5_3
sgSNRNP40_4	sgNDUFAF4_2	NA	NA	NA	sgSIGLEC5_4
sgSNRPA1_2	sgNDUFAF7_4	NA	NA	NA	sgSIRT2_3
sgSNRPA1_3	sgNDUFB10_2	NA	NA	NA	sgSKAP1_3
sgSNRPB2_4	sgNDUFB10_4	NA	NA	NA	sgSKAP2_3
sgSNRPC_4	sgNDUFB11_2	NA	NA	NA	sgSLAIN1_1
sgSNRPD1_2	sgNDUFB1_1	NA	NA	NA	sgSLAIN1_2
sgSNRPD1_3	sgNDUFB1_2	NA	NA	NA	sgSLAIN1_3
sgSNRPD2_2	sgNDUFB4_2	NA	NA	NA	sgSLAIN1_4
sgSNRPD2_4	sgNDUFB8_2	NA	NA	NA	sgSLC11A2_1
sgSNRPF_1	sgNDUFB9_3	NA	NA	NA	sgSLC11A2_2
sgSNRPN_2	sgNDUFS5_1	NA	NA	NA	sgSLC17A2_4
sgSNX25_1	sgNDUFS7_2	NA	NA	NA	sgSLC22A16_4
sgSNX25_3	sgNEB_3	NA	NA	NA	sgSLC22A18AS_1
sgSNX29_2	sgNEB_4	NA	NA	NA	sgSLC22A18AS_2
sgSNX29_3	sgNEFH_4	NA	NA	NA	sgSLC22A18AS_3
sgSNX29_4	sgNEFM_4	NA	NA	NA	sgSLC22A18AS_4
sgSOCS6_3	sgNETO1_1	NA	NA	NA	sgSLC22A31_1
sgSOX30_1	sgNETO2_1	NA	NA	NA	sgSLC25A25_1
sgSP140_2	sgNETO2_4	NA	NA	NA	sgSLC25A3_2
sgSPANXD_1	sgNEU4_1	NA	NA	NA	sgSLC25A39_2
sgSPANXD_2	sgNF1_3	NA	NA	NA	sgSLC26A10_1
sgSPANXD_3	sgNF1_4	NA	NA	NA	sgSLC26A10_2
sgSPATA31D1_2	sgNFE2L3_2	NA	NA	NA	sgSLC26A10_3
sgSPCS2_1	sgNFYC_3	NA	NA	NA	sgSLC26A10_4
sgSPCS2_2	sgNGRN_4	NA	NA	NA	sgSLC27A3_1
sgSPCS2_3	sgNHLH2_4	NA	NA	NA	sgSLC27A5_4
sgSPCS2_4	sgNHP2_2	NA	NA	NA	sgSLC36A3_3
sgSPIC_1	sgNID2_4	NA	NA	NA	sgSLC39A14_3
sgSPIC_2	sgNIP7_4	NA	NA	NA	sgSLC39A8_4
sgSPIC_3	sgNIT2_3	NA	NA	NA	sgSLC3A2_1
sgSPPL2A_1	sgNKAP_3	NA	NA	NA	sgSLC45A4_1
sgSPPL2A_4	sgNKPD1_4	NA	NA	NA	sgSLC4A1AP_1
sgSRD5A1_2	sgNLE1_4	NA	NA	NA	sgSLCO1B7_1
sgSRD5A1_3	sgNLGN4X_1	NA	NA	NA	sgSLCO1B7_2
sgSRD5A1_4	sgNLGN4X_3	NA	NA	NA	sgSLCO1B7_3
sgSREK1IP1_1	sgNLRP7_3	NA	NA	NA	sgSLCO1B7_4
sgSRP19_1	sgNMD3_2	NA	NA	NA	sgSMEK2_1
sgSRP19_2	sgNMNAT1_3	NA	NA	NA	sgSMIM2_1
sgSRP19_3	sgNOB1_1	NA	NA	NA	sgSMIM2_2
sgSRP72_1	sgNOC2L_3	NA	NA	NA	sgSMIM2_3
sgSRP72_2	sgNOL11_1	NA	NA	NA	sgSMIM2_4
sgSRP9_1	sgNOL11_3	NA	NA	NA	sgSMPD3_2
sgSRP9_2	sgNOL11_4	NA	NA	NA	sgSMPD4_1
sgSRP9_3	sgNOL3_3	NA	NA	NA	sgSMPD4_3
sgSRP9_4	sgNOL6_4	NA	NA	NA	sgSNAP47_1
sgSRRM1_2	sgNONO_2	NA	NA	NA	sgSON_1
sgSRRM1_3	sgNONO_4	NA	NA	NA	sgSON_2
sgSRSF10_2	sgNOV_3	NA	NA	NA	sgSON_3
sgSRSF10_4	sgNOX4_4	NA	NA	NA	sgSPATA8_1
sgSRSF3_1	sgNPAP1_1	NA	NA	NA	sgSPATA8_2
sgSRSF6_1	sgNPAP1_4	NA	NA	NA	sgSPATA8_3
sgSRXN1_4	sgNPAT_2	NA	NA	NA	sgSPATA8_4
sgSS18L2_2	sgNPHP1_1	NA	NA	NA	sgSPDYC_1
sgSSBP3_2	sgNPHP1_2	NA	NA	NA	sgSPG20OS_1
sgSSBP4_2	sgNPHP1_4	NA	NA	NA	sgSPG20OS_2
sgSSBP4_4	sgNPHP4_3	NA	NA	NA	sgSPI1_1
sgSSX1_1	sgNPR2_4	NA	NA	NA	sgSPINK14_3
sgSSX1_2	sgNR0B1_1	NA	NA	NA	sgSPINT1_4
sgSTAG3_2	sgNR0B1_3	NA	NA	NA	sgSPRR3_1
sgSTAU2_1	sgNR3C1_4	NA	NA	NA	sgSPRR3_2
sgSTAU2_4	sgNRCAM_4	NA	NA	NA	sgSPRR3_3
sgSTIP1_4	sgNRD1_4	NA	NA	NA	sgSPRR3_4
sgSTMN3_4	sgNRSN1_4	NA	NA	NA	sgSPRYD7_2
sgSTRADB_1	sgNSRP1_2	NA	NA	NA	sgSRCIN1_1
sgSTRADB_2	sgNSRP1_3	NA	NA	NA	sgSRCIN1_3
sgSTRADB_3	sgNSUN5_2	NA	NA	NA	sgSRM_4
sgSTRADB_4	sgNT5C1A_3	NA	NA	NA	sgSRPK3_1
sgSTRAP_1	sgNT5C3A_3	NA	NA	NA	sgSSBP3-AS1_1
sgSTRAP_2	sgNTAN1_3	NA	NA	NA	sgSSBP3-AS1_2
sgSTRC_1	sgNUB1_3	NA	NA	NA	sgSSBP3-AS1_3
sgSTRC_2	sgNUBP1_1	NA	NA	NA	sgSSBP3-AS1_4
sgSTRC_3	sgNUDC_4	NA	NA	NA	sgSSR3_1
sgSTRC_4	sgNUDT15_2	NA	NA	NA	sgST13_1
sgSUB1_2	sgNUDT16_3	NA	NA	NA	sgST3GAL1_2
sgSUB1_3	sgNUFIP1_1	NA	NA	NA	sgST7-OT4_1
sgSUCLG2_1	sgNUFIP2_3	NA	NA	NA	sgST7-OT4_2
sgSUCLG2_2	sgNUP35_3	NA	NA	NA	sgST7-OT4_3
sgSUCLG2_3	sgNUP43_3	NA	NA	NA	sgST7-OT4_4
sgSUDS3_4	sgNUPR1L_1	NA	NA	NA	sgST8SIA1_2
sgSUGP1_2	sgNUPR1L_2	NA	NA	NA	sgSTAU2_3
sgSUGT1_3	sgNUPR1_1	NA	NA	NA	sgSTEAP1B_1
sgSUPT4H1_3	sgNUTF2_2	NA	NA	NA	sgSTEAP1B_2
sgSUSD2_1	sgNXF3_2	NA	NA	NA	sgSTEAP1B_3
sgSUV39H2_4	sgNXPE3_3	NA	NA	NA	sgSTEAP1B_4
sgSUZ12_2	sgNXT1_4	NA	NA	NA	sgSTK24_1
sgSUZ12_3	sgOAZ1_3	NA	NA	NA	sgSTPG1_2
sgSYNCRIP_1	sgOBSCN_1	NA	NA	NA	sgSTRA8_1
sgSYNCRIP_2	sgOBSCN_2	NA	NA	NA	sgSTX6_3
sgSYNGR2_2	sgOBSCN_3	NA	NA	NA	sgSTYXL1_2
sgSYT15_1	sgOBSL1_2	NA	NA	NA	sgSULT1C3_1
sgSYT15_2	sgOBSL1_4	NA	NA	NA	sgSULT1C3_2
sgSYT15_3	sgOCIAD2_2	NA	NA	NA	sgSULT1C3_3
sgSYT15_4	sgOGG1_3	NA	NA	NA	sgSULT1C3_4
sgTADA1_4	sgOMG_2	NA	NA	NA	sgSUMF2_1
sgTAF15_2	sgOOEP_4	NA	NA	NA	sgSUMO2_1
sgTAF1L_1	sgOR10A5_1	NA	NA	NA	sgSUPT16H_3
sgTAF9B_1	sgOR10G2_2	NA	NA	NA	sgSUSD1_1
sgTAF9B_2	sgOR10J1_4	NA	NA	NA	sgSYCE2_4
sgTAGLN2_1	sgOR10J5_1	NA	NA	NA	sgSYNJ1_1
sgTAGLN2_2	sgOR10Q1_1	NA	NA	NA	sgSYT3_1
sgTAGLN2_3	sgOR10W1_4	NA	NA	NA	sgSYT3_2
sgTANC2_4	sgOR11G2_1	NA	NA	NA	sgSYT3_3
sgTARDBP_1	sgOR11G2_3	NA	NA	NA	sgSYT3_4
sgTARDBP_2	sgOR11H4_1	NA	NA	NA	sgSYT8_1
sgTARDBP_4	sgOR13H1_3	NA	NA	NA	sgTACC2_1
sgTARS2_3	sgOR1D5_1	NA	NA	NA	sgTAF10_2
sgTAS2R31_3	sgOR1D5_2	NA	NA	NA	sgTAF7L_1
sgTASP1_2	sgOR1I1_1	NA	NA	NA	sgTAF7L_2
sgTATDN1_1	sgOR1M1_1	NA	NA	NA	sgTAS2R43_1
sgTBC1D28_1	sgOR2A14_1	NA	NA	NA	sgTAS2R46_1
sgTBC1D29_3	sgOR2A14_3	NA	NA	NA	sgTAT_1
sgTBCA_3	sgOR2A14_4	NA	NA	NA	sgTAX1BP1_4
sgTBCA_4	sgOR2A2_2	NA	NA	NA	sgTBCD_1
sgTBCCD1_3	sgOR2A2_3	NA	NA	NA	sgTBCD_2
sgTBL1Y_3	sgOR2AE1_3	NA	NA	NA	sgTBCD_3
sgTBPL1_4	sgOR2AK2_2	NA	NA	NA	sgTBCD_4
sgTCEA1_3	sgOR2AK2_4	NA	NA	NA	sgTBX1_1
sgTCEA1_4	sgOR2B3_4	NA	NA	NA	sgTBX3_3
sgTCEB2_4	sgOR2F1_3	NA	NA	NA	sgTCEAL4_1
sgTDGF1_1	sgOR2H2_1	NA	NA	NA	sgTCEAL4_2
sgTDGF1_2	sgOR2H2_2	NA	NA	NA	sgTCEAL4_3
sgTDGF1_3	sgOR2J3_3	NA	NA	NA	sgTCF4_3
sgTDGF1_4	sgOR2J3_4	NA	NA	NA	sgTCP1_2
sgTDG_1	sgOR2T10_1	NA	NA	NA	sgTEPP_1
sgTDG_2	sgOR2W1_3	NA	NA	NA	sgTFDP2_1
sgTDG_3	sgOR4A15_2	NA	NA	NA	sgTFF3_1
sgTECR_4	sgOR4A47_1	NA	NA	NA	sgTFF3_2
sgTEKT4_3	sgOR4A47_4	NA	NA	NA	sgTGM2_1
sgTEKT4_4	sgOR4A5_2	NA	NA	NA	sgTHAP1_1
sgTERF1_4	sgOR4C12_4	NA	NA	NA	sgTHBS1_1
sgTFDP1_1	sgOR4C13_1	NA	NA	NA	sgTHRB_1
sgTFDP3_2	sgOR4C13_2	NA	NA	NA	sgTHYN1_4
sgTFG_2	sgOR4C13_3	NA	NA	NA	sgTIGD6_1
sgTHAP3_1	sgOR4C46_3	NA	NA	NA	sgTIGD6_2
sgTHAP3_2	sgOR4C46_4	NA	NA	NA	sgTIGD6_3
sgTHAP5_3	sgOR4C5_2	NA	NA	NA	sgTIGD6_4
sgTHAP5_4	sgOR4D10_4	NA	NA	NA	sgTK2_3
sgTHEM4_3	sgOR4K2_2	NA	NA	NA	sgTLX1NB_1
sgTHEM4_4	sgOR4K2_4	NA	NA	NA	sgTLX1NB_2
sgTHOC3_2	sgOR4K5_2	NA	NA	NA	sgTLX1NB_3
sgTHOC3_3	sgOR4N2_2	NA	NA	NA	sgTLX1NB_4
sgTHOC3_4	sgOR4N4_2	NA	NA	NA	sgTMBIM6_1
sgTHRAP3_2	sgOR4Q3_3	NA	NA	NA	sgTMBIM6_2
sgTIMM17A_1	sgOR4Q3_4	NA	NA	NA	sgTMC6_3
sgTIMM17B_3	sgOR4X1_4	NA	NA	NA	sgTMEFF2_2
sgTIMM23_1	sgOR51A7_3	NA	NA	NA	sgTMEM105_1
sgTIMM23_2	sgOR51L1_1	NA	NA	NA	sgTMEM105_2
sgTIMM8A_1	sgOR52J3_4	NA	NA	NA	sgTMEM105_3
sgTIMM8A_4	sgOR52K2_2	NA	NA	NA	sgTMEM105_4
sgTIMM8B_1	sgOR52L1_1	NA	NA	NA	sgTMEM116_2
sgTIPIN_2	sgOR52L1_4	NA	NA	NA	sgTMEM130_1
sgTJAP1_1	sgOR56A1_2	NA	NA	NA	sgTMEM133_1
sgTLK1_3	sgOR5AN1_2	NA	NA	NA	sgTMEM133_2
sgTLK2_1	sgOR5D18_2	NA	NA	NA	sgTMEM133_3
sgTLK2_3	sgOR5F1_1	NA	NA	NA	sgTMEM133_4
sgTLK2_4	sgOR5H14_1	NA	NA	NA	sgTMEM14E_1
sgTMA16_1	sgOR5H14_2	NA	NA	NA	sgTMEM14E_2
sgTMA16_3	sgOR5H14_3	NA	NA	NA	sgTMEM14E_3
sgTMED10_3	sgOR5J2_3	NA	NA	NA	sgTMEM14E_4
sgTMEM128_4	sgOR5J2_4	NA	NA	NA	sgTMEM155_1
sgTMEM14B_3	sgOR5K4_3	NA	NA	NA	sgTMEM155_2
sgTMEM14C_1	sgOR5M3_4	NA	NA	NA	sgTMEM155_3
sgTMEM161B_1	sgOR5M8_4	NA	NA	NA	sgTMEM161A_3
sgTMEM167A_1	sgOR5V1_3	NA	NA	NA	sgTMEM181_1
sgTMEM183A_4	sgOR5W2_2	NA	NA	NA	sgTMEM223_1
sgTMEM211_2	sgOR5W2_3	NA	NA	NA	sgTMEM241_1
sgTMEM230_2	sgOR6C1_4	NA	NA	NA	sgTMEM255A_1
sgTMEM230_3	sgOR6K6_4	NA	NA	NA	sgTMEM255A_3
sgTMEM230_4	sgOR7D4_3	NA	NA	NA	sgTMEM257_1
sgTMEM231_3	sgOR7E24_4	NA	NA	NA	sgTMEM257_2
sgTMEM231_4	sgOR8A1_3	NA	NA	NA	sgTMEM257_3
sgTMEM242_1	sgOR8B12_1	NA	NA	NA	sgTMEM78_1
sgTMEM242_2	sgOR8B12_3	NA	NA	NA	sgTMEM80_1
sgTMEM242_3	sgOR8D2_2	NA	NA	NA	sgTMEM87A_1
sgTMEM251_1	sgOR8G5_4	NA	NA	NA	sgTMEM9_1
sgTMEM47_1	sgORC3_2	NA	NA	NA	sgTMEM99_1
sgTMEM47_2	sgOSTC_1	NA	NA	NA	sgTMEM99_2
sgTMEM50B_3	sgOSTF1_2	NA	NA	NA	sgTMEM99_3
sgTMEM69_3	sgOTOP1_2	NA	NA	NA	sgTMEM99_4
sgTMEM69_4	sgOTOP1_3	NA	NA	NA	sgTMIGD2_3
sgTMEM92_3	sgOTOS_4	NA	NA	NA	sgTNFAIP8L3_1
sgTMEM98_4	sgOTX2_4	NA	NA	NA	sgTNFRSF18_1
sgTMLHE_4	sgOVGP1_4	NA	NA	NA	sgTNFRSF4_4
sgTMX1_4	sgP2RX1_1	NA	NA	NA	sgTNIP3_1
sgTMX2_2	sgP2RX3_3	NA	NA	NA	sgTNRC6B_1
sgTNPO1_2	sgP2RX7_1	NA	NA	NA	sgTPD52L3_4
sgTNPO1_4	sgP2RY13_3	NA	NA	NA	sgTPGS2_4
sgTOMM20_1	sgP2RY4_3	NA	NA	NA	sgTPK1_1
sgTOMM22_4	sgP2RY6_3	NA	NA	NA	sgTPM1_2
sgTOMM40_4	sgP4HTM_4	NA	NA	NA	sgTPM4_1
sgTOX4_4	sgPA2G4_1	NA	NA	NA	sgTPM4_2
sgTPM3_4	sgPA2G4_2	NA	NA	NA	sgTPRG1_2
sgTPM4_3	sgPABPC1L_2	NA	NA	NA	sgTPRXL_1
sgTPMT_3	sgPABPC1_3	NA	NA	NA	sgTPRXL_2
sgTPSAB1_2	sgPAFAH1B2_2	NA	NA	NA	sgTPRXL_3
sgTPSAB1_3	sgPAFAH2_2	NA	NA	NA	sgTPRXL_4
sgTPSAB1_4	sgPAGE5_4	NA	NA	NA	sgTRAPPC8_1
sgTPTE_1	sgPAICS_1	NA	NA	NA	sgTRAPPC9_1
sgTPTE_2	sgPAICS_4	NA	NA	NA	sgTREM1_1
sgTPTE_3	sgPAK2_1	NA	NA	NA	sgTRIM4_2
sgTPTE_4	sgPAK2_3	NA	NA	NA	sgTRIM52_4
sgTRAF6_3	sgPALM2_3	NA	NA	NA	sgTRMT1L_2
sgTRAF6_4	sgPAN2_1	NA	NA	NA	sgTSC22D1_1
sgTREML2_1	sgPAPD4_2	NA	NA	NA	sgTSC22D1_2
sgTREML2_2	sgPAPD7_4	NA	NA	NA	sgTSC22D1_3
sgTREML4_4	sgPAQR7_4	NA	NA	NA	sgTSC22D2_3
sgTRIM38_3	sgPARP11_4	NA	NA	NA	sgTSC22D3_1
sgTRIM43_1	sgPARP1_2	NA	NA	NA	sgTSKS_1
sgTRIM43_3	sgPARP3_4	NA	NA	NA	sgTSNARE1_3
sgTRIM43_4	sgPARP4_1	NA	NA	NA	sgTTC39B_1
sgTRIM61_1	sgPARVA_1	NA	NA	NA	sgTTC7B_3
sgTRIM61_2	sgPBX3_1	NA	NA	NA	sgTTLL3_1
sgTRIM61_3	sgPCBD2_3	NA	NA	NA	sgTTLL3_2
sgTRIM64B_1	sgPCDH11Y_1	NA	NA	NA	sgTUBB4A_2
sgTRIM64C_2	sgPCDH11Y_2	NA	NA	NA	sgTUSC2_1
sgTRMT112_2	sgPCDHB10_3	NA	NA	NA	sgTUT1_4
sgTRMT112_3	sgPCED1A_3	NA	NA	NA	sgTXK_1
sgTRMT1_4	sgPCED1B_4	NA	NA	NA	sgTXNDC5_3
sgTRPA1_4	sgPCF11_3	NA	NA	NA	sgTXNRD3_1
sgTTC14_2	sgPCF11_4	NA	NA	NA	sgTXNRD3NB_1
sgTTC3_2	sgPCMTD1_2	NA	NA	NA	sgTXNRD3NB_2
sgTTC3_3	sgPCMTD1_4	NA	NA	NA	sgTXNRD3NB_3
sgTTC3_4	sgPCMTD2_4	NA	NA	NA	sgTXNRD3NB_4
sgTTC4_1	sgPCNP_2	NA	NA	NA	sgU82695.9_1
sgTTYH3_1	sgPCNT_2	NA	NA	NA	sgU82695.9_2
sgTUBA1C_1	sgPCSK9_4	NA	NA	NA	sgU82695.9_3
sgTUBA4A_4	sgPDAP1_1	NA	NA	NA	sgU82695.9_4
sgTUBB4A_3	sgPDAP1_2	NA	NA	NA	sgUBBP4_1
sgTUBB_1	sgPDCD2_3	NA	NA	NA	sgUBE2D3_2
sgTUBB_3	sgPDCD2_4	NA	NA	NA	sgUBE2QL1_1
sgTUBE1_1	sgPDCL2_1	NA	NA	NA	sgUBE2QL1_2
sgTUFM_4	sgPDE7A_1	NA	NA	NA	sgUBE2QL1_3
sgTWF1_1	sgPDGFRL_4	NA	NA	NA	sgUBE2QL1_4
sgTWF1_2	sgPDIA6_3	NA	NA	NA	sgUBE2V1_1
sgTWF1_3	sgPDLIM1_3	NA	NA	NA	sgUBE2W_3
sgTWF1_4	sgPDPR_1	NA	NA	NA	sgUNC13A_1
sgTXLNG_4	sgPDSS1_2	NA	NA	NA	sgUSH1C_1
sgTXNDC9_1	sgPDSS1_3	NA	NA	NA	sgUSHBP1_1
sgTXNDC9_3	sgPDSS1_4	NA	NA	NA	sgUSP29_1
sgTXNL4A_4	sgPDXDC1_1	NA	NA	NA	sgUSP29_2
sgTYRO3_3	sgPDXDC1_3	NA	NA	NA	sgUSP29_3
sgTYR_4	sgPDZD11_1	NA	NA	NA	sgUSP29_4
sgTYW1_1	sgPDZD11_4	NA	NA	NA	sgVCPKMT_1
sgTYW1_2	sgPEBP1_1	NA	NA	NA	sgVEGFB_4
sgUBA2_3	sgPEBP1_2	NA	NA	NA	sgVNN3_1
sgUBE2C_3	sgPEMT_1	NA	NA	NA	sgVPS13C_3
sgUBE2D3_1	sgPENK_3	NA	NA	NA	sgVPS53_3
sgUBE2E3_1	sgPEPD_2	NA	NA	NA	sgVSTM2A_4
sgUBE2E3_2	sgPER1_1	NA	NA	NA	sgVSTM4_4
sgUBE2E3_4	sgPEX12_4	NA	NA	NA	sgVWCE_2
sgUBE2L3_2	sgPEX5_3	NA	NA	NA	sgWDR35_3
sgUBE2M_2	sgPFDN1_2	NA	NA	NA	sgWDR36_1
sgUBE2S_1	sgPFDN4_3	NA	NA	NA	sgWDR96_1
sgUBE2S_2	sgPFKM_1	NA	NA	NA	sgWFDC5_2
sgUBE2S_3	sgPFN1_2	NA	NA	NA	sgWIBG_1
sgUBE2S_4	sgPGBD3_4	NA	NA	NA	sgYY1AP1_1
sgUBE3A_2	sgPGD_3	NA	NA	NA	sgZBED6CL_1
sgUBFD1_3	sgPGD_4	NA	NA	NA	sgZBED6CL_2
sgUBL5_2	sgPGGT1B_2	NA	NA	NA	sgZBED6CL_3
sgUBQLN4_1	sgPGK1_2	NA	NA	NA	sgZBED6CL_4
sgUBQLN4_2	sgPGLS_4	NA	NA	NA	sgZBTB3_1
sgUBQLN4_3	sgPHAX_2	NA	NA	NA	sgZBTB8OS_2
sgUBQLN4_4	sgPHF10_4	NA	NA	NA	sgZC3HAV1_2
sgUBXN2B_4	sgPHF14_3	NA	NA	NA	sgZCWPW1_3
sgUGT1A3_2	sgPHF17_4	NA	NA	NA	sgZDHHC1_4
sgUGT2B10_1	sgPHF2_2	NA	NA	NA	sgZFP36_1
sgUPF3A_3	sgPHF5A_3	NA	NA	NA	sgZFP64_3
sgUPF3A_4	sgPHGDH_3	NA	NA	NA	sgZFP64_4
sgUPK3BL_4	sgPHKA1_1	NA	NA	NA	sgZFR_1
sgUPK3B_1	sgPHKG1_2	NA	NA	NA	sgZGLP1_2
sgUPK3B_2	sgPHKG1_3	NA	NA	NA	sgZGLP1_3
sgUQCRFS1_1	sgPHOSPHO1_3	NA	NA	NA	sgZHX1-C8ORF76_1
sgUQCRFS1_2	sgPHOSPHO1_4	NA	NA	NA	sgZHX1-C8ORF76_2
sgUQCRFS1_4	sgPIGA_4	NA	NA	NA	sgZIM2_1
sgUQCRH_1	sgPIGB_1	NA	NA	NA	sgZKSCAN2_4
sgUQCRH_2	sgPIGC_3	NA	NA	NA	sgZKSCAN4_3
sgUQCRH_3	sgPIGF_1	NA	NA	NA	sgZMAT3_2
sgUROD_4	sgPIGH_2	NA	NA	NA	sgZNF135_1
sgUSMG5_1	sgPIGP_1	NA	NA	NA	sgZNF18_3
sgUSP10_3	sgPIGP_4	NA	NA	NA	sgZNF180_1
sgUSP12_4	sgPIGV_4	NA	NA	NA	sgZNF180_2
sgUSP18_2	sgPIH1D2_1	NA	NA	NA	sgZNF211_1
sgUSP18_4	sgPIK3R2_2	NA	NA	NA	sgZNF23_1
sgUSP40_2	sgPIN1_1	NA	NA	NA	sgZNF28_1
sgUVRAG_4	sgPIP5K1A_1	NA	NA	NA	sgZNF304_1
sgVAMP5_2	sgPIP5K1A_3	NA	NA	NA	sgZNF304_2
sgVDAC2_1	sgPIP5K1C_4	NA	NA	NA	sgZNF34_1
sgVDAC2_3	sgPIWIL4_2	NA	NA	NA	sgZNF423_3
sgVDAC3_3	sgPIWIL4_3	NA	NA	NA	sgZNF425_2
sgVDAC3_4	sgPKD1_1	NA	NA	NA	sgZNF426_1
sgVEZF1_2	sgPKM_2	NA	NA	NA	sgZNF44_1
sgVEZF1_3	sgPLA2G12A_4	NA	NA	NA	sgZNF44_2
sgVEZT_1	sgPLAGL2_1	NA	NA	NA	sgZNF445_3
sgVN1R4_1	sgPLAGL2_2	NA	NA	NA	sgZNF480_1
sgVN1R4_2	sgPLAGL2_3	NA	NA	NA	sgZNF480_2
sgVNN1_2	sgPLEKHA8_3	NA	NA	NA	sgZNF480_3
sgVOPP1_1	sgPLEKHM1_2	NA	NA	NA	sgZNF480_4
sgVOPP1_2	sgPLEKHM3_1	NA	NA	NA	sgZNF496_3
sgVOPP1_3	sgPLIN2_1	NA	NA	NA	sgZNF534_2
sgVOPP1_4	sgPLIN4_1	NA	NA	NA	sgZNF559_1
sgVPS25_3	sgPLIN4_2	NA	NA	NA	sgZNF571_1
sgVPS35_2	sgPLIN4_3	NA	NA	NA	sgZNF605_1
sgVPS35_3	sgPLIN4_4	NA	NA	NA	sgZNF619_2
sgVPS35_4	sgPLK2_3	NA	NA	NA	sgZNF623_1
sgVTCN1_1	sgPLLP_1	NA	NA	NA	sgZNF626_1
sgVTI1B_1	sgPLLP_2	NA	NA	NA	sgZNF626_2
sgVTI1B_3	sgPLSCR4_3	NA	NA	NA	sgZNF626_3
sgVTI1B_4	sgPLXNA4_4	NA	NA	NA	sgZNF630_1
sgWASF2_1	sgPMF1_2	NA	NA	NA	sgZNF655_4
sgWASF2_4	sgPMFBP1_1	NA	NA	NA	sgZNF662_1
sgWBP11_3	sgPMM2_3	NA	NA	NA	sgZNF662_2
sgWBP1L_1	sgPMS1_2	NA	NA	NA	sgZNF662_3
sgWBP1_1	sgPNMA5_2	NA	NA	NA	sgZNF669_1
sgWBP1_2	sgPNMA5_4	NA	NA	NA	sgZNF669_2
sgWBP1_3	sgPNMT_3	NA	NA	NA	sgZNF681_1
sgWBP1_4	sgPNO1_4	NA	NA	NA	sgZNF681_2
sgWDR45_2	sgPNOC_1	NA	NA	NA	sgZNF681_3
sgWDR45_3	sgPNPT1_2	NA	NA	NA	sgZNF682_1
sgWDR4_2	sgPNP_4	NA	NA	NA	sgZNF683_3
sgWDR53_4	sgPOF1B_2	NA	NA	NA	sgZNF77_1
sgWDR5B_3	sgPOFUT1_2	NA	NA	NA	sgZNF77_2
sgWDR5_2	sgPOLD2_4	NA	NA	NA	sgZNF77_3
sgWDR66_1	sgPOLL_3	NA	NA	NA	sgZNF77_4
sgWDR89_2	sgPOLR2A_3	NA	NA	NA	sgZNF772_2
sgWDR89_3	sgPOLR2A_4	NA	NA	NA	sgZNF777_2
sgWIZ_3	sgPOLR2J_1	NA	NA	NA	sgZNF781_1
sgWWC2_2	sgPOLR2J_2	NA	NA	NA	sgZNF781_2
sgWWP1_2	sgPOLR2K_1	NA	NA	NA	sgZNF782_1
sgXIAP_4	sgPOLR2M_4	NA	NA	NA	sgZNF788_1
sgXKR8_3	sgPOLR3B_4	NA	NA	NA	sgZNF812_1
sgXPO6_4	sgPOLR3K_3	NA	NA	NA	sgZNF812_2
sgXPOT_1	sgPOLR3K_4	NA	NA	NA	sgZNF812_3
sgXPOT_2	sgPOM121_3	NA	NA	NA	sgZNF812_4
sgXRCC6_2	sgPON2_3	NA	NA	NA	sgZNF827_1
sgYAP1_4	sgPON3_3	NA	NA	NA	sgZNF852_1
sgYBX1_1	sgPOPDC2_2	NA	NA	NA	sgZNF852_2
sgYBX1_2	sgPOTEC_1	NA	NA	NA	sgZNF852_3
sgYBX1_4	sgPPAPDC1B_3	NA	NA	NA	sgZNF852_4
sgYBX2_2	sgPPAPDC3_3	NA	NA	NA	sgZSCAN10_3
sgYBX2_4	sgPPAT_1	NA	NA	NA	sgZSCAN18_1
sgYES1_4	sgPPAT_3	NA	NA	NA	sgZSCAN9_3
sgYTHDF2_2	sgPPBP_3	NA	NA	NA	sgZWINT_1
sgYTHDF2_3	sgPPCDC_4	NA	NA	NA	NA
sgYTHDF2_4	sgPPEF1_1	NA	NA	NA	NA
sgZBTB12_3	sgPPEF1_2	NA	NA	NA	NA
sgZBTB45_1	sgPPFIA1_2	NA	NA	NA	NA
sgZBTB8OS_3	sgPPFIBP1_1	NA	NA	NA	NA
sgZC3H11A_1	sgPPIB_3	NA	NA	NA	NA
sgZC3H11A_2	sgPPIE_2	NA	NA	NA	NA
sgZC3H11A_3	sgPPIG_2	NA	NA	NA	NA
sgZCCHC10_3	sgPPIG_4	NA	NA	NA	NA
sgZCCHC14_1	sgPPIL1_3	NA	NA	NA	NA
sgZCCHC17_4	sgPPIL4_4	NA	NA	NA	NA
sgZCCHC7_1	sgPPIP5K1_2	NA	NA	NA	NA
sgZFAND5_1	sgPPIP5K1_4	NA	NA	NA	NA
sgZFAND5_2	sgPPP1CB_3	NA	NA	NA	NA
sgZFAND5_3	sgPPP1R11_2	NA	NA	NA	NA
sgZFAND5_4	sgPPP1R12B_3	NA	NA	NA	NA
sgZFAND6_1	sgPPP1R15A_1	NA	NA	NA	NA
sgZFP41_1	sgPPP1R1A_3	NA	NA	NA	NA
sgZFR_3	sgPPP1R26_3	NA	NA	NA	NA
sgZFYVE9_2	sgPPP1R36_4	NA	NA	NA	NA
sgZFYVE9_4	sgPPP1R3F_3	NA	NA	NA	NA
sgZIK1_2	sgPPP2R3C_4	NA	NA	NA	NA
sgZNF100_2	sgPPP2R5A_1	NA	NA	NA	NA
sgZNF259_4	sgPPP2R5E_2	NA	NA	NA	NA
sgZNF285_1	sgPPP2R5E_3	NA	NA	NA	NA
sgZNF285_3	sgPPP5D1_3	NA	NA	NA	NA
sgZNF286A_3	sgPPP6R1_3	NA	NA	NA	NA
sgZNF286A_4	sgPPP6R2_1	NA	NA	NA	NA
sgZNF322_1	sgPPRC1_3	NA	NA	NA	NA
sgZNF322_2	sgPPY_4	NA	NA	NA	NA
sgZNF322_3	sgPRAMEF10_1	NA	NA	NA	NA
sgZNF322_4	sgPRAMEF10_2	NA	NA	NA	NA
sgZNF341_4	sgPRAMEF2_1	NA	NA	NA	NA
sgZNF35_4	sgPRAP1_1	NA	NA	NA	NA
sgZNF37A_3	sgPRC1_2	NA	NA	NA	NA
sgZNF479_1	sgPRDM2_1	NA	NA	NA	NA
sgZNF589_3	sgPRDX1_2	NA	NA	NA	NA
sgZNF594_2	sgPRDX2_3	NA	NA	NA	NA
sgZNF595_1	sgPRDX3_3	NA	NA	NA	NA
sgZNF607_1	sgPRDX6_2	NA	NA	NA	NA
sgZNF658_1	sgPRELID1_1	NA	NA	NA	NA
sgZNF658_2	sgPREX1_1	NA	NA	NA	NA
sgZNF706_1	sgPRG4_1	NA	NA	NA	NA
sgZNF706_2	sgPRKAR1A_1	NA	NA	NA	NA
sgZNF706_4	sgPRKCI_4	NA	NA	NA	NA
sgZNF746_2	sgPRMT1_4	NA	NA	NA	NA
sgZNF75D_3	sgPROK2_2	NA	NA	NA	NA
sgZNF75D_4	sgPROM2_4	NA	NA	NA	NA
sgZNF770_1	sgPROS1_1	NA	NA	NA	NA
sgZNF839_3	sgPROS1_2	NA	NA	NA	NA
sgZNRF2_3	sgPROZ_1	NA	NA	NA	NA
sgZRANB2_2	sgPRPF38A_1	NA	NA	NA	NA
NA	sgPRPF38A_2	NA	NA	NA	NA
NA	sgPRPF38A_3	NA	NA	NA	NA
NA	sgPRPF38A_4	NA	NA	NA	NA
NA	sgPRPF3_1	NA	NA	NA	NA
NA	sgPRPF3_3	NA	NA	NA	NA
NA	sgPRPF3_4	NA	NA	NA	NA
NA	sgPRPS1_3	NA	NA	NA	NA
NA	sgPRR16_3	NA	NA	NA	NA
NA	sgPRR23B_3	NA	NA	NA	NA
NA	sgPRR24_4	NA	NA	NA	NA
NA	sgPRR26_1	NA	NA	NA	NA
NA	sgPRR3_3	NA	NA	NA	NA
NA	sgPRSS3_3	NA	NA	NA	NA
NA	sgPRSS58_2	NA	NA	NA	NA
NA	sgPRUNE_3	NA	NA	NA	NA
NA	sgPSAT1_1	NA	NA	NA	NA
NA	sgPSD_3	NA	NA	NA	NA
NA	sgPSEN1_4	NA	NA	NA	NA
NA	sgPSMA2_3	NA	NA	NA	NA
NA	sgPSMA3_2	NA	NA	NA	NA
NA	sgPSMA6_4	NA	NA	NA	NA
NA	sgPSMB3_1	NA	NA	NA	NA
NA	sgPSMB3_2	NA	NA	NA	NA
NA	sgPSMB3_3	NA	NA	NA	NA
NA	sgPSMB6_3	NA	NA	NA	NA
NA	sgPSMC6_1	NA	NA	NA	NA
NA	sgPSMC6_4	NA	NA	NA	NA
NA	sgPSMD10_3	NA	NA	NA	NA
NA	sgPSMD12_2	NA	NA	NA	NA
NA	sgPSMD12_4	NA	NA	NA	NA
NA	sgPSMD2_2	NA	NA	NA	NA
NA	sgPSMD2_4	NA	NA	NA	NA
NA	sgPSMD4_1	NA	NA	NA	NA
NA	sgPSMD4_4	NA	NA	NA	NA
NA	sgPSMD7_3	NA	NA	NA	NA
NA	sgPSMD8_2	NA	NA	NA	NA
NA	sgPSME2_3	NA	NA	NA	NA
NA	sgPSME2_4	NA	NA	NA	NA
NA	sgPSMG3_1	NA	NA	NA	NA
NA	sgPSRC1_4	NA	NA	NA	NA
NA	sgPTBP1_1	NA	NA	NA	NA
NA	sgPTBP1_3	NA	NA	NA	NA
NA	sgPTEN_3	NA	NA	NA	NA
NA	sgPTGER4_3	NA	NA	NA	NA
NA	sgPTGES3_2	NA	NA	NA	NA
NA	sgPTOV1_1	NA	NA	NA	NA
NA	sgPTP4A1_1	NA	NA	NA	NA
NA	sgPTP4A1_4	NA	NA	NA	NA
NA	sgPTPN11_3	NA	NA	NA	NA
NA	sgPTPRH_2	NA	NA	NA	NA
NA	sgPTPRH_3	NA	NA	NA	NA
NA	sgPTPRH_4	NA	NA	NA	NA
NA	sgPTPRJ_1	NA	NA	NA	NA
NA	sgPTPRS_4	NA	NA	NA	NA
NA	sgPTTG1_1	NA	NA	NA	NA
NA	sgPTTG1_4	NA	NA	NA	NA
NA	sgPVRIG_2	NA	NA	NA	NA
NA	sgPVRIG_4	NA	NA	NA	NA
NA	sgPYDC2_1	NA	NA	NA	NA
NA	sgPYDC2_3	NA	NA	NA	NA
NA	sgPYROXD1_1	NA	NA	NA	NA
NA	sgPYROXD1_2	NA	NA	NA	NA
NA	sgPYURF_1	NA	NA	NA	NA
NA	sgQPRT_3	NA	NA	NA	NA
NA	sgQRICH2_3	NA	NA	NA	NA
NA	sgRAB11FIP5_3	NA	NA	NA	NA
NA	sgRAB14_1	NA	NA	NA	NA
NA	sgRAB1A_1	NA	NA	NA	NA
NA	sgRAB1A_4	NA	NA	NA	NA
NA	sgRAB1B_2	NA	NA	NA	NA
NA	sgRAB34_3	NA	NA	NA	NA
NA	sgRAB38_4	NA	NA	NA	NA
NA	sgRAB3C_4	NA	NA	NA	NA
NA	sgRAB42_2	NA	NA	NA	NA
NA	sgRAB42_3	NA	NA	NA	NA
NA	sgRAB5C_2	NA	NA	NA	NA
NA	sgRAB6C_3	NA	NA	NA	NA
NA	sgRAB9A_1	NA	NA	NA	NA
NA	sgRABL5_1	NA	NA	NA	NA
NA	sgRABL5_3	NA	NA	NA	NA
NA	sgRACGAP1_1	NA	NA	NA	NA
NA	sgRAD17_1	NA	NA	NA	NA
NA	sgRAD21L1_1	NA	NA	NA	NA
NA	sgRAD23B_2	NA	NA	NA	NA
NA	sgRAD9A_4	NA	NA	NA	NA
NA	sgRAET1L_1	NA	NA	NA	NA
NA	sgRALA_1	NA	NA	NA	NA
NA	sgRALBP1_1	NA	NA	NA	NA
NA	sgRALB_1	NA	NA	NA	NA
NA	sgRALGAPA1_2	NA	NA	NA	NA
NA	sgRALY_1	NA	NA	NA	NA
NA	sgRANBP2_4	NA	NA	NA	NA
NA	sgRANBP3_4	NA	NA	NA	NA
NA	sgRAN_2	NA	NA	NA	NA
NA	sgRAP1A_3	NA	NA	NA	NA
NA	sgRAP2C_3	NA	NA	NA	NA
NA	sgRAPGEF3_3	NA	NA	NA	NA
NA	sgRARS_2	NA	NA	NA	NA
NA	sgRARS_3	NA	NA	NA	NA
NA	sgRASGEF1A_4	NA	NA	NA	NA
NA	sgRASL11A_2	NA	NA	NA	NA
NA	sgRASSF1_4	NA	NA	NA	NA
NA	sgRBBP8NL_3	NA	NA	NA	NA
NA	sgRBBP9_4	NA	NA	NA	NA
NA	sgRBM12B_3	NA	NA	NA	NA
NA	sgRBM17_3	NA	NA	NA	NA
NA	sgRBM17_4	NA	NA	NA	NA
NA	sgRBM18_1	NA	NA	NA	NA
NA	sgRBM39_2	NA	NA	NA	NA
NA	sgRBM3_1	NA	NA	NA	NA
NA	sgRBM3_3	NA	NA	NA	NA
NA	sgRBM43_2	NA	NA	NA	NA
NA	sgRBM48_4	NA	NA	NA	NA
NA	sgRBM4B_1	NA	NA	NA	NA
NA	sgRBM4_1	NA	NA	NA	NA
NA	sgRBM4_2	NA	NA	NA	NA
NA	sgRBM4_3	NA	NA	NA	NA
NA	sgRBM4_4	NA	NA	NA	NA
NA	sgRBM7_1	NA	NA	NA	NA
NA	sgRBMS1_1	NA	NA	NA	NA
NA	sgRBMX2_2	NA	NA	NA	NA
NA	sgRBMXL3_1	NA	NA	NA	NA
NA	sgRBMXL3_2	NA	NA	NA	NA
NA	sgRCBTB2_1	NA	NA	NA	NA
NA	sgRCC2_4	NA	NA	NA	NA
NA	sgRDH12_3	NA	NA	NA	NA
NA	sgRDH5_1	NA	NA	NA	NA
NA	sgRDM1_1	NA	NA	NA	NA
NA	sgRDX_3	NA	NA	NA	NA
NA	sgRDX_4	NA	NA	NA	NA
NA	sgRECQL_4	NA	NA	NA	NA
NA	sgREEP2_1	NA	NA	NA	NA
NA	sgREG1A_3	NA	NA	NA	NA
NA	sgREG3A_2	NA	NA	NA	NA
NA	sgRELA_4	NA	NA	NA	NA
NA	sgREN_3	NA	NA	NA	NA
NA	sgRERE_4	NA	NA	NA	NA
NA	sgREXO4_1	NA	NA	NA	NA
NA	sgRFK_4	NA	NA	NA	NA
NA	sgRFWD2_2	NA	NA	NA	NA
NA	sgRFX7_4	NA	NA	NA	NA
NA	sgRGAG1_1	NA	NA	NA	NA
NA	sgRGAG1_2	NA	NA	NA	NA
NA	sgRGPD2_1	NA	NA	NA	NA
NA	sgRGPD2_2	NA	NA	NA	NA
NA	sgRGPD2_3	NA	NA	NA	NA
NA	sgRGS17_2	NA	NA	NA	NA
NA	sgRGS17_3	NA	NA	NA	NA
NA	sgRGS1_3	NA	NA	NA	NA
NA	sgRGS7BP_2	NA	NA	NA	NA
NA	sgRHBDL2_2	NA	NA	NA	NA
NA	sgRHEB_1	NA	NA	NA	NA
NA	sgRHOA_3	NA	NA	NA	NA
NA	sgRHOH_3	NA	NA	NA	NA
NA	sgRHOQ_2	NA	NA	NA	NA
NA	sgRIBC2_1	NA	NA	NA	NA
NA	sgRIMKLB_1	NA	NA	NA	NA
NA	sgRIT1_2	NA	NA	NA	NA
NA	sgRIT2_1	NA	NA	NA	NA
NA	sgRLF_3	NA	NA	NA	NA
NA	sgRLIM_2	NA	NA	NA	NA
NA	sgRLIM_4	NA	NA	NA	NA
NA	sgRNASE12_3	NA	NA	NA	NA
NA	sgRNASE2_4	NA	NA	NA	NA
NA	sgRNASEH1_1	NA	NA	NA	NA
NA	sgRNASEH1_3	NA	NA	NA	NA
NA	sgRNASEH1_4	NA	NA	NA	NA
NA	sgRNASET2_4	NA	NA	NA	NA
NA	sgRNF11_2	NA	NA	NA	NA
NA	sgRNF11_4	NA	NA	NA	NA
NA	sgRNF125_3	NA	NA	NA	NA
NA	sgRNF13_1	NA	NA	NA	NA
NA	sgRNF13_2	NA	NA	NA	NA
NA	sgRNF13_4	NA	NA	NA	NA
NA	sgRNF141_3	NA	NA	NA	NA
NA	sgRNF148_3	NA	NA	NA	NA
NA	sgRNF149_3	NA	NA	NA	NA
NA	sgRNF149_4	NA	NA	NA	NA
NA	sgRNF14_3	NA	NA	NA	NA
NA	sgRNF152_3	NA	NA	NA	NA
NA	sgRNF165_3	NA	NA	NA	NA
NA	sgRNF181_1	NA	NA	NA	NA
NA	sgRNF181_3	NA	NA	NA	NA
NA	sgRNF19B_4	NA	NA	NA	NA
NA	sgRNF213_4	NA	NA	NA	NA
NA	sgRNF216_1	NA	NA	NA	NA
NA	sgRNF216_3	NA	NA	NA	NA
NA	sgRNF2_1	NA	NA	NA	NA
NA	sgRNF2_3	NA	NA	NA	NA
NA	sgRNF2_4	NA	NA	NA	NA
NA	sgRNF43_4	NA	NA	NA	NA
NA	sgRNF5_2	NA	NA	NA	NA
NA	sgRNF7_1	NA	NA	NA	NA
NA	sgRNFT1_4	NA	NA	NA	NA
NA	sgRNPC3_3	NA	NA	NA	NA
NA	sgRNPS1_4	NA	NA	NA	NA
NA	sgROPN1L_3	NA	NA	NA	NA
NA	sgRORC_2	NA	NA	NA	NA
NA	sgRP1L1_2	NA	NA	NA	NA
NA	sgRP9_3	NA	NA	NA	NA
NA	sgRPA3_4	NA	NA	NA	NA
NA	sgRPF2_1	NA	NA	NA	NA
NA	sgRPL10L_1	NA	NA	NA	NA
NA	sgRPL14_4	NA	NA	NA	NA
NA	sgRPL18_2	NA	NA	NA	NA
NA	sgRPL22L1_2	NA	NA	NA	NA
NA	sgRPL28_1	NA	NA	NA	NA
NA	sgRPL28_2	NA	NA	NA	NA
NA	sgRPL28_4	NA	NA	NA	NA
NA	sgRPL34_1	NA	NA	NA	NA
NA	sgRPL35_1	NA	NA	NA	NA
NA	sgRPL35_4	NA	NA	NA	NA
NA	sgRPL36_3	NA	NA	NA	NA
NA	sgRPL36_4	NA	NA	NA	NA
NA	sgRPL37A_2	NA	NA	NA	NA
NA	sgRPL38_3	NA	NA	NA	NA
NA	sgRPL4_1	NA	NA	NA	NA
NA	sgRPL4_3	NA	NA	NA	NA
NA	sgRPL8_1	NA	NA	NA	NA
NA	sgRPLP2_2	NA	NA	NA	NA
NA	sgRPLP2_3	NA	NA	NA	NA
NA	sgRPRD1A_2	NA	NA	NA	NA
NA	sgRPS11_2	NA	NA	NA	NA
NA	sgRPS14_1	NA	NA	NA	NA
NA	sgRPS14_3	NA	NA	NA	NA
NA	sgRPS16_1	NA	NA	NA	NA
NA	sgRPS16_3	NA	NA	NA	NA
NA	sgRPS16_4	NA	NA	NA	NA
NA	sgRPS19_1	NA	NA	NA	NA
NA	sgRPS19_2	NA	NA	NA	NA
NA	sgRPS19_3	NA	NA	NA	NA
NA	sgRPS21_1	NA	NA	NA	NA
NA	sgRPS21_3	NA	NA	NA	NA
NA	sgRPS23_2	NA	NA	NA	NA
NA	sgRPS23_3	NA	NA	NA	NA
NA	sgRPS27L_1	NA	NA	NA	NA
NA	sgRPS27L_3	NA	NA	NA	NA
NA	sgRPS3_4	NA	NA	NA	NA
NA	sgRPS6KA6_2	NA	NA	NA	NA
NA	sgRPTN_3	NA	NA	NA	NA
NA	sgRPTN_4	NA	NA	NA	NA
NA	sgRRAS2_3	NA	NA	NA	NA
NA	sgRRBP1_4	NA	NA	NA	NA
NA	sgRRM2_3	NA	NA	NA	NA
NA	sgRRM2_4	NA	NA	NA	NA
NA	sgRSPO3_2	NA	NA	NA	NA
NA	sgRSRC1_3	NA	NA	NA	NA
NA	sgRSU1_2	NA	NA	NA	NA
NA	sgRSU1_4	NA	NA	NA	NA
NA	sgRTBDN_1	NA	NA	NA	NA
NA	sgRTCA_3	NA	NA	NA	NA
NA	sgRTEL1_3	NA	NA	NA	NA
NA	sgRTN2_3	NA	NA	NA	NA
NA	sgRTN4IP1_4	NA	NA	NA	NA
NA	sgRTN4R_1	NA	NA	NA	NA
NA	sgRTP4_4	NA	NA	NA	NA
NA	sgRUNDC1_4	NA	NA	NA	NA
NA	sgRUNX1T1_3	NA	NA	NA	NA
NA	sgRUNX3_2	NA	NA	NA	NA
NA	sgRWDD1_3	NA	NA	NA	NA
NA	sgS100A9_2	NA	NA	NA	NA
NA	sgSAE1_3	NA	NA	NA	NA
NA	sgSAE1_4	NA	NA	NA	NA
NA	sgSALL3_3	NA	NA	NA	NA
NA	sgSAP30L_3	NA	NA	NA	NA
NA	sgSAPCD2_2	NA	NA	NA	NA
NA	sgSAPCD2_4	NA	NA	NA	NA
NA	sgSARNP_1	NA	NA	NA	NA
NA	sgSAYSD1_1	NA	NA	NA	NA
NA	sgSBDS_1	NA	NA	NA	NA
NA	sgSCAF1_4	NA	NA	NA	NA
NA	sgSCAF8_2	NA	NA	NA	NA
NA	sgSCD_2	NA	NA	NA	NA
NA	sgSCN11A_3	NA	NA	NA	NA
NA	sgSCN4B_4	NA	NA	NA	NA
NA	sgSCNN1B_4	NA	NA	NA	NA
NA	sgSCPEP1_1	NA	NA	NA	NA
NA	sgSDAD1_4	NA	NA	NA	NA
NA	sgSDC4_4	NA	NA	NA	NA
NA	sgSDCBP_3	NA	NA	NA	NA
NA	sgSDCCAG3_4	NA	NA	NA	NA
NA	sgSDHA_3	NA	NA	NA	NA
NA	sgSDHA_4	NA	NA	NA	NA
NA	sgSDHB_4	NA	NA	NA	NA
NA	sgSDHC_3	NA	NA	NA	NA
NA	sgSDHC_4	NA	NA	NA	NA
NA	sgSDHD_1	NA	NA	NA	NA
NA	sgSDR42E1_2	NA	NA	NA	NA
NA	sgSEC11A_4	NA	NA	NA	NA
NA	sgSEC14L6_4	NA	NA	NA	NA
NA	sgSEC61G_2	NA	NA	NA	NA
NA	sgSELK_1	NA	NA	NA	NA
NA	sgSELL_2	NA	NA	NA	NA
NA	sgSELPLG_1	NA	NA	NA	NA
NA	sgSELPLG_4	NA	NA	NA	NA
NA	sgSEMA3D_3	NA	NA	NA	NA
NA	sgSEMA4B_2	NA	NA	NA	NA
NA	sgSEMA4G_2	NA	NA	NA	NA
NA	sgSEMG2_4	NA	NA	NA	NA
NA	sgSEPHS1_1	NA	NA	NA	NA
NA	sgSEPHS1_4	NA	NA	NA	NA
NA	sgSEPHS2_2	NA	NA	NA	NA
NA	sgSEPT14_3	NA	NA	NA	NA
NA	sgSEPW1_4	NA	NA	NA	NA
NA	sgSERBP1_2	NA	NA	NA	NA
NA	sgSERPINE2_4	NA	NA	NA	NA
NA	sgSERPINF2_4	NA	NA	NA	NA
NA	sgSERPINH1_1	NA	NA	NA	NA
NA	sgSETBP1_1	NA	NA	NA	NA
NA	sgSF3A2_1	NA	NA	NA	NA
NA	sgSF3A3_3	NA	NA	NA	NA
NA	sgSF3B4_2	NA	NA	NA	NA
NA	sgSFR1_3	NA	NA	NA	NA
NA	sgSFR1_4	NA	NA	NA	NA
NA	sgSFTPD_3	NA	NA	NA	NA
NA	sgSFXN3_4	NA	NA	NA	NA
NA	sgSGCE_3	NA	NA	NA	NA
NA	sgSGK223_4	NA	NA	NA	NA
NA	sgSGPL1_3	NA	NA	NA	NA
NA	sgSH2D3A_1	NA	NA	NA	NA
NA	sgSH3BGRL3_3	NA	NA	NA	NA
NA	sgSH3BP1_4	NA	NA	NA	NA
NA	sgSH3BP2_4	NA	NA	NA	NA
NA	sgSH3D21_2	NA	NA	NA	NA
NA	sgSH3GL1_2	NA	NA	NA	NA
NA	sgSH3GL1_3	NA	NA	NA	NA
NA	sgSH3GL1_4	NA	NA	NA	NA
NA	sgSH3GLB1_1	NA	NA	NA	NA
NA	sgSH3GLB1_4	NA	NA	NA	NA
NA	sgSH3PXD2B_3	NA	NA	NA	NA
NA	sgSHANK2_4	NA	NA	NA	NA
NA	sgSHARPIN_3	NA	NA	NA	NA
NA	sgSHC1_4	NA	NA	NA	NA
NA	sgSHCBP1_2	NA	NA	NA	NA
NA	sgSHE_3	NA	NA	NA	NA
NA	sgSHOX2_2	NA	NA	NA	NA
NA	sgSHQ1_2	NA	NA	NA	NA
NA	sgSHQ1_3	NA	NA	NA	NA
NA	sgSHQ1_4	NA	NA	NA	NA
NA	sgSHROOM2_4	NA	NA	NA	NA
NA	sgSHROOM3_3	NA	NA	NA	NA
NA	sgSIGLEC10_3	NA	NA	NA	NA
NA	sgSIGLEC7_3	NA	NA	NA	NA
NA	sgSIRPA_1	NA	NA	NA	NA
NA	sgSIRPA_3	NA	NA	NA	NA
NA	sgSIRT4_3	NA	NA	NA	NA
NA	sgSIX3_1	NA	NA	NA	NA
NA	sgSKP1_2	NA	NA	NA	NA
NA	sgSKP2_3	NA	NA	NA	NA
NA	sgSLAMF8_1	NA	NA	NA	NA
NA	sgSLAMF9_1	NA	NA	NA	NA
NA	sgSLC12A1_2	NA	NA	NA	NA
NA	sgSLC14A2_4	NA	NA	NA	NA
NA	sgSLC16A14_3	NA	NA	NA	NA
NA	sgSLC1A5_3	NA	NA	NA	NA
NA	sgSLC22A31_2	NA	NA	NA	NA
NA	sgSLC22A4_4	NA	NA	NA	NA
NA	sgSLC25A14_3	NA	NA	NA	NA
NA	sgSLC25A1_1	NA	NA	NA	NA
NA	sgSLC25A1_3	NA	NA	NA	NA
NA	sgSLC25A36_3	NA	NA	NA	NA
NA	sgSLC25A38_3	NA	NA	NA	NA
NA	sgSLC25A38_4	NA	NA	NA	NA
NA	sgSLC25A3_3	NA	NA	NA	NA
NA	sgSLC25A40_1	NA	NA	NA	NA
NA	sgSLC25A43_3	NA	NA	NA	NA
NA	sgSLC25A53_3	NA	NA	NA	NA
NA	sgSLC26A2_1	NA	NA	NA	NA
NA	sgSLC26A5_2	NA	NA	NA	NA
NA	sgSLC26A6_2	NA	NA	NA	NA
NA	sgSLC26A8_2	NA	NA	NA	NA
NA	sgSLC27A3_3	NA	NA	NA	NA
NA	sgSLC28A2_1	NA	NA	NA	NA
NA	sgSLC29A4_2	NA	NA	NA	NA
NA	sgSLC2A13_3	NA	NA	NA	NA
NA	sgSLC2A14_1	NA	NA	NA	NA
NA	sgSLC2A5_1	NA	NA	NA	NA
NA	sgSLC2A9_3	NA	NA	NA	NA
NA	sgSLC30A2_1	NA	NA	NA	NA
NA	sgSLC31A1_3	NA	NA	NA	NA
NA	sgSLC35A1_4	NA	NA	NA	NA
NA	sgSLC35E1_1	NA	NA	NA	NA
NA	sgSLC35E1_4	NA	NA	NA	NA
NA	sgSLC35E4_1	NA	NA	NA	NA
NA	sgSLC35F1_4	NA	NA	NA	NA
NA	sgSLC35G3_1	NA	NA	NA	NA
NA	sgSLC38A7_1	NA	NA	NA	NA
NA	sgSLC39A13_3	NA	NA	NA	NA
NA	sgSLC39A14_1	NA	NA	NA	NA
NA	sgSLC39A6_1	NA	NA	NA	NA
NA	sgSLC4A1AP_4	NA	NA	NA	NA
NA	sgSLC52A2_2	NA	NA	NA	NA
NA	sgSLC52A3_2	NA	NA	NA	NA
NA	sgSLC6A14_2	NA	NA	NA	NA
NA	sgSLC6A14_4	NA	NA	NA	NA
NA	sgSLC6A8_1	NA	NA	NA	NA
NA	sgSLC9A4_3	NA	NA	NA	NA
NA	sgSLC9B2_3	NA	NA	NA	NA
NA	sgSLCO2A1_3	NA	NA	NA	NA
NA	sgSLCO2B1_1	NA	NA	NA	NA
NA	sgSLCO3A1_1	NA	NA	NA	NA
NA	sgSLMO2_4	NA	NA	NA	NA
NA	sgSLURP1_3	NA	NA	NA	NA
NA	sgSLX4_2	NA	NA	NA	NA
NA	sgSMAD9_1	NA	NA	NA	NA
NA	sgSMARCE1_3	NA	NA	NA	NA
NA	sgSMARCE1_4	NA	NA	NA	NA
NA	sgSMCO4_3	NA	NA	NA	NA
NA	sgSMCO4_4	NA	NA	NA	NA
NA	sgSMCP_2	NA	NA	NA	NA
NA	sgSMIM20_4	NA	NA	NA	NA
NA	sgSMIM7_2	NA	NA	NA	NA
NA	sgSMLR1_4	NA	NA	NA	NA
NA	sgSMNDC1_1	NA	NA	NA	NA
NA	sgSMNDC1_4	NA	NA	NA	NA
NA	sgSMO_2	NA	NA	NA	NA
NA	sgSMPD4_2	NA	NA	NA	NA
NA	sgSMPD4_4	NA	NA	NA	NA
NA	sgSMU1_4	NA	NA	NA	NA
NA	sgSNAPC1_3	NA	NA	NA	NA
NA	sgSNAPC2_1	NA	NA	NA	NA
NA	sgSNCA_2	NA	NA	NA	NA
NA	sgSNRNP27_3	NA	NA	NA	NA
NA	sgSNRPA1_1	NA	NA	NA	NA
NA	sgSNRPA_2	NA	NA	NA	NA
NA	sgSNRPB2_2	NA	NA	NA	NA
NA	sgSNRPB2_3	NA	NA	NA	NA
NA	sgSNRPC_3	NA	NA	NA	NA
NA	sgSNRPD1_1	NA	NA	NA	NA
NA	sgSNRPD1_4	NA	NA	NA	NA
NA	sgSNRPE_1	NA	NA	NA	NA
NA	sgSNRPN_3	NA	NA	NA	NA
NA	sgSNTA1_3	NA	NA	NA	NA
NA	sgSNW1_1	NA	NA	NA	NA
NA	sgSNW1_3	NA	NA	NA	NA
NA	sgSNW1_4	NA	NA	NA	NA
NA	sgSNX16_3	NA	NA	NA	NA
NA	sgSNX5_2	NA	NA	NA	NA
NA	sgSNX5_3	NA	NA	NA	NA
NA	sgSNX6_3	NA	NA	NA	NA
NA	sgSOCS5_1	NA	NA	NA	NA
NA	sgSOCS5_4	NA	NA	NA	NA
NA	sgSOD1_3	NA	NA	NA	NA
NA	sgSON_4	NA	NA	NA	NA
NA	sgSORD_1	NA	NA	NA	NA
NA	sgSORD_3	NA	NA	NA	NA
NA	sgSORD_4	NA	NA	NA	NA
NA	sgSP140L_2	NA	NA	NA	NA
NA	sgSP1_1	NA	NA	NA	NA
NA	sgSP3_4	NA	NA	NA	NA
NA	sgSPA17_4	NA	NA	NA	NA
NA	sgSPAG6_3	NA	NA	NA	NA
NA	sgSPATA24_2	NA	NA	NA	NA
NA	sgSPATA31A6_2	NA	NA	NA	NA
NA	sgSPATA31D1_1	NA	NA	NA	NA
NA	sgSPATA3_3	NA	NA	NA	NA
NA	sgSPDL1_2	NA	NA	NA	NA
NA	sgSPECC1L_1	NA	NA	NA	NA
NA	sgSPECC1_1	NA	NA	NA	NA
NA	sgSPERT_1	NA	NA	NA	NA
NA	sgSPG11_3	NA	NA	NA	NA
NA	sgSPIC_4	NA	NA	NA	NA
NA	sgSPINK2_2	NA	NA	NA	NA
NA	sgSPINK5_1	NA	NA	NA	NA
NA	sgSPINK5_2	NA	NA	NA	NA
NA	sgSPINK5_3	NA	NA	NA	NA
NA	sgSPINT4_1	NA	NA	NA	NA
NA	sgSPN_3	NA	NA	NA	NA
NA	sgSPOPL_3	NA	NA	NA	NA
NA	sgSPPL3_2	NA	NA	NA	NA
NA	sgSPTB_2	NA	NA	NA	NA
NA	sgSQSTM1_2	NA	NA	NA	NA
NA	sgSRCRB4D_4	NA	NA	NA	NA
NA	sgSRD5A1_1	NA	NA	NA	NA
NA	sgSRD5A3_2	NA	NA	NA	NA
NA	sgSRD5A3_3	NA	NA	NA	NA
NA	sgSRP14_3	NA	NA	NA	NA
NA	sgSRP14_4	NA	NA	NA	NA
NA	sgSRP19_4	NA	NA	NA	NA
NA	sgSRP72_4	NA	NA	NA	NA
NA	sgSRPK2_1	NA	NA	NA	NA
NA	sgSRPK2_2	NA	NA	NA	NA
NA	sgSRPK2_3	NA	NA	NA	NA
NA	sgSRRM1_4	NA	NA	NA	NA
NA	sgSRRM2_4	NA	NA	NA	NA
NA	sgSRRM5_1	NA	NA	NA	NA
NA	sgSRSF10_1	NA	NA	NA	NA
NA	sgSRSF11_3	NA	NA	NA	NA
NA	sgSRSF12_2	NA	NA	NA	NA
NA	sgSRSF2_1	NA	NA	NA	NA
NA	sgSRSF3_2	NA	NA	NA	NA
NA	sgSRSF9_1	NA	NA	NA	NA
NA	sgSRSF9_2	NA	NA	NA	NA
NA	sgSRSF9_4	NA	NA	NA	NA
NA	sgSS18_4	NA	NA	NA	NA
NA	sgSSBP2_1	NA	NA	NA	NA
NA	sgSSB_3	NA	NA	NA	NA
NA	sgSSB_4	NA	NA	NA	NA
NA	sgSSR3_4	NA	NA	NA	NA
NA	sgST3GAL3_4	NA	NA	NA	NA
NA	sgST6GALNAC3_2	NA	NA	NA	NA
NA	sgSTAM2_2	NA	NA	NA	NA
NA	sgSTAM_4	NA	NA	NA	NA
NA	sgSTARD13_4	NA	NA	NA	NA
NA	sgSTIM1_4	NA	NA	NA	NA
NA	sgSTIP1_3	NA	NA	NA	NA
NA	sgSTK16_2	NA	NA	NA	NA
NA	sgSTK35_4	NA	NA	NA	NA
NA	sgSTMN1_2	NA	NA	NA	NA
NA	sgSTMN1_3	NA	NA	NA	NA
NA	sgSTRA6_4	NA	NA	NA	NA
NA	sgSTRA8_3	NA	NA	NA	NA
NA	sgSTRAP_4	NA	NA	NA	NA
NA	sgSTRN_2	NA	NA	NA	NA
NA	sgSTS_1	NA	NA	NA	NA
NA	sgSTX12_4	NA	NA	NA	NA
NA	sgSTX18_3	NA	NA	NA	NA
NA	sgSTX18_4	NA	NA	NA	NA
NA	sgSTXBP1_3	NA	NA	NA	NA
NA	sgSUCLA2_4	NA	NA	NA	NA
NA	sgSUDS3_1	NA	NA	NA	NA
NA	sgSUDS3_2	NA	NA	NA	NA
NA	sgSUGP1_1	NA	NA	NA	NA
NA	sgSUGT1_2	NA	NA	NA	NA
NA	sgSULT2B1_1	NA	NA	NA	NA
NA	sgSULT6B1_3	NA	NA	NA	NA
NA	sgSUMO1_1	NA	NA	NA	NA
NA	sgSUPT16H_2	NA	NA	NA	NA
NA	sgSUPT20H_1	NA	NA	NA	NA
NA	sgSUPT20H_3	NA	NA	NA	NA
NA	sgSUPT3H_4	NA	NA	NA	NA
NA	sgSURF6_3	NA	NA	NA	NA
NA	sgSUZ12_1	NA	NA	NA	NA
NA	sgSYMPK_4	NA	NA	NA	NA
NA	sgSYNCRIP_3	NA	NA	NA	NA
NA	sgSYNCRIP_4	NA	NA	NA	NA
NA	sgSYNGAP1_1	NA	NA	NA	NA
NA	sgSYNGR1_3	NA	NA	NA	NA
NA	sgSYNGR2_1	NA	NA	NA	NA
NA	sgSYNGR2_4	NA	NA	NA	NA
NA	sgSYPL1_2	NA	NA	NA	NA
NA	sgSYPL1_3	NA	NA	NA	NA
NA	sgSYPL1_4	NA	NA	NA	NA
NA	sgSYT2_1	NA	NA	NA	NA
NA	sgSZRD1_4	NA	NA	NA	NA
NA	sgTAAR2_3	NA	NA	NA	NA
NA	sgTAAR6_4	NA	NA	NA	NA
NA	sgTADA1_3	NA	NA	NA	NA
NA	sgTAF15_1	NA	NA	NA	NA
NA	sgTAF1_4	NA	NA	NA	NA
NA	sgTAF9_2	NA	NA	NA	NA
NA	sgTAPBPL_3	NA	NA	NA	NA
NA	sgTARBP2_2	NA	NA	NA	NA
NA	sgTARDBP_3	NA	NA	NA	NA
NA	sgTARS2_2	NA	NA	NA	NA
NA	sgTAS2R1_3	NA	NA	NA	NA
NA	sgTAS2R31_4	NA	NA	NA	NA
NA	sgTAS2R42_3	NA	NA	NA	NA
NA	sgTATDN1_2	NA	NA	NA	NA
NA	sgTATDN1_3	NA	NA	NA	NA
NA	sgTATDN1_4	NA	NA	NA	NA
NA	sgTATDN2_4	NA	NA	NA	NA
NA	sgTBC1D19_1	NA	NA	NA	NA
NA	sgTBC1D28_2	NA	NA	NA	NA
NA	sgTBC1D28_3	NA	NA	NA	NA
NA	sgTBC1D28_4	NA	NA	NA	NA
NA	sgTBC1D29_1	NA	NA	NA	NA
NA	sgTBC1D29_2	NA	NA	NA	NA
NA	sgTBC1D29_4	NA	NA	NA	NA
NA	sgTBC1D30_3	NA	NA	NA	NA
NA	sgTBC1D7_1	NA	NA	NA	NA
NA	sgTBCA_2	NA	NA	NA	NA
NA	sgTBCCD1_1	NA	NA	NA	NA
NA	sgTBL1XR1_1	NA	NA	NA	NA
NA	sgTBL1XR1_4	NA	NA	NA	NA
NA	sgTBPL1_3	NA	NA	NA	NA
NA	sgTBX21_3	NA	NA	NA	NA
NA	sgTC2N_2	NA	NA	NA	NA
NA	sgTCEAL8_4	NA	NA	NA	NA
NA	sgTCEB2_3	NA	NA	NA	NA
NA	sgTCERG1_3	NA	NA	NA	NA
NA	sgTCF3_1	NA	NA	NA	NA
NA	sgTCHH_1	NA	NA	NA	NA
NA	sgTCHH_3	NA	NA	NA	NA
NA	sgTCHH_4	NA	NA	NA	NA
NA	sgTCOF1_3	NA	NA	NA	NA
NA	sgTDP2_1	NA	NA	NA	NA
NA	sgTECR_3	NA	NA	NA	NA
NA	sgTEKT4_1	NA	NA	NA	NA
NA	sgTEN1_3	NA	NA	NA	NA
NA	sgTERT_3	NA	NA	NA	NA
NA	sgTEX13B_2	NA	NA	NA	NA
NA	sgTEX36_1	NA	NA	NA	NA
NA	sgTEX37_2	NA	NA	NA	NA
NA	sgTFB2M_2	NA	NA	NA	NA
NA	sgTFB2M_3	NA	NA	NA	NA
NA	sgTFDP1_2	NA	NA	NA	NA
NA	sgTFDP1_3	NA	NA	NA	NA
NA	sgTFG_3	NA	NA	NA	NA
NA	sgTFG_4	NA	NA	NA	NA
NA	sgTGFBI_1	NA	NA	NA	NA
NA	sgTGFBR3_2	NA	NA	NA	NA
NA	sgTGIF1_4	NA	NA	NA	NA
NA	sgTGM3_3	NA	NA	NA	NA
NA	sgTGOLN2_3	NA	NA	NA	NA
NA	sgTHAP5_1	NA	NA	NA	NA
NA	sgTHAP5_2	NA	NA	NA	NA
NA	sgTHOC6_4	NA	NA	NA	NA
NA	sgTHPO_3	NA	NA	NA	NA
NA	sgTHRAP3_1	NA	NA	NA	NA
NA	sgTHRSP_3	NA	NA	NA	NA
NA	sgTHTPA_3	NA	NA	NA	NA
NA	sgTHYN1_1	NA	NA	NA	NA
NA	sgTH_1	NA	NA	NA	NA
NA	sgTIMM8A_3	NA	NA	NA	NA
NA	sgTIMM8B_2	NA	NA	NA	NA
NA	sgTIMM8B_4	NA	NA	NA	NA
NA	sgTIMM9_1	NA	NA	NA	NA
NA	sgTIMM9_2	NA	NA	NA	NA
NA	sgTIMM9_3	NA	NA	NA	NA
NA	sgTIMM9_4	NA	NA	NA	NA
NA	sgTIPIN_1	NA	NA	NA	NA
NA	sgTIPIN_3	NA	NA	NA	NA
NA	sgTJAP1_3	NA	NA	NA	NA
NA	sgTJP2_4	NA	NA	NA	NA
NA	sgTLE1_1	NA	NA	NA	NA
NA	sgTLK1_1	NA	NA	NA	NA
NA	sgTLK1_2	NA	NA	NA	NA
NA	sgTLK1_4	NA	NA	NA	NA
NA	sgTLR2_3	NA	NA	NA	NA
NA	sgTLR2_4	NA	NA	NA	NA
NA	sgTM4SF5_4	NA	NA	NA	NA
NA	sgTMA7_3	NA	NA	NA	NA
NA	sgTMBIM1_1	NA	NA	NA	NA
NA	sgTMC3_1	NA	NA	NA	NA
NA	sgTMC3_2	NA	NA	NA	NA
NA	sgTMCC1_4	NA	NA	NA	NA
NA	sgTMED6_3	NA	NA	NA	NA
NA	sgTMEM109_4	NA	NA	NA	NA
NA	sgTMEM132D_2	NA	NA	NA	NA
NA	sgTMEM14C_2	NA	NA	NA	NA
NA	sgTMEM160_1	NA	NA	NA	NA
NA	sgTMEM161B_3	NA	NA	NA	NA
NA	sgTMEM161B_4	NA	NA	NA	NA
NA	sgTMEM177_1	NA	NA	NA	NA
NA	sgTMEM178B_1	NA	NA	NA	NA
NA	sgTMEM183A_1	NA	NA	NA	NA
NA	sgTMEM183A_2	NA	NA	NA	NA
NA	sgTMEM184B_4	NA	NA	NA	NA
NA	sgTMEM215_4	NA	NA	NA	NA
NA	sgTMEM220_4	NA	NA	NA	NA
NA	sgTMEM221_1	NA	NA	NA	NA
NA	sgTMEM229A_3	NA	NA	NA	NA
NA	sgTMEM248_3	NA	NA	NA	NA
NA	sgTMEM251_2	NA	NA	NA	NA
NA	sgTMEM251_3	NA	NA	NA	NA
NA	sgTMEM251_4	NA	NA	NA	NA
NA	sgTMEM252_2	NA	NA	NA	NA
NA	sgTMEM256_4	NA	NA	NA	NA
NA	sgTMEM261_2	NA	NA	NA	NA
NA	sgTMEM53_3	NA	NA	NA	NA
NA	sgTMEM59_2	NA	NA	NA	NA
NA	sgTMEM5_3	NA	NA	NA	NA
NA	sgTMEM63C_1	NA	NA	NA	NA
NA	sgTMEM69_1	NA	NA	NA	NA
NA	sgTMEM69_2	NA	NA	NA	NA
NA	sgTMEM92_1	NA	NA	NA	NA
NA	sgTMEM97_4	NA	NA	NA	NA
NA	sgTMEM98_3	NA	NA	NA	NA
NA	sgTMPRSS13_2	NA	NA	NA	NA
NA	sgTMPRSS13_3	NA	NA	NA	NA
NA	sgTMPRSS2_4	NA	NA	NA	NA
NA	sgTMPRSS6_1	NA	NA	NA	NA
NA	sgTMSB10_1	NA	NA	NA	NA
NA	sgTMTC2_3	NA	NA	NA	NA
NA	sgTMTC4_3	NA	NA	NA	NA
NA	sgTMX1_1	NA	NA	NA	NA
NA	sgTNC_1	NA	NA	NA	NA
NA	sgTNC_3	NA	NA	NA	NA
NA	sgTNFAIP2_3	NA	NA	NA	NA
NA	sgTNFRSF10D_2	NA	NA	NA	NA
NA	sgTNFRSF10D_3	NA	NA	NA	NA
NA	sgTNFRSF13B_1	NA	NA	NA	NA
NA	sgTNFRSF21_4	NA	NA	NA	NA
NA	sgTNFRSF6B_1	NA	NA	NA	NA
NA	sgTNFSF15_2	NA	NA	NA	NA
NA	sgTNIP2_2	NA	NA	NA	NA
NA	sgTNNI3K_1	NA	NA	NA	NA
NA	sgTNN_3	NA	NA	NA	NA
NA	sgTNN_4	NA	NA	NA	NA
NA	sgTNP2_1	NA	NA	NA	NA
NA	sgTNXB_2	NA	NA	NA	NA
NA	sgTNXB_4	NA	NA	NA	NA
NA	sgTOB2_1	NA	NA	NA	NA
NA	sgTOMM20_2	NA	NA	NA	NA
NA	sgTOMM20_3	NA	NA	NA	NA
NA	sgTOMM22_3	NA	NA	NA	NA
NA	sgTOMM5_3	NA	NA	NA	NA
NA	sgTOMM5_4	NA	NA	NA	NA
NA	sgTOMM6_3	NA	NA	NA	NA
NA	sgTOMM7_4	NA	NA	NA	NA
NA	sgTOR2A_1	NA	NA	NA	NA
NA	sgTPD52L2_3	NA	NA	NA	NA
NA	sgTPI1_1	NA	NA	NA	NA
NA	sgTPI1_2	NA	NA	NA	NA
NA	sgTPI1_3	NA	NA	NA	NA
NA	sgTPI1_4	NA	NA	NA	NA
NA	sgTPM4_4	NA	NA	NA	NA
NA	sgTPMT_2	NA	NA	NA	NA
NA	sgTPMT_4	NA	NA	NA	NA
NA	sgTPRX1_3	NA	NA	NA	NA
NA	sgTPRX2P_3	NA	NA	NA	NA
NA	sgTPST2_2	NA	NA	NA	NA
NA	sgTPTE2_2	NA	NA	NA	NA
NA	sgTPTE2_3	NA	NA	NA	NA
NA	sgTRA2A_3	NA	NA	NA	NA
NA	sgTRAF4_4	NA	NA	NA	NA
NA	sgTRAF6_2	NA	NA	NA	NA
NA	sgTRANK1_2	NA	NA	NA	NA
NA	sgTRAPPC2L_2	NA	NA	NA	NA
NA	sgTRIM35_2	NA	NA	NA	NA
NA	sgTRIM38_1	NA	NA	NA	NA
NA	sgTRIM43_2	NA	NA	NA	NA
NA	sgTRIM61_4	NA	NA	NA	NA
NA	sgTRIM64C_1	NA	NA	NA	NA
NA	sgTRIOBP_1	NA	NA	NA	NA
NA	sgTRIOBP_2	NA	NA	NA	NA
NA	sgTRIOBP_3	NA	NA	NA	NA
NA	sgTRIP11_4	NA	NA	NA	NA
NA	sgTRIP4_3	NA	NA	NA	NA
NA	sgTRMT10A_1	NA	NA	NA	NA
NA	sgTRMT10A_3	NA	NA	NA	NA
NA	sgTRMT1_1	NA	NA	NA	NA
NA	sgTRMT5_1	NA	NA	NA	NA
NA	sgTRMT61A_2	NA	NA	NA	NA
NA	sgTRNAU1AP_2	NA	NA	NA	NA
NA	sgTROAP_3	NA	NA	NA	NA
NA	sgTROVE2_4	NA	NA	NA	NA
NA	sgTRPA1_1	NA	NA	NA	NA
NA	sgTRPA1_2	NA	NA	NA	NA
NA	sgTRPC4_4	NA	NA	NA	NA
NA	sgTRPS1_3	NA	NA	NA	NA
NA	sgTRPV6_1	NA	NA	NA	NA
NA	sgTSEN15_4	NA	NA	NA	NA
NA	sgTSFM_1	NA	NA	NA	NA
NA	sgTSHR_2	NA	NA	NA	NA
NA	sgTSNARE1_4	NA	NA	NA	NA
NA	sgTSPAN31_3	NA	NA	NA	NA
NA	sgTSPO2_2	NA	NA	NA	NA
NA	sgTSR1_2	NA	NA	NA	NA
NA	sgTSR3_4	NA	NA	NA	NA
NA	sgTSSK4_1	NA	NA	NA	NA
NA	sgTTC16_3	NA	NA	NA	NA
NA	sgTTC30A_1	NA	NA	NA	NA
NA	sgTTC3_1	NA	NA	NA	NA
NA	sgTTC40_4	NA	NA	NA	NA
NA	sgTTLL11_2	NA	NA	NA	NA
NA	sgTTL_3	NA	NA	NA	NA
NA	sgTTN_3	NA	NA	NA	NA
NA	sgTTN_4	NA	NA	NA	NA
NA	sgTTYH1_2	NA	NA	NA	NA
NA	sgTUBA4A_3	NA	NA	NA	NA
NA	sgTUBAL3_1	NA	NA	NA	NA
NA	sgTUBB1_2	NA	NA	NA	NA
NA	sgTUBB4A_1	NA	NA	NA	NA
NA	sgTUBB4B_3	NA	NA	NA	NA
NA	sgTUBB_2	NA	NA	NA	NA
NA	sgTUBB_4	NA	NA	NA	NA
NA	sgTUBG1_4	NA	NA	NA	NA
NA	sgTUBGCP2_4	NA	NA	NA	NA
NA	sgTUBGCP6_3	NA	NA	NA	NA
NA	sgTUFM_2	NA	NA	NA	NA
NA	sgTUT1_2	NA	NA	NA	NA
NA	sgTXLNB_1	NA	NA	NA	NA
NA	sgTXN2_2	NA	NA	NA	NA
NA	sgTXNDC2_1	NA	NA	NA	NA
NA	sgTXNDC2_2	NA	NA	NA	NA
NA	sgTXNDC2_3	NA	NA	NA	NA
NA	sgTXNDC5_4	NA	NA	NA	NA
NA	sgTYRO3_2	NA	NA	NA	NA
NA	sgTYRO3_4	NA	NA	NA	NA
NA	sgTYW1_3	NA	NA	NA	NA
NA	sgU2AF1_2	NA	NA	NA	NA
NA	sgUAP1_4	NA	NA	NA	NA
NA	sgUBA2_2	NA	NA	NA	NA
NA	sgUBA52_1	NA	NA	NA	NA
NA	sgUBA52_3	NA	NA	NA	NA
NA	sgUBA5_2	NA	NA	NA	NA
NA	sgUBC_1	NA	NA	NA	NA
NA	sgUBC_2	NA	NA	NA	NA
NA	sgUBC_3	NA	NA	NA	NA
NA	sgUBE2C_1	NA	NA	NA	NA
NA	sgUBE2C_2	NA	NA	NA	NA
NA	sgUBE2D2_2	NA	NA	NA	NA
NA	sgUBE2E3_3	NA	NA	NA	NA
NA	sgUBE2G2_2	NA	NA	NA	NA
NA	sgUBE2H_4	NA	NA	NA	NA
NA	sgUBE2I_3	NA	NA	NA	NA
NA	sgUBE2L3_1	NA	NA	NA	NA
NA	sgUBE2L3_3	NA	NA	NA	NA
NA	sgUBE2L3_4	NA	NA	NA	NA
NA	sgUBE2Q1_4	NA	NA	NA	NA
NA	sgUBE2V2_3	NA	NA	NA	NA
NA	sgUBE3A_4	NA	NA	NA	NA
NA	sgUBE3C_4	NA	NA	NA	NA
NA	sgUBFD1_1	NA	NA	NA	NA
NA	sgUBL5_3	NA	NA	NA	NA
NA	sgUBR5_3	NA	NA	NA	NA
NA	sgUBTF_4	NA	NA	NA	NA
NA	sgUBXN2A_4	NA	NA	NA	NA
NA	sgUFD1L_3	NA	NA	NA	NA
NA	sgUFM1_3	NA	NA	NA	NA
NA	sgUFM1_4	NA	NA	NA	NA
NA	sgUGCG_2	NA	NA	NA	NA
NA	sgUGP2_4	NA	NA	NA	NA
NA	sgUGT1A3_1	NA	NA	NA	NA
NA	sgUGT1A8_4	NA	NA	NA	NA
NA	sgUGT2A3_1	NA	NA	NA	NA
NA	sgUGT2B10_2	NA	NA	NA	NA
NA	sgUGT8_2	NA	NA	NA	NA
NA	sgUHRF2_3	NA	NA	NA	NA
NA	sgUIMC1_3	NA	NA	NA	NA
NA	sgULBP1_1	NA	NA	NA	NA
NA	sgUPF2_1	NA	NA	NA	NA
NA	sgUPF3B_3	NA	NA	NA	NA
NA	sgUPK3BL_1	NA	NA	NA	NA
NA	sgUPK3BL_2	NA	NA	NA	NA
NA	sgUPK3BL_3	NA	NA	NA	NA
NA	sgUQCRFS1_3	NA	NA	NA	NA
NA	sgUQCRQ_4	NA	NA	NA	NA
NA	sgUROS_3	NA	NA	NA	NA
NA	sgUSH1C_3	NA	NA	NA	NA
NA	sgUSP12_3	NA	NA	NA	NA
NA	sgUSP18_3	NA	NA	NA	NA
NA	sgUSP19_2	NA	NA	NA	NA
NA	sgUSP45_2	NA	NA	NA	NA
NA	sgUSP51_3	NA	NA	NA	NA
NA	sgUSP7_3	NA	NA	NA	NA
NA	sgUTP6_1	NA	NA	NA	NA
NA	sgUTP6_3	NA	NA	NA	NA
NA	sgUTRN_1	NA	NA	NA	NA
NA	sgVASH1_2	NA	NA	NA	NA
NA	sgVAX2_3	NA	NA	NA	NA
NA	sgVDAC2_4	NA	NA	NA	NA
NA	sgVDAC3_2	NA	NA	NA	NA
NA	sgVENTX_2	NA	NA	NA	NA
NA	sgVEZF1_1	NA	NA	NA	NA
NA	sgVEZF1_4	NA	NA	NA	NA
NA	sgVEZT_2	NA	NA	NA	NA
NA	sgVEZT_3	NA	NA	NA	NA
NA	sgVEZT_4	NA	NA	NA	NA
NA	sgVKORC1L1_2	NA	NA	NA	NA
NA	sgVKORC1L1_3	NA	NA	NA	NA
NA	sgVKORC1_2	NA	NA	NA	NA
NA	sgVKORC1_4	NA	NA	NA	NA
NA	sgVMA21_3	NA	NA	NA	NA
NA	sgVMAC_2	NA	NA	NA	NA
NA	sgVNN2_3	NA	NA	NA	NA
NA	sgVPS13A_3	NA	NA	NA	NA
NA	sgVPS26A_4	NA	NA	NA	NA
NA	sgVPS37A_4	NA	NA	NA	NA
NA	sgVSIG10_3	NA	NA	NA	NA
NA	sgVSNL1_1	NA	NA	NA	NA
NA	sgVTI1A_1	NA	NA	NA	NA
NA	sgVTI1B_2	NA	NA	NA	NA
NA	sgVWA7_3	NA	NA	NA	NA
NA	sgVWDE_3	NA	NA	NA	NA
NA	sgWASF2_3	NA	NA	NA	NA
NA	sgWBP1L_3	NA	NA	NA	NA
NA	sgWBP2NL_1	NA	NA	NA	NA
NA	sgWBP2NL_2	NA	NA	NA	NA
NA	sgWBP2NL_3	NA	NA	NA	NA
NA	sgWBP2NL_4	NA	NA	NA	NA
NA	sgWBSCR28_3	NA	NA	NA	NA
NA	sgWDR12_3	NA	NA	NA	NA
NA	sgWDR12_4	NA	NA	NA	NA
NA	sgWDR45B_2	NA	NA	NA	NA
NA	sgWDR45B_3	NA	NA	NA	NA
NA	sgWDR45_1	NA	NA	NA	NA
NA	sgWDR45_4	NA	NA	NA	NA
NA	sgWDR59_1	NA	NA	NA	NA
NA	sgWDR65_4	NA	NA	NA	NA
NA	sgWDR70_1	NA	NA	NA	NA
NA	sgWDR82_1	NA	NA	NA	NA
NA	sgWDR82_4	NA	NA	NA	NA
NA	sgWDR83_3	NA	NA	NA	NA
NA	sgWIPI2_1	NA	NA	NA	NA
NA	sgWIZ_4	NA	NA	NA	NA
NA	sgWNT10B_1	NA	NA	NA	NA
NA	sgWNT16_4	NA	NA	NA	NA
NA	sgWNT2_3	NA	NA	NA	NA
NA	sgWTAP_1	NA	NA	NA	NA
NA	sgWWP1_4	NA	NA	NA	NA
NA	sgXAGE3_1	NA	NA	NA	NA
NA	sgXAGE3_3	NA	NA	NA	NA
NA	sgXBP1_1	NA	NA	NA	NA
NA	sgXG_4	NA	NA	NA	NA
NA	sgXIAP_1	NA	NA	NA	NA
NA	sgXPO6_1	NA	NA	NA	NA
NA	sgXPOT_4	NA	NA	NA	NA
NA	sgXRCC6_4	NA	NA	NA	NA
NA	sgYAP1_2	NA	NA	NA	NA
NA	sgYBX2_3	NA	NA	NA	NA
NA	sgYBX3_1	NA	NA	NA	NA
NA	sgYBX3_2	NA	NA	NA	NA
NA	sgYBX3_3	NA	NA	NA	NA
NA	sgYBX3_4	NA	NA	NA	NA
NA	sgYES1_2	NA	NA	NA	NA
NA	sgYKT6_4	NA	NA	NA	NA
NA	sgYME1L1_3	NA	NA	NA	NA
NA	sgYPEL2_4	NA	NA	NA	NA
NA	sgYPEL5_1	NA	NA	NA	NA
NA	sgYRDC_3	NA	NA	NA	NA
NA	sgYWHAE_3	NA	NA	NA	NA
NA	sgYWHAE_4	NA	NA	NA	NA
NA	sgYWHAQ_3	NA	NA	NA	NA
NA	sgYWHAQ_4	NA	NA	NA	NA
NA	sgZAR1L_4	NA	NA	NA	NA
NA	sgZBTB12_2	NA	NA	NA	NA
NA	sgZBTB12_4	NA	NA	NA	NA
NA	sgZBTB14_2	NA	NA	NA	NA
NA	sgZBTB25_3	NA	NA	NA	NA
NA	sgZBTB45_2	NA	NA	NA	NA
NA	sgZBTB8OS_4	NA	NA	NA	NA
NA	sgZC3H11A_4	NA	NA	NA	NA
NA	sgZC3HC1_4	NA	NA	NA	NA
NA	sgZCCHC10_4	NA	NA	NA	NA
NA	sgZCCHC11_1	NA	NA	NA	NA
NA	sgZCCHC7_3	NA	NA	NA	NA
NA	sgZCRB1_3	NA	NA	NA	NA
NA	sgZDHHC20_1	NA	NA	NA	NA
NA	sgZDHHC6_2	NA	NA	NA	NA
NA	sgZFAND6_2	NA	NA	NA	NA
NA	sgZFAND6_4	NA	NA	NA	NA
NA	sgZFP2_4	NA	NA	NA	NA
NA	sgZFP91_2	NA	NA	NA	NA
NA	sgZFPM1_3	NA	NA	NA	NA
NA	sgZFYVE9_3	NA	NA	NA	NA
NA	sgZGLP1_4	NA	NA	NA	NA
NA	sgZIK1_1	NA	NA	NA	NA
NA	sgZIK1_4	NA	NA	NA	NA
NA	sgZKSCAN2_3	NA	NA	NA	NA
NA	sgZKSCAN7_4	NA	NA	NA	NA
NA	sgZNF101_2	NA	NA	NA	NA
NA	sgZNF101_4	NA	NA	NA	NA
NA	sgZNF106_1	NA	NA	NA	NA
NA	sgZNF124_2	NA	NA	NA	NA
NA	sgZNF131_3	NA	NA	NA	NA
NA	sgZNF135_2	NA	NA	NA	NA
NA	sgZNF135_3	NA	NA	NA	NA
NA	sgZNF146_2	NA	NA	NA	NA
NA	sgZNF17_2	NA	NA	NA	NA
NA	sgZNF17_4	NA	NA	NA	NA
NA	sgZNF185_3	NA	NA	NA	NA
NA	sgZNF195_1	NA	NA	NA	NA
NA	sgZNF208_3	NA	NA	NA	NA
NA	sgZNF214_4	NA	NA	NA	NA
NA	sgZNF223_4	NA	NA	NA	NA
NA	sgZNF233_3	NA	NA	NA	NA
NA	sgZNF248_4	NA	NA	NA	NA
NA	sgZNF257_3	NA	NA	NA	NA
NA	sgZNF257_4	NA	NA	NA	NA
NA	sgZNF259_1	NA	NA	NA	NA
NA	sgZNF259_2	NA	NA	NA	NA
NA	sgZNF266_4	NA	NA	NA	NA
NA	sgZNF267_2	NA	NA	NA	NA
NA	sgZNF267_4	NA	NA	NA	NA
NA	sgZNF280A_4	NA	NA	NA	NA
NA	sgZNF285_2	NA	NA	NA	NA
NA	sgZNF285_4	NA	NA	NA	NA
NA	sgZNF318_3	NA	NA	NA	NA
NA	sgZNF318_4	NA	NA	NA	NA
NA	sgZNF329_4	NA	NA	NA	NA
NA	sgZNF33A_2	NA	NA	NA	NA
NA	sgZNF33A_4	NA	NA	NA	NA
NA	sgZNF343_2	NA	NA	NA	NA
NA	sgZNF350_3	NA	NA	NA	NA
NA	sgZNF35_3	NA	NA	NA	NA
NA	sgZNF37A_1	NA	NA	NA	NA
NA	sgZNF396_1	NA	NA	NA	NA
NA	sgZNF410_3	NA	NA	NA	NA
NA	sgZNF429_1	NA	NA	NA	NA
NA	sgZNF429_3	NA	NA	NA	NA
NA	sgZNF432_3	NA	NA	NA	NA
NA	sgZNF436_1	NA	NA	NA	NA
NA	sgZNF444_2	NA	NA	NA	NA
NA	sgZNF449_3	NA	NA	NA	NA
NA	sgZNF467_1	NA	NA	NA	NA
NA	sgZNF532_2	NA	NA	NA	NA
NA	sgZNF541_1	NA	NA	NA	NA
NA	sgZNF543_4	NA	NA	NA	NA
NA	sgZNF544_3	NA	NA	NA	NA
NA	sgZNF544_4	NA	NA	NA	NA
NA	sgZNF549_1	NA	NA	NA	NA
NA	sgZNF561_1	NA	NA	NA	NA
NA	sgZNF561_4	NA	NA	NA	NA
NA	sgZNF563_3	NA	NA	NA	NA
NA	sgZNF567_2	NA	NA	NA	NA
NA	sgZNF568_4	NA	NA	NA	NA
NA	sgZNF574_4	NA	NA	NA	NA
NA	sgZNF582_1	NA	NA	NA	NA
NA	sgZNF594_1	NA	NA	NA	NA
NA	sgZNF596_1	NA	NA	NA	NA
NA	sgZNF606_3	NA	NA	NA	NA
NA	sgZNF615_1	NA	NA	NA	NA
NA	sgZNF615_4	NA	NA	NA	NA
NA	sgZNF628_1	NA	NA	NA	NA
NA	sgZNF628_3	NA	NA	NA	NA
NA	sgZNF649_2	NA	NA	NA	NA
NA	sgZNF649_3	NA	NA	NA	NA
NA	sgZNF649_4	NA	NA	NA	NA
NA	sgZNF652_3	NA	NA	NA	NA
NA	sgZNF652_4	NA	NA	NA	NA
NA	sgZNF655_1	NA	NA	NA	NA
NA	sgZNF655_3	NA	NA	NA	NA
NA	sgZNF658_3	NA	NA	NA	NA
NA	sgZNF658_4	NA	NA	NA	NA
NA	sgZNF669_4	NA	NA	NA	NA
NA	sgZNF66_1	NA	NA	NA	NA
NA	sgZNF674_2	NA	NA	NA	NA
NA	sgZNF676_1	NA	NA	NA	NA
NA	sgZNF677_3	NA	NA	NA	NA
NA	sgZNF684_2	NA	NA	NA	NA
NA	sgZNF691_1	NA	NA	NA	NA
NA	sgZNF691_3	NA	NA	NA	NA
NA	sgZNF696_3	NA	NA	NA	NA
NA	sgZNF706_3	NA	NA	NA	NA
NA	sgZNF71_3	NA	NA	NA	NA
NA	sgZNF720_2	NA	NA	NA	NA
NA	sgZNF721_2	NA	NA	NA	NA
NA	sgZNF736_1	NA	NA	NA	NA
NA	sgZNF746_3	NA	NA	NA	NA
NA	sgZNF74_4	NA	NA	NA	NA
NA	sgZNF75D_2	NA	NA	NA	NA
NA	sgZNF765_1	NA	NA	NA	NA
NA	sgZNF765_2	NA	NA	NA	NA
NA	sgZNF766_4	NA	NA	NA	NA
NA	sgZNF770_3	NA	NA	NA	NA
NA	sgZNF770_4	NA	NA	NA	NA
NA	sgZNF775_2	NA	NA	NA	NA
NA	sgZNF780B_2	NA	NA	NA	NA
NA	sgZNF783_4	NA	NA	NA	NA
NA	sgZNF79_3	NA	NA	NA	NA
NA	sgZNF79_4	NA	NA	NA	NA
NA	sgZNF804B_4	NA	NA	NA	NA
NA	sgZNF835_2	NA	NA	NA	NA
NA	sgZNF835_4	NA	NA	NA	NA
NA	sgZNF850_1	NA	NA	NA	NA
NA	sgZNF880_1	NA	NA	NA	NA
NA	sgZNF91_1	NA	NA	NA	NA
NA	sgZNHIT1_3	NA	NA	NA	NA
NA	sgZNHIT1_4	NA	NA	NA	NA
NA	sgZNRF2_1	NA	NA	NA	NA
NA	sgZNRF2_2	NA	NA	NA	NA
NA	sgZP1_3	NA	NA	NA	NA
NA	sgZRSR1_1	NA	NA	NA	NA
NA	sgZSCAN20_4	NA	NA	NA	NA
NA	sgZSCAN21_2	NA	NA	NA	NA
NA	sgZSCAN31_2	NA	NA	NA	NA
NA	sgZSCAN5C_3	NA	NA	NA	NA
NA	sgZSWIM5_3	NA	NA	NA	NA
NA	sgZSWIM5_4	NA	NA	NA	NA
NA	sgZW10_2	NA	NA	NA	NA
NA	sgZXDA_1	NA	NA	NA	NA
