multi_target_guides	single_mismatch_guides	pam_distal_single_mismatch_guides	pam_distal_double_mismatch_guides	guides_not_target_anywhere	guides_not_target_exon
sgABCC6_10	sgA4GALT_4	NA	sgABCB11_5	sgAPOL1_4	sgAARS2_3
sgABCC6_6	sgA4GALT_5	NA	sgABI1_4	sgATP4A_1	sgABCF3_2
sgABCC6_7	sgA4GNT_5	NA	sgABLIM3_3	sgCCDC37_4	sgACD_3
sgABCC6_8	sgAACS_5	NA	sgABRA_5	sgCLEC1B_5	sgACD_4
sgABCC6_9	sgAADACL2_4	NA	sgACADSB_3	sgCREB3L2_1	sgACOT9_5
sgABCE1_3	sgAADAC_4	NA	sgACER1_2	sgDCK_3	sgACP1_9
sgABCE1_5	sgAAGAB_5	NA	sgACOT8_5	sgERCC6_3	sgACP1_10
sgABCF2_4	sgAAMDC_4	NA	sgACOT9_3	sgFAM90A1_1	sgACP1_11
sgABCG2_2	sgAASDH_1	NA	sgACPP_5	sgFAM90A1_2	sgADORA3_7
sgABHD17A_2	sgABCA10_5	NA	sgADAD1_4	sgFZD5_2	sgAGRP_2
sgABHD17A_3	sgABCA9_2	NA	sgADAM18_4	sgGARS_1	sgAHSA2_1
sgABT1_5	sgABCB10_3	NA	sgADARB1_4	sgHAVCR1_1	sgAHSA2_2
sgACAA2_2	sgABCB5_2	NA	sgADCK5_3	sgHLA-B_2	sgAHSA2_3
sgACAA2_5	sgABCB6_5	NA	sgADIRF_1	sgHLA-DQA1_3	sgAHSA2_4
sgACBD7_2	sgABCB7_4	NA	sgADIRF_4	sgIRF7_2	sgAHSA2_5
sgACCSL_4	sgABHD10_2	NA	sgAFAP1_1	sgITGAE_1	sgAIF1L_2
sgACKR4_1	sgABHD14A_4	NA	sgAGTRAP_2	sgKLRC2_3	sgAKAP7_12
sgACKR4_2	sgABHD14A_5	NA	sgAHCY_4	sgMOGS_2	sgAKAP7_13
sgACKR4_3	sgABHD14B_4	NA	sgAIDA_2	sgMSX1_5	sgAKAP7_14
sgACKR4_4	sgABHD4_5	NA	sgAIF1_4	sgMYLK_9	sgAKT2_4
sgACKR4_5	sgABT1_4	NA	sgAKT3_5	sgN6AMT1_4	sgAKTIP_1
sgACO2_4	sgACAA2_3	NA	sgALKBH8_5	sgORM2_3	sgALAD_4
sgACO2_5	sgACAA2_4	NA	sgAMBN_1	sgPCDHB13_5	sgALDOA_3
sgACOT1_1	sgACACB_1	NA	sgANAPC11_4	sgPKD1L2_3	sgALDOC_5
sgACOT1_4	sgACACB_3	NA	sgANKRD23_4	sgPOTEM_1	sgALG3_2
sgACOT2_3	sgACBD7_1	NA	sgANKRD66_5	sgRGPD4_1	sgALPK3_1
sgACOT4_3	sgACBD7_5	NA	sgANP32E_1	sgSCN9A_1	sgALPP_3
sgACP1_5	sgACCSL_5	NA	sgAP4S1_2	sgSIRPA_1	sgALX4_1
sgACR_4	sgACCS_2	NA	sgAPOA2_2	sgSLC6A5_2	sgAMPH_1
sgACR_5	sgACER2_2	NA	sgARFGAP1_5	sgSTON1_5	sgAMZ1_2
sgACSBG2_5	sgACER2_3	NA	sgARHGAP15_2	sgTARSL2_4	sgANAPC11_6
sgACSM2A_1	sgACER2_5	NA	sgARHGEF5_5	sgTMEM132A_5	sgANAPC11_7
sgACSM2B_1	sgACER3_2	NA	sgAS3MT_1	sgUSP20_3	sgANAPC11_8
sgACSM2B_3	sgACER3_5	NA	sgASNA1_1	sgZNF609_3	sgANAPC11_9
sgACSM2B_4	sgACKR3_1	NA	sgASPDH_5	sgZXDB_5	sgANK1_8
sgACSM5_2	sgACOT13_2	NA	sgATG4C_3	NA	sgANK1_9
sgACSM5_4	sgACOT13_5	NA	sgATOX1_1	NA	sgANK1_10
sgACTB_1	sgACOT1_2	NA	sgATP6V0B_3	NA	sgANK1_12
sgACTG1_2	sgACOT4_2	NA	sgATP6V0D2_2	NA	sgANK1_13
sgACTR2_1	sgACP1_4	NA	sgAWAT2_5	NA	sgANKRD2_3
sgACTR2_2	sgACP1_7	NA	sgBANF2_3	NA	sgANKRD66_1
sgACTR2_3	sgACSBG1_4	NA	sgBCL2L13_5	NA	sgANKRD66_3
sgACTR3B_1	sgACSBG2_3	NA	sgBCL2L14_4	NA	sgANO7_1
sgACTR3B_2	sgACSL1_4	NA	sgBDH2_1	NA	sgANO8_5
sgACTR3B_4	sgACSL4_2	NA	sgBID_4	NA	sgANXA8L1_1
sgACTR3B_5	sgACSL5_5	NA	sgBIRC5_4	NA	sgAP1M2_4
sgACTR3C_1	sgACSM4_3	NA	sgBLMH_4	NA	sgAPOBEC3H_5
sgACTR3C_2	sgACSM4_5	NA	sgBPIFB2_2	NA	sgAPOL3_7
sgACTR3C_3	sgACSM5_1	NA	sgC10orf11_5	NA	sgAR_1
sgACTR3C_4	sgACSM5_3	NA	sgC11orf16_4	NA	sgARHGEF11_5
sgADAM21_1	sgACSM5_5	NA	sgC11orf58_5	NA	sgARIH2OS_1
sgADAM21_2	sgACTBL2_3	NA	sgC12orf79_5	NA	sgARIH2OS_2
sgADAT2_3	sgACTB_4	NA	sgC15orf32_3	NA	sgARIH2OS_3
sgADH1B_2	sgACTG1_1	NA	sgC15orf43_2	NA	sgARIH2OS_4
sgADH1B_3	sgACTG1_3	NA	sgC17orf112_5	NA	sgARIH2OS_5
sgADH1B_4	sgACTN4_1	NA	sgC17orf49_5	NA	sgARNT_2
sgADH5_2	sgACTR1A_4	NA	sgC17orf53_4	NA	sgARPC3_4
sgADH5_3	sgACTR2_4	NA	sgC18orf21_2	NA	sgASIC4_1
sgADPGK_1	sgACTR2_5	NA	sgC18orf63_4	NA	sgASIC4_2
sgADRBK2_1	sgACTR3B_3	NA	sgC19orf80_4	NA	sgASPH_9
sgADSS_1	sgACTR3C_5	NA	sgC1D_3	NA	sgASPH_10
sgADSS_3	sgACVR1_5	NA	sgC1S_4	NA	sgASPRV1_5
sgAFG3L2_2	sgACY3_2	NA	sgC1orf100_6	NA	sgASTN2_9
sgAGPAT6_2	sgACYP1_5	NA	sgC1orf110_4	NA	sgATF7IP2_2
sgAGPAT9_2	sgACYP2_3	NA	sgC1orf177_3	NA	sgATOX1_3
sgAHCY_1	sgADAM11_2	NA	sgC1orf186_5	NA	sgATP13A5_4
sgAIDA_4	sgADAM21_3	NA	sgC20orf197_1	NA	sgATP5C1_3
sgAIMP1_1	sgADAM21_5	NA	sgC20orf27_3	NA	sgATP6AP1L_1
sgAK2_1	sgADAM29_4	NA	sgC2orf61_5	NA	sgATP6AP1L_2
sgAK2_2	sgADAM32_2	NA	sgC3orf38_2	NA	sgATP6AP1L_3
sgAK2_3	sgADAM32_5	NA	sgC5orf48_2	NA	sgATP6AP1L_4
sgAK2_4	sgADAM8_1	NA	sgC6orf163_2	NA	sgATP6AP1L_5
sgAK2_5	sgADAMDEC1_5	NA	sgC9orf129_1	NA	sgATP6V1G2_7
sgAK3_1	sgADAMTS7_5	NA	sgC9orf24_3	NA	sgATXN10_1
sgAK3_5	sgADAMTSL3_5	NA	sgCAB39L_1	NA	sgATXN2_4
sgAK4_1	sgADCY5_4	NA	sgCABS1_1	NA	sgATXN2_5
sgAK4_3	sgADCY8_4	NA	sgCALCOCO2_2	NA	sgATXN3_2
sgAKAP17A_1	sgADD1_2	NA	sgCAMTA1_4	NA	sgATXN3_4
sgAKAP17A_2	sgADH1B_1	NA	sgCAST_2	NA	sgATXN3_5
sgAKAP17A_4	sgADH1B_5	NA	sgCBR4_1	NA	sgAUTS2_2
sgAKAP17A_5	sgADH6_2	NA	sgCCDC124_2	NA	sgAZI2_5
sgAKR1B15_1	sgADI1_4	NA	sgCCDC146_4	NA	sgB3GAT3_2
sgAKR1B15_2	sgADIPOR1_5	NA	sgCCDC15_4	NA	sgBAZ1A_3
sgAKR1B1_3	sgADK_4	NA	sgCCDC172_1	NA	sgBBC3_18
sgAKR1B1_4	sgADM2_4	NA	sgCCDC179_1	NA	sgBBIP1_7
sgAKR1B1_5	sgADORA1_1	NA	sgCCDC51_4	NA	sgBBIP1_8
sgAKR1C1_2	sgADORA3_1	NA	sgCCKAR_2	NA	sgBBIP1_9
sgAKR1C1_4	sgADORA3_4	NA	sgCCL13_4	NA	sgBBIP1_10
sgAKR1C3_1	sgADRB1_2	NA	sgCCL17_3	NA	sgBCAS1_1
sgAKR7A3_2	sgADRB2_4	NA	sgCCL18_2	NA	sgBCL2L11_17
sgAKR7A3_3	sgADSS_2	NA	sgCCNE2_1	NA	sgBCL2L12_1
sgAKR7A3_5	sgADSS_4	NA	sgCCT2_4	NA	sgBCL2L12_2
sgAKTIP_2	sgAEBP2_2	NA	sgCD200R1L_3	NA	sgBEAN1_10
sgAKTIP_4	sgAEN_5	NA	sgCD300A_2	NA	sgBEAN1_11
sgAKTIP_5	sgAFG3L2_1	NA	sgCD33_9	NA	sgBEAN1_12
sgALDH7A1_1	sgAFG3L2_3	NA	sgCD3E_4	NA	sgBEAN1_13
sgALDH7A1_2	sgAFM_3	NA	sgCD44_4	NA	sgBFSP2_5
sgALDH7A1_4	sgAGAP3_7	NA	sgCECR5_1	NA	sgBID_11
sgALDOA_2	sgAGAP5_1	NA	sgCELA2B_3	NA	sgBIRC8_1
sgALG1L_2	sgAGAP6_1	NA	sgCEP112_3	NA	sgBIRC8_2
sgALOX15_1	sgAGAP6_2	NA	sgCER1_4	NA	sgBIRC8_3
sgAMD1_1	sgAGAP7_1	NA	sgCFDP1_3	NA	sgBIRC8_4
sgAMD1_2	sgAGK_2	NA	sgCFDP1_5	NA	sgBNIP2_3
sgAMD1_4	sgAGK_3	NA	sgCFHR4_3	NA	sgBNIP2_4
sgAMELX_2	sgAGO2_5	NA	sgCGREF1_2	NA	sgBNIP2_5
sgAMELX_6	sgAGPAT6_3	NA	sgCHRDL1_4	NA	sgBPIFB6_3
sgAMELY_4	sgAGPAT6_4	NA	sgCKM_2	NA	sgBTG4_2
sgAMY1B_1	sgAGTR2_1	NA	sgCLEC2A_3	NA	sgC10orf111_2
sgAMY2A_2	sgAGXT2_4	NA	sgCLECL1_3	NA	sgC10orf111_3
sgAMY2A_3	sgAHSG_2	NA	sgCNIH1_3	NA	sgC10orf111_4
sgAMZ2_1	sgAHSP_2	NA	sgCOQ2_1	NA	sgC10orf111_5
sgANAPC10_4	sgAIDA_1	NA	sgCOX10_2	NA	sgC10orf113_2
sgANAPC10_5	sgAIF1L_4	NA	sgCOX10_4	NA	sgC10orf113_3
sgANAPC1_1	sgAIF1_5	NA	sgCRTC1_2	NA	sgC10orf113_4
sgANAPC1_2	sgAIF1_7	NA	sgCRYZ_3	NA	sgC10orf113_5
sgANAPC1_4	sgAIPL1_2	NA	sgCSF1_4	NA	sgC10orf126_1
sgANKRD18A_1	sgAK3_4	NA	sgCTSE_3	NA	sgC10orf126_2
sgANKRD18A_2	sgAK5_5	NA	sgCXCL12_9	NA	sgC10orf126_3
sgANKRD33B_4	sgAK6_1	NA	sgCXXC11_5	NA	sgC10orf126_4
sgANKRD36_1	sgAK6_2	NA	sgCYP17A1_2	NA	sgC10orf126_5
sgANKRD36_3	sgAK6_3	NA	sgCYP19A1_4	NA	sgC10orf25_1
sgANKRD36_4	sgAKAP10_4	NA	sgCYP3A43_1	NA	sgC10orf25_2
sgANKRD36_5	sgAKAP17A_3	NA	sgCYP7A1_3	NA	sgC10orf25_3
sgANKRD49_2	sgAKAP7_11	NA	sgCYYR1_3	NA	sgC10orf25_4
sgANP32A_1	sgAKAP9_4	NA	sgDAOA_3	NA	sgC10orf25_5
sgANP32A_3	sgAKIRIN1_1	NA	sgDAZAP2_3	NA	sgC10orf53_7
sgANP32A_5	sgAKIRIN2_1	NA	sgDDT_3	NA	sgC10orf55_1
sgANP32B_1	sgAKIRIN2_2	NA	sgDEFB118_5	NA	sgC10orf55_2
sgANP32B_2	sgAKNAD1_4	NA	sgDEGS1_1	NA	sgC10orf55_3
sgANP32B_4	sgAKR1B10_1	NA	sgDEK_5	NA	sgC10orf55_4
sgANP32D_1	sgAKR1B10_2	NA	sgDIABLO_2	NA	sgC10orf55_5
sgANTXRL_5	sgAKR1B10_5	NA	sgDIS3L2_5	NA	sgC10orf91_1
sgANXA8L1_3	sgAKR1B1_2	NA	sgDISC1_10	NA	sgC10orf91_2
sgANXA8L1_4	sgAKR1C4_2	NA	sgDNAJC12_7	NA	sgC10orf91_3
sgANXA8L2_1	sgAKR1C4_4	NA	sgDNAJC7_3	NA	sgC10orf91_4
sgANXA8L2_2	sgAKR1C4_5	NA	sgDSCR4_5	NA	sgC10orf91_5
sgANXA8_1	sgAKR1D1_3	NA	sgDUSP15_5	NA	sgC10orf95_5
sgANXA8_2	sgAKR1D1_4	NA	sgDUSP8_3	NA	sgC11orf40_1
sgANXA8_3	sgAKR1E2_1	NA	sgECHDC2_2	NA	sgC11orf40_2
sgAOC3_7	sgAKR7A3_1	NA	sgEDA_1	NA	sgC11orf40_3
sgAOC3_8	sgAKT1S1_3	NA	sgEDF1_5	NA	sgC11orf40_4
sgAP1S2_1	sgAKTIP_3	NA	sgEFCAB4A_3	NA	sgC11orf40_5
sgAP1S2_2	sgALAD_2	NA	sgEGR2_5	NA	sgC11orf44_1
sgAP1S2_4	sgALAD_3	NA	sgEIF4A2_2	NA	sgC11orf44_2
sgAP1S2_5	sgALB_4	NA	sgELAVL2_5	NA	sgC11orf44_3
sgAP2S1_2	sgALDH3B2_1	NA	sgELOVL7_2	NA	sgC11orf44_4
sgAP2S1_3	sgALDH3B2_4	NA	sgELP6_1	NA	sgC11orf44_5
sgAP3S1_1	sgALDH6A1_5	NA	sgENHO_2	NA	sgC11orf45_1
sgAP3S1_2	sgALDOA_1	NA	sgENO2_2	NA	sgC11orf45_3
sgAP3S1_3	sgALDOA_5	NA	sgEPB41L2_5	NA	sgC11orf45_4
sgAP3S1_5	sgALDOC_1	NA	sgEPHA3_3	NA	sgC11orf45_5
sgAPBA2_1	sgALG10B_1	NA	sgEPHX1_5	NA	sgC11orf80_1
sgAPBA2_4	sgALG10B_2	NA	sgERAS_4	NA	sgC11orf80_2
sgAPI5_1	sgALG10_1	NA	sgERBB2_1	NA	sgC12orf61_1
sgAPIP_3	sgALG11_2	NA	sgEYA4_5	NA	sgC12orf61_2
sgAPOBEC3A_4	sgALG1L_1	NA	sgFABP12_5	NA	sgC12orf61_3
sgAPOBEC3A_5	sgALG6_5	NA	sgFAM133A_1	NA	sgC12orf61_4
sgAPOBEC3F_1	sgALG8_1	NA	sgFAM168A_5	NA	sgC12orf61_5
sgAPOBEC3F_2	sgALG8_2	NA	sgFAM26D_2	NA	sgC12orf76_2
sgAPOBEC3F_4	sgALKBH3_2	NA	sgFAM69C_3	NA	sgC12orf76_3
sgAPOOL_1	sgALKBH3_3	NA	sgFAM81B_3	NA	sgC12orf76_5
sgAPOOL_4	sgALKBH6_4	NA	sgFASTKD5_4	NA	sgC12orf77_1
sgAPOOL_5	sgALKBH8_3	NA	sgFBXO48_2	NA	sgC12orf77_2
sgAQP10_1	sgALOX15_3	NA	sgFCRL4_3	NA	sgC12orf77_3
sgAQP12B_1	sgALPK2_4	NA	sgFRMD4B_5	NA	sgC12orf77_4
sgAQP12B_2	sgALPK3_2	NA	sgFSCN3_2	NA	sgC12orf77_5
sgAQP12B_3	sgALPPL2_2	NA	sgFXYD4_2	NA	sgC12orf79_1
sgAQP12B_4	sgALPPL2_3	NA	sgGCA_1	NA	sgC12orf79_2
sgAQP12B_5	sgALPP_1	NA	sgGCNT2_6	NA	sgC12orf79_3
sgAQP7_3	sgALS2CL_2	NA	sgGCOM1_5	NA	sgC12orf79_4
sgARF4_1	sgALX1_3	NA	sgGFOD2_1	NA	sgC12orf79_6
sgARF4_2	sgALX3_2	NA	sgGGCT_5	NA	sgC12orf79_7
sgARF4_4	sgAMBN_3	NA	sgGHRL_1	NA	sgC12orf79_8
sgARHGAP11A_1	sgAMD1_5	NA	sgGLE1_3	NA	sgC13orf35_1
sgARHGAP11A_2	sgAMELX_3	NA	sgGM2A_1	NA	sgC13orf35_2
sgARHGAP11A_3	sgAMELX_4	NA	sgGMEB1_4	NA	sgC13orf35_3
sgARHGAP11A_4	sgAMELY_3	NA	sgGNG10_1	NA	sgC13orf35_4
sgARHGAP11A_5	sgAMFR_4	NA	sgGOT2_2	NA	sgC13orf35_5
sgARHGAP11B_1	sgAMIGO1_4	NA	sgGPR157_2	NA	sgC13orf45_1
sgARHGAP11B_2	sgAMMECR1L_3	NA	sgGPSM1_4	NA	sgC13orf45_2
sgARHGAP11B_4	sgAMMECR1_3	NA	sgGRHPR_5	NA	sgC13orf45_3
sgARHGAP11B_5	sgAMN1_3	NA	sgGRINA_3	NA	sgC13orf45_4
sgARHGAP21_4	sgAMT_3	NA	sgGSS_2	NA	sgC13orf45_5
sgARHGAP27_9	sgAMY2A_1	NA	sgGTF2H3_2	NA	sgC14orf177_1
sgARHGEF35_2	sgAMZ2_3	NA	sgGTF3A_2	NA	sgC14orf177_2
sgARHGEF35_3	sgANAPC10_1	NA	sgGYG1_2	NA	sgC14orf177_3
sgARHGEF35_4	sgANAPC10_2	NA	sgH2AFY_5	NA	sgC14orf177_4
sgARHGEF35_5	sgANAPC11_1	NA	sgHCFC1R1_1	NA	sgC14orf177_5
sgARHGEF5_1	sgANAPC13_1	NA	sgHCST_3	NA	sgC14orf178_1
sgARHGEF5_2	sgANAPC15_1	NA	sgHDAC7_1	NA	sgC14orf178_2
sgARID3B_1	sgANAPC1_3	NA	sgHERC4_6	NA	sgC14orf178_3
sgARID3B_2	sgANAPC2_5	NA	sgHERPUD2_2	NA	sgC14orf178_4
sgARID3B_3	sgANGEL1_3	NA	sgHHIP_2	NA	sgC14orf182_1
sgARID3B_4	sgANGPT1_2	NA	sgHIGD2A_3	NA	sgC14orf182_2
sgARID3B_5	sgANGPT1_4	NA	sgHIST1H2AE_4	NA	sgC14orf182_3
sgARIH2_4	sgANGPTL7_4	NA	sgHMGCLL1_4	NA	sgC14orf182_4
sgARL14EP_1	sgANG_3	NA	sgHNMT_6	NA	sgC14orf182_5
sgARL14EP_3	sgANK1_1	NA	sgHSD17B12_3	NA	sgC14orf183_1
sgARL16_2	sgANK1_11	NA	sgHTR3D_4	NA	sgC14orf183_2
sgARL2BP_1	sgANKDD1B_3	NA	sgHUS1_1	NA	sgC14orf183_3
sgARL2BP_5	sgANKMY2_1	NA	sgICOSLG_3	NA	sgC14orf183_4
sgARL4A_1	sgANKRA2_5	NA	sgIFI27_2	NA	sgC15orf32_1
sgARL4A_2	sgANKRD12_1	NA	sgIFNA6_1	NA	sgC15orf32_4
sgARL4A_3	sgANKRD13A_2	NA	sgIFNB1_2	NA	sgC15orf32_5
sgARL4A_4	sgANKRD13B_5	NA	sgIGLL1_3	NA	sgC15orf53_1
sgARL5A_5	sgANKRD18A_4	NA	sgIGSF11_4	NA	sgC15orf53_2
sgARL6IP1_1	sgANKRD22_3	NA	sgIK_5	NA	sgC15orf53_3
sgARL8B_1	sgANKRD2_5	NA	sgIL15RA_1	NA	sgC15orf53_4
sgARL8B_2	sgANKRD31_2	NA	sgIL18_5	NA	sgC15orf53_5
sgARMC10_1	sgANKRD33_2	NA	sgIL1A_2	NA	sgC15orf54_2
sgARMC10_5	sgANKRD34C_3	NA	sgIL1RN_5	NA	sgC15orf54_3
sgARMC1_2	sgANKRD36_2	NA	sgIL3_5	NA	sgC15orf54_5
sgARMC1_3	sgANKRD39_1	NA	sgIL8_3	NA	sgC15orf56_1
sgARMC1_6	sgANKRD40_5	NA	sgIL9_2	NA	sgC15orf56_2
sgARMC4_1	sgANKRD42_5	NA	sgIMMP1L_4	NA	sgC15orf56_3
sgARMCX6_1	sgANKRD49_1	NA	sgING5_2	NA	sgC15orf56_4
sgARMCX6_2	sgANKRD49_3	NA	sgINVS_4	NA	sgC15orf56_5
sgARPC1A_2	sgANKRD62_2	NA	sgIRAK2_5	NA	sgC16orf3_1
sgARPC1A_5	sgANKRD62_3	NA	sgIRF3_4	NA	sgC16orf3_2
sgARPC3_1	sgANKRD62_4	NA	sgISCA2_6	NA	sgC16orf3_4
sgARPP19_1	sgANKRD65_4	NA	sgISY1_2	NA	sgC16orf62_1
sgARPP19_3	sgANKRD65_6	NA	sgJMJD7_5	NA	sgC16orf78_5
sgARPP19_4	sgANKRD65_8	NA	sgKCND1_5	NA	sgC16orf86_4
sgARPP19_5	sgANKRD66_2	NA	sgKCNK10_2	NA	sgC16orf92_1
sgARSD_1	sgANKRD7_3	NA	sgKCTD1_4	NA	sgC16orf97_1
sgARSD_2	sgANKS1B_2	NA	sgKDM8_5	NA	sgC16orf97_3
sgARSD_4	sgANKS1B_9	NA	sgKLHL30_1	NA	sgC16orf97_4
sgASAH2B_1	sgANO6_5	NA	sgKLK15_5	NA	sgC16orf97_5
sgASAH2B_2	sgANP32A_2	NA	sgKLRG1_1	NA	sgC17orf102_1
sgASAH2B_3	sgANP32D_2	NA	sgKPNA2_3	NA	sgC17orf102_2
sgASAH2B_5	sgANPEP_5	NA	sgKRT25_5	NA	sgC17orf102_3
sgASMTL_1	sgANTXRL_3	NA	sgKRT28_4	NA	sgC17orf102_4
sgASMTL_3	sgANXA10_5	NA	sgKRT35_3	NA	sgC17orf102_5
sgASMTL_4	sgANXA2_4	NA	sgKRTAP10-8_3	NA	sgC17orf112_1
sgASMT_1	sgANXA3_2	NA	sgLAMB3_5	NA	sgC17orf112_2
sgASMT_2	sgANXA9_2	NA	sgLAT2_1	NA	sgC17orf112_3
sgASMT_3	sgAOAH_1	NA	sgLDB3_4	NA	sgC17orf112_4
sgASMT_4	sgAOC1_2	NA	sgLDLRAP1_3	NA	sgC17orf51_2
sgASMT_5	sgAP1S3_5	NA	sgLEMD1_1	NA	sgC17orf51_3
sgASNS_1	sgAP2B1_1	NA	sgLEO1_2	NA	sgC17orf51_4
sgASNS_4	sgAP3D1_5	NA	sgLEO1_5	NA	sgC17orf51_5
sgATAD1_4	sgAP3M1_4	NA	sgLETM1_1	NA	sgC17orf58_2
sgATAD3A_1	sgAP3M2_1	NA	sgLIPI_1	NA	sgC17orf77_1
sgATAD3A_3	sgAP4S1_6	NA	sgLIPT1_3	NA	sgC17orf77_2
sgATAD3A_4	sgAPBA2_2	NA	sgLMX1A_2	NA	sgC17orf77_3
sgATAD3A_5	sgAPBA2_3	NA	sgLOC101928603_3	NA	sgC17orf77_4
sgATAD3B_3	sgAPBB2_8	NA	sgLYNX1_1	NA	sgC17orf77_5
sgATAD3C_2	sgAPH1A_4	NA	sgLYSMD3_5	NA	sgC17orf82_1
sgATF4_1	sgAPH1B_1	NA	sgMAGEB2_3	NA	sgC17orf82_2
sgATF4_2	sgAPI5_3	NA	sgMAGEB4_2	NA	sgC17orf82_3
sgATF4_4	sgAPI5_5	NA	sgMAK_5	NA	sgC17orf82_4
sgATG12_1	sgAPIP_4	NA	sgMAP1LC3C_1	NA	sgC17orf82_5
sgATG12_3	sgAPITD1_1	NA	sgMAP3K19_2	NA	sgC18orf64_1
sgATG4A_1	sgAPITD1_4	NA	sgMAP3K19_5	NA	sgC18orf64_2
sgATMIN_4	sgAPLN_1	NA	sgMAP9_2	NA	sgC18orf64_3
sgATP5C1_4	sgAPLN_3	NA	sgMAPK9_1	NA	sgC18orf64_4
sgATP5F1_2	sgAPOA5_5	NA	sgMCCC1_1	NA	sgC18orf64_5
sgATP5F1_3	sgAPOBEC3A_2	NA	sgMCL1_2	NA	sgC19orf48_2
sgATP5F1_5	sgAPOBEC3B_1	NA	sgMDH1_1	NA	sgC19orf48_3
sgATP5G1_3	sgAPOBEC3C_4	NA	sgMDM1_7	NA	sgC19orf48_4
sgATP5G1_4	sgAPOBEC3F_3	NA	sgMED27_4	NA	sgC19orf48_5
sgATP5G2_1	sgAPOBEC3H_2	NA	sgMED7_2	NA	sgC19orf82_1
sgATP5G2_2	sgAPOC1_3	NA	sgMFSD5_2	NA	sgC19orf82_2
sgATP5J2_1	sgAPOC1_4	NA	sgMGP_4	NA	sgC19orf82_3
sgATP5J2_6	sgAPOC1_5	NA	sgMIER1_9	NA	sgC19orf83_1
sgATP5J_5	sgAPOC3_1	NA	sgMIF4GD_5	NA	sgC19orf83_2
sgATP5J_6	sgAPOD_2	NA	sgMITD1_2	NA	sgC19orf83_3
sgATP5L_2	sgAPOF_1	NA	sgMMP1_3	NA	sgC19orf83_5
sgATP5L_3	sgAPOF_4	NA	sgMNS1_1	NA	sgC1orf137_1
sgATP5L_4	sgAPOL1_5	NA	sgMPC1_4	NA	sgC1orf137_2
sgATP6AP2_1	sgAPOL3_5	NA	sgMPEG1_3	NA	sgC1orf137_3
sgATP6AP2_3	sgAPOM_6	NA	sgMRPL2_4	NA	sgC1orf137_4
sgATP6V0C_3	sgAPOOL_2	NA	sgMS4A12_5	NA	sgC1orf162_2
sgATP6V0C_4	sgAPOO_3	NA	sgMS4A3_7	NA	sgC1orf162_3
sgATP6V1E1_2	sgAPOO_4	NA	sgMS4A6E_4	NA	sgC1orf162_4
sgATP6V1F_5	sgAPTX_3	NA	sgMT1F_2	NA	sgC1orf186_1
sgAVP_2	sgAQP11_3	NA	sgMT2A_1	NA	sgC1orf195_1
sgAZGP1_1	sgAQP3_2	NA	sgMTIF2_5	NA	sgC1orf195_2
sgAZGP1_3	sgAQP4_2	NA	sgMTIF3_3	NA	sgC1orf195_4
sgAZI2_1	sgAQP7_1	NA	sgMTRF1_2	NA	sgC1orf195_5
sgAZI2_2	sgAQP7_2	NA	sgMUCL1_3	NA	sgC1orf195_6
sgB3GALNT1_1	sgARAF_5	NA	sgMYL3_1	NA	sgC1orf195_7
sgB3GAT3_4	sgARAP2_4	NA	sgMYO3B_5	NA	sgC1orf229_1
sgB3GAT3_5	sgARAP3_1	NA	sgNCALD_5	NA	sgC1orf229_2
sgB3GNTL1_1	sgARF4_5	NA	sgNCK1_5	NA	sgC1orf229_3
sgB3GNTL1_2	sgARF5_4	NA	sgNDN_2	NA	sgC1orf229_4
sgB3GNTL1_3	sgARF6_1	NA	sgNEK7_2	NA	sgC1orf229_5
sgB3GNTL1_4	sgARF6_3	NA	sgNFE2_4	NA	sgC1orf61_1
sgB3GNTL1_5	sgARF6_4	NA	sgNOS1AP_9	NA	sgC1orf61_2
sgBAG1_3	sgARFGAP2_3	NA	sgNRAS_5	NA	sgC1orf61_3
sgBAG4_4	sgARFIP2_3	NA	sgNRG1_18	NA	sgC1orf61_4
sgBAK1_2	sgARFRP1_1	NA	sgNSMCE4A_2	NA	sgC1orf61_5
sgBAK1_3	sgARFRP1_7	NA	sgNUDT12_2	NA	sgC20orf166_1
sgBAK1_4	sgARGFX_5	NA	sgNUPL1_1	NA	sgC20orf166_2
sgBANF1_3	sgARHGAP11B_3	NA	sgOARD1_3	NA	sgC20orf166_3
sgBANF1_4	sgARHGAP21_1	NA	sgOTUD6B_2	NA	sgC20orf166_4
sgBBIP1_1	sgARHGAP21_2	NA	sgP2RY10_2	NA	sgC20orf166_5
sgBCAS2_2	sgARHGAP21_5	NA	sgP2RY12_2	NA	sgC20orf197_2
sgBCL2L12_3	sgARHGAP23_5	NA	sgPA2G4_4	NA	sgC20orf197_3
sgBCL2L12_4	sgARHGAP27_8	NA	sgPAAF1_2	NA	sgC20orf197_4
sgBCL2L13_4	sgARHGAP5_2	NA	sgPACS1_1	NA	sgC20orf197_5
sgBCLAF1_1	sgARHGAP5_5	NA	sgPBK_3	NA	sgC20orf78_1
sgBCLAF1_2	sgARHGAP8_1	NA	sgPCDHB14_2	NA	sgC20orf78_2
sgBCLAF1_3	sgARHGAP9_2	NA	sgPCGF6_5	NA	sgC20orf78_4
sgBCLAF1_4	sgARHGEF12_3	NA	sgPDCL2_3	NA	sgC20orf78_5
sgBCLAF1_5	sgARHGEF35_1	NA	sgPDIK1L_4	NA	sgC20orf96_3
sgBDH2_3	sgARHGEF38_1	NA	sgPEX2_1	NA	sgC22orf24_1
sgBET1_1	sgARHGEF38_3	NA	sgPEX2_5	NA	sgC22orf24_2
sgBET1_3	sgARHGEF4_1	NA	sgPGLYRP3_3	NA	sgC22orf24_3
sgBEX1_2	sgARID4A_4	NA	sgPGM1_5	NA	sgC22orf24_5
sgBEX1_3	sgARIH2_1	NA	sgPIK3R1_2	NA	sgC22orf26_1
sgBEX2_5	sgARIH2_5	NA	sgPIP5KL1_3	NA	sgC22orf26_2
sgBLOC1S6_5	sgARL13A_2	NA	sgPKNOX2_2	NA	sgC22orf26_5
sgBLZF1_3	sgARL14EPL_5	NA	sgPLA2G2A_2	NA	sgC22orf39_6
sgBMP8A_2	sgARL14_2	NA	sgPLA2G4C_5	NA	sgC22orf46_1
sgBMP8B_1	sgARL5A_2	NA	sgPLA2G5_4	NA	sgC22orf46_2
sgBMP8B_2	sgARL5A_3	NA	sgPMP2_5	NA	sgC22orf46_3
sgBMP8B_4	sgARL5B_1	NA	sgPOLK_1	NA	sgC22orf46_5
sgBMP8B_5	sgARL6IP1_3	NA	sgPOMP_4	NA	sgC2orf15_1
sgBMPR1A_1	sgARL6IP1_5	NA	sgPON2_4	NA	sgC2orf48_1
sgBMPR1A_4	sgARL6IP4_2	NA	sgPPARGC1B_4	NA	sgC2orf48_2
sgBMS1_2	sgARL6IP5_5	NA	sgPPIL2_4	NA	sgC2orf48_3
sgBNIP3_1	sgARL6IP6_1	NA	sgPPM1K_4	NA	sgC2orf48_4
sgBNIP3_3	sgARL8B_4	NA	sgPPP1R16A_1	NA	sgC2orf68_3
sgBNIP3_4	sgARL9_1	NA	sgPPP1R7_3	NA	sgC2orf83_1
sgBNIP3_5	sgARMC10_4	NA	sgPPP1R8_2	NA	sgC2orf83_2
sgBOD1L2_2	sgARMC4_4	NA	sgPQLC1_5	NA	sgC2orf83_3
sgBOLA3_1	sgARMC8_1	NA	sgPRDM5_5	NA	sgC2orf83_4
sgBOLA3_4	sgARMCX5_5	NA	sgPSD3_5	NA	sgC2orf83_5
sgBPTF_1	sgARMS2_4	NA	sgPTAR1_5	NA	sgC2orf91_1
sgBPTF_3	sgARPC1A_1	NA	sgPTGES3L_5	NA	sgC2orf91_2
sgBPY2C_1	sgARPC1A_3	NA	sgPUS7L_2	NA	sgC2orf91_3
sgBPY2C_2	sgARPC3_2	NA	sgRAB40AL_1	NA	sgC2orf91_4
sgBPY2C_3	sgARPC3_3	NA	sgRCAN3_5	NA	sgC2orf91_5
sgBPY2C_4	sgARPC5_1	NA	sgREN_4	NA	sgC3_4
sgBPY2C_5	sgARPP19_2	NA	sgRERE_2	NA	sgC3orf27_1
sgBRCC3_2	sgARSD_3	NA	sgRERGL_5	NA	sgC3orf27_2
sgBRCC3_5	sgARSD_5	NA	sgRGS2_5	NA	sgC3orf27_3
sgBRD7_2	sgART4_4	NA	sgRGS5_9	NA	sgC3orf27_4
sgBRD7_3	sgART4_5	NA	sgRHOQ_2	NA	sgC3orf35_1
sgBRD7_4	sgART5_1	NA	sgRHOT1_1	NA	sgC3orf35_3
sgBRI3_2	sgASAH1_1	NA	sgRNASE12_5	NA	sgC3orf35_4
sgBRIX1_5	sgASIC2_4	NA	sgRNF121_1	NA	sgC3orf35_5
sgBRWD1_1	sgASIC5_3	NA	sgRNF146_4	NA	sgC3orf35_6
sgBRWD1_2	sgASIP_4	NA	sgRNF182_1	NA	sgC3orf36_1
sgBRWD1_5	sgASMTL_2	NA	sgRNF222_5	NA	sgC3orf36_2
sgBTBD10_2	sgASMTL_5	NA	sgRPA2_3	NA	sgC3orf36_3
sgBTBD6_4	sgASNS_2	NA	sgRPA4_3	NA	sgC3orf36_4
sgBTBD7_1	sgASNS_5	NA	sgRPS21_2	NA	sgC3orf36_5
sgBTBD7_2	sgASPA_4	NA	sgRPS24_5	NA	sgC3orf55_1
sgBTBD7_3	sgASPA_5	NA	sgRPS6KA5_3	NA	sgC3orf55_2
sgBTBD7_5	sgASPG_2	NA	sgRPS8_3	NA	sgC3orf55_4
sgBTF3L4_1	sgASPG_3	NA	sgRPUSD4_2	NA	sgC3orf55_5
sgBTF3L4_2	sgASPH_8	NA	sgRRAD_5	NA	sgC3orf55_6
sgBTF3L4_3	sgASS1_1	NA	sgRSPO2_2	NA	sgC3orf55_7
sgBTF3L4_4	sgASS1_2	NA	sgRSPO2_4	NA	sgC3orf79_1
sgBTF3L4_5	sgASXL3_3	NA	sgRUNX2_4	NA	sgC3orf79_2
sgBTF3L4_6	sgATAD1_1	NA	sgS100A1_2	NA	sgC3orf79_3
sgBTF3_3	sgATAD1_3	NA	sgS100A9_1	NA	sgC3orf79_4
sgBTN2A2_1	sgATAD1_5	NA	sgSAPCD1_2	NA	sgC3orf79_5
sgBTN3A2_1	sgATAD3A_2	NA	sgSCARF1_5	NA	sgC4orf22_1
sgBTN3A2_2	sgATAD3C_1	NA	sgSCNN1B_3	NA	sgC4orf3_4
sgBZW1_3	sgATF1_1	NA	sgSCP2_16	NA	sgC4orf3_5
sgBZW1_4	sgATF3_1	NA	sgSCRG1_1	NA	sgC4orf3_6
sgBZW1_5	sgATF3_7	NA	sgSCYL2_2	NA	sgC4orf3_7
sgC10orf88_4	sgATF4_3	NA	sgSECISBP2_1	NA	sgC4orf33_3
sgC11orf73_1	sgATF5_2	NA	sgSEMA3C_2	NA	sgC4orf6_2
sgC11orf73_3	sgATF5_4	NA	sgSEMA5B_1	NA	sgC4orf6_3
sgC11orf73_4	sgATF5_5	NA	sgSERPINA7_2	NA	sgC5orf38_1
sgC12orf29_5	sgATF7_4	NA	sgSERPINA9_1	NA	sgC5orf38_2
sgC12orf76_1	sgATF7_6	NA	sgSERPINB4_3	NA	sgC5orf38_3
sgC15orf43_5	sgATG12_2	NA	sgSERPINB8_12	NA	sgC5orf38_4
sgC16orf87_2	sgATG12_4	NA	sgSFXN3_1	NA	sgC5orf38_5
sgC17orf51_1	sgATG12_5	NA	sgSH2D1B_4	NA	sgC5orf55_1
sgC17orf58_1	sgATG12_6	NA	sgSHPRH_5	NA	sgC5orf55_2
sgC17orf58_4	sgATG16L1_2	NA	sgSKP2_3	NA	sgC5orf55_3
sgC17orf58_8	sgATG16L1_5	NA	sgSLC10A1_4	NA	sgC5orf55_4
sgC18orf25_1	sgATG4A_2	NA	sgSLC11A1_1	NA	sgC5orf55_5
sgC18orf25_3	sgATM_4	NA	sgSLC24A4_5	NA	sgC5orf60_4
sgC19orf70_3	sgATOH7_2	NA	sgSLC26A9_1	NA	sgC5orf63_3
sgC1D_1	sgATOH8_5	NA	sgSLC30A5_5	NA	sgC5orf64_2
sgC1D_2	sgATP1B1_1	NA	sgSLC32A1_2	NA	sgC5orf64_3
sgC1GALT1_3	sgATP1B1_2	NA	sgSLC35E3_4	NA	sgC5orf64_4
sgC1QBP_4	sgATP1B1_4	NA	sgSLC6A7_1	NA	sgC5orf64_5
sgC1QTNF9B_1	sgATP1B1_5	NA	sgSLC7A5_5	NA	sgC5orf66_1
sgC1QTNF9B_2	sgATP1B2_5	NA	sgSLFN12L_5	NA	sgC5orf66_2
sgC1QTNF9B_3	sgATP1B3_4	NA	sgSMC6_3	NA	sgC5orf66_3
sgC1QTNF9B_4	sgATP2C2_4	NA	sgSNCB_2	NA	sgC5orf66_4
sgC1QTNF9_1	sgATP5A1_2	NA	sgSOX13_5	NA	sgC5orf66_5
sgC20orf27_5	sgATP5A1_4	NA	sgSPAM1_4	NA	sgC6orf195_1
sgC22orf42_1	sgATP5C1_1	NA	sgSPANXN4_2	NA	sgC6orf195_2
sgC22orf42_2	sgATP5C1_2	NA	sgSPINK1_3	NA	sgC6orf195_3
sgC22orf43_2	sgATP5F1_1	NA	sgSPRR1B_5	NA	sgC6orf195_4
sgC22orf43_3	sgATP5G1_5	NA	sgSSBP1_2	NA	sgC6orf195_5
sgC22orf43_5	sgATP5G2_4	NA	sgSSPN_5	NA	sgC6orf201_1
sgC2orf80_5	sgATP5G2_5	NA	sgSSR2_2	NA	sgC6orf201_2
sgC3orf56_1	sgATP5G3_1	NA	sgSSTR1_5	NA	sgC6orf201_3
sgC4A_1	sgATP5G3_3	NA	sgST3GAL5_4	NA	sgC6orf201_4
sgC4A_2	sgATP5H_1	NA	sgSTOML1_5	NA	sgC6orf201_5
sgC4orf27_1	sgATP5H_2	NA	sgSTXBP2_3	NA	sgC6orf223_1
sgC4orf27_2	sgATP5H_3	NA	sgSULT1B1_3	NA	sgC6orf223_2
sgC4orf27_4	sgATP5H_4	NA	sgSULT1C2_5	NA	sgC6orf223_3
sgC4orf46_1	sgATP5J2_3	NA	sgSYAP1_1	NA	sgC6orf223_4
sgC4orf46_2	sgATP5J2_4	NA	sgSYNGR2_2	NA	sgC6orf223_5
sgC4orf46_4	sgATP5J2_5	NA	sgSYT4_1	NA	sgC6orf223_6
sgC5orf60_2	sgATP5J_4	NA	sgTAAR2_3	NA	sgC6orf223_7
sgC5orf60_5	sgATP5L2_1	NA	sgTAC4_4	NA	sgC6orf223_8
sgC6orf106_4	sgATP5L2_2	NA	sgTAC4_5	NA	sgC6orf48_1
sgC7orf73_1	sgATP5L2_4	NA	sgTADA3_5	NA	sgC6orf48_2
sgC8orf59_1	sgATP5L_1	NA	sgTANGO2_1	NA	sgC6orf48_3
sgC9orf129_3	sgATP5O_3	NA	sgTBKBP1_5	NA	sgC6orf48_4
sgC9orf129_4	sgATP5SL_1	NA	sgTCEA1_2	NA	sgC6orf99_1
sgC9orf129_5	sgATP6AP2_2	NA	sgTCP10L_3	NA	sgC6orf99_2
sgC9orf172_1	sgATP6AP2_4	NA	sgTDO2_5	NA	sgC6orf99_3
sgC9orf172_3	sgATP6V0C_5	NA	sgTECRL_1	NA	sgC6orf99_4
sgC9orf172_5	sgATP6V0E1_3	NA	sgTHAP3_5	NA	sgC6orf99_5
sgC9orf50_2	sgATP6V0E1_4	NA	sgTHUMPD2_3	NA	sgC7orf65_1
sgC9orf57_3	sgATP6V1C2_5	NA	sgTLR10_3	NA	sgC7orf65_2
sgC9orf57_5	sgATP6V1E1_4	NA	sgTMCO4_5	NA	sgC7orf65_3
sgC9orf69_5	sgATP6V1E1_5	NA	sgTMED6_4	NA	sgC7orf65_4
sgC9orf85_2	sgATP6V1F_1	NA	sgTMEM133_3	NA	sgC7orf65_5
sgC9orf85_5	sgATP6V1F_4	NA	sgTMEM144_4	NA	sgC7orf66_1
sgCA5A_1	sgATP6V1G1_1	NA	sgTMEM151B_5	NA	sgC7orf66_2
sgCABYR_3	sgATP6V1G1_2	NA	sgTMEM208_2	NA	sgC7orf66_3
sgCACYBP_1	sgATP6V1G3_1	NA	sgTMEM255B_3	NA	sgC7orf66_4
sgCACYBP_3	sgATP9A_4	NA	sgTMEM81_2	NA	sgC7orf66_5
sgCACYBP_4	sgATRAID_5	NA	sgTMOD2_4	NA	sgC7orf69_1
sgCALCA_2	sgATXN2L_1	NA	sgTMPRSS5_4	NA	sgC7orf69_2
sgCALCB_4	sgATXN2L_5	NA	sgTNFAIP1_5	NA	sgC7orf69_3
sgCALM1_1	sgATXN3_1	NA	sgTOR1AIP2_3	NA	sgC7orf69_4
sgCALM1_3	sgATXN3_3	NA	sgTP53INP1_2	NA	sgC7orf71_1
sgCALM2_2	sgATXN7L3B_1	NA	sgTPCN1_4	NA	sgC7orf71_2
sgCALM2_4	sgATXN7L3B_5	NA	sgTPD52L2_2	NA	sgC7orf71_3
sgCAP2_5	sgAUH_2	NA	sgTRMU_1	NA	sgC7orf71_4
sgCAPZA1_1	sgAURKA_4	NA	sgTRPM1_5	NA	sgC7orf71_5
sgCAPZA1_4	sgAURKA_5	NA	sgTSPAN13_5	NA	sgC8orf31_5
sgCAPZA1_5	sgAURKC_5	NA	sgTTC39C_2	NA	sgC8orf33_5
sgCAPZA2_1	sgAUTS2_5	NA	sgTUSC3_3	NA	sgC8orf44_1
sgCAPZA2_3	sgAVEN_5	NA	sgUBAC2_5	NA	sgC8orf86_1
sgCARD16_3	sgAVPR1A_2	NA	sgUBE2H_4	NA	sgC8orf86_2
sgCARD16_4	sgAVP_3	NA	sgUBE2L6_4	NA	sgC8orf86_3
sgCARD16_7	sgAXIN1_2	NA	sgUBE3A_5	NA	sgC8orf86_4
sgCARD17_1	sgAXL_2	NA	sgUBL4A_3	NA	sgC8orf86_5
sgCASC4_3	sgAZGP1_2	NA	sgUBQLN2_5	NA	sgC8orf87_1
sgCASP1_1	sgAZI1_1	NA	sgUBQLN3_5	NA	sgC8orf87_2
sgCASP1_12	sgAZI2_3	NA	sgUGT2B7_1	NA	sgC8orf87_3
sgCASP1_7	sgAZIN1_5	NA	sgULBP1_4	NA	sgC8orf87_4
sgCATSPER2_3	sgAZU1_3	NA	sgUPK2_4	NA	sgC8orf87_5
sgCBWD1_2	sgB2M_4	NA	sgUTP14A_2	NA	sgC9orf129_2
sgCBWD3_1	sgB3GALNT1_2	NA	sgUTP15_5	NA	sgC9orf139_1
sgCBWD3_2	sgB3GALNT1_3	NA	sgVAT1L_5	NA	sgC9orf139_2
sgCBX1_1	sgB3GALNT1_4	NA	sgVN1R2_2	NA	sgC9orf139_3
sgCBX1_2	sgB3GALT5_4	NA	sgVSIG4_4	NA	sgC9orf139_4
sgCBX1_3	sgB3GAT3_1	NA	sgWBSCR28_1	NA	sgC9orf139_5
sgCBX3_2	sgB3GNT5_4	NA	sgWDR73_5	NA	sgC9orf163_1
sgCBX3_5	sgB3GNT8_1	NA	sgWFDC11_5	NA	sgC9orf163_3
sgCCDC121_2	sgB3GNT8_3	NA	sgWISP2_4	NA	sgC9orf163_4
sgCCDC121_3	sgB4GALT4_3	NA	sgXRRA1_3	NA	sgC9orf163_5
sgCCDC121_4	sgB4GALT5_1	NA	sgYAF2_13	NA	sgC9orf170_1
sgCCDC144A_2	sgB9D1_1	NA	sgYPEL2_2	NA	sgC9orf170_3
sgCCDC144A_3	sgB9D2_1	NA	sgZBTB14_2	NA	sgC9orf170_5
sgCCDC144A_4	sgBAAT_4	NA	sgZBTB33_5	NA	sgC9orf37_1
sgCCDC144NL_2	sgBAG1_1	NA	sgZCRB1_5	NA	sgC9orf37_3
sgCCDC144NL_3	sgBAG4_2	NA	sgZFP3_1	NA	sgC9orf37_4
sgCCDC181_2	sgBAG4_3	NA	sgZFP37_1	NA	sgC9orf37_5
sgCCDC181_3	sgBAK1_5	NA	sgZNF10_5	NA	sgC9orf47_1
sgCCDC25_1	sgBANF1_1	NA	sgZNF107_3	NA	sgC9orf47_2
sgCCDC25_3	sgBBC3_10	NA	sgZNF112_1	NA	sgC9orf47_3
sgCCDC25_5	sgBBC3_11	NA	sgZNF117_1	NA	sgC9orf47_4
sgCCDC58_1	sgBBIP1_4	NA	sgZNF134_1	NA	sgC9orf47_5
sgCCDC58_3	sgBBIP1_5	NA	sgZNF14_5	NA	sgC9orf62_1
sgCCDC59_1	sgBBOX1_1	NA	sgZNF184_1	NA	sgC9orf62_2
sgCCDC59_2	sgBBOX1_4	NA	sgZNF20_3	NA	sgC9orf62_3
sgCCDC74A_1	sgBBS4_3	NA	sgZNF248_5	NA	sgC9orf62_4
sgCCDC74A_3	sgBCAP29_1	NA	sgZNF30_2	NA	sgC9orf62_5
sgCCDC74A_4	sgBCAP31_2	NA	sgZNF343_4	NA	sgC9orf66_1
sgCCDC74B_2	sgBCAS2_4	NA	sgZNF354A_4	NA	sgC9orf66_2
sgCCDC84_5	sgBCHE_3	NA	sgZNF404_1	NA	sgC9orf66_3
sgCCDC86_4	sgBCL10_5	NA	sgZNF460_4	NA	sgC9orf66_4
sgCCDC90B_7	sgBCL2A1_2	NA	sgZNF48_5	NA	sgC9orf66_5
sgCCL18_4	sgBCL2A1_5	NA	sgZNF493_2	NA	sgC9orf92_1
sgCCL18_5	sgBCL2L12_5	NA	sgZNF510_5	NA	sgC9orf92_3
sgCCL3_4	sgBCL2L13_11	NA	sgZNF549_5	NA	sgC9orf92_4
sgCCL4_1	sgBCL2L1_3	NA	sgZNF559_7	NA	sgC9orf92_5
sgCCL5_2	sgBCL2L2-PABPN1_1	NA	sgZNF566_5	NA	sgCABP1_9
sgCCNB1IP1_5	sgBCL2L2_3	NA	sgZNF57_3	NA	sgCALML4_9
sgCCNJ_5	sgBCL3_3	NA	sgZNF572_1	NA	sgCALML4_10
sgCCRN4L_4	sgBCL6_4	NA	sgZNF581_3	NA	sgCALU_2
sgCCSER2_8	sgBCL7A_3	NA	sgZNF610_7	NA	sgCALU_3
sgCCT6A_2	sgBCL7B_4	NA	sgZNF641_3	NA	sgCAPRIN2_5
sgCCT7_3	sgBCMO1_2	NA	sgZNF670_2	NA	sgCARD16_1
sgCCT8L2_1	sgBDH2_4	NA	sgZNF69_3	NA	sgCARD16_2
sgCCT8L2_2	sgBDH2_5	NA	sgZNF730_3	NA	sgCARD17_3
sgCCT8_3	sgBDKRB1_3	NA	sgZNF740_3	NA	sgCARD17_4
sgCCZ1B_1	sgBEAN1_3	NA	sgZNF749_2	NA	sgCARD17_5
sgCCZ1B_2	sgBEND3_3	NA	sgZNF75A_5	NA	sgCASC10_1
sgCCZ1B_3	sgBET1_2	NA	sgZNF787_5	NA	sgCASC10_2
sgCCZ1B_4	sgBET1_4	NA	sgZNF865_4	NA	sgCASC10_3
sgCCZ1B_5	sgBEX1_4	NA	NA	NA	sgCASC10_4
sgCCZ1_1	sgBEX2_3	NA	NA	NA	sgCASC10_5
sgCCZ1_2	sgBFAR_2	NA	NA	NA	sgCASP12_1
sgCD1E_13	sgBFSP2_1	NA	NA	NA	sgCASP12_2
sgCD1E_14	sgBHLHA9_5	NA	NA	NA	sgCASP12_4
sgCD1E_15	sgBIN2_1	NA	NA	NA	sgCASP12_5
sgCD1E_18	sgBIN2_2	NA	NA	NA	sgCBFA2T3_5
sgCD200R1_3	sgBIN2_3	NA	NA	NA	sgCC2D2A_10
sgCD209_2	sgBIN3_3	NA	NA	NA	sgCC2D2A_12
sgCD209_4	sgBIRC8_5	NA	NA	NA	sgCC2D2A_13
sgCD276_2	sgBIVM_2	NA	NA	NA	sgCCDC130_5
sgCD276_3	sgBLCAP_1	NA	NA	NA	sgCCDC140_1
sgCD276_4	sgBLID_3	NA	NA	NA	sgCCDC140_2
sgCD276_5	sgBLID_4	NA	NA	NA	sgCCDC140_3
sgCD33_2	sgBLMH_2	NA	NA	NA	sgCCDC140_4
sgCD46_1	sgBLOC1S5_6	NA	NA	NA	sgCCDC140_5
sgCD46_3	sgBLOC1S6_2	NA	NA	NA	sgCCDC159_5
sgCD83_4	sgBLOC1S6_4	NA	NA	NA	sgCCDC28A_1
sgCD83_5	sgBMP10_1	NA	NA	NA	sgCCDC28A_2
sgCD8B_1	sgBMP10_5	NA	NA	NA	sgCCDC28A_3
sgCD8B_2	sgBMP3_3	NA	NA	NA	sgCCL14_6
sgCD8B_3	sgBMPER_2	NA	NA	NA	sgCCL21_1
sgCD8B_5	sgBMPR1A_5	NA	NA	NA	sgCCNH_4
sgCD99_1	sgBNIP3L_4	NA	NA	NA	sgCCNO_2
sgCD99_2	sgBOD1L2_3	NA	NA	NA	sgCD200R1L_1
sgCD99_3	sgBOD1_3	NA	NA	NA	sgCD200R1L_2
sgCD99_4	sgBOD1_5	NA	NA	NA	sgCD200R1L_4
sgCD99_5	sgBOD1_6	NA	NA	NA	sgCD200R1L_5
sgCDC20_1	sgBOLA3_2	NA	NA	NA	sgCDC42BPA_3
sgCDC20_2	sgBOLA3_3	NA	NA	NA	sgCDH17_2
sgCDC20_3	sgBOLA3_5	NA	NA	NA	sgCDH23_9
sgCDC20_4	sgBOLL_5	NA	NA	NA	sgCDKN2A_8
sgCDC26_1	sgBPIFA3_4	NA	NA	NA	sgCDKN2A_9
sgCDC26_2	sgBPNT1_4	NA	NA	NA	sgCDKN2A_10
sgCDC26_3	sgBRAF_4	NA	NA	NA	sgCDKN2B_2
sgCDC26_4	sgBRCA2_5	NA	NA	NA	sgCDR1_1
sgCDC27_1	sgBRD2_2	NA	NA	NA	sgCDR1_2
sgCDC27_3	sgBRD7_5	NA	NA	NA	sgCDR1_3
sgCDC27_4	sgBRI3_1	NA	NA	NA	sgCDR1_4
sgCDC37_2	sgBRI3_3	NA	NA	NA	sgCDR1_5
sgCDC42_1	sgBRI3_5	NA	NA	NA	sgCELF3_5
sgCDC42_2	sgBRMS1_4	NA	NA	NA	sgCENPBD1_1
sgCDC42_3	sgBRMS1_5	NA	NA	NA	sgCENPBD1_2
sgCDC42_4	sgBRWD1_3	NA	NA	NA	sgCENPBD1_4
sgCDCA4_4	sgBRWD1_4	NA	NA	NA	sgCENPBD1_5
sgCDCA8_3	sgBRWD3_3	NA	NA	NA	sgCENPW_6
sgCDK11A_1	sgBST1_2	NA	NA	NA	sgCEP112_9
sgCDK11A_2	sgBTBD10_1	NA	NA	NA	sgCEP112_10
sgCDK11A_3	sgBTBD10_3	NA	NA	NA	sgCEP41_9
sgCDK11A_4	sgBTBD10_4	NA	NA	NA	sgCFHR1_3
sgCDK11A_5	sgBTBD6_5	NA	NA	NA	sgCFHR1_4
sgCDK2AP1_7	sgBTBD7_4	NA	NA	NA	sgCFHR3_2
sgCDK5RAP3_5	sgBTG1_2	NA	NA	NA	sgCGREF1_12
sgCDK5_4	sgBTLA_1	NA	NA	NA	sgCGREF1_13
sgCDK7_2	sgBTN2A2_2	NA	NA	NA	sgCGREF1_14
sgCDK7_3	sgBTN2A2_5	NA	NA	NA	sgCHCHD7_8
sgCDKN2AIPNL_3	sgBTN2A2_6	NA	NA	NA	sgCHCHD7_9
sgCDKN2AIPNL_4	sgBTN3A1_6	NA	NA	NA	sgCHRAC1_3
sgCDKN2AIPNL_5	sgBUD31_1	NA	NA	NA	sgCHRD_5
sgCDKN2A_4	sgBUD31_2	NA	NA	NA	sgCLC_4
sgCDRT15L2_1	sgBZW1_1	NA	NA	NA	sgCLC_5
sgCDRT15L2_3	sgC10orf107_4	NA	NA	NA	sgCLDN16_1
sgCDRT15L2_4	sgC10orf111_1	NA	NA	NA	sgCLDN5_1
sgCDRT15_1	sgC10orf113_1	NA	NA	NA	sgCLDN5_2
sgCDRT15_2	sgC10orf128_1	NA	NA	NA	sgCLDN5_3
sgCDRT15_3	sgC10orf128_3	NA	NA	NA	sgCLDN5_4
sgCDRT15_4	sgC10orf129_5	NA	NA	NA	sgCLDN5_5
sgCDRT15_5	sgC10orf53_8	NA	NA	NA	sgCLEC3A_1
sgCDRT1_1	sgC10orf54_1	NA	NA	NA	sgCLEC9A_2
sgCDRT1_2	sgC10orf76_1	NA	NA	NA	sgCLECL1_4
sgCDRT1_4	sgC10orf88_1	NA	NA	NA	sgCLECL1_5
sgCDRT1_5	sgC11orf21_1	NA	NA	NA	sgCLLU1OS_1
sgCDV3_9	sgC11orf35_1	NA	NA	NA	sgCLLU1OS_2
sgCDY1B_1	sgC11orf45_2	NA	NA	NA	sgCLLU1OS_3
sgCDY2B_1	sgC11orf48_1	NA	NA	NA	sgCLLU1OS_4
sgCEACAM1_6	sgC11orf52_2	NA	NA	NA	sgCLLU1OS_5
sgCEACAM3_3	sgC11orf65_1	NA	NA	NA	sgCLN3_1
sgCEACAM8_1	sgC11orf73_2	NA	NA	NA	sgCLN3_2
sgCELA2A_2	sgC11orf73_5	NA	NA	NA	sgCLN3_3
sgCELA2B_4	sgC11orf74_1	NA	NA	NA	sgCLN3_4
sgCELA3A_1	sgC11orf74_2	NA	NA	NA	sgCLN3_5
sgCELA3A_3	sgC11orf74_4	NA	NA	NA	sgCLN5_1
sgCEND1_1	sgC11orf74_6	NA	NA	NA	sgCLPSL2_6
sgCEND1_4	sgC11orf82_1	NA	NA	NA	sgCMTM4_1
sgCENPC_1	sgC11orf83_4	NA	NA	NA	sgCNTNAP3_4
sgCENPI_3	sgC11orf83_5	NA	NA	NA	sgCOA6_1
sgCENPI_5	sgC11orf85_2	NA	NA	NA	sgCOL12A1_1
sgCENPN_5	sgC11orf86_4	NA	NA	NA	sgCOPB2_1
sgCEP170_1	sgC12orf23_2	NA	NA	NA	sgCOQ2_5
sgCEP170_3	sgC12orf29_4	NA	NA	NA	sgCOQ3_2
sgCEP170_4	sgC12orf40_4	NA	NA	NA	sgCOX6A1_2
sgCEP57L1_3	sgC12orf43_3	NA	NA	NA	sgCPE_2
sgCEP57_1	sgC12orf49_4	NA	NA	NA	sgCPEB1_1
sgCES1_1	sgC12orf49_5	NA	NA	NA	sgCPNE4_2
sgCES1_2	sgC12orf50_4	NA	NA	NA	sgCRCP_11
sgCES1_3	sgC12orf54_5	NA	NA	NA	sgCREM_21
sgCES1_4	sgC12orf65_3	NA	NA	NA	sgCRIPAK_1
sgCES1_5	sgC12orf68_3	NA	NA	NA	sgCRIPAK_2
sgCFC1B_1	sgC12orf71_1	NA	NA	NA	sgCRIPAK_3
sgCFC1B_2	sgC12orf71_2	NA	NA	NA	sgCRISP3_5
sgCFC1B_3	sgC12orf71_4	NA	NA	NA	sgCT62_1
sgCFC1B_4	sgC12orf71_5	NA	NA	NA	sgCT62_2
sgCFC1_1	sgC12orf73_1	NA	NA	NA	sgCT62_3
sgCFC1_2	sgC12orf73_2	NA	NA	NA	sgCT62_5
sgCFHR2_1	sgC12orf76_4	NA	NA	NA	sgCUBN_3
sgCFHR3_1	sgC14orf119_3	NA	NA	NA	sgCUEDC1_4
sgCFHR4_2	sgC14orf119_5	NA	NA	NA	sgCUEDC2_2
sgCFL1_3	sgC14orf159_5	NA	NA	NA	sgCUL2_3
sgCFL1_5	sgC14orf166_2	NA	NA	NA	sgCXCL12_10
sgCHCHD10_3	sgC14orf166_3	NA	NA	NA	sgCXorf30_5
sgCHCHD2_2	sgC14orf166_4	NA	NA	NA	sgCYB561A3_4
sgCHCHD2_5	sgC14orf183_5	NA	NA	NA	sgCYB561D1_3
sgCHCHD3_2	sgC14orf2_2	NA	NA	NA	sgCYB561D1_4
sgCHCHD3_4	sgC14orf79_5	NA	NA	NA	sgCYBRD1_3
sgCHCHD3_5	sgC14orf80_3	NA	NA	NA	sgCYP11B1_1
sgCHCHD4_1	sgC15orf26_4	NA	NA	NA	sgCYP2B6_5
sgCHCHD4_2	sgC15orf32_2	NA	NA	NA	sgCYP4B1_1
sgCHCHD4_5	sgC15orf40_2	NA	NA	NA	sgCYP4B1_2
sgCHMP3_6	sgC15orf40_3	NA	NA	NA	sgCYP4B1_3
sgCHMP4B_1	sgC15orf43_4	NA	NA	NA	sgCYP4B1_4
sgCHMP5_1	sgC15orf48_3	NA	NA	NA	sgCYP4B1_5
sgCHMP5_2	sgC15orf54_1	NA	NA	NA	sgCYP4V2_1
sgCHP1_4	sgC15orf54_4	NA	NA	NA	sgCYorf17_1
sgCHRFAM7A_1	sgC15orf57_3	NA	NA	NA	sgCYorf17_2
sgCHRFAM7A_2	sgC15orf61_5	NA	NA	NA	sgCYorf17_4
sgCHRFAM7A_3	sgC16orf3_3	NA	NA	NA	sgCYorf17_5
sgCHRFAM7A_4	sgC16orf3_5	NA	NA	NA	sgDAGLA_2
sgCIAPIN1_4	sgC16orf52_4	NA	NA	NA	sgDAOA_5
sgCIR1_5	sgC16orf54_5	NA	NA	NA	sgDAOA_12
sgCKS2_2	sgC16orf80_2	NA	NA	NA	sgDBI_7
sgCKS2_4	sgC16orf89_1	NA	NA	NA	sgDBNDD2_7
sgCLCNKB_4	sgC16orf91_4	NA	NA	NA	sgDCAF13_2
sgCLCNKB_5	sgC16orf92_2	NA	NA	NA	sgDCAF13_3
sgCLDN24_1	sgC16orf97_2	NA	NA	NA	sgDCAF13_4
sgCLDN24_2	sgC17orf49_6	NA	NA	NA	sgDCAF13_5
sgCLDN6_1	sgC17orf58_3	NA	NA	NA	sgDCTN2_2
sgCLDN6_4	sgC17orf58_5	NA	NA	NA	sgDCTN5_7
sgCLDN6_5	sgC17orf58_7	NA	NA	NA	sgDCTN5_8
sgCLDN7_5	sgC17orf64_2	NA	NA	NA	sgDCTN5_9
sgCLEC18A_1	sgC17orf78_3	NA	NA	NA	sgDCTPP1_2
sgCLEC18B_1	sgC17orf80_2	NA	NA	NA	sgDDX26B_1
sgCLEC18B_2	sgC17orf80_4	NA	NA	NA	sgDDX31_4
sgCLEC18B_3	sgC17orf80_5	NA	NA	NA	sgDDX31_5
sgCLEC18B_4	sgC17orf85_5	NA	NA	NA	sgDEC1_1
sgCLEC18C_1	sgC17orf89_1	NA	NA	NA	sgDEC1_2
sgCLEC4G_5	sgC17orf89_3	NA	NA	NA	sgDEC1_3
sgCLNS1A_3	sgC17orf98_1	NA	NA	NA	sgDEFB110_3
sgCLNS1A_4	sgC17orf99_1	NA	NA	NA	sgDEFB112_4
sgCMC1_3	sgC18orf21_4	NA	NA	NA	sgDEFB112_5
sgCMC1_5	sgC18orf21_7	NA	NA	NA	sgDEFB119_5
sgCNN2_2	sgC18orf25_2	NA	NA	NA	sgDEFB119_6
sgCNNM3_2	sgC18orf32_1	NA	NA	NA	sgDEFB119_7
sgCNOT7_2	sgC19orf10_1	NA	NA	NA	sgDEFB119_8
sgCNOT7_3	sgC19orf12_3	NA	NA	NA	sgDEFB119_9
sgCNOT7_4	sgC19orf33_1	NA	NA	NA	sgDEFB126_1
sgCNOT7_5	sgC19orf33_5	NA	NA	NA	sgDEFB126_3
sgCNTNAP3B_1	sgC19orf48_1	NA	NA	NA	sgDEFB126_4
sgCNTNAP3B_2	sgC19orf53_5	NA	NA	NA	sgDHH_4
sgCNTNAP3B_3	sgC19orf60_1	NA	NA	NA	sgDIRC1_1
sgCNTNAP3B_5	sgC19orf77_5	NA	NA	NA	sgDIRC1_2
sgCNTNAP3_2	sgC19orf80_5	NA	NA	NA	sgDIRC1_3
sgCNTNAP3_3	sgC19orf81_1	NA	NA	NA	sgDIRC1_5
sgCOIL_3	sgC19orf82_4	NA	NA	NA	sgDLG1_5
sgCOIL_4	sgC19orf83_4	NA	NA	NA	sgDLG2_8
sgCOL11A2_5	sgC1GALT1_1	NA	NA	NA	sgDLG3_9
sgCOMMD4_4	sgC1GALT1_5	NA	NA	NA	sgDMPK_1
sgCOMMD5_2	sgC1QBP_1	NA	NA	NA	sgDMPK_2
sgCOPS8_2	sgC1QBP_3	NA	NA	NA	sgDMPK_3
sgCOPS8_4	sgC1QL2_5	NA	NA	NA	sgDMPK_4
sgCOQ10B_2	sgC1QTNF1_2	NA	NA	NA	sgDMPK_5
sgCOX17_1	sgC1QTNF7_4	NA	NA	NA	sgDNAH11_2
sgCOX20_1	sgC1orf111_1	NA	NA	NA	sgDNAJB2_1
sgCOX20_2	sgC1orf111_4	NA	NA	NA	sgDNTTIP1_1
sgCOX20_3	sgC1orf115_5	NA	NA	NA	sgDRAM1_4
sgCOX20_4	sgC1orf122_3	NA	NA	NA	sgDSCR4_1
sgCOX4I1_2	sgC1orf137_5	NA	NA	NA	sgDTWD2_4
sgCOX5A_4	sgC1orf146_1	NA	NA	NA	sgDUS3L_5
sgCOX6A1_1	sgC1orf146_5	NA	NA	NA	sgDUSP13_1
sgCOX6A1_4	sgC1orf159_5	NA	NA	NA	sgDUSP13_2
sgCOX6A1_5	sgC1orf162_5	NA	NA	NA	sgDUSP13_3
sgCOX6C_2	sgC1orf168_5	NA	NA	NA	sgDUSP13_4
sgCOX7B_1	sgC1orf172_1	NA	NA	NA	sgDUSP13_5
sgCOX7B_3	sgC1orf174_3	NA	NA	NA	sgDUSP13_6
sgCOX7C_2	sgC1orf185_4	NA	NA	NA	sgDUSP13_7
sgCOX8A_4	sgC1orf192_3	NA	NA	NA	sgDUSP13_8
sgCPAMD8_2	sgC1orf194_1	NA	NA	NA	sgDYNC1LI2_2
sgCPAMD8_3	sgC1orf195_3	NA	NA	NA	sgDYRK1B_2
sgCPAMD8_4	sgC1orf210_5	NA	NA	NA	sgEARS2_3
sgCPAMD8_5	sgC1orf21_3	NA	NA	NA	sgEFCAB13_1
sgCR1L_3	sgC1orf21_4	NA	NA	NA	sgEFCAB13_2
sgCR1L_4	sgC1orf227_1	NA	NA	NA	sgEFCAB13_4
sgCRCP_1	sgC1orf50_2	NA	NA	NA	sgEFCAB13_5
sgCRCP_12	sgC1orf54_4	NA	NA	NA	sgEIF3E_2
sgCRCP_13	sgC1orf56_3	NA	NA	NA	sgEIF4E_3
sgCRCP_14	sgC20orf202_2	NA	NA	NA	sgELOVL5_6
sgCRLF3_1	sgC20orf24_3	NA	NA	NA	sgELOVL5_7
sgCROCC_3	sgC20orf27_1	NA	NA	NA	sgELOVL5_9
sgCRYGB_2	sgC20orf78_3	NA	NA	NA	sgELOVL5_10
sgCRYGD_2	sgC22orf23_1	NA	NA	NA	sgELOVL5_11
sgCRYGD_3	sgC22orf24_4	NA	NA	NA	sgENSA_7
sgCRYGD_4	sgC22orf26_3	NA	NA	NA	sgENSA_8
sgCSF2RA_1	sgC22orf26_4	NA	NA	NA	sgENSA_9
sgCSF2RA_2	sgC22orf31_5	NA	NA	NA	sgEPHB2_4
sgCSF2RA_3	sgC22orf42_3	NA	NA	NA	sgEPS15_2
sgCSF2RA_4	sgC22orf43_4	NA	NA	NA	sgERBB4_1
sgCSF2RA_5	sgC22orf46_4	NA	NA	NA	sgERI1_1
sgCSF2RB_1	sgC2CD4A_4	NA	NA	NA	sgERLIN1_2
sgCSF2RB_2	sgC2CD4B_1	NA	NA	NA	sgERV3-1_5
sgCSH1_1	sgC2CD4B_2	NA	NA	NA	sgESRRA_5
sgCSH1_2	sgC2CD4C_2	NA	NA	NA	sgETNK1_1
sgCSH2_1	sgC2orf40_1	NA	NA	NA	sgETS1_5
sgCSH2_2	sgC2orf42_5	NA	NA	NA	sgETV7_9
sgCSHL1_2	sgC2orf43_7	NA	NA	NA	sgEVI5_5
sgCSHL1_3	sgC2orf48_5	NA	NA	NA	sgEXOC7_5
sgCSNK2A3_5	sgC2orf57_2	NA	NA	NA	sgEYA3_5
sgCSPG4_2	sgC2orf66_4	NA	NA	NA	sgF8_1
sgCSPG4_5	sgC2orf69_5	NA	NA	NA	sgFADS6_3
sgCSRP2_1	sgC2orf72_2	NA	NA	NA	sgFAM122C_10
sgCSRP2_2	sgC2orf73_2	NA	NA	NA	sgFAM134A_1
sgCSRP2_5	sgC2orf80_1	NA	NA	NA	sgFAM161B_4
sgCST2_4	sgC2orf80_2	NA	NA	NA	sgFAM161B_5
sgCST4_4	sgC3AR1_4	NA	NA	NA	sgFAM169B_1
sgCS_1	sgC3orf18_5	NA	NA	NA	sgFAM169B_2
sgCS_5	sgC3orf22_2	NA	NA	NA	sgFAM169B_3
sgCTAG1A_1	sgC3orf27_5	NA	NA	NA	sgFAM169B_4
sgCTAG1A_2	sgC3orf30_5	NA	NA	NA	sgFAM169B_5
sgCTAG1A_3	sgC3orf33_1	NA	NA	NA	sgFAM218A_1
sgCTAG1B_1	sgC3orf35_2	NA	NA	NA	sgFAM218A_2
sgCTAG1B_2	sgC3orf38_5	NA	NA	NA	sgFAM218A_3
sgCTAG1B_3	sgC3orf55_3	NA	NA	NA	sgFAM218A_5
sgCTAGE1_4	sgC3orf56_3	NA	NA	NA	sgFAM69A_1
sgCTBP2_5	sgC3orf58_5	NA	NA	NA	sgFAM69A_2
sgCTDSPL2_1	sgC3orf62_5	NA	NA	NA	sgFAM69A_3
sgCTDSPL2_2	sgC3orf67_1	NA	NA	NA	sgFAM69A_4
sgCTNNA1_2	sgC3orf72_2	NA	NA	NA	sgFAM69A_5
sgCTRB2_1	sgC3orf84_2	NA	NA	NA	sgFAM86C1_2
sgCTRB2_2	sgC3orf84_3	NA	NA	NA	sgFARP1_4
sgCTRB2_3	sgC4orf27_3	NA	NA	NA	sgFARP1_5
sgCTRB2_4	sgC4orf27_5	NA	NA	NA	sgFBXL22_4
sgCTRB2_5	sgC4orf32_1	NA	NA	NA	sgFBXL22_5
sgCTU1_1	sgC4orf33_2	NA	NA	NA	sgFBXO15_2
sgCXADR_1	sgC4orf33_4	NA	NA	NA	sgFCRL6_4
sgCXCL1_2	sgC4orf36_3	NA	NA	NA	sgFCRL6_5
sgCXCL1_3	sgC4orf36_5	NA	NA	NA	sgFDFT1_3
sgCXCL1_4	sgC4orf3_8	NA	NA	NA	sgFGF2_1
sgCXCL2_3	sgC4orf45_1	NA	NA	NA	sgFLT3LG_6
sgCXCL3_1	sgC4orf45_2	NA	NA	NA	sgFLVCR2_5
sgCXCL3_5	sgC4orf45_3	NA	NA	NA	sgFMN1_3
sgCXorf40A_1	sgC4orf6_1	NA	NA	NA	sgFMN1_4
sgCXorf40A_3	sgC4orf6_4	NA	NA	NA	sgFMN1_5
sgCXorf40B_1	sgC5orf15_1	NA	NA	NA	sgFMO2_1
sgCXorf40B_2	sgC5orf15_2	NA	NA	NA	sgFMO2_2
sgCXorf40B_4	sgC5orf46_3	NA	NA	NA	sgFMO2_3
sgCXorf48_2	sgC5orf48_4	NA	NA	NA	sgFMO2_4
sgCXorf48_3	sgC5orf49_3	NA	NA	NA	sgFOXP1_9
sgCXorf48_4	sgC5orf58_3	NA	NA	NA	sgFOXP1_10
sgCXorf56_1	sgC5orf60_1	NA	NA	NA	sgFOXP4_4
sgCYCS_3	sgC5orf60_3	NA	NA	NA	sgFOXQ1_1
sgCYP11B1_3	sgC5orf63_2	NA	NA	NA	sgFPGS_2
sgCYP21A2_1	sgC5orf63_4	NA	NA	NA	sgFRMD1_1
sgCYP21A2_4	sgC5orf64_1	NA	NA	NA	sgFRMD3_15
sgCYP21A2_5	sgC6orf106_1	NA	NA	NA	sgFRRS1L_5
sgCYP2A7_3	sgC6orf106_2	NA	NA	NA	sgFTCD_1
sgCYP2C18_1	sgC6orf10_4	NA	NA	NA	sgFXYD3_6
sgCYP2C9_3	sgC6orf120_3	NA	NA	NA	sgFXYD3_7
sgCYP2D6_1	sgC6orf163_3	NA	NA	NA	sgFXYD3_8
sgCYP2D6_4	sgC6orf165_2	NA	NA	NA	sgFXYD3_9
sgCYP2F1_3	sgC6orf1_1	NA	NA	NA	sgFXYD3_10
sgCYP2F1_4	sgC6orf203_2	NA	NA	NA	sgFXYD3_11
sgCYP2F1_5	sgC6orf203_4	NA	NA	NA	sgFXYD3_12
sgCYP3A4_4	sgC6orf203_5	NA	NA	NA	sgFXYD3_13
sgCYP4A11_3	sgC6orf211_2	NA	NA	NA	sgGALE_5
sgCYP4A22_2	sgC6orf226_5	NA	NA	NA	sgGATS_1
sgCYP4A22_4	sgC7orf33_3	NA	NA	NA	sgGATS_5
sgCYP4F12_4	sgC7orf49_1	NA	NA	NA	sgGCFC2_1
sgCYP4F2_2	sgC7orf57_4	NA	NA	NA	sgGCNT2_7
sgCYP4F2_3	sgC7orf57_5	NA	NA	NA	sgGCNT2_8
sgCYP4F2_5	sgC7orf60_2	NA	NA	NA	sgGCNT2_9
sgCYP4F3_3	sgC7orf63_5	NA	NA	NA	sgGCNT2_10
sgCYP51A1_5	sgC7orf69_5	NA	NA	NA	sgGCNT2_11
sgCYorf17_3	sgC8B_1	NA	NA	NA	sgGCNT2_12
sgDAP3_4	sgC8G_1	NA	NA	NA	sgGCNT2_13
sgDAZAP2_9	sgC8orf31_4	NA	NA	NA	sgGCNT2_14
sgDBF4_1	sgC8orf34_3	NA	NA	NA	sgGCNT2_15
sgDBF4_2	sgC8orf37_2	NA	NA	NA	sgGCNT3_1
sgDBF4_3	sgC8orf37_3	NA	NA	NA	sgGCNT3_2
sgDBF4_4	sgC8orf46_5	NA	NA	NA	sgGCNT3_3
sgDBI_3	sgC8orf47_7	NA	NA	NA	sgGCNT3_4
sgDCLRE1C_4	sgC8orf88_2	NA	NA	NA	sgGCNT3_5
sgDCUN1D3_1	sgC9orf152_4	NA	NA	NA	sgGGA2_3
sgDDA1_2	sgC9orf163_2	NA	NA	NA	sgGLRA4_1
sgDDA1_4	sgC9orf16_1	NA	NA	NA	sgGLRA4_2
sgDDTL_1	sgC9orf16_2	NA	NA	NA	sgGLRA4_3
sgDDTL_2	sgC9orf16_4	NA	NA	NA	sgGLRA4_4
sgDDTL_3	sgC9orf16_5	NA	NA	NA	sgGLRA4_5
sgDDX11_2	sgC9orf170_2	NA	NA	NA	sgGLYAT_5
sgDDX18_3	sgC9orf170_4	NA	NA	NA	sgGMPPA_4
sgDDX18_5	sgC9orf172_4	NA	NA	NA	sgGNAQ_2
sgDDX23_4	sgC9orf37_2	NA	NA	NA	sgGNAS_1
sgDDX50_1	sgC9orf43_4	NA	NA	NA	sgGNAS_2
sgDDX56_1	sgC9orf57_1	NA	NA	NA	sgGNAS_3
sgDDX56_2	sgC9orf85_3	NA	NA	NA	sgGNAS_4
sgDDX56_5	sgC9orf92_2	NA	NA	NA	sgGNAS_11
sgDEF8_4	sgC9orf9_3	NA	NA	NA	sgGNAS_12
sgDEFB103A_1	sgCA12_5	NA	NA	NA	sgGNAS_13
sgDEFB103A_2	sgCA14_1	NA	NA	NA	sgGNAS_14
sgDEFB103B_1	sgCA1_5	NA	NA	NA	sgGNAS_15
sgDEFB103B_2	sgCA5A_2	NA	NA	NA	sgGNB4_3
sgDEFB104A_1	sgCA5A_3	NA	NA	NA	sgGNL3L_3
sgDEFB104A_2	sgCA5A_4	NA	NA	NA	sgGPR142_1
sgDEFB104B_1	sgCA5A_5	NA	NA	NA	sgGPR142_2
sgDEFB104B_2	sgCA9_5	NA	NA	NA	sgGPR142_3
sgDEFB105A_1	sgCAAP1_4	NA	NA	NA	sgGSTM2_2
sgDEFB105A_2	sgCAB39_5	NA	NA	NA	sgGSTM2_3
sgDEFB105A_3	sgCABP2_2	NA	NA	NA	sgGSTM2_4
sgDEFB105B_1	sgCABP5_3	NA	NA	NA	sgGSTM2_5
sgDEFB105B_2	sgCABP5_4	NA	NA	NA	sgGTSCR1_1
sgDEFB106B_1	sgCABYR_4	NA	NA	NA	sgGTSCR1_3
sgDEFB106B_2	sgCACFD1_3	NA	NA	NA	sgGTSCR1_4
sgDEFB107A_1	sgCACNA1B_5	NA	NA	NA	sgGTSCR1_5
sgDEFB107B_1	sgCAGE1_4	NA	NA	NA	sgHDAC3_5
sgDEFB108B_3	sgCALB1_5	NA	NA	NA	sgHELT_1
sgDEFB4A_1	sgCALCA_1	NA	NA	NA	sgHES1_3
sgDEFB4B_1	sgCALCA_4	NA	NA	NA	sgHES2_1
sgDEFB4B_2	sgCALCB_1	NA	NA	NA	sgHGD_2
sgDENR_1	sgCALCB_5	NA	NA	NA	sgHHLA3_1
sgDEPDC1_5	sgCALM1_4	NA	NA	NA	sgHHLA3_2
sgDESI2_2	sgCALML3_5	NA	NA	NA	sgHHLA3_4
sgDESI2_4	sgCALML4_8	NA	NA	NA	sgHHLA3_5
sgDEXI_2	sgCALN1_4	NA	NA	NA	sgHHLA3_6
sgDEXI_3	sgCALU_4	NA	NA	NA	sgHHLA3_7
sgDEXI_4	sgCAMK2D_3	NA	NA	NA	sgHIP1_5
sgDEXI_5	sgCAMK2D_5	NA	NA	NA	sgHLA-A_2
sgDGCR6L_3	sgCAMK4_1	NA	NA	NA	sgHLA-DQB1_2
sgDGKZ_2	sgCAP1_1	NA	NA	NA	sgHLA-DQB1_4
sgDGKZ_4	sgCAP1_2	NA	NA	NA	sgHLA-DRB1_3
sgDHFRL1_1	sgCAP1_5	NA	NA	NA	sgHLA-DRB5_1
sgDHFR_1	sgCAPG_1	NA	NA	NA	sgHLA-DRB5_2
sgDHFR_3	sgCAPG_3	NA	NA	NA	sgHNMT_8
sgDHRS4L2_1	sgCAPN1_5	NA	NA	NA	sgHNMT_9
sgDHRS4L2_2	sgCAPZA1_2	NA	NA	NA	sgHNMT_10
sgDHRS4_1	sgCAPZA2_2	NA	NA	NA	sgHNRNPC_3
sgDHRS4_5	sgCAPZA2_5	NA	NA	NA	sgHOOK2_2
sgDHRSX_1	sgCARD10_1	NA	NA	NA	sgHOPX_7
sgDHRSX_2	sgCARD16_5	NA	NA	NA	sgHRASLS_1
sgDHRSX_3	sgCARD16_6	NA	NA	NA	sgHRASLS_3
sgDHX40_4	sgCARD17_2	NA	NA	NA	sgHRNR_5
sgDHX40_5	sgCARD6_4	NA	NA	NA	sgHSBP1L1_5
sgDHX9_2	sgCARHSP1_2	NA	NA	NA	sgHTRA2_4
sgDHX9_3	sgCARHSP1_5	NA	NA	NA	sgHUNK_2
sgDLST_2	sgCASC4_1	NA	NA	NA	sgHUS1_3
sgDMRTC1B_1	sgCASC4_4	NA	NA	NA	sgHYLS1_2
sgDMRTC1B_2	sgCASC5_5	NA	NA	NA	sgHYLS1_3
sgDMRTC1_1	sgCASP12_3	NA	NA	NA	sgHYLS1_4
sgDMRTC1_2	sgCASP1_11	NA	NA	NA	sgHYLS1_5
sgDMRTC1_3	sgCASP1_2	NA	NA	NA	sgICAM4_5
sgDMRTC1_4	sgCASP1_3	NA	NA	NA	sgIDH3B_3
sgDNAJA1_2	sgCASP1_5	NA	NA	NA	sgIFI35_2
sgDNAJA1_3	sgCASP1_6	NA	NA	NA	sgIFRD2_3
sgDNAJA1_5	sgCASP1_8	NA	NA	NA	sgIFT80_3
sgDNAJB14_1	sgCASP3_5	NA	NA	NA	sgIKBIP_6
sgDNAJB14_2	sgCASP5_3	NA	NA	NA	sgIKBIP_7
sgDNAJB1_1	sgCASP5_7	NA	NA	NA	sgIKBIP_8
sgDNAJB6_1	sgCASP8_5	NA	NA	NA	sgIL1F10_3
sgDNAJB6_3	sgCATSPER2_2	NA	NA	NA	sgIL2RG_3
sgDNAJC19_1	sgCATSPER2_4	NA	NA	NA	sgIMPDH2_1
sgDNAJC19_4	sgCATSPER2_5	NA	NA	NA	sgING1_10
sgDNAJC19_5	sgCATSPERD_2	NA	NA	NA	sgINS-IGF2_1
sgDNAJC8_1	sgCAV1_2	NA	NA	NA	sgINS-IGF2_2
sgDNAJC8_4	sgCBLB_5	NA	NA	NA	sgINS-IGF2_3
sgDNAJC9_1	sgCBLC_4	NA	NA	NA	sgINS-IGF2_4
sgDNAJC9_2	sgCBLC_5	NA	NA	NA	sgINTS6_1
sgDNAJC9_4	sgCBR3_1	NA	NA	NA	sgIP6K2_10
sgDND1_5	sgCBR3_2	NA	NA	NA	sgIPO13_3
sgDOK1_3	sgCBWD1_1	NA	NA	NA	sgIQCB1_3
sgDPPA3_1	sgCBWD2_2	NA	NA	NA	sgIQCJ_6
sgDPPA3_2	sgCBX1_4	NA	NA	NA	sgIQCJ_7
sgDPPA3_3	sgCBX1_5	NA	NA	NA	sgIQCJ_8
sgDPPA3_4	sgCBX3_1	NA	NA	NA	sgIQCJ_9
sgDPPA5_2	sgCBX3_4	NA	NA	NA	sgIZUMO4_5
sgDPY19L1_4	sgCBY1_4	NA	NA	NA	sgKAAG1_1
sgDPY19L1_5	sgCC2D2A_11	NA	NA	NA	sgKAAG1_2
sgDPY19L2_3	sgCC2D2A_2	NA	NA	NA	sgKAAG1_3
sgDPY19L4_1	sgCC2D2A_5	NA	NA	NA	sgKAAG1_4
sgDPY19L4_2	sgCCAR2_4	NA	NA	NA	sgKAAG1_5
sgDPY30_1	sgCCBL2_5	NA	NA	NA	sgKATNA1_5
sgDPY30_2	sgCCDC108_2	NA	NA	NA	sgKBTBD2_4
sgDPY30_3	sgCCDC112_1	NA	NA	NA	sgKCNE4_1
sgDPY30_4	sgCCDC112_5	NA	NA	NA	sgKCNH5_4
sgDRAXIN_5	sgCCDC121_1	NA	NA	NA	sgKCNQ2_3
sgDRD2_5	sgCCDC121_5	NA	NA	NA	sgKCTD13_4
sgDRD5_3	sgCCDC122_4	NA	NA	NA	sgKCTD16_1
sgDRD5_4	sgCCDC129_5	NA	NA	NA	sgKCTD16_2
sgDRG1_2	sgCCDC136_1	NA	NA	NA	sgKCTD16_4
sgDRG1_3	sgCCDC137_1	NA	NA	NA	sgKCTD16_5
sgDSE_1	sgCCDC137_2	NA	NA	NA	sgKCTD5_5
sgDSE_3	sgCCDC13_5	NA	NA	NA	sgKHK_1
sgDSTN_1	sgCCDC144NL_1	NA	NA	NA	sgKIAA0195_3
sgDSTN_2	sgCCDC144NL_4	NA	NA	NA	sgKIAA0368_4
sgDSTN_3	sgCCDC146_1	NA	NA	NA	sgKIAA0368_5
sgDSTN_4	sgCCDC147_2	NA	NA	NA	sgKIAA0513_4
sgDTWD1_1	sgCCDC152_4	NA	NA	NA	sgKIAA1210_3
sgDTWD1_2	sgCCDC153_3	NA	NA	NA	sgKIAA1210_4
sgDTWD1_4	sgCCDC155_3	NA	NA	NA	sgKIAA1210_5
sgDTWD1_5	sgCCDC159_3	NA	NA	NA	sgKIR2DL4_2
sgDTX2_2	sgCCDC166_4	NA	NA	NA	sgKIR2DL4_3
sgDUSP22_1	sgCCDC167_2	NA	NA	NA	sgKIR2DL4_5
sgDUSP22_2	sgCCDC167_5	NA	NA	NA	sgKIR2DL4_6
sgDUSP22_3	sgCCDC169_1	NA	NA	NA	sgKLK15_3
sgDUSP22_4	sgCCDC169_4	NA	NA	NA	sgKLK8_11
sgDUSP22_5	sgCCDC169_7	NA	NA	NA	sgKLK8_12
sgDUT_3	sgCCDC177_4	NA	NA	NA	sgKLRC1_3
sgDUXA_4	sgCCDC181_1	NA	NA	NA	sgKLRC3_1
sgDYNC1I2_2	sgCCDC181_4	NA	NA	NA	sgKNCN_4
sgDYNC1I2_3	sgCCDC23_2	NA	NA	NA	sgKRBA2_5
sgDYNC1I2_4	sgCCDC23_3	NA	NA	NA	sgKRT13_4
sgDYNC1LI1_4	sgCCDC23_4	NA	NA	NA	sgKRT24_1
sgDYNLL1_3	sgCCDC24_4	NA	NA	NA	sgKRT24_2
sgDYNLRB1_1	sgCCDC25_2	NA	NA	NA	sgKRT24_3
sgDYNLT1_2	sgCCDC28A_5	NA	NA	NA	sgKRT24_4
sgDYNLT3_1	sgCCDC28B_5	NA	NA	NA	sgKRT24_5
sgE2F3_4	sgCCDC30_5	NA	NA	NA	sgKRT34_3
sgE2F6_1	sgCCDC34_2	NA	NA	NA	sgKRT34_4
sgEBPL_1	sgCCDC38_4	NA	NA	NA	sgKRT34_5
sgEBPL_3	sgCCDC39_5	NA	NA	NA	sgKRT37_4
sgEBPL_4	sgCCDC42B_1	NA	NA	NA	sgKRTAP19-6_2
sgEBPL_5	sgCCDC53_5	NA	NA	NA	sgKRTAP4-9_4
sgEED_1	sgCCDC58_2	NA	NA	NA	sgKRTAP5-1_3
sgEED_3	sgCCDC58_4	NA	NA	NA	sgKRTAP5-5_3
sgEEF1B2_2	sgCCDC59_4	NA	NA	NA	sgKRTAP5-5_4
sgEEF1B2_4	sgCCDC59_5	NA	NA	NA	sgKRTAP9-7_1
sgEEF1E1_4	sgCCDC63_3	NA	NA	NA	sgKRTAP9-8_1
sgEEF1G_1	sgCCDC70_1	NA	NA	NA	sgLALBA_4
sgEEF1G_3	sgCCDC70_3	NA	NA	NA	sgLAMA4_7
sgEEF1G_5	sgCCDC73_3	NA	NA	NA	sgLAMC3_2
sgEFCAB14_5	sgCCDC74B_1	NA	NA	NA	sgLAMTOR5_2
sgEFTUD1_1	sgCCDC77_2	NA	NA	NA	sgLAMTOR5_3
sgEFTUD1_3	sgCCDC84_1	NA	NA	NA	sgLAMTOR5_4
sgEFTUD1_4	sgCCDC90B_2	NA	NA	NA	sgLAMTOR5_5
sgEGLN3_1	sgCCDC90B_4	NA	NA	NA	sgLAPTM4B_1
sgEIF1AX_1	sgCCDC90B_5	NA	NA	NA	sgLAPTM4B_2
sgEIF1AX_2	sgCCDC90B_6	NA	NA	NA	sgLBP_3
sgEIF1AX_3	sgCCDC91_1	NA	NA	NA	sgLCN12_1
sgEIF1AX_5	sgCCDC93_4	NA	NA	NA	sgLCOR_4
sgEIF1_1	sgCCHCR1_2	NA	NA	NA	sgLCOR_5
sgEIF1_2	sgCCHCR1_3	NA	NA	NA	sgLEO1_1
sgEIF1_3	sgCCK_5	NA	NA	NA	sgLEO1_3
sgEIF2S2_1	sgCCL14_2	NA	NA	NA	sgLEO1_4
sgEIF2S2_3	sgCCL15_1	NA	NA	NA	sgLEPRE1_2
sgEIF2S2_4	sgCCL15_5	NA	NA	NA	sgLEPROTL1_6
sgEIF2S3_1	sgCCL20_2	NA	NA	NA	sgLILRB3_1
sgEIF2S3_2	sgCCL20_4	NA	NA	NA	sgLILRB3_2
sgEIF2S3_4	sgCCL22_4	NA	NA	NA	sgLIMS1_6
sgEIF3CL_1	sgCCL23_5	NA	NA	NA	sgLINGO1_3
sgEIF3CL_2	sgCCL23_7	NA	NA	NA	sgLINGO2_1
sgEIF3C_1	sgCCL24_5	NA	NA	NA	sgLINGO2_2
sgEIF3C_2	sgCCL27_4	NA	NA	NA	sgLINGO2_3
sgEIF3C_3	sgCCL2_2	NA	NA	NA	sgLINGO2_4
sgEIF3E_5	sgCCL2_4	NA	NA	NA	sgLINGO2_5
sgEIF3F_1	sgCCL3_1	NA	NA	NA	sgLMO3_4
sgEIF3F_2	sgCCL3_2	NA	NA	NA	sgLPL_1
sgEIF3F_3	sgCCL3_3	NA	NA	NA	sgLRP3_1
sgEIF3J_4	sgCCL4_2	NA	NA	NA	sgLRP5L_1
sgEIF3J_5	sgCCL5_5	NA	NA	NA	sgLRP5L_2
sgEIF3J_7	sgCCL7_2	NA	NA	NA	sgLRP5L_3
sgEIF3K_2	sgCCM2_5	NA	NA	NA	sgLRP5L_4
sgEIF3L_1	sgCCNB1IP1_2	NA	NA	NA	sgLRP5L_5
sgEIF4B_2	sgCCNB1IP1_3	NA	NA	NA	sgLRRC29_1
sgEIF4B_3	sgCCNB2_1	NA	NA	NA	sgLRRC29_2
sgEIF4E2_4	sgCCNB3_6	NA	NA	NA	sgLRRC29_3
sgEIF4EBP2_1	sgCCND2_4	NA	NA	NA	sgLRRC29_4
sgEIF4EBP2_5	sgCCND3_10	NA	NA	NA	sgLRRC29_5
sgEIF4E_1	sgCCND3_2	NA	NA	NA	sgLSM14B_1
sgEIF4E_2	sgCCND3_5	NA	NA	NA	sgLSMD1_2
sgEIF4E_4	sgCCNE1_4	NA	NA	NA	sgLSMD1_3
sgEIF4H_2	sgCCNF_4	NA	NA	NA	sgLSMD1_4
sgEIF4H_3	sgCCNG1_2	NA	NA	NA	sgLSMD1_5
sgEIF4H_4	sgCCNG1_5	NA	NA	NA	sgLSR_1
sgEIF5AL1_1	sgCCNH_1	NA	NA	NA	sgLST1_10
sgEIF5AL1_2	sgCCNJ_1	NA	NA	NA	sgLUZP6_1
sgEIF5AL1_3	sgCCNJ_2	NA	NA	NA	sgLYSMD4_6
sgEIF5AL1_4	sgCCNJ_3	NA	NA	NA	sgLYSMD4_7
sgEIF5A_2	sgCCNJ_4	NA	NA	NA	sgMAATS1_5
sgEIF5_3	sgCCNT2_1	NA	NA	NA	sgMAGEB16_1
sgEIF5_4	sgCCNYL1_1	NA	NA	NA	sgMAGEB16_2
sgEIF5_5	sgCCNYL1_5	NA	NA	NA	sgMAGEB16_3
sgELL2_5	sgCCPG1_5	NA	NA	NA	sgMAGEB16_4
sgEMB_2	sgCCR1_1	NA	NA	NA	sgMAGEB16_5
sgENDOD1_5	sgCCR4_1	NA	NA	NA	sgMAP10_1
sgENSA_1	sgCCR4_3	NA	NA	NA	sgMAP3K9_3
sgENSA_2	sgCCR5_4	NA	NA	NA	sgMAX_9
sgENSA_3	sgCCR6_2	NA	NA	NA	sgMAX_11
sgENSA_4	sgCCR8_5	NA	NA	NA	sgMBP_4
sgENSA_5	sgCCT2_2	NA	NA	NA	sgMBP_5
sgENSA_6	sgCCT4_1	NA	NA	NA	sgMCHR1_1
sgENY2_1	sgCCT4_5	NA	NA	NA	sgMCM3_5
sgEP400_1	sgCCT5_2	NA	NA	NA	sgMDP1_1
sgEPDR1_11	sgCCT5_3	NA	NA	NA	sgMDP1_2
sgERCC3_5	sgCCT5_4	NA	NA	NA	sgMDP1_3
sgERH_5	sgCCT6A_1	NA	NA	NA	sgMDP1_4
sgERI2_1	sgCCT6A_3	NA	NA	NA	sgMDP1_5
sgERP29_4	sgCCT8L2_3	NA	NA	NA	sgMETTL6_2
sgERVV-1_1	sgCCT8L2_4	NA	NA	NA	sgMGP_7
sgESAM_2	sgCCT8L2_5	NA	NA	NA	sgMICALCL_1
sgESAM_3	sgCCT8_1	NA	NA	NA	sgMICALCL_2
sgESRRA_3	sgCCT8_2	NA	NA	NA	sgMICALCL_3
sgETF1_3	sgCD164L2_2	NA	NA	NA	sgMICALCL_4
sgETV3_3	sgCD177_5	NA	NA	NA	sgMICALCL_5
sgETV3_4	sgCD1E_12	NA	NA	NA	sgMID1_1
sgETV3_5	sgCD1E_16	NA	NA	NA	sgMINA_1
sgETV3_6	sgCD1E_17	NA	NA	NA	sgMLF2_4
sgEVA1C_2	sgCD1E_3	NA	NA	NA	sgMLLT10_6
sgEVA1C_3	sgCD22_1	NA	NA	NA	sgMMP25_5
sgEVPLL_1	sgCD276_1	NA	NA	NA	sgMMP28_5
sgEWSR1_1	sgCD300A_5	NA	NA	NA	sgMOBP_6
sgEWSR1_3	sgCD300C_3	NA	NA	NA	sgMOBP_7
sgEXOC5_1	sgCD300C_4	NA	NA	NA	sgMOCS2_7
sgF11_1	sgCD300LF_3	NA	NA	NA	sgMOCS2_8
sgF8A3_1	sgCD320_3	NA	NA	NA	sgMON1A_4
sgF8A3_2	sgCD320_5	NA	NA	NA	sgMON1A_5
sgF8A3_3	sgCD33_3	NA	NA	NA	sgMOSPD3_3
sgF8A3_4	sgCD33_7	NA	NA	NA	sgMPI_3
sgF8A3_5	sgCD33_8	NA	NA	NA	sgMPP4_3
sgFABP3_1	sgCD37_4	NA	NA	NA	sgMPZL3_1
sgFABP5_1	sgCD3EAP_2	NA	NA	NA	sgMRPL33_2
sgFAHD1_5	sgCD4_5	NA	NA	NA	sgMRPS14_3
sgFAHD2A_1	sgCD53_1	NA	NA	NA	sgMRPS5_4
sgFAHD2A_3	sgCD6_4	NA	NA	NA	sgMS4A14_1
sgFAHD2B_1	sgCD74_4	NA	NA	NA	sgMS4A14_2
sgFAHD2B_2	sgCD79B_1	NA	NA	NA	sgMS4A14_3
sgFAM103A1_1	sgCD83_2	NA	NA	NA	sgMS4A14_4
sgFAM103A1_2	sgCD8B_4	NA	NA	NA	sgMS4A14_5
sgFAM103A1_3	sgCD99L2_5	NA	NA	NA	sgMTCP1_2
sgFAM103A1_4	sgCDADC1_2	NA	NA	NA	sgMTUS1_10
sgFAM103A1_5	sgCDADC1_5	NA	NA	NA	sgMTUS1_11
sgFAM104B_1	sgCDC14B_1	NA	NA	NA	sgMUS81_4
sgFAM104B_5	sgCDC14B_5	NA	NA	NA	sgMYEOV2_1
sgFAM115A_1	sgCDC14B_6	NA	NA	NA	sgMYEOV2_2
sgFAM115A_2	sgCDC25B_4	NA	NA	NA	sgMYEOV2_6
sgFAM115A_3	sgCDC25C_4	NA	NA	NA	sgMYSM1_5
sgFAM115C_1	sgCDC26_5	NA	NA	NA	sgMZB1_3
sgFAM115C_2	sgCDC27_2	NA	NA	NA	sgN4BP2L2_1
sgFAM115C_3	sgCDC27_5	NA	NA	NA	sgN4BP2L2_2
sgFAM115C_5	sgCDC37_1	NA	NA	NA	sgN4BP2L2_3
sgFAM127B_2	sgCDC37_5	NA	NA	NA	sgN4BP2L2_4
sgFAM131C_1	sgCDC42BPA_5	NA	NA	NA	sgN4BP2L2_5
sgFAM131C_2	sgCDC42EP3_3	NA	NA	NA	sgNAA60_5
sgFAM131C_5	sgCDC42EP4_4	NA	NA	NA	sgNACA2_1
sgFAM133B_3	sgCDC42_5	NA	NA	NA	sgNACA2_2
sgFAM136A_1	sgCDC5L_1	NA	NA	NA	sgNACA2_3
sgFAM136A_2	sgCDCA7_5	NA	NA	NA	sgNACA2_4
sgFAM136A_3	sgCDCA8_5	NA	NA	NA	sgNACA2_5
sgFAM149B1_1	sgCDCP1_1	NA	NA	NA	sgNAGK_1
sgFAM149B1_3	sgCDCP2_4	NA	NA	NA	sgNAPRT1_1
sgFAM149B1_5	sgCDH13_3	NA	NA	NA	sgNCF1_3
sgFAM151A_4	sgCDH24_5	NA	NA	NA	sgNCOA4_3
sgFAM153B_1	sgCDH4_5	NA	NA	NA	sgNDUFA7_5
sgFAM153B_2	sgCDH6_1	NA	NA	NA	sgNDUFC2_2
sgFAM153B_3	sgCDIP1_2	NA	NA	NA	sgNDUFV2_3
sgFAM154B_5	sgCDIP1_5	NA	NA	NA	sgNEBL_4
sgFAM156A_1	sgCDIPT_3	NA	NA	NA	sgNEBL_5
sgFAM156A_2	sgCDK20_5	NA	NA	NA	sgNEK3_1
sgFAM156B_1	sgCDK2AP1_2	NA	NA	NA	sgNEK3_2
sgFAM156B_2	sgCDK2AP1_5	NA	NA	NA	sgNEK3_3
sgFAM156B_3	sgCDK2AP2_3	NA	NA	NA	sgNEK3_4
sgFAM175A_1	sgCDK2AP2_5	NA	NA	NA	sgNEK3_5
sgFAM175A_2	sgCDK5RAP1_1	NA	NA	NA	sgNFKBIE_4
sgFAM175A_3	sgCDK5RAP3_1	NA	NA	NA	sgNFKBIE_5
sgFAM175A_5	sgCDK5RAP3_2	NA	NA	NA	sgNIN_2
sgFAM177A1_2	sgCDK5RAP3_4	NA	NA	NA	sgNINJ2_5
sgFAM185A_1	sgCDK5_5	NA	NA	NA	sgNIPA2_2
sgFAM185A_2	sgCDK7_4	NA	NA	NA	sgNIPAL4_1
sgFAM185A_4	sgCDKL2_5	NA	NA	NA	sgNIPAL4_2
sgFAM185A_5	sgCDKN2A_2	NA	NA	NA	sgNKAIN1_2
sgFAM192A_3	sgCDKN2A_3	NA	NA	NA	sgNKX6-3_4
sgFAM192A_5	sgCDKN2A_7	NA	NA	NA	sgNKX6-3_5
sgFAM204A_4	sgCDON_1	NA	NA	NA	sgNOL11_2
sgFAM206A_3	sgCDPF1_1	NA	NA	NA	sgNR1H2_4
sgFAM206A_5	sgCDR2_4	NA	NA	NA	sgNREP_5
sgFAM207A_3	sgCDRT15L2_2	NA	NA	NA	sgNREP_6
sgFAM209B_3	sgCDRT15L2_5	NA	NA	NA	sgNRF1_3
sgFAM213A_1	sgCDRT1_3	NA	NA	NA	sgNRG1_1
sgFAM213A_5	sgCDSN_5	NA	NA	NA	sgNRG1_2
sgFAM21C_2	sgCDT1_3	NA	NA	NA	sgNRG1_3
sgFAM220A_4	sgCDYL_4	NA	NA	NA	sgNRG1_4
sgFAM24A_4	sgCEACAM1_2	NA	NA	NA	sgNRG1_5
sgFAM25A_3	sgCEACAM1_5	NA	NA	NA	sgNRG1_11
sgFAM35A_2	sgCEACAM1_8	NA	NA	NA	sgNRG1_14
sgFAM35A_3	sgCEACAM3_1	NA	NA	NA	sgNRG1_15
sgFAM3C_1	sgCEACAM3_5	NA	NA	NA	sgNRG1_16
sgFAM3C_4	sgCEACAM4_2	NA	NA	NA	sgNRG1_17
sgFAM3C_5	sgCEACAM4_4	NA	NA	NA	sgNRXN1_4
sgFAM45A_1	sgCEACAM5_2	NA	NA	NA	sgNRXN1_5
sgFAM45A_2	sgCEACAM6_1	NA	NA	NA	sgNT5C1B-RDH14_1
sgFAM45A_3	sgCEACAM7_2	NA	NA	NA	sgNUBP2_1
sgFAM45A_4	sgCEBPD_5	NA	NA	NA	sgNUDT2_1
sgFAM60A_1	sgCEBPZ_1	NA	NA	NA	sgNUP133_3
sgFAM60A_2	sgCELA2A_4	NA	NA	NA	sgNUP98_4
sgFAM60A_4	sgCELA3B_1	NA	NA	NA	sgNUPR1_7
sgFAM64A_3	sgCELF1_3	NA	NA	NA	sgNXF5_2
sgFAM72D_1	sgCEMP1_2	NA	NA	NA	sgOAS1_5
sgFAM72D_2	sgCEND1_3	NA	NA	NA	sgOAZ1_5
sgFAM72D_3	sgCEND1_5	NA	NA	NA	sgORM2_1
sgFAM72D_4	sgCENPBD1_3	NA	NA	NA	sgORM2_2
sgFAM72D_5	sgCENPC_2	NA	NA	NA	sgORM2_4
sgFAM76A_1	sgCENPC_3	NA	NA	NA	sgOSBPL11_3
sgFAM86B1_1	sgCENPC_5	NA	NA	NA	sgOSGEP_3
sgFAM86B2_1	sgCENPE_5	NA	NA	NA	sgOXA1L_1
sgFAM91A1_5	sgCENPK_5	NA	NA	NA	sgP2RX5_1
sgFAM96A_3	sgCENPM_4	NA	NA	NA	sgP2RX5_2
sgFAM96A_7	sgCENPM_5	NA	NA	NA	sgP2RX5_3
sgFAM98B_3	sgCENPM_7	NA	NA	NA	sgP2RX5_4
sgFAM98B_4	sgCENPM_8	NA	NA	NA	sgP2RX5_5
sgFAM9B_4	sgCENPN_4	NA	NA	NA	sgPABPC4_5
sgFAM9C_3	sgCENPP_2	NA	NA	NA	sgPAFAH1B1_5
sgFANCD2_3	sgCENPP_3	NA	NA	NA	sgPAFAH1B2_3
sgFANCD2_4	sgCENPP_4	NA	NA	NA	sgPALB2_1
sgFAU_1	sgCENPP_6	NA	NA	NA	sgPALM2_3
sgFAU_2	sgCENPQ_3	NA	NA	NA	sgPALM2_4
sgFAU_5	sgCENPW_4	NA	NA	NA	sgPALM2_5
sgFBLIM1_5	sgCEP135_2	NA	NA	NA	sgPAX1_2
sgFBXO36_5	sgCEP164_1	NA	NA	NA	sgPCMT1_1
sgFBXW10_6	sgCEP164_4	NA	NA	NA	sgPDIA3_1
sgFBXW10_7	sgCEP170_2	NA	NA	NA	sgPDLIM5_14
sgFBXW2_1	sgCEP170_5	NA	NA	NA	sgPDLIM5_15
sgFCF1_1	sgCEP290_4	NA	NA	NA	sgPDPN_1
sgFCF1_2	sgCEP55_2	NA	NA	NA	sgPGPEP1L_1
sgFCGR1A_1	sgCEP55_3	NA	NA	NA	sgPGPEP1L_2
sgFCGR1A_2	sgCEP57L1_2	NA	NA	NA	sgPGPEP1L_3
sgFCGR1A_3	sgCEP57L1_4	NA	NA	NA	sgPGPEP1L_4
sgFCGR1B_1	sgCEP57L1_5	NA	NA	NA	sgPGPEP1L_5
sgFCGR1B_2	sgCEP57_2	NA	NA	NA	sgPHACTR3_1
sgFCGR1B_3	sgCEP70_4	NA	NA	NA	sgPHF8_1
sgFCGR1B_4	sgCEP78_4	NA	NA	NA	sgPHKG2_5
sgFCGR1B_5	sgCERCAM_3	NA	NA	NA	sgPHPT1_2
sgFCGR2A_3	sgCERKL_2	NA	NA	NA	sgPHRF1_2
sgFCGR2A_4	sgCERS3_4	NA	NA	NA	sgPICK1_5
sgFCGR2B_2	sgCES2_2	NA	NA	NA	sgPISD_4
sgFCGR2B_3	sgCES3_7	NA	NA	NA	sgPISD_5
sgFCGR2B_4	sgCES5A_2	NA	NA	NA	sgPKD1L2_1
sgFCGR3A_1	sgCES5A_4	NA	NA	NA	sgPKD1L2_2
sgFCGR3A_2	sgCETN2_2	NA	NA	NA	sgPKD1L2_4
sgFCGR3B_1	sgCETN2_3	NA	NA	NA	sgPKD1L2_5
sgFCRL6_2	sgCETN3_5	NA	NA	NA	sgPLA2G10_1
sgFDPS_5	sgCFHR1_1	NA	NA	NA	sgPLA2G4F_3
sgFDX1_4	sgCFHR3_3	NA	NA	NA	sgPLEKHH3_3
sgFECH_4	sgCFHR3_4	NA	NA	NA	sgPLSCR2_3
sgFEN1_1	sgCFHR3_5	NA	NA	NA	sgPLSCR2_4
sgFFAR3_1	sgCFHR4_4	NA	NA	NA	sgPLSCR2_5
sgFFAR3_2	sgCFHR5_4	NA	NA	NA	sgPNKD_9
sgFFAR3_3	sgCFL1_4	NA	NA	NA	sgPOLR1D_1
sgFFAR3_4	sgCFL2_3	NA	NA	NA	sgPOLR1D_2
sgFFAR3_5	sgCGA_3	NA	NA	NA	sgPOLR1D_3
sgFGFR1OP2_3	sgCGGBP1_2	NA	NA	NA	sgPOLR1D_4
sgFKBP1A_2	sgCHAF1B_1	NA	NA	NA	sgPOLR1D_5
sgFKBP1A_3	sgCHAF1B_3	NA	NA	NA	sgPOLR3GL_1
sgFKBP1A_4	sgCHCHD10_4	NA	NA	NA	sgPOLR3H_1
sgFKBP1A_5	sgCHCHD2_3	NA	NA	NA	sgPOTEE_1
sgFKBP6_1	sgCHCHD2_4	NA	NA	NA	sgPOTEG_3
sgFKBP9_3	sgCHCHD3_1	NA	NA	NA	sgPPFIA1_5
sgFKBP9_5	sgCHCHD3_3	NA	NA	NA	sgPQLC1_4
sgFKBP9_6	sgCHCHD7_7	NA	NA	NA	sgPRAF2_3
sgFLYWCH1_4	sgCHD1L_1	NA	NA	NA	sgPRB1_1
sgFN3K_2	sgCHDC2_3	NA	NA	NA	sgPRB1_2
sgFNTA_3	sgCHGA_3	NA	NA	NA	sgPRDM5_1
sgFOLH1_1	sgCHI3L2_2	NA	NA	NA	sgPRDM9_1
sgFOLH1_2	sgCHI3L2_5	NA	NA	NA	sgPRDM9_2
sgFOLH1_4	sgCHID1_5	NA	NA	NA	sgPRDM9_3
sgFOLH1_5	sgCHMP2B_4	NA	NA	NA	sgPRDM9_5
sgFOLH1_7	sgCHMP3_3	NA	NA	NA	sgPRR18_2
sgFOLH1_8	sgCHMP4A_5	NA	NA	NA	sgPRR21_3
sgFOLH1_9	sgCHMP4C_3	NA	NA	NA	sgPRR25_1
sgFOXN3_3	sgCHMP5_4	NA	NA	NA	sgPRR25_2
sgFOXO3_1	sgCHMP6_4	NA	NA	NA	sgPRR25_3
sgFOXO3_3	sgCHP1_3	NA	NA	NA	sgPRR25_4
sgFOXO3_4	sgCHPF_5	NA	NA	NA	sgPRR25_5
sgFRG1_2	sgCHRFAM7A_5	NA	NA	NA	sgPRRG2_2
sgFRG2C_1	sgCHRNA1_4	NA	NA	NA	sgPRSS3_1
sgFSCN1_4	sgCHRNA3_5	NA	NA	NA	sgPRSS42_1
sgFTL_4	sgCHRNA4_1	NA	NA	NA	sgPRSS42_2
sgFUNDC2_1	sgCHRNB4_5	NA	NA	NA	sgPRSS42_3
sgFUNDC2_3	sgCHST10_2	NA	NA	NA	sgPRSS42_4
sgFUNDC2_4	sgCHST4_5	NA	NA	NA	sgPRSS42_5
sgFUT3_1	sgCHTF8_1	NA	NA	NA	sgPRSS45_1
sgFUT3_2	sgCHUK_2	NA	NA	NA	sgPRSS45_2
sgFUT3_5	sgCIAPIN1_1	NA	NA	NA	sgPRSS45_4
sgFXYD6_4	sgCIAPIN1_2	NA	NA	NA	sgPRSS45_5
sgG6PC_2	sgCIAPIN1_3	NA	NA	NA	sgPRSS46_1
sgGABARAPL1_5	sgCIB4_2	NA	NA	NA	sgPRSS46_2
sgGABARAP_1	sgCIR1_1	NA	NA	NA	sgPRSS46_3
sgGABARAP_2	sgCIR1_3	NA	NA	NA	sgPRSS46_4
sgGABARAP_3	sgCIR1_4	NA	NA	NA	sgPRSS46_5
sgGABPA_1	sgCIRBP_2	NA	NA	NA	sgPRSS48_1
sgGABPA_5	sgCITED1_1	NA	NA	NA	sgPRSS48_2
sgGAPDH_1	sgCITED4_3	NA	NA	NA	sgPRSS48_3
sgGAR1_5	sgCKAP4_4	NA	NA	NA	sgPRSS48_4
sgGATS_3	sgCKLF-CMTM1_2	NA	NA	NA	sgPRSS48_5
sgGBA_1	sgCKLF-CMTM1_4	NA	NA	NA	sgPRSS8_4
sgGBA_3	sgCKS2_3	NA	NA	NA	sgPRX_3
sgGBP1_1	sgCLCN3_1	NA	NA	NA	sgPSMD13_1
sgGBP1_2	sgCLCNKB_6	NA	NA	NA	sgPTBP3_1
sgGCAT_1	sgCLDN25_3	NA	NA	NA	sgPTCH2_3
sgGCSH_1	sgCLDN2_2	NA	NA	NA	sgPTGR1_1
sgGCSH_2	sgCLDN6_3	NA	NA	NA	sgPTK2_4
sgGCSH_4	sgCLDN7_1	NA	NA	NA	sgPTN_2
sgGEMIN2_5	sgCLEC12B_3	NA	NA	NA	sgPTPN22_3
sgGEMIN7_1	sgCLEC1B_4	NA	NA	NA	sgPTPRC_9
sgGEMIN7_4	sgCLEC2B_2	NA	NA	NA	sgPTPRN2_3
sgGEMIN8_3	sgCLEC3A_3	NA	NA	NA	sgPTRHD1_1
sgGEMIN8_5	sgCLEC3B_1	NA	NA	NA	sgPTTG1IP_6
sgGFOD2_4	sgCLEC4A_7	NA	NA	NA	sgPTTG1IP_8
sgGGA1_5	sgCLEC4C_1	NA	NA	NA	sgRAB1A_5
sgGGCT_10	sgCLEC4C_2	NA	NA	NA	sgRAB35_3
sgGGCT_7	sgCLEC4M_1	NA	NA	NA	sgRAB36_1
sgGGT1_3	sgCLEC4M_3	NA	NA	NA	sgRAB6A_4
sgGGTLC1_2	sgCLEC4M_4	NA	NA	NA	sgRABGAP1L_8
sgGGTLC2_2	sgCLEC9A_5	NA	NA	NA	sgRABGAP1L_15
sgGH1_4	sgCLECL1_2	NA	NA	NA	sgRAD50_1
sgGJA1_2	sgCLHC1_2	NA	NA	NA	sgRAD51D_1
sgGJA1_5	sgCLIC1_4	NA	NA	NA	sgRAD52_2
sgGJC3_3	sgCLIC4_4	NA	NA	NA	sgRAE1_5
sgGK_3	sgCLINT1_4	NA	NA	NA	sgRAET1E_1
sgGK_4	sgCLK1_5	NA	NA	NA	sgRBBP6_2
sgGLDC_2	sgCLN5_4	NA	NA	NA	sgREG4_1
sgGLDC_5	sgCLNS1A_1	NA	NA	NA	sgREG4_2
sgGLRX3_3	sgCLNS1A_2	NA	NA	NA	sgREG4_3
sgGLRX3_5	sgCLP1_2	NA	NA	NA	sgRESP18_5
sgGLRX5_5	sgCLPSL2_2	NA	NA	NA	sgRETNLB_1
sgGLRX_1	sgCLRN2_4	NA	NA	NA	sgRETNLB_2
sgGLRX_5	sgCLRN3_4	NA	NA	NA	sgRETNLB_3
sgGLTP_3	sgCLTA_2	NA	NA	NA	sgRETNLB_4
sgGLTSCR1_1	sgCLTA_4	NA	NA	NA	sgRETNLB_5
sgGLUD2_1	sgCLUAP1_4	NA	NA	NA	sgRFPL1_4
sgGLUL_3	sgCMA1_2	NA	NA	NA	sgRGL1_1
sgGLUL_5	sgCMA1_3	NA	NA	NA	sgRGMB_1
sgGLYATL1_4	sgCMC1_1	NA	NA	NA	sgRGS19_5
sgGLYATL2_2	sgCMC1_4	NA	NA	NA	sgRGS3_8
sgGMCL1_1	sgCMPK1_1	NA	NA	NA	sgRGS3_10
sgGMFB_3	sgCMPK1_5	NA	NA	NA	sgRGS3_11
sgGNAQ_3	sgCMTM1_5	NA	NA	NA	sgRGS4_11
sgGNG10_2	sgCMTM8_3	NA	NA	NA	sgRGS4_12
sgGNG10_3	sgCMTR2_3	NA	NA	NA	sgRHBDL2_4
sgGNG5_1	sgCNBP_4	NA	NA	NA	sgRHOT2_3
sgGNG5_2	sgCNDP1_5	NA	NA	NA	sgRMDN2_1
sgGNL3L_1	sgCNEP1R1_5	NA	NA	NA	sgRMDN2_2
sgGNPAT_3	sgCNFN_2	NA	NA	NA	sgRMDN3_1
sgGNPNAT1_4	sgCNFN_4	NA	NA	NA	sgRMND5A_2
sgGOLGA2_5	sgCNGB1_1	NA	NA	NA	sgRNASEK_1
sgGOLGA6A_1	sgCNIH4_1	NA	NA	NA	sgRNASEK_2
sgGOLGA6A_2	sgCNIH4_3	NA	NA	NA	sgRNASEK_4
sgGOLGA6B_1	sgCNIH4_5	NA	NA	NA	sgRND1_2
sgGOLGA7_2	sgCNN2_1	NA	NA	NA	sgRND2_1
sgGOLGA8M_1	sgCNN2_4	NA	NA	NA	sgRNF212_6
sgGOT2_4	sgCNOT10_2	NA	NA	NA	sgRNF39_3
sgGPAT2_1	sgCNOT2_2	NA	NA	NA	sgRNF39_4
sgGPAT2_2	sgCNOT6L_1	NA	NA	NA	sgRNF39_5
sgGPAT2_3	sgCNOT6L_4	NA	NA	NA	sgRNF8_1
sgGPAT2_4	sgCNOT7_1	NA	NA	NA	sgRPE_9
sgGPAT2_5	sgCNRIP1_1	NA	NA	NA	sgRPLP2_3
sgGPATCH11_3	sgCNTD1_4	NA	NA	NA	sgRSPH3_3
sgGPATCH11_4	sgCNTN1_2	NA	NA	NA	sgRSPH3_4
sgGPCPD1_4	sgCNTNAP2_5	NA	NA	NA	sgRSPH3_5
sgGPD2_2	sgCNTNAP3B_4	NA	NA	NA	sgRTEL1_3
sgGPR125_2	sgCNTNAP3_1	NA	NA	NA	sgS100A4_2
sgGPR32_2	sgCOA1_1	NA	NA	NA	sgSAV1_2
sgGPR32_3	sgCOA4_3	NA	NA	NA	sgSCAMP3_1
sgGPR32_5	sgCOA5_1	NA	NA	NA	sgSCN8A_5
sgGPR89A_1	sgCOBLL1_2	NA	NA	NA	sgSCNN1A_3
sgGPR89A_2	sgCOBL_3	NA	NA	NA	sgSCNN1D_3
sgGPR89A_3	sgCOG4_3	NA	NA	NA	sgSCO1_2
sgGPR89B_1	sgCOIL_1	NA	NA	NA	sgSCOC_6
sgGPR89B_2	sgCOIL_2	NA	NA	NA	sgSCOC_7
sgGPRIN2_1	sgCOL10A1_4	NA	NA	NA	sgSCOC_8
sgGPRIN2_2	sgCOL11A2_2	NA	NA	NA	sgSCPEP1_3
sgGPRIN2_3	sgCOL21A1_4	NA	NA	NA	sgSCRN1_5
sgGPRIN2_4	sgCOL27A1_2	NA	NA	NA	sgSCRN3_1
sgGPS2_4	sgCOL28A1_4	NA	NA	NA	sgSCRN3_2
sgGPX1_4	sgCOL4A2_5	NA	NA	NA	sgSCRN3_3
sgGPX1_5	sgCOLCA2_4	NA	NA	NA	sgSCRN3_4
sgGPX1_6	sgCOMMD10_2	NA	NA	NA	sgSCRN3_5
sgGPX1_8	sgCOMMD10_5	NA	NA	NA	sgSEC13_3
sgGRAPL_1	sgCOMMD2_4	NA	NA	NA	sgSEC14L1_5
sgGRAPL_2	sgCOMMD4_3	NA	NA	NA	sgSERF2_5
sgGRAPL_3	sgCOMMD5_3	NA	NA	NA	sgSERF2_7
sgGRAPL_4	sgCOMMD5_4	NA	NA	NA	sgSFTA3_1
sgGRAP_1	sgCOMMD5_5	NA	NA	NA	sgSFTA3_2
sgGRAP_3	sgCOMMD6_1	NA	NA	NA	sgSFTA3_3
sgGRAP_4	sgCOMMD6_4	NA	NA	NA	sgSFTA3_4
sgGRK6_1	sgCOMMD6_5	NA	NA	NA	sgSH3BGR_1
sgGRM8_2	sgCOMMD8_5	NA	NA	NA	sgSH3BGR_2
sgGRPEL2_4	sgCOMMD9_4	NA	NA	NA	sgSHF_2
sgGRPEL2_5	sgCOMTD1_3	NA	NA	NA	sgSHF_3
sgGSTA5_2	sgCOMTD1_4	NA	NA	NA	sgSHF_4
sgGSTA5_5	sgCOMT_2	NA	NA	NA	sgSHF_5
sgGSTO1_2	sgCOPB1_1	NA	NA	NA	sgSIGLEC12_1
sgGTF2A2_4	sgCOPS2_5	NA	NA	NA	sgSIGLEC12_2
sgGTF2H1_3	sgCOPS8_5	NA	NA	NA	sgSIGLEC12_3
sgGTF2H2C_1	sgCOPZ1_5	NA	NA	NA	sgSIGLEC12_4
sgGTF2H2C_2	sgCORIN_4	NA	NA	NA	sgSIGLEC5_1
sgGTF2H2C_4	sgCORO6_4	NA	NA	NA	sgSIGLEC5_2
sgGTF2H2_1	sgCORT_3	NA	NA	NA	sgSIGLEC5_3
sgGTF2H2_2	sgCOX11_1	NA	NA	NA	sgSIGLEC5_4
sgGTF2IRD2B_1	sgCOX11_5	NA	NA	NA	sgSIGLEC5_5
sgGTF2IRD2B_2	sgCOX16_4	NA	NA	NA	sgSIN3B_5
sgGTF2IRD2B_3	sgCOX17_4	NA	NA	NA	sgSIRPA_3
sgGTF2IRD2B_4	sgCOX5A_1	NA	NA	NA	sgSKA2_6
sgGTF2IRD2B_5	sgCOX5A_2	NA	NA	NA	sgSKA2_7
sgGTF2IRD2_1	sgCOX5B_5	NA	NA	NA	sgSKA2_8
sgGTF2IRD2_2	sgCOX6B1_3	NA	NA	NA	sgSKA2_9
sgGTF2IRD2_3	sgCOX6B1_4	NA	NA	NA	sgSKOR1_1
sgGTF3A_3	sgCOX7A1_4	NA	NA	NA	sgSKOR1_2
sgGTF3C6_5	sgCOX7A2_2	NA	NA	NA	sgSLA_6
sgGUSB_5	sgCOX7A2_5	NA	NA	NA	sgSLAIN1_1
sgGXYLT1_4	sgCOX7B2_3	NA	NA	NA	sgSLAIN1_2
sgGYG1_3	sgCOX7B_2	NA	NA	NA	sgSLAIN1_3
sgGYG1_4	sgCOX7B_4	NA	NA	NA	sgSLAIN1_4
sgGZMH_2	sgCOX7C_1	NA	NA	NA	sgSLAIN1_5
sgH2AFB2_1	sgCOX8A_2	NA	NA	NA	sgSLAIN1_6
sgH2AFB3_1	sgCPB2_2	NA	NA	NA	sgSLAIN1_7
sgH2AFB3_2	sgCPEB1_3	NA	NA	NA	sgSLC11A2_5
sgH2AFB3_3	sgCPLX2_5	NA	NA	NA	sgSLC22A18AS_1
sgH2AFB3_4	sgCPM_2	NA	NA	NA	sgSLC22A18AS_2
sgH2AFB3_5	sgCPN2_2	NA	NA	NA	sgSLC22A18AS_3
sgH2AFV_3	sgCPN2_5	NA	NA	NA	sgSLC22A18AS_4
sgH2AFV_4	sgCPSF4L_4	NA	NA	NA	sgSLC22A18AS_5
sgH2AFV_6	sgCPSF4L_5	NA	NA	NA	sgSLC25A1_3
sgH2AFV_9	sgCPSF6_1	NA	NA	NA	sgSLC25A23_3
sgH2AFZ_1	sgCPSF6_2	NA	NA	NA	sgSLC26A10_1
sgH2AFZ_3	sgCPXCR1_1	NA	NA	NA	sgSLC26A10_2
sgH2BFWT_5	sgCR1_1	NA	NA	NA	sgSLC26A10_3
sgH3F3B_1	sgCRADD_5	NA	NA	NA	sgSLC26A10_4
sgH3F3C_1	sgCRBN_2	NA	NA	NA	sgSLC26A10_5
sgH3F3C_2	sgCRBN_4	NA	NA	NA	sgSLC27A3_1
sgHADHA_1	sgCRCP_2	NA	NA	NA	sgSLC2A11_5
sgHADHA_4	sgCRCP_3	NA	NA	NA	sgSLC2A14_6
sgHADHA_5	sgCRCP_4	NA	NA	NA	sgSLC2A14_7
sgHADHB_1	sgCRCP_7	NA	NA	NA	sgSLC38A2_5
sgHAUS1_4	sgCRCT1_2	NA	NA	NA	sgSLC38A5_1
sgHAUS6_2	sgCRCT1_3	NA	NA	NA	sgSLC38A9_4
sgHAUS6_3	sgCREBL2_1	NA	NA	NA	sgSLC4A1_1
sgHAUS6_5	sgCREG2_1	NA	NA	NA	sgSLC4A1AP_1
sgHBD_1	sgCREM_14	NA	NA	NA	sgSLC50A1_3
sgHBD_2	sgCREM_19	NA	NA	NA	sgSLC5A10_1
sgHBG2_1	sgCREM_20	NA	NA	NA	sgSLC5A12_3
sgHBS1L_1	sgCRIP1_1	NA	NA	NA	sgSLC8B1_2
sgHBZ_1	sgCRIP1_2	NA	NA	NA	sgSLCO1B7_1
sgHBZ_2	sgCRIP1_5	NA	NA	NA	sgSLCO1B7_3
sgHBZ_3	sgCRISP2_4	NA	NA	NA	sgSLCO1B7_5
sgHBZ_4	sgCRISP3_4	NA	NA	NA	sgSLURP1_1
sgHBZ_5	sgCRLF3_5	NA	NA	NA	sgSMIM2_3
sgHCN2_5	sgCRMP1_2	NA	NA	NA	sgSMIM2_4
sgHDHD1_1	sgCROCC_2	NA	NA	NA	sgSMIM2_5
sgHHLA3_3	sgCROT_2	NA	NA	NA	sgSNRNP200_5
sgHIATL1_4	sgCRTAM_2	NA	NA	NA	sgSNRNP27_3
sgHIBCH_1	sgCRYGB_1	NA	NA	NA	sgSOCS7_5
sgHIBCH_4	sgCRYGB_4	NA	NA	NA	sgSON_1
sgHIST1H2AD_1	sgCRYGB_5	NA	NA	NA	sgSON_2
sgHIST1H2AH_2	sgCRYGS_2	NA	NA	NA	sgSON_3
sgHIST1H2AJ_1	sgCRYM_2	NA	NA	NA	sgSON_4
sgHIST1H2AJ_2	sgCRYZ_9	NA	NA	NA	sgSON_5
sgHIST1H2AJ_3	sgCSAG1_2	NA	NA	NA	sgSPATA8_2
sgHIST1H2AK_2	sgCSAG1_3	NA	NA	NA	sgSPATA8_3
sgHIST1H2AK_4	sgCSDC2_5	NA	NA	NA	sgSPATA8_4
sgHIST1H2AK_5	sgCSF1_2	NA	NA	NA	sgSPCS1_1
sgHIST1H2AL_2	sgCSF2_1	NA	NA	NA	sgSPCS1_2
sgHIST1H2AM_5	sgCSGALNACT1_2	NA	NA	NA	sgSPG21_1
sgHIST1H2BB_1	sgCSGALNACT1_4	NA	NA	NA	sgSPINK14_2
sgHIST1H2BB_2	sgCSHL1_1	NA	NA	NA	sgSPINK14_4
sgHIST1H2BE_1	sgCSHL1_5	NA	NA	NA	sgSPINK14_5
sgHIST1H2BF_1	sgCSNK1G1_5	NA	NA	NA	sgSPINK8_4
sgHIST1H2BG_2	sgCSNK2A1_2	NA	NA	NA	sgSPOCK3_1
sgHIST1H2BH_2	sgCSNK2A2_4	NA	NA	NA	sgSPRR3_1
sgHIST1H2BH_4	sgCSNK2A3_1	NA	NA	NA	sgSPRR3_2
sgHIST1H2BK_1	sgCSNK2A3_2	NA	NA	NA	sgSPRR3_3
sgHIST1H2BK_2	sgCSNK2A3_3	NA	NA	NA	sgSPRR3_5
sgHIST1H2BL_1	sgCSPG4_4	NA	NA	NA	sgSRP14_5
sgHIST1H2BL_3	sgCSRP2BP_5	NA	NA	NA	sgSRPR_2
sgHIST1H2BM_2	sgCSRP2_4	NA	NA	NA	sgSSR4_4
sgHIST1H3A_2	sgCST1_4	NA	NA	NA	sgSSX5_8
sgHIST1H3B_1	sgCST1_5	NA	NA	NA	sgSSX5_9
sgHIST1H3C_5	sgCST2_2	NA	NA	NA	sgST20_4
sgHIST1H3D_2	sgCST2_3	NA	NA	NA	sgSTAT5B_3
sgHIST1H3E_4	sgCST3_5	NA	NA	NA	sgSTK19_1
sgHIST1H3J_4	sgCST4_1	NA	NA	NA	sgSTK19_2
sgHIST1H4B_1	sgCST4_2	NA	NA	NA	sgSTK19_3
sgHIST1H4E_3	sgCST4_3	NA	NA	NA	sgSTK19_4
sgHIST1H4F_3	sgCST5_3	NA	NA	NA	sgSTK32C_1
sgHIST1H4J_1	sgCST9_2	NA	NA	NA	sgSULT1C3_1
sgHIST1H4J_2	sgCSTF2T_1	NA	NA	NA	sgSULT1C3_2
sgHIST1H4J_3	sgCSTF3_2	NA	NA	NA	sgSULT1C3_3
sgHIST1H4K_1	sgCSTL1_5	NA	NA	NA	sgSULT1C3_4
sgHIST1H4K_2	sgCS_2	NA	NA	NA	sgSULT1C3_5
sgHIST1H4K_3	sgCT62_4	NA	NA	NA	sgSUMO3_6
sgHIST2H2AA3_1	sgCTAGE9_1	NA	NA	NA	sgSYNE2_14
sgHIST2H2AA3_2	sgCTBP2_1	NA	NA	NA	sgSYT3_1
sgHIST2H2AA3_3	sgCTBP2_2	NA	NA	NA	sgSYT3_2
sgHIST2H2AA3_4	sgCTCFL_10	NA	NA	NA	sgSYT3_3
sgHIST2H2AA4_1	sgCTCFL_11	NA	NA	NA	sgSYT3_4
sgHIST2H2AC_1	sgCTCFL_8	NA	NA	NA	sgSYT3_5
sgHIST2H2BE_1	sgCTDNEP1_1	NA	NA	NA	sgTAC4_7
sgHIST2H3A_1	sgCTDNEP1_2	NA	NA	NA	sgTAF9B_2
sgHIST2H3A_2	sgCTDNEP1_4	NA	NA	NA	sgTAGAP_10
sgHIST2H3C_1	sgCTDNEP1_5	NA	NA	NA	sgTANGO2_13
sgHIST2H3C_2	sgCTDSP2_3	NA	NA	NA	sgTANGO2_14
sgHIST2H3D_2	sgCTDSPL2_4	NA	NA	NA	sgTAP1_4
sgHIST2H4A_1	sgCTDSPL_5	NA	NA	NA	sgTAP1_5
sgHIST2H4A_2	sgCTF1_1	NA	NA	NA	sgTAS2R43_1
sgHIST2H4A_3	sgCTF1_2	NA	NA	NA	sgTAS2R43_2
sgHIST2H4B_1	sgCTHRC1_1	NA	NA	NA	sgTAS2R46_1
sgHIST2H4B_2	sgCTNNA1_3	NA	NA	NA	sgTAS2R46_3
sgHIST3H2BB_1	sgCTNNA1_4	NA	NA	NA	sgTBC1D29_1
sgHIST3H2BB_2	sgCTNNB1_4	NA	NA	NA	sgTBCD_2
sgHIST3H3_1	sgCTNNBIP1_3	NA	NA	NA	sgTBCD_3
sgHK2_1	sgCTSC_3	NA	NA	NA	sgTBCD_4
sgHK2_4	sgCTSF_4	NA	NA	NA	sgTBCD_5
sgHLA-B_4	sgCTSH_1	NA	NA	NA	sgTEPP_1
sgHLA-DRB1_1	sgCTSO_2	NA	NA	NA	sgTFEB_1
sgHLA-DRB1_4	sgCTSV_3	NA	NA	NA	sgTHNSL1_5
sgHMGA1_1	sgCTXN1_2	NA	NA	NA	sgTIAF1_1
sgHMGA1_2	sgCTXN2_2	NA	NA	NA	sgTIAF1_2
sgHMGA1_3	sgCUL1_4	NA	NA	NA	sgTIAF1_3
sgHMGB1_1	sgCUL3_5	NA	NA	NA	sgTIAF1_4
sgHMGB3_2	sgCUTA_1	NA	NA	NA	sgTIAF1_5
sgHMGB3_3	sgCUTA_2	NA	NA	NA	sgTIGD6_1
sgHMGN4_2	sgCUX1_2	NA	NA	NA	sgTIGD6_2
sgHNRNPA1L2_1	sgCX3CR1_3	NA	NA	NA	sgTIGD6_3
sgHNRNPA1_4	sgCXADR_2	NA	NA	NA	sgTIGD6_4
sgHNRNPA3_1	sgCXADR_4	NA	NA	NA	sgTIGD6_5
sgHNRNPA3_3	sgCXCL10_1	NA	NA	NA	sgTIMM50_1
sgHNRNPAB_4	sgCXCL12_11	NA	NA	NA	sgTIMP3_1
sgHNRNPCL1_2	sgCXCL17_5	NA	NA	NA	sgTK2_5
sgHNRNPCL1_3	sgCXCL1_1	NA	NA	NA	sgTLCD1_3
sgHNRNPCL1_4	sgCXCL2_1	NA	NA	NA	sgTLX1NB_1
sgHNRNPCL1_5	sgCXCL2_2	NA	NA	NA	sgTLX1NB_2
sgHNRNPC_2	sgCXCL3_3	NA	NA	NA	sgTLX1NB_3
sgHNRNPC_5	sgCXCL3_4	NA	NA	NA	sgTLX1NB_5
sgHNRNPD_1	sgCXCL5_2	NA	NA	NA	sgTMCO1_4
sgHNRNPH1_5	sgCXCL5_3	NA	NA	NA	sgTMCO1_5
sgHNRNPH2_1	sgCXCL6_5	NA	NA	NA	sgTMEM105_1
sgHNRNPK_4	sgCXCL9_3	NA	NA	NA	sgTMEM105_3
sgHNRNPK_5	sgCXCR1_1	NA	NA	NA	sgTMEM105_4
sgHNRNPL_1	sgCXCR2_5	NA	NA	NA	sgTMEM105_5
sgHNRNPL_2	sgCXCR5_4	NA	NA	NA	sgTMEM106B_5
sgHNRNPL_5	sgCXXC5_5	NA	NA	NA	sgTMEM133_1
sgHOMER2_4	sgCXorf27_2	NA	NA	NA	sgTMEM133_4
sgHORMAD1_1	sgCXorf36_2	NA	NA	NA	sgTMEM133_5
sgHPCAL1_3	sgCXorf40A_4	NA	NA	NA	sgTMEM14E_1
sgHPR_3	sgCXorf40B_3	NA	NA	NA	sgTMEM14E_2
sgHPS1_5	sgCXorf56_2	NA	NA	NA	sgTMEM14E_3
sgHRG_4	sgCXorf56_6	NA	NA	NA	sgTMEM14E_4
sgHRSP12_4	sgCXorf58_1	NA	NA	NA	sgTMEM14E_5
sgHS6ST1_1	sgCXorf61_3	NA	NA	NA	sgTMEM155_1
sgHS6ST1_2	sgCXorf61_5	NA	NA	NA	sgTMEM155_2
sgHS6ST1_3	sgCYB561D1_5	NA	NA	NA	sgTMEM155_4
sgHS6ST1_4	sgCYB561D2_2	NA	NA	NA	sgTMEM155_5
sgHS6ST1_5	sgCYB5A_1	NA	NA	NA	sgTMEM180_3
sgHSBP1_1	sgCYB5A_2	NA	NA	NA	sgTMEM181_1
sgHSD17B1_5	sgCYB5A_5	NA	NA	NA	sgTMEM181_2
sgHSD17B7_2	sgCYBA_2	NA	NA	NA	sgTMEM181_3
sgHSD17B7_3	sgCYBRD1_6	NA	NA	NA	sgTMEM190_3
sgHSD17B7_4	sgCYBRD1_7	NA	NA	NA	sgTMEM192_4
sgHSF2_2	sgCYBRD1_9	NA	NA	NA	sgTMEM256_1
sgHSFX1_1	sgCYCS_4	NA	NA	NA	sgTMEM257_1
sgHSFX1_2	sgCYHR1_3	NA	NA	NA	sgTMEM257_3
sgHSFX1_3	sgCYHR1_4	NA	NA	NA	sgTMEM80_1
sgHSFX2_1	sgCYLC1_3	NA	NA	NA	sgTMEM80_2
sgHSFX2_2	sgCYP11A1_4	NA	NA	NA	sgTMEM80_3
sgHSFY1_1	sgCYP26C1_5	NA	NA	NA	sgTMEM99_1
sgHSFY1_2	sgCYP2A13_1	NA	NA	NA	sgTMEM99_2
sgHSFY2_1	sgCYP2A13_5	NA	NA	NA	sgTMEM99_3
sgHSFY2_2	sgCYP2A6_1	NA	NA	NA	sgTMEM99_4
sgHSFY2_3	sgCYP2A6_3	NA	NA	NA	sgTMEM99_5
sgHSP90AA1_1	sgCYP2A7_2	NA	NA	NA	sgTMEM9B_5
sgHSP90AA1_2	sgCYP2C19_5	NA	NA	NA	sgTMPRSS13_4
sgHSP90AA1_3	sgCYP2C8_1	NA	NA	NA	sgTNFAIP8L3_3
sgHSP90AA1_4	sgCYP2C8_2	NA	NA	NA	sgTNFAIP8L3_4
sgHSP90AB1_5	sgCYP2D6_2	NA	NA	NA	sgTNFAIP8L3_5
sgHSP90B1_3	sgCYP2D6_5	NA	NA	NA	sgTNKS1BP1_2
sgHSPA6_1	sgCYP2D6_6	NA	NA	NA	sgTNNC2_3
sgHSPA6_2	sgCYP2S1_2	NA	NA	NA	sgTNNI3_3
sgHSPA6_3	sgCYP39A1_1	NA	NA	NA	sgTOMM5_3
sgHSPA6_4	sgCYP3A43_3	NA	NA	NA	sgTOMM5_4
sgHSPA8_1	sgCYP3A43_5	NA	NA	NA	sgTOMM5_5
sgHSPA9_4	sgCYP3A4_5	NA	NA	NA	sgTP53AIP1_10
sgHSPB1_5	sgCYP3A5_4	NA	NA	NA	sgTP53AIP1_11
sgHSPD1_1	sgCYP4F12_3	NA	NA	NA	sgTPM2_1
sgHSPD1_2	sgCYP51A1_2	NA	NA	NA	sgTPM2_2
sgHSPD1_3	sgCYP51A1_4	NA	NA	NA	sgTPM3_2
sgHSPE1_1	sgCYSLTR2_4	NA	NA	NA	sgTPM3_5
sgHSPE1_2	sgCYSTM1_5	NA	NA	NA	sgTRAF3IP3_4
sgHYAL3_14	sgCYTIP_4	NA	NA	NA	sgTRAPPC6A_7
sgHYDIN_1	sgDAAM1_1	NA	NA	NA	sgTRIM16L_5
sgHYDIN_3	sgDACT2_4	NA	NA	NA	sgTRIM36_1
sgHYDIN_4	sgDAK_2	NA	NA	NA	sgTRIM36_2
sgID2_1	sgDAOA_1	NA	NA	NA	sgTRIM36_3
sgID2_2	sgDAOA_10	NA	NA	NA	sgTRIM36_4
sgID2_4	sgDAOA_11	NA	NA	NA	sgTRIM63_5
sgID2_5	sgDAP3_2	NA	NA	NA	sgTRPM1_6
sgIDH1_1	sgDAPL1_5	NA	NA	NA	sgTRPM1_7
sgIDS_2	sgDAPP1_1	NA	NA	NA	sgTSC22D1_10
sgIDS_3	sgDAP_4	NA	NA	NA	sgTSC22D1_11
sgIDS_4	sgDAP_5	NA	NA	NA	sgTSC22D3_12
sgIFI27L1_4	sgDARS_1	NA	NA	NA	sgTSC22D3_13
sgIFIT1B_1	sgDAZAP1_5	NA	NA	NA	sgTSSK4_4
sgIFITM1_2	sgDAZAP2_1	NA	NA	NA	sgTTC37_1
sgIFITM1_3	sgDAZAP2_7	NA	NA	NA	sgTTLL11_4
sgIFITM1_4	sgDAZAP2_8	NA	NA	NA	sgTTLL11_5
sgIFITM2_3	sgDCAF11_5	NA	NA	NA	sgTTLL3_1
sgIFITM3_1	sgDCAF13_1	NA	NA	NA	sgTTLL3_2
sgIFITM3_2	sgDCAF6_2	NA	NA	NA	sgTXNDC2_5
sgIFITM3_3	sgDCAF6_3	NA	NA	NA	sgTXNDC2_6
sgIFNA13_1	sgDCAF6_4	NA	NA	NA	sgTXNDC8_6
sgIFNA13_2	sgDCAF6_5	NA	NA	NA	sgTXNRD3NB_1
sgIFNA14_1	sgDCAKD_3	NA	NA	NA	sgTXNRD3NB_2
sgIFNA1_1	sgDCAKD_4	NA	NA	NA	sgTXNRD3NB_3
sgIFNA1_2	sgDCBLD1_3	NA	NA	NA	sgTXNRD3NB_4
sgIFNA1_3	sgDCHS2_2	NA	NA	NA	sgTXNRD3NB_5
sgIFNA21_1	sgDCP2_2	NA	NA	NA	sgTYROBP_1
sgIFNA2_3	sgDCPS_2	NA	NA	NA	sgTYW1B_3
sgIFNA7_1	sgDCTN2_1	NA	NA	NA	sgUBA3_2
sgIFNA7_2	sgDCTN5_1	NA	NA	NA	sgUBE2C_9
sgIFNA8_3	sgDCTN5_4	NA	NA	NA	sgUBE2C_10
sgIFNL2_1	sgDCTN5_6	NA	NA	NA	sgUBE2NL_1
sgIFNL3_2	sgDCTN6_2	NA	NA	NA	sgUBE2Q1_3
sgIFNL3_3	sgDCTN6_4	NA	NA	NA	sgUBE2QL1_1
sgIFNL3_4	sgDCUN1D1_1	NA	NA	NA	sgUBE2QL1_2
sgIFNW1_3	sgDCUN1D1_2	NA	NA	NA	sgUBE2QL1_3
sgIFT20_5	sgDCUN1D1_5	NA	NA	NA	sgUBE2QL1_4
sgIGBP1_1	sgDCUN1D3_2	NA	NA	NA	sgUBE2QL1_5
sgIGBP1_4	sgDCUN1D4_5	NA	NA	NA	sgUBE2V1_10
sgIGBP1_5	sgDDA1_3	NA	NA	NA	sgUBE3B_2
sgIGF2BP2_4	sgDDA1_5	NA	NA	NA	sgUFM1_1
sgIGF2BP3_3	sgDDIT3_4	NA	NA	NA	sgUFM1_2
sgIGLON5_1	sgDDIT3_5	NA	NA	NA	sgUGT2B28_1
sgIGLON5_4	sgDDIT4_5	NA	NA	NA	sgUGT2B28_3
sgIGLON5_5	sgDDR1_1	NA	NA	NA	sgUGT2B7_3
sgIKBKG_1	sgDDT_1	NA	NA	NA	sgUQCRB_1
sgIKBKG_2	sgDDX10_2	NA	NA	NA	sgUSP17L10_4
sgIKBKG_3	sgDDX10_5	NA	NA	NA	sgUSP29_2
sgIKBKG_4	sgDDX11_3	NA	NA	NA	sgUSP29_3
sgIKBKG_5	sgDDX11_4	NA	NA	NA	sgUSP29_4
sgIK_1	sgDDX11_5	NA	NA	NA	sgUSP29_5
sgIK_4	sgDDX18_1	NA	NA	NA	sgUTP6_5
sgIL32_4	sgDDX19A_1	NA	NA	NA	sgVAPA_4
sgIL32_5	sgDDX1_2	NA	NA	NA	sgVAPA_5
sgIL32_6	sgDDX1_3	NA	NA	NA	sgVAPA_6
sgIL36G_2	sgDDX39B_1	NA	NA	NA	sgVAPA_7
sgIL3RA_1	sgDDX39B_3	NA	NA	NA	sgVPS16_4
sgIL3RA_2	sgDDX39B_4	NA	NA	NA	sgWBP11_1
sgIL3RA_3	sgDDX50_3	NA	NA	NA	sgWBSCR17_3
sgIL3RA_4	sgDDX6_1	NA	NA	NA	sgWDR36_1
sgIL3RA_5	sgDDX6_2	NA	NA	NA	sgWDR45_4
sgIL6ST_5	sgDDX6_4	NA	NA	NA	sgWDYHV1_5
sgIL9R_1	sgDEF8_2	NA	NA	NA	sgWFDC6_3
sgIL9R_2	sgDEF8_3	NA	NA	NA	sgWHSC1L1_3
sgIL9R_3	sgDEF8_6	NA	NA	NA	sgYAE1D1_6
sgIL9R_4	sgDEFA4_3	NA	NA	NA	sgYAE1D1_7
sgIMMP1L_2	sgDEFA5_3	NA	NA	NA	sgYAF2_11
sgIMMP1L_3	sgDEFA5_5	NA	NA	NA	sgYAF2_12
sgIMPA1_5	sgDEFB108B_1	NA	NA	NA	sgYAF2_14
sgINIP_5	sgDEFB108B_2	NA	NA	NA	sgYPEL3_4
sgINTS6_3	sgDEFB115_3	NA	NA	NA	sgZBED6CL_1
sgIPO7_1	sgDEFB115_4	NA	NA	NA	sgZBED6CL_2
sgIPPK_3	sgDEFB116_5	NA	NA	NA	sgZBED6CL_3
sgIQCB1_5	sgDEFB123_1	NA	NA	NA	sgZBED6CL_4
sgIQCF1_4	sgDEFB124_2	NA	NA	NA	sgZBED6CL_5
sgIQCF5_5	sgDEFB126_2	NA	NA	NA	sgZBTB3_5
sgIST1_1	sgDEFB126_5	NA	NA	NA	sgZC3H14_11
sgIST1_3	sgDEFB127_2	NA	NA	NA	sgZC3H14_12
sgIST1_4	sgDEFB127_3	NA	NA	NA	sgZFR2_6
sgIST1_6	sgDEFB128_2	NA	NA	NA	sgZFR2_7
sgIST1_7	sgDEFB128_3	NA	NA	NA	sgZFR2_8
sgITIH6_4	sgDEFB129_1	NA	NA	NA	sgZNF185_10
sgITIH6_5	sgDEFB129_3	NA	NA	NA	sgZNF286B_1
sgKAL1_1	sgDEFB132_5	NA	NA	NA	sgZNF346_5
sgKAT7_3	sgDEFB1_2	NA	NA	NA	sgZNF354A_5
sgKAT7_5	sgDEFB1_3	NA	NA	NA	sgZNF365_8
sgKATNBL1_2	sgDENND1C_3	NA	NA	NA	sgZNF365_9
sgKCNJ12_1	sgDENND5B_5	NA	NA	NA	sgZNF365_10
sgKCNJ12_2	sgDENND6A_2	NA	NA	NA	sgZNF365_11
sgKCNJ12_3	sgDENR_3	NA	NA	NA	sgZNF383_1
sgKCNJ12_4	sgDEPDC1B_1	NA	NA	NA	sgZNF451_7
sgKCNJ12_5	sgDEPDC1B_2	NA	NA	NA	sgZNF451_8
sgKCNMB3_1	sgDEPDC1_2	NA	NA	NA	sgZNF451_9
sgKCNMB3_2	sgDEPDC1_3	NA	NA	NA	sgZNF451_10
sgKCTD1_3	sgDEPDC4_1	NA	NA	NA	sgZNF468_7
sgKCTD9_1	sgDERL2_4	NA	NA	NA	sgZNF480_1
sgKCTD9_3	sgDESI1_4	NA	NA	NA	sgZNF480_2
sgKDM4D_5	sgDESI2_1	NA	NA	NA	sgZNF480_3
sgKDM4E_2	sgDFFB_5	NA	NA	NA	sgZNF480_4
sgKDM4E_3	sgDFNA5_5	NA	NA	NA	sgZNF480_5
sgKDM4E_4	sgDFNB31_3	NA	NA	NA	sgZNF512_4
sgKHDC1_4	sgDGCR6L_4	NA	NA	NA	sgZNF514_5
sgKHDC1_5	sgDGCR6_1	NA	NA	NA	sgZNF559_12
sgKIAA0895L_4	sgDGCR6_2	NA	NA	NA	sgZNF568_7
sgKIAA1143_2	sgDGCR6_3	NA	NA	NA	sgZNF568_8
sgKIAA1143_3	sgDGKZ_1	NA	NA	NA	sgZNF568_9
sgKIAA1143_5	sgDHFRL1_2	NA	NA	NA	sgZNF568_10
sgKIAA1919_3	sgDHPS_4	NA	NA	NA	sgZNF626_1
sgKIAA2013_1	sgDHRS12_4	NA	NA	NA	sgZNF626_3
sgKIAA2013_2	sgDHRS13_1	NA	NA	NA	sgZNF626_4
sgKIAA2013_3	sgDHRS2_4	NA	NA	NA	sgZNF655_3
sgKIAA2013_4	sgDHRS4L2_3	NA	NA	NA	sgZNF655_4
sgKIR2DL3_1	sgDHRS4L2_4	NA	NA	NA	sgZNF655_10
sgKLF7_1	sgDHRS4L2_5	NA	NA	NA	sgZNF681_1
sgKLF7_3	sgDHRS4_4	NA	NA	NA	sgZNF681_2
sgKLHL2_1	sgDHRS7C_5	NA	NA	NA	sgZNF681_3
sgKLHL5_2	sgDHX35_3	NA	NA	NA	sgZNF681_4
sgKLK2_5	sgDHX38_1	NA	NA	NA	sgZNF681_5
sgKLRC4_3	sgDHX40_2	NA	NA	NA	sgZNF7_9
sgKMT2C_4	sgDIEXF_5	NA	NA	NA	sgZNF7_10
sgKPNA4_1	sgDIO1_2	NA	NA	NA	sgZNF701_6
sgKPNA4_4	sgDIO2_3	NA	NA	NA	sgZNF77_1
sgKRAS_1	sgDIRC1_4	NA	NA	NA	sgZNF77_2
sgKRAS_3	sgDIRC2_3	NA	NA	NA	sgZNF77_3
sgKRBOX4_1	sgDIS3L2_4	NA	NA	NA	sgZNF77_4
sgKRBOX4_2	sgDKC1_4	NA	NA	NA	sgZNF77_5
sgKRBOX4_4	sgDKKL1_2	NA	NA	NA	sgZNF781_1
sgKRT16_4	sgDKKL1_5	NA	NA	NA	sgZNF781_3
sgKRT18_3	sgDLC1_12	NA	NA	NA	sgZNF781_4
sgKRT33A_1	sgDLEU7_3	NA	NA	NA	sgZNF781_5
sgKRT33A_2	sgDLST_3	NA	NA	NA	sgZNF80_5
sgKRT33A_5	sgDLST_4	NA	NA	NA	sgZNF812_1
sgKRT33B_2	sgDMBT1_3	NA	NA	NA	sgZNF812_4
sgKRT33B_3	sgDMKN_10	NA	NA	NA	sgZNF812_5
sgKRT6C_2	sgDMKN_3	NA	NA	NA	sgZNF816-ZNF321P_2
sgKRT81_1	sgDMRTC2_5	NA	NA	NA	sgZRSR2_1
sgKRT86_1	sgDNAAF1_5	NA	NA	NA	NA
sgKRT86_2	sgDNAAF2_5	NA	NA	NA	NA
sgKRTAP1-1_1	sgDNAH14_2	NA	NA	NA	NA
sgKRTAP1-1_2	sgDNAH5_2	NA	NA	NA	NA
sgKRTAP1-3_1	sgDNAJA1_1	NA	NA	NA	NA
sgKRTAP1-4_3	sgDNAJA4_3	NA	NA	NA	NA
sgKRTAP10-11_2	sgDNAJB12_1	NA	NA	NA	NA
sgKRTAP10-12_1	sgDNAJB1_2	NA	NA	NA	NA
sgKRTAP10-1_1	sgDNAJB1_3	NA	NA	NA	NA
sgKRTAP10-2_2	sgDNAJB1_5	NA	NA	NA	NA
sgKRTAP10-3_2	sgDNAJB9_2	NA	NA	NA	NA
sgKRTAP10-4_1	sgDNAJC12_8	NA	NA	NA	NA
sgKRTAP10-4_2	sgDNAJC18_5	NA	NA	NA	NA
sgKRTAP10-6_1	sgDNAJC19_2	NA	NA	NA	NA
sgKRTAP10-8_4	sgDNAJC24_1	NA	NA	NA	NA
sgKRTAP12-3_3	sgDNAJC28_3	NA	NA	NA	NA
sgKRTAP12-4_1	sgDNAJC5B_2	NA	NA	NA	NA
sgKRTAP13-1_2	sgDNAJC5_1	NA	NA	NA	NA
sgKRTAP13-2_4	sgDNAJC5_4	NA	NA	NA	NA
sgKRTAP13-3_4	sgDNAJC5_5	NA	NA	NA	NA
sgKRTAP19-1_3	sgDNAJC8_2	NA	NA	NA	NA
sgKRTAP19-3_2	sgDNAJC9_5	NA	NA	NA	NA
sgKRTAP19-3_3	sgDNAL1_3	NA	NA	NA	NA
sgKRTAP19-7_2	sgDNASE2B_4	NA	NA	NA	NA
sgKRTAP21-2_2	sgDND1_2	NA	NA	NA	NA
sgKRTAP4-11_3	sgDND1_4	NA	NA	NA	NA
sgKRTAP4-4_1	sgDNHD1_1	NA	NA	NA	NA
sgKRTAP4-6_1	sgDNHD1_5	NA	NA	NA	NA
sgKRTAP4-6_3	sgDNPH1_1	NA	NA	NA	NA
sgKRTAP4-7_1	sgDNPH1_2	NA	NA	NA	NA
sgKRTAP4-7_2	sgDNTT_1	NA	NA	NA	NA
sgKRTAP4-7_4	sgDNTT_2	NA	NA	NA	NA
sgKRTAP4-8_2	sgDOCK11_2	NA	NA	NA	NA
sgKRTAP4-9_3	sgDOK6_3	NA	NA	NA	NA
sgKRTAP5-10_2	sgDPAGT1_4	NA	NA	NA	NA
sgKRTAP5-10_3	sgDPH1_3	NA	NA	NA	NA
sgKRTAP5-1_2	sgDPH3_5	NA	NA	NA	NA
sgKRTAP5-2_3	sgDPH3_6	NA	NA	NA	NA
sgKRTAP5-5_2	sgDPM1_5	NA	NA	NA	NA
sgKRTAP5-6_1	sgDPM3_4	NA	NA	NA	NA
sgKRTAP5-8_3	sgDPP8_3	NA	NA	NA	NA
sgKRTAP5-9_3	sgDPPA2_4	NA	NA	NA	NA
sgKRTAP9-4_1	sgDPPA3_5	NA	NA	NA	NA
sgKRTAP9-4_2	sgDPPA4_2	NA	NA	NA	NA
sgKRTCAP2_1	sgDPPA4_3	NA	NA	NA	NA
sgKRTCAP2_5	sgDPPA5_1	NA	NA	NA	NA
sgLAIR2_3	sgDPPA5_5	NA	NA	NA	NA
sgLAMTOR5_1	sgDPRX_1	NA	NA	NA	NA
sgLANCL3_1	sgDPRX_2	NA	NA	NA	NA
sgLANCL3_3	sgDPY19L2_1	NA	NA	NA	NA
sgLANCL3_4	sgDPY19L2_2	NA	NA	NA	NA
sgLANCL3_5	sgDPY19L3_5	NA	NA	NA	NA
sgLAP3_1	sgDPY19L4_5	NA	NA	NA	NA
sgLAP3_5	sgDPYSL2_2	NA	NA	NA	NA
sgLAPTM4B_5	sgDPYS_2	NA	NA	NA	NA
sgLARP1B_5	sgDRAM2_1	NA	NA	NA	NA
sgLARP7_2	sgDRAXIN_2	NA	NA	NA	NA
sgLCE1A_1	sgDRAXIN_3	NA	NA	NA	NA
sgLCE1E_1	sgDRC1_4	NA	NA	NA	NA
sgLCE1F_1	sgDRD5_2	NA	NA	NA	NA
sgLCE2A_1	sgDRG1_1	NA	NA	NA	NA
sgLCE2D_2	sgDRG1_4	NA	NA	NA	NA
sgLCE3A_4	sgDSCC1_1	NA	NA	NA	NA
sgLCE3D_1	sgDSCR3_1	NA	NA	NA	NA
sgLCE3D_2	sgDSCR4_2	NA	NA	NA	NA
sgLCE5A_1	sgDSCR4_3	NA	NA	NA	NA
sgLCN1_1	sgDSCR4_4	NA	NA	NA	NA
sgLCN1_2	sgDSE_5	NA	NA	NA	NA
sgLCN1_5	sgDSG4_1	NA	NA	NA	NA
sgLDHAL6B_2	sgDTNA_13	NA	NA	NA	NA
sgLDHAL6B_4	sgDTNA_7	NA	NA	NA	NA
sgLDHA_1	sgDTNBP1_1	NA	NA	NA	NA
sgLDHA_3	sgDTWD2_1	NA	NA	NA	NA
sgLDHA_4	sgDTWD2_3	NA	NA	NA	NA
sgLDHB_4	sgDTX2_1	NA	NA	NA	NA
sgLGALS7B_1	sgDTX2_3	NA	NA	NA	NA
sgLGALS7B_2	sgDTX2_4	NA	NA	NA	NA
sgLGALS7_1	sgDUOXA1_3	NA	NA	NA	NA
sgLGALS7_2	sgDUSP10_5	NA	NA	NA	NA
sgLGALS7_4	sgDUSP11_5	NA	NA	NA	NA
sgLGALS9C_1	sgDUSP13_9	NA	NA	NA	NA
sgLGALS9C_2	sgDUSP15_3	NA	NA	NA	NA
sgLGALS9C_3	sgDUSP15_8	NA	NA	NA	NA
sgLGALS9_1	sgDUSP18_3	NA	NA	NA	NA
sgLGALS9_3	sgDUSP5_3	NA	NA	NA	NA
sgLGALS9_4	sgDUSP8_4	NA	NA	NA	NA
sgLILRA1_4	sgDUT_4	NA	NA	NA	NA
sgLILRA2_5	sgDUT_5	NA	NA	NA	NA
sgLILRA3_6	sgDUT_7	NA	NA	NA	NA
sgLILRA6_1	sgDUXA_1	NA	NA	NA	NA
sgLILRA6_3	sgDUXA_3	NA	NA	NA	NA
sgLILRB2_6	sgDYNC1I2_5	NA	NA	NA	NA
sgLILRB2_8	sgDYNC1LI1_1	NA	NA	NA	NA
sgLIMS1_1	sgDYNC1LI1_5	NA	NA	NA	NA
sgLIMS1_2	sgDYNC2LI1_4	NA	NA	NA	NA
sgLIMS1_3	sgDYNLL1_1	NA	NA	NA	NA
sgLIMS3L_1	sgDYNLL1_4	NA	NA	NA	NA
sgLIMS3_1	sgDYNLL2_2	NA	NA	NA	NA
sgLIMS3_2	sgDYNLRB1_2	NA	NA	NA	NA
sgLIMS3_3	sgDYNLRB1_4	NA	NA	NA	NA
sgLIMS3_4	sgDYNLT1_1	NA	NA	NA	NA
sgLIMS3_5	sgDYNLT1_3	NA	NA	NA	NA
sgLIN28A_5	sgDYNLT1_4	NA	NA	NA	NA
sgLIN28B_1	sgDYNLT1_5	NA	NA	NA	NA
sgLLPH_3	sgDYNLT3_3	NA	NA	NA	NA
sgLLPH_4	sgDYNLT3_4	NA	NA	NA	NA
sgLLPH_5	sgDYNLT3_5	NA	NA	NA	NA
sgLOC101059918_1	sgDZIP3_4	NA	NA	NA	NA
sgLOC729020_2	sgE2F3_1	NA	NA	NA	NA
sgLOC729020_4	sgE2F3_5	NA	NA	NA	NA
sgLOC729574_1	sgE2F4_1	NA	NA	NA	NA
sgLOC729574_2	sgE2F5_4	NA	NA	NA	NA
sgLOC729574_3	sgEAF2_2	NA	NA	NA	NA
sgLRRC57_3	sgEBAG9_4	NA	NA	NA	NA
sgLRRC57_4	sgEBPL_2	NA	NA	NA	NA
sgLRRC59_1	sgECEL1_2	NA	NA	NA	NA
sgLSM12_2	sgECEL1_5	NA	NA	NA	NA
sgLSM12_3	sgECHDC2_3	NA	NA	NA	NA
sgLSM12_4	sgECHDC3_2	NA	NA	NA	NA
sgLSM12_5	sgEDAR_2	NA	NA	NA	NA
sgLSM14A_5	sgEDA_4	NA	NA	NA	NA
sgLSM1_1	sgEDDM3A_1	NA	NA	NA	NA
sgLSM3_1	sgEDDM3B_1	NA	NA	NA	NA
sgLSM3_2	sgEDDM3B_4	NA	NA	NA	NA
sgLSM6_3	sgEDIL3_2	NA	NA	NA	NA
sgLSM6_4	sgEDN3_5	NA	NA	NA	NA
sgLYPLA1_3	sgEDNRA_6	NA	NA	NA	NA
sgLYPLA1_5	sgEEF1A2_3	NA	NA	NA	NA
sgLYRM2_3	sgEEF1B2_1	NA	NA	NA	NA
sgLYRM2_4	sgEEF1B2_3	NA	NA	NA	NA
sgLYZL1_1	sgEEF1D_11	NA	NA	NA	NA
sgLYZL1_2	sgEEF1D_2	NA	NA	NA	NA
sgLYZL1_3	sgEEF1D_5	NA	NA	NA	NA
sgLYZL1_4	sgEEF1D_6	NA	NA	NA	NA
sgLYZL2_2	sgEEF1E1_1	NA	NA	NA	NA
sgMAD2L1_3	sgEEF1G_2	NA	NA	NA	NA
sgMAD2L1_5	sgEEF1G_4	NA	NA	NA	NA
sgMAFG_3	sgEFCAB11_2	NA	NA	NA	NA
sgMAFK_1	sgEFCAB11_8	NA	NA	NA	NA
sgMAGEA11_2	sgEFCAB13_3	NA	NA	NA	NA
sgMAGEA2B_1	sgEFCAB14_1	NA	NA	NA	NA
sgMAGEA2_1	sgEFCAB14_4	NA	NA	NA	NA
sgMAGEA2_2	sgEFCAB1_1	NA	NA	NA	NA
sgMAGEA2_3	sgEFCAB3_1	NA	NA	NA	NA
sgMAGEA3_2	sgEFEMP2_3	NA	NA	NA	NA
sgMAGEA6_1	sgEGFL7_5	NA	NA	NA	NA
sgMAGEA6_2	sgEGFL8_2	NA	NA	NA	NA
sgMAGEA6_3	sgEGFR_3	NA	NA	NA	NA
sgMAGEA9B_1	sgEGLN2_2	NA	NA	NA	NA
sgMAGEA9B_2	sgEGR2_2	NA	NA	NA	NA
sgMAGEA9_1	sgEHD2_2	NA	NA	NA	NA
sgMAGEA9_2	sgEID2_1	NA	NA	NA	NA
sgMAGEA9_3	sgEIF1AY_3	NA	NA	NA	NA
sgMAGEB6_5	sgEIF1AY_5	NA	NA	NA	NA
sgMAGEC3_4	sgEIF1_5	NA	NA	NA	NA
sgMAGED4B_1	sgEIF2AK1_1	NA	NA	NA	NA
sgMAGED4B_2	sgEIF2AK1_2	NA	NA	NA	NA
sgMAGED4_1	sgEIF2B3_5	NA	NA	NA	NA
sgMAGED4_2	sgEIF2D_2	NA	NA	NA	NA
sgMAGED4_3	sgEIF2S3_3	NA	NA	NA	NA
sgMAGIX_1	sgEIF3E_1	NA	NA	NA	NA
sgMAGOH_2	sgEIF3E_3	NA	NA	NA	NA
sgMALL_1	sgEIF3L_5	NA	NA	NA	NA
sgMALL_2	sgEIF4A1_1	NA	NA	NA	NA
sgMALL_3	sgEIF4A1_4	NA	NA	NA	NA
sgMALL_4	sgEIF4A2_3	NA	NA	NA	NA
sgMALL_5	sgEIF4E2_1	NA	NA	NA	NA
sgMANBAL_1	sgEIF4E2_2	NA	NA	NA	NA
sgMAP1LC3B2_2	sgEIF4E2_5	NA	NA	NA	NA
sgMAP1LC3B_2	sgEIF4E3_3	NA	NA	NA	NA
sgMAP2K1_1	sgEIF4E3_6	NA	NA	NA	NA
sgMAP2K1_4	sgEIF4EBP1_5	NA	NA	NA	NA
sgMAP2K1_5	sgEIF4EBP2_2	NA	NA	NA	NA
sgMAP2K2_1	sgEIF4EBP3_2	NA	NA	NA	NA
sgMAP2K3_1	sgEIF4H_1	NA	NA	NA	NA
sgMAP2K3_3	sgEIF5A2_1	NA	NA	NA	NA
sgMAP2K3_4	sgELAVL2_3	NA	NA	NA	NA
sgMAP2K3_5	sgELF2_3	NA	NA	NA	NA
sgMAPK1IP1L_1	sgELF2_5	NA	NA	NA	NA
sgMAPK1IP1L_2	sgELF3_4	NA	NA	NA	NA
sgMAPK6_1	sgELF5_6	NA	NA	NA	NA
sgMATR3_5	sgELK1_1	NA	NA	NA	NA
sgMCTS1_1	sgELK1_5	NA	NA	NA	NA
sgMCTS1_5	sgELK1_6	NA	NA	NA	NA
sgMDH1_5	sgELK1_7	NA	NA	NA	NA
sgMEAF6_4	sgELL2_2	NA	NA	NA	NA
sgMEAF6_5	sgELL2_3	NA	NA	NA	NA
sgMED21_3	sgELL2_4	NA	NA	NA	NA
sgMED21_5	sgELL3_4	NA	NA	NA	NA
sgMED27_5	sgELL3_5	NA	NA	NA	NA
sgMED27_7	sgELMO2_5	NA	NA	NA	NA
sgMED27_8	sgELOF1_4	NA	NA	NA	NA
sgMEF2A_1	sgELOVL5_8	NA	NA	NA	NA
sgMEF2A_2	sgELP5_1	NA	NA	NA	NA
sgMEF2A_5	sgEMB_1	NA	NA	NA	NA
sgMEIS3_1	sgEMB_3	NA	NA	NA	NA
sgMEMO1_1	sgEMB_5	NA	NA	NA	NA
sgMEMO1_3	sgEMC10_1	NA	NA	NA	NA
sgMEMO1_4	sgEMC10_5	NA	NA	NA	NA
sgMEMO1_5	sgEMC3_5	NA	NA	NA	NA
sgMEST_2	sgEMC6_5	NA	NA	NA	NA
sgMEST_4	sgEMC9_2	NA	NA	NA	NA
sgMETTL15_1	sgEMP2_1	NA	NA	NA	NA
sgMETTL15_2	sgEMR2_4	NA	NA	NA	NA
sgMETTL15_3	sgEMR2_5	NA	NA	NA	NA
sgMETTL15_4	sgENAH_1	NA	NA	NA	NA
sgMETTL1_3	sgENAH_5	NA	NA	NA	NA
sgMETTL1_4	sgENC1_4	NA	NA	NA	NA
sgMETTL5_1	sgENHO_1	NA	NA	NA	NA
sgMETTL7A_1	sgENOPH1_2	NA	NA	NA	NA
sgMETTL7A_4	sgENPEP_2	NA	NA	NA	NA
sgMFF_3	sgENPEP_4	NA	NA	NA	NA
sgMFN1_2	sgENPEP_5	NA	NA	NA	NA
sgMFN1_5	sgENPP6_2	NA	NA	NA	NA
sgMICB_1	sgENPP7_1	NA	NA	NA	NA
sgMINOS1_3	sgENTPD6_3	NA	NA	NA	NA
sgMMP23B_1	sgENY2_4	NA	NA	NA	NA
sgMMP23B_2	sgENY2_5	NA	NA	NA	NA
sgMMP23B_3	sgEOGT_1	NA	NA	NA	NA
sgMMP23B_4	sgEPB41L5_1	NA	NA	NA	NA
sgMMP23B_5	sgEPDR1_8	NA	NA	NA	NA
sgMOB4_3	sgEPDR1_9	NA	NA	NA	NA
sgMORF4L1_3	sgEPGN_7	NA	NA	NA	NA
sgMORF4L1_4	sgEPHA5_4	NA	NA	NA	NA
sgMPEG1_4	sgEPHA6_5	NA	NA	NA	NA
sgMPEG1_5	sgEPHA7_1	NA	NA	NA	NA
sgMPHOSPH10_1	sgEPHB6_4	NA	NA	NA	NA
sgMPHOSPH10_2	sgEPM2A_1	NA	NA	NA	NA
sgMPHOSPH8_4	sgEPN2_4	NA	NA	NA	NA
sgMPPE1_3	sgEPPIN-WFDC6_1	NA	NA	NA	NA
sgMPPE1_4	sgEPPIN_3	NA	NA	NA	NA
sgMPPE1_5	sgEPS15L1_1	NA	NA	NA	NA
sgMPRIP_3	sgEPYC_5	NA	NA	NA	NA
sgMPRIP_4	sgEQTN_1	NA	NA	NA	NA
sgMPRIP_5	sgEQTN_4	NA	NA	NA	NA
sgMPV17L_3	sgERAP1_2	NA	NA	NA	NA
sgMPV17L_4	sgERAP1_3	NA	NA	NA	NA
sgMPZL1_3	sgERH_3	NA	NA	NA	NA
sgMR1_1	sgERH_4	NA	NA	NA	NA
sgMR1_2	sgERI2_2	NA	NA	NA	NA
sgMR1_3	sgERP29_1	NA	NA	NA	NA
sgMR1_4	sgERP29_3	NA	NA	NA	NA
sgMRE11A_4	sgERP29_5	NA	NA	NA	NA
sgMRFAP1_1	sgERP44_2	NA	NA	NA	NA
sgMRGPRX1_1	sgERP44_4	NA	NA	NA	NA
sgMRGPRX1_2	sgERP44_5	NA	NA	NA	NA
sgMRGPRX1_3	sgERV3-1_2	NA	NA	NA	NA
sgMRGPRX1_4	sgERVFRD-1_1	NA	NA	NA	NA
sgMRGPRX1_5	sgERVFRD-1_4	NA	NA	NA	NA
sgMRGPRX3_1	sgERVFRD-1_5	NA	NA	NA	NA
sgMRGPRX3_4	sgESF1_2	NA	NA	NA	NA
sgMRPL10_1	sgESF1_3	NA	NA	NA	NA
sgMRPL10_2	sgESF1_5	NA	NA	NA	NA
sgMRPL10_3	sgESPN_5	NA	NA	NA	NA
sgMRPL10_5	sgESR1_5	NA	NA	NA	NA
sgMRPL11_2	sgESR2_1	NA	NA	NA	NA
sgMRPL11_5	sgESRRA_2	NA	NA	NA	NA
sgMRPL15_4	sgESRRA_4	NA	NA	NA	NA
sgMRPL21_1	sgETF1_1	NA	NA	NA	NA
sgMRPL30_5	sgETF1_2	NA	NA	NA	NA
sgMRPL32_2	sgETF1_5	NA	NA	NA	NA
sgMRPL32_3	sgETS2_3	NA	NA	NA	NA
sgMRPL35_2	sgETS2_4	NA	NA	NA	NA
sgMRPL35_3	sgETV4_4	NA	NA	NA	NA
sgMRPL35_5	sgETV5_5	NA	NA	NA	NA
sgMRPL36_3	sgETV7_10	NA	NA	NA	NA
sgMRPL36_4	sgEVC_2	NA	NA	NA	NA
sgMRPL36_5	sgEWSR1_4	NA	NA	NA	NA
sgMRPL3_2	sgEWSR1_5	NA	NA	NA	NA
sgMRPL3_5	sgEXD1_2	NA	NA	NA	NA
sgMRPL42_2	sgEXD3_3	NA	NA	NA	NA
sgMRPL42_5	sgEXOC5_4	NA	NA	NA	NA
sgMRPL45_1	sgEXOC5_5	NA	NA	NA	NA
sgMRPS10_3	sgEXOG_1	NA	NA	NA	NA
sgMRPS17_1	sgEXOSC3_1	NA	NA	NA	NA
sgMRPS17_2	sgEXOSC8_1	NA	NA	NA	NA
sgMRPS17_3	sgEXTL2_3	NA	NA	NA	NA
sgMRPS18A_2	sgEYS_2	NA	NA	NA	NA
sgMRPS18A_5	sgF11_5	NA	NA	NA	NA
sgMRPS18C_5	sgF12_5	NA	NA	NA	NA
sgMRPS21_3	sgF2RL2_5	NA	NA	NA	NA
sgMRPS24_2	sgF2R_5	NA	NA	NA	NA
sgMRPS33_5	sgF7_5	NA	NA	NA	NA
sgMRPS36_2	sgFABP12_1	NA	NA	NA	NA
sgMRPS36_3	sgFABP1_1	NA	NA	NA	NA
sgMRPS36_5	sgFABP2_4	NA	NA	NA	NA
sgMRRF_1	sgFABP3_3	NA	NA	NA	NA
sgMRRF_4	sgFABP4_5	NA	NA	NA	NA
sgMRTO4_3	sgFABP7_1	NA	NA	NA	NA
sgMRTO4_4	sgFABP7_3	NA	NA	NA	NA
sgMS4A1_5	sgFADS2_4	NA	NA	NA	NA
sgMS4A4A_3	sgFAHD1_3	NA	NA	NA	NA
sgMS4A6E_2	sgFAHD2B_3	NA	NA	NA	NA
sgMSANTD2_1	sgFAHD2B_4	NA	NA	NA	NA
sgMST1_2	sgFAH_4	NA	NA	NA	NA
sgMST1_3	sgFAM104B_2	NA	NA	NA	NA
sgMSTO1_1	sgFAM104B_3	NA	NA	NA	NA
sgMSTO1_2	sgFAM104B_4	NA	NA	NA	NA
sgMSTO1_5	sgFAM105A_5	NA	NA	NA	NA
sgMT1A_1	sgFAM107B_2	NA	NA	NA	NA
sgMT1B_3	sgFAM111A_3	NA	NA	NA	NA
sgMT1E_2	sgFAM115C_4	NA	NA	NA	NA
sgMT1HL1_1	sgFAM118A_5	NA	NA	NA	NA
sgMTHFD2_3	sgFAM122C_5	NA	NA	NA	NA
sgMTRF1L_1	sgFAM126A_2	NA	NA	NA	NA
sgMTRF1L_2	sgFAM127A_1	NA	NA	NA	NA
sgMTRF1L_3	sgFAM127A_3	NA	NA	NA	NA
sgMTX2_5	sgFAM127A_4	NA	NA	NA	NA
sgMUC20_1	sgFAM127A_5	NA	NA	NA	NA
sgMUC20_2	sgFAM127B_1	NA	NA	NA	NA
sgMUC20_4	sgFAM127C_2	NA	NA	NA	NA
sgMXRA7_1	sgFAM131A_3	NA	NA	NA	NA
sgMXRA7_2	sgFAM131C_3	NA	NA	NA	NA
sgMXRA7_3	sgFAM133A_2	NA	NA	NA	NA
sgMXRA7_4	sgFAM133A_3	NA	NA	NA	NA
sgMXRA7_6	sgFAM133B_1	NA	NA	NA	NA
sgMYCBP_2	sgFAM149A_1	NA	NA	NA	NA
sgMYEOV2_7	sgFAM149A_3	NA	NA	NA	NA
sgMYL12A_1	sgFAM149B1_2	NA	NA	NA	NA
sgMYL12A_4	sgFAM151A_3	NA	NA	NA	NA
sgMYL12B_2	sgFAM153A_1	NA	NA	NA	NA
sgMZT2A_1	sgFAM153A_2	NA	NA	NA	NA
sgMZT2B_2	sgFAM153B_4	NA	NA	NA	NA
sgMZT2B_3	sgFAM153B_5	NA	NA	NA	NA
sgMZT2B_4	sgFAM154B_3	NA	NA	NA	NA
sgMZT2B_5	sgFAM154B_4	NA	NA	NA	NA
sgNAB1_4	sgFAM155B_2	NA	NA	NA	NA
sgNACA_3	sgFAM159A_4	NA	NA	NA	NA
sgNAIP_1	sgFAM159A_5	NA	NA	NA	NA
sgNAIP_2	sgFAM161A_5	NA	NA	NA	NA
sgNAIP_3	sgFAM166A_4	NA	NA	NA	NA
sgNAIP_4	sgFAM172A_5	NA	NA	NA	NA
sgNAIP_5	sgFAM173B_3	NA	NA	NA	NA
sgNAMPT_2	sgFAM174B_5	NA	NA	NA	NA
sgNAMPT_3	sgFAM175A_4	NA	NA	NA	NA
sgNAMPT_4	sgFAM177A1_4	NA	NA	NA	NA
sgNAMPT_5	sgFAM177B_1	NA	NA	NA	NA
sgNANOGNB_4	sgFAM183A_5	NA	NA	NA	NA
sgNANOG_3	sgFAM185A_3	NA	NA	NA	NA
sgNANP_4	sgFAM187B_2	NA	NA	NA	NA
sgNAP1L1_2	sgFAM192A_1	NA	NA	NA	NA
sgNARG2_5	sgFAM192A_2	NA	NA	NA	NA
sgNASP_5	sgFAM195B_3	NA	NA	NA	NA
sgNAT8_4	sgFAM195B_5	NA	NA	NA	NA
sgNBPF4_1	sgFAM200B_4	NA	NA	NA	NA
sgNBPF4_2	sgFAM200B_5	NA	NA	NA	NA
sgNBPF6_1	sgFAM204A_1	NA	NA	NA	NA
sgNBPF6_2	sgFAM204A_2	NA	NA	NA	NA
sgNBPF6_3	sgFAM205A_2	NA	NA	NA	NA
sgNCF1_1	sgFAM206A_1	NA	NA	NA	NA
sgNCF1_2	sgFAM206A_4	NA	NA	NA	NA
sgNCF1_4	sgFAM208A_4	NA	NA	NA	NA
sgNCF1_5	sgFAM208B_1	NA	NA	NA	NA
sgNCOA4_1	sgFAM209A_2	NA	NA	NA	NA
sgNDN_3	sgFAM209B_4	NA	NA	NA	NA
sgNDUFA5_2	sgFAM20B_4	NA	NA	NA	NA
sgNDUFA9_4	sgFAM210A_3	NA	NA	NA	NA
sgNDUFAF1_5	sgFAM210B_4	NA	NA	NA	NA
sgNDUFAF2_1	sgFAM210B_5	NA	NA	NA	NA
sgNDUFAF2_3	sgFAM212B_2	NA	NA	NA	NA
sgNDUFAF2_5	sgFAM213A_2	NA	NA	NA	NA
sgNDUFB10_3	sgFAM213A_4	NA	NA	NA	NA
sgNDUFB1_2	sgFAM214B_5	NA	NA	NA	NA
sgNDUFB1_3	sgFAM218A_4	NA	NA	NA	NA
sgNDUFB3_4	sgFAM219A_5	NA	NA	NA	NA
sgNDUFB4_1	sgFAM21B_1	NA	NA	NA	NA
sgNDUFB4_2	sgFAM21C_1	NA	NA	NA	NA
sgNDUFB9_4	sgFAM21C_3	NA	NA	NA	NA
sgNDUFB9_5	sgFAM220A_1	NA	NA	NA	NA
sgNDUFS5_2	sgFAM220A_2	NA	NA	NA	NA
sgNDUFS5_3	sgFAM220A_3	NA	NA	NA	NA
sgNDUFV2_1	sgFAM221B_3	NA	NA	NA	NA
sgNDUFV2_2	sgFAM227B_5	NA	NA	NA	NA
sgNDUFV2_4	sgFAM228A_1	NA	NA	NA	NA
sgNEDD8_1	sgFAM228A_5	NA	NA	NA	NA
sgNEFH_3	sgFAM24A_2	NA	NA	NA	NA
sgNEIL2_1	sgFAM24B_5	NA	NA	NA	NA
sgNFE2L3_2	sgFAM25A_1	NA	NA	NA	NA
sgNFE2L3_3	sgFAM25A_2	NA	NA	NA	NA
sgNFU1_1	sgFAM26D_6	NA	NA	NA	NA
sgNFU1_8	sgFAM32A_1	NA	NA	NA	NA
sgNHP2_1	sgFAM32A_3	NA	NA	NA	NA
sgNHP2_2	sgFAM35A_1	NA	NA	NA	NA
sgNHP2_5	sgFAM45A_5	NA	NA	NA	NA
sgNIFK_1	sgFAM46B_2	NA	NA	NA	NA
sgNIFK_4	sgFAM46C_4	NA	NA	NA	NA
sgNIT2_1	sgFAM46D_5	NA	NA	NA	NA
sgNKX2-5_7	sgFAM47B_2	NA	NA	NA	NA
sgNLGN4Y_6	sgFAM47E-STBD1_1	NA	NA	NA	NA
sgNLGN4Y_7	sgFAM47E_2	NA	NA	NA	NA
sgNLGN4Y_8	sgFAM47E_3	NA	NA	NA	NA
sgNME2_1	sgFAM53C_2	NA	NA	NA	NA
sgNOB1_3	sgFAM57B_2	NA	NA	NA	NA
sgNOL11_5	sgFAM60A_3	NA	NA	NA	NA
sgNOMO1_1	sgFAM71A_1	NA	NA	NA	NA
sgNOMO2_2	sgFAM71C_1	NA	NA	NA	NA
sgNOMO2_3	sgFAM71D_5	NA	NA	NA	NA
sgNOMO2_5	sgFAM71F2_1	NA	NA	NA	NA
sgNONO_2	sgFAM81A_3	NA	NA	NA	NA
sgNONO_4	sgFAM83C_1	NA	NA	NA	NA
sgNOTCH2NL_1	sgFAM83E_4	NA	NA	NA	NA
sgNOTCH2NL_2	sgFAM86A_1	NA	NA	NA	NA
sgNOTCH2NL_3	sgFAM86A_2	NA	NA	NA	NA
sgNOTCH2NL_4	sgFAM86A_3	NA	NA	NA	NA
sgNOTCH2NL_5	sgFAM86A_4	NA	NA	NA	NA
sgNPEPPS_5	sgFAM86C1_1	NA	NA	NA	NA
sgNPIPA5_1	sgFAM8A1_2	NA	NA	NA	NA
sgNPL_5	sgFAM8A1_3	NA	NA	NA	NA
sgNPY4R_1	sgFAM91A1_1	NA	NA	NA	NA
sgNPY4R_2	sgFAM91A1_3	NA	NA	NA	NA
sgNPY4R_3	sgFAM92A1_2	NA	NA	NA	NA
sgNPY4R_4	sgFAM92A1_4	NA	NA	NA	NA
sgNPY4R_5	sgFAM92A1_5	NA	NA	NA	NA
sgNRBF2_1	sgFAM92B_4	NA	NA	NA	NA
sgNRBF2_2	sgFAM96A_2	NA	NA	NA	NA
sgNRBF2_3	sgFAM96A_6	NA	NA	NA	NA
sgNREP_1	sgFAM98B_1	NA	NA	NA	NA
sgNREP_2	sgFAM9A_5	NA	NA	NA	NA
sgNREP_3	sgFANCD2_2	NA	NA	NA	NA
sgNREP_4	sgFANCL_1	NA	NA	NA	NA
sgNSA2_1	sgFAR1_4	NA	NA	NA	NA
sgNSA2_3	sgFAR1_5	NA	NA	NA	NA
sgNSF_1	sgFAR2_4	NA	NA	NA	NA
sgNSF_2	sgFAR2_5	NA	NA	NA	NA
sgNSF_3	sgFARP1_3	NA	NA	NA	NA
sgNSF_4	sgFARSB_1	NA	NA	NA	NA
sgNT5C3A_3	sgFASTKD1_3	NA	NA	NA	NA
sgNT5DC1_2	sgFASTKD2_4	NA	NA	NA	NA
sgNT5DC1_4	sgFASTKD2_5	NA	NA	NA	NA
sgNT5DC1_5	sgFAS_1	NA	NA	NA	NA
sgNTAN1_2	sgFAS_3	NA	NA	NA	NA
sgNTAN1_3	sgFAS_4	NA	NA	NA	NA
sgNUDC_1	sgFATE1_4	NA	NA	NA	NA
sgNUDC_2	sgFAU_3	NA	NA	NA	NA
sgNUDC_4	sgFAU_4	NA	NA	NA	NA
sgNUDT10_1	sgFBLIM1_4	NA	NA	NA	NA
sgNUDT10_3	sgFBL_5	NA	NA	NA	NA
sgNUDT11_1	sgFBP2_2	NA	NA	NA	NA
sgNUDT11_3	sgFBP2_3	NA	NA	NA	NA
sgNUDT15_3	sgFBXL15_4	NA	NA	NA	NA
sgNUDT4_2	sgFBXL17_1	NA	NA	NA	NA
sgNUDT4_3	sgFBXO18_2	NA	NA	NA	NA
sgNUDT4_4	sgFBXO39_3	NA	NA	NA	NA
sgNUDT4_5	sgFBXO42_3	NA	NA	NA	NA
sgNUFIP1_1	sgFBXO47_2	NA	NA	NA	NA
sgNUFIP1_2	sgFBXO48_3	NA	NA	NA	NA
sgNUFIP1_5	sgFBXW11_1	NA	NA	NA	NA
sgNUP43_2	sgFBXW11_2	NA	NA	NA	NA
sgNUP50_3	sgFBXW11_3	NA	NA	NA	NA
sgNUP50_4	sgFBXW11_5	NA	NA	NA	NA
sgNUS1_1	sgFBXW12_4	NA	NA	NA	NA
sgNUS1_2	sgFBXW12_5	NA	NA	NA	NA
sgNUS1_3	sgFBXW7_9	NA	NA	NA	NA
sgNUS1_4	sgFBXW8_2	NA	NA	NA	NA
sgNUTF2_1	sgFCER1A_2	NA	NA	NA	NA
sgNUTF2_4	sgFCF1_4	NA	NA	NA	NA
sgNUTM2B_1	sgFCGR2B_1	NA	NA	NA	NA
sgNUTM2F_1	sgFCGRT_2	NA	NA	NA	NA
sgNUTM2F_2	sgFCHO2_5	NA	NA	NA	NA
sgNUTM2F_3	sgFCN2_1	NA	NA	NA	NA
sgNXF2B_1	sgFCN3_5	NA	NA	NA	NA
sgNXF2B_2	sgFCRL1_3	NA	NA	NA	NA
sgNXF2B_3	sgFCRL4_2	NA	NA	NA	NA
sgNXF2B_4	sgFCRL6_1	NA	NA	NA	NA
sgNXF2_1	sgFCRL6_3	NA	NA	NA	NA
sgNXF2_2	sgFDPS_2	NA	NA	NA	NA
sgNXF5_3	sgFDX1L_1	NA	NA	NA	NA
sgNXF5_4	sgFDX1_1	NA	NA	NA	NA
sgNXF5_5	sgFDX1_3	NA	NA	NA	NA
sgNXT1_4	sgFDXR_3	NA	NA	NA	NA
sgOBP2A_2	sgFDXR_4	NA	NA	NA	NA
sgOBP2B_2	sgFEN1_3	NA	NA	NA	NA
sgOBP2B_3	sgFEN1_5	NA	NA	NA	NA
sgOBP2B_4	sgFERMT2_5	NA	NA	NA	NA
sgOCLN_5	sgFEZ2_3	NA	NA	NA	NA
sgOCLN_6	sgFEZF2_2	NA	NA	NA	NA
sgOCLN_7	sgFGF13_2	NA	NA	NA	NA
sgOCLN_8	sgFGF1_3	NA	NA	NA	NA
sgOCM2_1	sgFGF5_4	NA	NA	NA	NA
sgOCM2_3	sgFGF6_1	NA	NA	NA	NA
sgOCM_4	sgFGF6_2	NA	NA	NA	NA
sgOFD1_2	sgFGFBP1_5	NA	NA	NA	NA
sgOLA1_1	sgFGFR1OP2_4	NA	NA	NA	NA
sgOLA1_3	sgFGFR1OP2_8	NA	NA	NA	NA
sgOLA1_4	sgFGFR1OP2_9	NA	NA	NA	NA
sgOLA1_5	sgFGFR2_1	NA	NA	NA	NA
sgORC3_2	sgFGFR2_4	NA	NA	NA	NA
sgORC3_5	sgFGFR2_5	NA	NA	NA	NA
sgOSBPL9_1	sgFGG_1	NA	NA	NA	NA
sgOSBPL9_2	sgFGG_3	NA	NA	NA	NA
sgOSTC_1	sgFGL1_2	NA	NA	NA	NA
sgOSTF1_3	sgFIBCD1_5	NA	NA	NA	NA
sgOTOP1_5	sgFIS1_4	NA	NA	NA	NA
sgOTUD4_1	sgFKBP11_2	NA	NA	NA	NA
sgOTUD4_2	sgFKBP11_8	NA	NA	NA	NA
sgOXCT2_1	sgFKBP14_4	NA	NA	NA	NA
sgOXCT2_2	sgFKBP1A_1	NA	NA	NA	NA
sgOXCT2_3	sgFKBP1B_3	NA	NA	NA	NA
sgOXCT2_4	sgFKBP2_5	NA	NA	NA	NA
sgOXCT2_5	sgFKBP3_1	NA	NA	NA	NA
sgOXR1_3	sgFKBP3_4	NA	NA	NA	NA
sgOXR1_4	sgFKBP3_5	NA	NA	NA	NA
sgOXR1_5	sgFKBP9_2	NA	NA	NA	NA
sgOXT_2	sgFKBP9_4	NA	NA	NA	NA
sgOXT_3	sgFKTN_2	NA	NA	NA	NA
sgP2RX6_1	sgFLNB_1	NA	NA	NA	NA
sgPA2G4_3	sgFLRT2_2	NA	NA	NA	NA
sgPABPC1L2A_1	sgFLYWCH1_2	NA	NA	NA	NA
sgPABPC1L2A_2	sgFLYWCH1_3	NA	NA	NA	NA
sgPABPC1L2B_1	sgFLYWCH2_5	NA	NA	NA	NA
sgPABPC1L2B_2	sgFMNL2_3	NA	NA	NA	NA
sgPABPC1L2B_3	sgFMO1_3	NA	NA	NA	NA
sgPABPC1_2	sgFMO2_5	NA	NA	NA	NA
sgPABPN1_2	sgFMO3_4	NA	NA	NA	NA
sgPAFAH1B1_1	sgFMO4_5	NA	NA	NA	NA
sgPAFAH1B1_2	sgFMO5_1	NA	NA	NA	NA
sgPAFAH1B2_2	sgFMOD_3	NA	NA	NA	NA
sgPAFAH1B2_4	sgFMR1_1	NA	NA	NA	NA
sgPAGE2_2	sgFMR1_3	NA	NA	NA	NA
sgPAGE5_2	sgFN1_4	NA	NA	NA	NA
sgPAICS_4	sgFN1_5	NA	NA	NA	NA
sgPAIP1_1	sgFN3K_4	NA	NA	NA	NA
sgPAIP1_4	sgFNTA_1	NA	NA	NA	NA
sgPAIP1_5	sgFNTA_4	NA	NA	NA	NA
sgPAIP2_1	sgFNTA_5	NA	NA	NA	NA
sgPARL_3	sgFOLH1_10	NA	NA	NA	NA
sgPARP1_5	sgFOLH1_11	NA	NA	NA	NA
sgPARP4_2	sgFOLH1_3	NA	NA	NA	NA
sgPARP4_3	sgFOLR1_3	NA	NA	NA	NA
sgPARP4_4	sgFOLR1_4	NA	NA	NA	NA
sgPBX2_3	sgFOSL1_2	NA	NA	NA	NA
sgPBX2_4	sgFOSL1_4	NA	NA	NA	NA
sgPBX2_5	sgFOSL1_5	NA	NA	NA	NA
sgPCBD2_5	sgFOXA3_2	NA	NA	NA	NA
sgPCBP2_3	sgFOXH1_1	NA	NA	NA	NA
sgPCBP2_4	sgFOXI1_5	NA	NA	NA	NA
sgPCBP2_5	sgFOXK1_4	NA	NA	NA	NA
sgPCGF6_2	sgFOXK2_5	NA	NA	NA	NA
sgPCGF6_3	sgFOXN3_2	NA	NA	NA	NA
sgPCNP_3	sgFOXO1_1	NA	NA	NA	NA
sgPCNP_5	sgFOXO3_2	NA	NA	NA	NA
sgPDAP1_1	sgFOXP3_2	NA	NA	NA	NA
sgPDAP1_2	sgFOXQ1_5	NA	NA	NA	NA
sgPDCD2_1	sgFOXR1_5	NA	NA	NA	NA
sgPDCD2_7	sgFRA10AC1_1	NA	NA	NA	NA
sgPDCD5_3	sgFRA10AC1_2	NA	NA	NA	NA
sgPDCD5_4	sgFREM1_2	NA	NA	NA	NA
sgPDCD6IP_5	sgFRG1_3	NA	NA	NA	NA
sgPDCD6_3	sgFRG2B_1	NA	NA	NA	NA
sgPDCD6_4	sgFRG2C_2	NA	NA	NA	NA
sgPDCL2_2	sgFRMD3_7	NA	NA	NA	NA
sgPDCL2_5	sgFRMD4B_1	NA	NA	NA	NA
sgPDCL3_3	sgFRMD6_2	NA	NA	NA	NA
sgPDCL3_5	sgFRMD6_5	NA	NA	NA	NA
sgPDE4DIP_10	sgFRS2_5	NA	NA	NA	NA
sgPDE4DIP_11	sgFSCN1_1	NA	NA	NA	NA
sgPDE4DIP_12	sgFSCN1_2	NA	NA	NA	NA
sgPDE4DIP_14	sgFSCN1_3	NA	NA	NA	NA
sgPDE4DIP_15	sgFSCN1_5	NA	NA	NA	NA
sgPDE4DIP_16	sgFSD1L_1	NA	NA	NA	NA
sgPDE4DIP_17	sgFSHB_2	NA	NA	NA	NA
sgPDE4DIP_18	sgFSHB_4	NA	NA	NA	NA
sgPDE4DIP_19	sgFTH1_1	NA	NA	NA	NA
sgPDE4DIP_20	sgFTHL17_2	NA	NA	NA	NA
sgPDE4DIP_21	sgFTL_1	NA	NA	NA	NA
sgPDE4DIP_22	sgFTL_3	NA	NA	NA	NA
sgPDE4DIP_3	sgFTO_1	NA	NA	NA	NA
sgPDE4DIP_4	sgFUNDC1_4	NA	NA	NA	NA
sgPDE4DIP_5	sgFUOM_3	NA	NA	NA	NA
sgPDE4DIP_6	sgFUT3_3	NA	NA	NA	NA
sgPDE4DIP_7	sgFUT5_1	NA	NA	NA	NA
sgPDE4DIP_8	sgFXR1_3	NA	NA	NA	NA
sgPDE4DIP_9	sgFXYD5_1	NA	NA	NA	NA
sgPDLIM1_2	sgFXYD5_4	NA	NA	NA	NA
sgPDPK1_1	sgFYTTD1_2	NA	NA	NA	NA
sgPDPK1_2	sgFYTTD1_5	NA	NA	NA	NA
sgPDPK1_3	sgFZD10_5	NA	NA	NA	NA
sgPDPK1_4	sgG2E3_5	NA	NA	NA	NA
sgPDPK1_5	sgG3BP1_4	NA	NA	NA	NA
sgPDPR_2	sgG6PC2_1	NA	NA	NA	NA
sgPDPR_3	sgG6PC2_3	NA	NA	NA	NA
sgPDPR_4	sgGABARAPL1_1	NA	NA	NA	NA
sgPDPR_5	sgGABARAPL2_5	NA	NA	NA	NA
sgPDSS1_2	sgGABBR2_5	NA	NA	NA	NA
sgPDZD11_1	sgGABPA_2	NA	NA	NA	NA
sgPDZD11_2	sgGABRB1_5	NA	NA	NA	NA
sgPDZK1_4	sgGABRR1_5	NA	NA	NA	NA
sgPDZK1_5	sgGAGE12H_1	NA	NA	NA	NA
sgPDZK1_6	sgGALNT13_3	NA	NA	NA	NA
sgPEBP1_1	sgGALNT5_3	NA	NA	NA	NA
sgPEBP1_3	sgGAPDH_2	NA	NA	NA	NA
sgPEBP1_4	sgGAPDH_4	NA	NA	NA	NA
sgPEBP1_5	sgGAPDH_5	NA	NA	NA	NA
sgPEF1_4	sgGAR1_3	NA	NA	NA	NA
sgPEPD_1	sgGATC_4	NA	NA	NA	NA
sgPERP_1	sgGATS_2	NA	NA	NA	NA
sgPERP_2	sgGATS_4	NA	NA	NA	NA
sgPERP_3	sgGBA_5	NA	NA	NA	NA
sgPEX12_4	sgGBP3_2	NA	NA	NA	NA
sgPEX5_1	sgGBX1_1	NA	NA	NA	NA
sgPF4V1_1	sgGCAT_3	NA	NA	NA	NA
sgPF4V1_2	sgGCH1_1	NA	NA	NA	NA
sgPF4V1_3	sgGCLM_2	NA	NA	NA	NA
sgPF4_1	sgGDAP2_1	NA	NA	NA	NA
sgPF4_2	sgGDF1_3	NA	NA	NA	NA
sgPFDN1_3	sgGDF9_1	NA	NA	NA	NA
sgPFDN1_4	sgGDPD1_2	NA	NA	NA	NA
sgPFDN4_1	sgGDPD4_3	NA	NA	NA	NA
sgPFDN4_3	sgGEMIN2_3	NA	NA	NA	NA
sgPFN1_2	sgGEMIN5_2	NA	NA	NA	NA
sgPGAM1_2	sgGEMIN7_2	NA	NA	NA	NA
sgPGAM4_2	sgGEMIN7_3	NA	NA	NA	NA
sgPGD_5	sgGEMIN7_5	NA	NA	NA	NA
sgPGGT1B_1	sgGEMIN8_1	NA	NA	NA	NA
sgPGGT1B_3	sgGFAP_5	NA	NA	NA	NA
sgPGGT1B_5	sgGFOD2_7	NA	NA	NA	NA
sgPGK1_2	sgGGA1_4	NA	NA	NA	NA
sgPGRMC1_6	sgGGCT_1	NA	NA	NA	NA
sgPHB_1	sgGGH_5	NA	NA	NA	NA
sgPHC1_2	sgGGT1_2	NA	NA	NA	NA
sgPHC1_3	sgGGT1_4	NA	NA	NA	NA
sgPHC1_4	sgGGTLC1_1	NA	NA	NA	NA
sgPHC1_5	sgGGTLC1_3	NA	NA	NA	NA
sgPHF10_3	sgGGTLC1_4	NA	NA	NA	NA
sgPHF5A_1	sgGGTLC2_1	NA	NA	NA	NA
sgPHF5A_3	sgGGTLC2_3	NA	NA	NA	NA
sgPHGR1_1	sgGH1_2	NA	NA	NA	NA
sgPHKA1_5	sgGH2_5	NA	NA	NA	NA
sgPIGA_2	sgGID4_5	NA	NA	NA	NA
sgPIGA_5	sgGIGYF2_2	NA	NA	NA	NA
sgPIGC_1	sgGIMAP6_6	NA	NA	NA	NA
sgPIGC_2	sgGIN1_3	NA	NA	NA	NA
sgPIGC_4	sgGINS2_1	NA	NA	NA	NA
sgPIGF_1	sgGINS2_2	NA	NA	NA	NA
sgPIGH_1	sgGINS2_5	NA	NA	NA	NA
sgPIGH_2	sgGINS3_3	NA	NA	NA	NA
sgPIGH_5	sgGINS4_4	NA	NA	NA	NA
sgPIGL_4	sgGIP_2	NA	NA	NA	NA
sgPIGU_1	sgGJA1_1	NA	NA	NA	NA
sgPIGU_3	sgGJA1_3	NA	NA	NA	NA
sgPIGU_4	sgGJA4_5	NA	NA	NA	NA
sgPIGU_5	sgGJC3_5	NA	NA	NA	NA
sgPIGW_4	sgGJD2_5	NA	NA	NA	NA
sgPIGY_1	sgGK2_4	NA	NA	NA	NA
sgPIGY_2	sgGKN1_5	NA	NA	NA	NA
sgPILRA_1	sgGKN2_4	NA	NA	NA	NA
sgPILRA_3	sgGK_5	NA	NA	NA	NA
sgPILRA_4	sgGLA_3	NA	NA	NA	NA
sgPILRB_2	sgGLB1_2	NA	NA	NA	NA
sgPILRB_3	sgGLDC_4	NA	NA	NA	NA
sgPIN4_1	sgGLIPR1L2_2	NA	NA	NA	NA
sgPIN4_3	sgGLIPR2_4	NA	NA	NA	NA
sgPIN4_4	sgGLIS3_1	NA	NA	NA	NA
sgPIN4_5	sgGLMN_4	NA	NA	NA	NA
sgPIP5K1A_7	sgGLOD4_2	NA	NA	NA	NA
sgPKD1_4	sgGLRA3_2	NA	NA	NA	NA
sgPKD1_5	sgGLRA3_5	NA	NA	NA	NA
sgPKM_3	sgGLRX2_2	NA	NA	NA	NA
sgPKM_5	sgGLRX3_4	NA	NA	NA	NA
sgPLA2G12A_2	sgGLRX5_2	NA	NA	NA	NA
sgPLA2G12A_3	sgGLRX_2	NA	NA	NA	NA
sgPLA2G12A_4	sgGLRX_3	NA	NA	NA	NA
sgPLA2G12A_5	sgGLRX_4	NA	NA	NA	NA
sgPLA2G4A_1	sgGLS_5	NA	NA	NA	NA
sgPLAC8_3	sgGLT1D1_4	NA	NA	NA	NA
sgPLAC9_4	sgGLT8D1_2	NA	NA	NA	NA
sgPLCXD1_1	sgGLTP_5	NA	NA	NA	NA
sgPLCXD1_2	sgGLTSCR2_1	NA	NA	NA	NA
sgPLCXD1_3	sgGLUD1_1	NA	NA	NA	NA
sgPLCXD1_4	sgGLUD2_5	NA	NA	NA	NA
sgPLCXD1_5	sgGLUL_1	NA	NA	NA	NA
sgPLD5_5	sgGLYATL1_2	NA	NA	NA	NA
sgPLEKHA3_1	sgGLYATL1_5	NA	NA	NA	NA
sgPLEKHA3_2	sgGLYR1_4	NA	NA	NA	NA
sgPLEKHA3_5	sgGMFB_2	NA	NA	NA	NA
sgPLEKHA8_2	sgGMFG_5	NA	NA	NA	NA
sgPLEKHB2_1	sgGNA11_1	NA	NA	NA	NA
sgPLEKHM1_1	sgGNA11_4	NA	NA	NA	NA
sgPLEKHM1_3	sgGNA13_2	NA	NA	NA	NA
sgPLEKHM1_4	sgGNA13_5	NA	NA	NA	NA
sgPLEKHM1_5	sgGNA15_3	NA	NA	NA	NA
sgPLGLB1_1	sgGNAL_11	NA	NA	NA	NA
sgPLGLB1_2	sgGNAL_9	NA	NA	NA	NA
sgPLGLB2_1	sgGNAQ_1	NA	NA	NA	NA
sgPLG_1	sgGNAQ_5	NA	NA	NA	NA
sgPLG_3	sgGNAS_5	NA	NA	NA	NA
sgPLIN2_2	sgGNAT2_1	NA	NA	NA	NA
sgPLLP_3	sgGNB3_1	NA	NA	NA	NA
sgPMPCA_2	sgGNGT1_2	NA	NA	NA	NA
sgPNKD_10	sgGNL3L_2	NA	NA	NA	NA
sgPNMA6C_1	sgGNL3L_4	NA	NA	NA	NA
sgPNRC2_1	sgGNL3L_5	NA	NA	NA	NA
sgPNRC2_5	sgGNPNAT1_2	NA	NA	NA	NA
sgPOLD2_4	sgGNPNAT1_3	NA	NA	NA	NA
sgPOLR2D_5	sgGOLGA5_2	NA	NA	NA	NA
sgPOLR2K_1	sgGOLGA5_4	NA	NA	NA	NA
sgPOLR2K_2	sgGOLGA6C_1	NA	NA	NA	NA
sgPOLR2M_1	sgGOLGA7_4	NA	NA	NA	NA
sgPOLR2M_2	sgGOLGA8R_1	NA	NA	NA	NA
sgPOLR3D_4	sgGOLPH3L_1	NA	NA	NA	NA
sgPOLR3G_1	sgGOLPH3L_5	NA	NA	NA	NA
sgPOLR3G_3	sgGOLPH3_3	NA	NA	NA	NA
sgPOLR3G_4	sgGOLT1B_3	NA	NA	NA	NA
sgPOLRMT_3	sgGOPC_3	NA	NA	NA	NA
sgPOM121C_1	sgGOSR1_3	NA	NA	NA	NA
sgPOM121C_2	sgGOSR1_4	NA	NA	NA	NA
sgPOM121C_3	sgGOSR2_2	NA	NA	NA	NA
sgPOM121C_4	sgGOT2_3	NA	NA	NA	NA
sgPOMZP3_1	sgGP6_1	NA	NA	NA	NA
sgPOMZP3_2	sgGP6_2	NA	NA	NA	NA
sgPOMZP3_3	sgGPANK1_3	NA	NA	NA	NA
sgPOMZP3_4	sgGPATCH11_2	NA	NA	NA	NA
sgPOTEC_1	sgGPATCH11_8	NA	NA	NA	NA
sgPOTED_1	sgGPBP1_4	NA	NA	NA	NA
sgPOTEE_2	sgGPC3_5	NA	NA	NA	NA
sgPOTEF_1	sgGPCPD1_3	NA	NA	NA	NA
sgPOTEG_1	sgGPD2_1	NA	NA	NA	NA
sgPOTEG_2	sgGPM6B_3	NA	NA	NA	NA
sgPOTEI_1	sgGPR101_3	NA	NA	NA	NA
sgPOTEJ_1	sgGPR112_3	NA	NA	NA	NA
sgPOTEJ_2	sgGPR113_3	NA	NA	NA	NA
sgPOTEJ_3	sgGPR119_1	NA	NA	NA	NA
sgPOTEJ_4	sgGPR125_1	NA	NA	NA	NA
sgPOU5F1B_2	sgGPR125_3	NA	NA	NA	NA
sgPOU5F1B_3	sgGPR125_4	NA	NA	NA	NA
sgPOU5F1_1	sgGPR128_4	NA	NA	NA	NA
sgPOU5F1_2	sgGPR142_4	NA	NA	NA	NA
sgPOU5F1_3	sgGPR160_3	NA	NA	NA	NA
sgPPA1_1	sgGPR180_4	NA	NA	NA	NA
sgPPA1_2	sgGPR19_3	NA	NA	NA	NA
sgPPA1_3	sgGPR20_1	NA	NA	NA	NA
sgPPA1_4	sgGPR26_2	NA	NA	NA	NA
sgPPAT_3	sgGPR55_3	NA	NA	NA	NA
sgPPCS_6	sgGPR63_3	NA	NA	NA	NA
sgPPEF2_4	sgGPR65_2	NA	NA	NA	NA
sgPPIP5K1_1	sgGPRC6A_1	NA	NA	NA	NA
sgPPIP5K1_2	sgGPRC6A_4	NA	NA	NA	NA
sgPPIP5K1_3	sgGPRIN1_5	NA	NA	NA	NA
sgPPIP5K1_4	sgGPRIN2_5	NA	NA	NA	NA
sgPPIP5K1_5	sgGPRIN3_3	NA	NA	NA	NA
sgPPIP5K2_1	sgGPS2_2	NA	NA	NA	NA
sgPPP1R11_2	sgGPS2_5	NA	NA	NA	NA
sgPPP1R14B_2	sgGPX1_1	NA	NA	NA	NA
sgPPP1R14B_3	sgGPX1_2	NA	NA	NA	NA
sgPPP1R26_4	sgGPX1_7	NA	NA	NA	NA
sgPPP2R3B_1	sgGPX8_3	NA	NA	NA	NA
sgPPP2R3B_2	sgGRAMD1A_2	NA	NA	NA	NA
sgPPP2R3B_3	sgGRAMD1C_4	NA	NA	NA	NA
sgPPP2R5C_5	sgGRAMD3_1	NA	NA	NA	NA
sgPPP4R2_1	sgGRB2_3	NA	NA	NA	NA
sgPRADC1_1	sgGRIA1_5	NA	NA	NA	NA
sgPRADC1_5	sgGRIA4_1	NA	NA	NA	NA
sgPRAMEF10_1	sgGRIA4_5	NA	NA	NA	NA
sgPRAMEF10_2	sgGRK6_2	NA	NA	NA	NA
sgPRAMEF11_1	sgGRK6_3	NA	NA	NA	NA
sgPRAMEF13_1	sgGRK6_4	NA	NA	NA	NA
sgPRAMEF1_2	sgGRK6_5	NA	NA	NA	NA
sgPRAMEF1_3	sgGRM6_1	NA	NA	NA	NA
sgPRAMEF22_1	sgGRPEL2_2	NA	NA	NA	NA
sgPRAMEF5_1	sgGRXCR1_4	NA	NA	NA	NA
sgPRAMEF6_1	sgGSC2_5	NA	NA	NA	NA
sgPRAMEF7_1	sgGSDMA_2	NA	NA	NA	NA
sgPRAMEF8_1	sgGSDMB_2	NA	NA	NA	NA
sgPRAMEF8_2	sgGSDMC_5	NA	NA	NA	NA
sgPRAMEF8_3	sgGSG1L_1	NA	NA	NA	NA
sgPRAMEF8_4	sgGSK3B_5	NA	NA	NA	NA
sgPRB2_1	sgGSN_1	NA	NA	NA	NA
sgPRB2_2	sgGSTA3_3	NA	NA	NA	NA
sgPRB2_3	sgGSTA3_4	NA	NA	NA	NA
sgPRB4_1	sgGSTA4_3	NA	NA	NA	NA
sgPRB4_3	sgGSTA5_1	NA	NA	NA	NA
sgPRDM7_5	sgGSTA5_4	NA	NA	NA	NA
sgPRDX2_3	sgGSTK1_3	NA	NA	NA	NA
sgPRDX3_3	sgGSTM1_1	NA	NA	NA	NA
sgPRDX3_4	sgGSTM2_1	NA	NA	NA	NA
sgPRDX5_2	sgGSTM3_1	NA	NA	NA	NA
sgPRDX5_4	sgGSTM3_2	NA	NA	NA	NA
sgPRDX6_1	sgGSTM4_1	NA	NA	NA	NA
sgPRDX6_2	sgGSTM4_3	NA	NA	NA	NA
sgPRH2_3	sgGSTM5_1	NA	NA	NA	NA
sgPRH2_4	sgGSTM5_2	NA	NA	NA	NA
sgPRH2_5	sgGSTO1_3	NA	NA	NA	NA
sgPRKCI_1	sgGSTO1_4	NA	NA	NA	NA
sgPRKRIR_1	sgGSTO1_5	NA	NA	NA	NA
sgPRKRIR_3	sgGSTO2_1	NA	NA	NA	NA
sgPRKRIR_4	sgGSTP1_5	NA	NA	NA	NA
sgPRKX_1	sgGSTZ1_5	NA	NA	NA	NA
sgPRKX_4	sgGTF2A2_2	NA	NA	NA	NA
sgPRMT10_1	sgGTF2B_2	NA	NA	NA	NA
sgPRODH_3	sgGTF2H1_4	NA	NA	NA	NA
sgPROS1_4	sgGTF2H1_5	NA	NA	NA	NA
sgPRPS1_5	sgGTF2H2C_3	NA	NA	NA	NA
sgPRR13_1	sgGTF2H5_3	NA	NA	NA	NA
sgPRR13_2	sgGTF2I_3	NA	NA	NA	NA
sgPRR13_3	sgGTF2I_4	NA	NA	NA	NA
sgPRR13_4	sgGTF3C6_1	NA	NA	NA	NA
sgPRR13_6	sgGTF3C6_2	NA	NA	NA	NA
sgPRR23D1_1	sgGTF3C6_4	NA	NA	NA	NA
sgPRR23D1_2	sgGTPBP10_3	NA	NA	NA	NA
sgPRR23D2_1	sgGTSCR1_2	NA	NA	NA	NA
sgPRR23D2_2	sgGTSF1_5	NA	NA	NA	NA
sgPRR23D2_3	sgGUCA1C_2	NA	NA	NA	NA
sgPRSS3_2	sgGUCA2A_2	NA	NA	NA	NA
sgPRSS3_3	sgGUCA2A_5	NA	NA	NA	NA
sgPRSS3_4	sgGULP1_4	NA	NA	NA	NA
sgPSAT1_5	sgGULP1_5	NA	NA	NA	NA
sgPSG2_1	sgGYG1_1	NA	NA	NA	NA
sgPSG2_2	sgGYG1_5	NA	NA	NA	NA
sgPSG2_3	sgGYPA_2	NA	NA	NA	NA
sgPSG6_5	sgGYPA_4	NA	NA	NA	NA
sgPSG8_1	sgGYPC_5	NA	NA	NA	NA
sgPSG8_3	sgGZMH_4	NA	NA	NA	NA
sgPSG8_4	sgH2AFJ_2	NA	NA	NA	NA
sgPSIP1_4	sgH2AFJ_3	NA	NA	NA	NA
sgPSMB5_5	sgH2AFV_5	NA	NA	NA	NA
sgPSMC2_1	sgH2AFV_7	NA	NA	NA	NA
sgPSMC2_2	sgH2AFX_1	NA	NA	NA	NA
sgPSMC6_4	sgH2AFZ_4	NA	NA	NA	NA
sgPSMD10_1	sgH2AFZ_5	NA	NA	NA	NA
sgPSMD10_3	sgH3F3C_4	NA	NA	NA	NA
sgPSMD7_5	sgHABP2_2	NA	NA	NA	NA
sgPSME2_1	sgHADHB_2	NA	NA	NA	NA
sgPSME2_3	sgHADHB_4	NA	NA	NA	NA
sgPSMG3_5	sgHAL_1	NA	NA	NA	NA
sgPSPH_1	sgHAMP_3	NA	NA	NA	NA
sgPSPH_2	sgHAUS1_1	NA	NA	NA	NA
sgPTEN_1	sgHAUS1_3	NA	NA	NA	NA
sgPTEN_3	sgHAUS2_2	NA	NA	NA	NA
sgPTGES3_1	sgHAUS4_3	NA	NA	NA	NA
sgPTGES3_4	sgHAUS4_4	NA	NA	NA	NA
sgPTGES3_5	sgHAVCR2_1	NA	NA	NA	NA
sgPTGES3_6	sgHAX1_1	NA	NA	NA	NA
sgPTGES3_7	sgHAX1_2	NA	NA	NA	NA
sgPTMS_2	sgHAX1_3	NA	NA	NA	NA
sgPTOV1_2	sgHBB_1	NA	NA	NA	NA
sgPTOV1_5	sgHBB_2	NA	NA	NA	NA
sgPTP4A1_4	sgHBB_3	NA	NA	NA	NA
sgPTP4A2_1	sgHBG1_1	NA	NA	NA	NA
sgPTP4A2_3	sgHBS1L_3	NA	NA	NA	NA
sgPTP4A2_4	sgHCAR2_4	NA	NA	NA	NA
sgPTP4A2_6	sgHCCS_3	NA	NA	NA	NA
sgPTP4A2_7	sgHCCS_4	NA	NA	NA	NA
sgPTPN11_1	sgHCFC1R1_3	NA	NA	NA	NA
sgPTPN11_2	sgHCN2_1	NA	NA	NA	NA
sgPTPN11_3	sgHCN2_3	NA	NA	NA	NA
sgPTPN2_2	sgHDAC1_2	NA	NA	NA	NA
sgPTPN2_3	sgHDGFRP3_5	NA	NA	NA	NA
sgPTTG1_1	sgHDHD3_5	NA	NA	NA	NA
sgPTTG2_3	sgHEBP2_5	NA	NA	NA	NA
sgPVRIG_2	sgHECA_1	NA	NA	NA	NA
sgPVRIG_3	sgHEG1_3	NA	NA	NA	NA
sgPYROXD1_3	sgHELQ_5	NA	NA	NA	NA
sgPYROXD1_5	sgHEMGN_2	NA	NA	NA	NA
sgR3HDM1_5	sgHENMT1_4	NA	NA	NA	NA
sgRAB1A_3	sgHEPN1_2	NA	NA	NA	NA
sgRAB1A_6	sgHEPN1_3	NA	NA	NA	NA
sgRAB1B_1	sgHERC4_8	NA	NA	NA	NA
sgRAB1B_3	sgHES1_1	NA	NA	NA	NA
sgRAB40AL_3	sgHES6_7	NA	NA	NA	NA
sgRAB40AL_4	sgHES6_8	NA	NA	NA	NA
sgRAB40A_1	sgHES7_4	NA	NA	NA	NA
sgRAB40A_2	sgHESX1_1	NA	NA	NA	NA
sgRAB42_1	sgHESX1_2	NA	NA	NA	NA
sgRAB42_2	sgHEXIM1_3	NA	NA	NA	NA
sgRAB42_4	sgHFE_17	NA	NA	NA	NA
sgRAB43_1	sgHFE_3	NA	NA	NA	NA
sgRAB43_2	sgHFE_5	NA	NA	NA	NA
sgRAB43_3	sgHGF_4	NA	NA	NA	NA
sgRAB43_4	sgHIAT1_5	NA	NA	NA	NA
sgRAB43_5	sgHIATL1_3	NA	NA	NA	NA
sgRAB5A_2	sgHID1_3	NA	NA	NA	NA
sgRAB5A_3	sgHIF3A_1	NA	NA	NA	NA
sgRAB6A_11	sgHIF3A_4	NA	NA	NA	NA
sgRAB6A_2	sgHIGD1A_1	NA	NA	NA	NA
sgRAB6A_3	sgHIGD1A_2	NA	NA	NA	NA
sgRAB6A_8	sgHIGD1B_1	NA	NA	NA	NA
sgRAB6C_1	sgHIGD1C_3	NA	NA	NA	NA
sgRAB6C_2	sgHIGD1C_5	NA	NA	NA	NA
sgRAB6C_3	sgHIGD2A_1	NA	NA	NA	NA
sgRAB6C_4	sgHIGD2A_5	NA	NA	NA	NA
sgRAB9A_4	sgHINT1_1	NA	NA	NA	NA
sgRABGAP1L_12	sgHINT1_4	NA	NA	NA	NA
sgRABGEF1_1	sgHINT1_5	NA	NA	NA	NA
sgRABGEF1_2	sgHINT2_1	NA	NA	NA	NA
sgRABGEF1_3	sgHINT2_3	NA	NA	NA	NA
sgRABL2A_2	sgHIPK1_2	NA	NA	NA	NA
sgRABL2B_2	sgHIST1H1D_2	NA	NA	NA	NA
sgRABL2B_3	sgHIST1H2AB_3	NA	NA	NA	NA
sgRABL2B_5	sgHIST1H2AC_1	NA	NA	NA	NA
sgRAC1_1	sgHIST1H2AC_2	NA	NA	NA	NA
sgRAC1_2	sgHIST1H2AC_3	NA	NA	NA	NA
sgRAC1_4	sgHIST1H2AC_4	NA	NA	NA	NA
sgRAD1_1	sgHIST1H2AD_2	NA	NA	NA	NA
sgRAD1_2	sgHIST1H2AD_3	NA	NA	NA	NA
sgRAD51D_4	sgHIST1H2AE_2	NA	NA	NA	NA
sgRAET1G_1	sgHIST1H2AE_3	NA	NA	NA	NA
sgRAET1G_3	sgHIST1H2AG_1	NA	NA	NA	NA
sgRAET1L_1	sgHIST1H2AG_2	NA	NA	NA	NA
sgRALA_2	sgHIST1H2AG_3	NA	NA	NA	NA
sgRALBP1_2	sgHIST1H2AH_3	NA	NA	NA	NA
sgRALBP1_4	sgHIST1H2AH_4	NA	NA	NA	NA
sgRALBP1_5	sgHIST1H2AK_1	NA	NA	NA	NA
sgRALGAPA1_2	sgHIST1H2AK_3	NA	NA	NA	NA
sgRALGAPA1_3	sgHIST1H2AL_1	NA	NA	NA	NA
sgRALGAPA1_4	sgHIST1H2AL_3	NA	NA	NA	NA
sgRALGAPA1_5	sgHIST1H2AM_1	NA	NA	NA	NA
sgRANBP1_1	sgHIST1H2AM_2	NA	NA	NA	NA
sgRANBP1_3	sgHIST1H2AM_3	NA	NA	NA	NA
sgRANBP1_5	sgHIST1H2AM_4	NA	NA	NA	NA
sgRAN_1	sgHIST1H2BA_4	NA	NA	NA	NA
sgRAN_2	sgHIST1H2BB_3	NA	NA	NA	NA
sgRAN_4	sgHIST1H2BC_1	NA	NA	NA	NA
sgRAN_5	sgHIST1H2BC_2	NA	NA	NA	NA
sgRAP1A_2	sgHIST1H2BC_3	NA	NA	NA	NA
sgRAP1A_3	sgHIST1H2BC_4	NA	NA	NA	NA
sgRAP1B_1	sgHIST1H2BD_1	NA	NA	NA	NA
sgRAP1B_3	sgHIST1H2BD_2	NA	NA	NA	NA
sgRAP1B_4	sgHIST1H2BD_3	NA	NA	NA	NA
sgRAP1B_5	sgHIST1H2BD_4	NA	NA	NA	NA
sgRAP1B_6	sgHIST1H2BE_2	NA	NA	NA	NA
sgRAP1B_7	sgHIST1H2BE_3	NA	NA	NA	NA
sgRAP1B_8	sgHIST1H2BG_4	NA	NA	NA	NA
sgRAP1B_9	sgHIST1H2BH_1	NA	NA	NA	NA
sgRAP2B_3	sgHIST1H2BH_3	NA	NA	NA	NA
sgRBAK-RBAKDN_2	sgHIST1H2BI_2	NA	NA	NA	NA
sgRBBP4_1	sgHIST1H2BI_3	NA	NA	NA	NA
sgRBBP4_2	sgHIST1H2BJ_1	NA	NA	NA	NA
sgRBBP4_4	sgHIST1H2BJ_2	NA	NA	NA	NA
sgRBBP4_5	sgHIST1H2BL_2	NA	NA	NA	NA
sgRBM39_4	sgHIST1H2BM_1	NA	NA	NA	NA
sgRBM4B_1	sgHIST1H2BN_1	NA	NA	NA	NA
sgRBM4B_3	sgHIST1H2BN_2	NA	NA	NA	NA
sgRBM4B_5	sgHIST1H2BO_1	NA	NA	NA	NA
sgRBM4_1	sgHIST1H2BO_2	NA	NA	NA	NA
sgRBM4_2	sgHIST1H2BO_3	NA	NA	NA	NA
sgRBM7_2	sgHIST1H2BO_4	NA	NA	NA	NA
sgRBM7_3	sgHIST1H3A_1	NA	NA	NA	NA
sgRBM8A_3	sgHIST1H3B_3	NA	NA	NA	NA
sgRBMS1_3	sgHIST1H3B_4	NA	NA	NA	NA
sgRBMS1_4	sgHIST1H3C_3	NA	NA	NA	NA
sgRBMS2_1	sgHIST1H3D_3	NA	NA	NA	NA
sgRBMS2_2	sgHIST1H3D_5	NA	NA	NA	NA
sgRBMS2_3	sgHIST1H3E_2	NA	NA	NA	NA
sgRBMS2_4	sgHIST1H3F_5	NA	NA	NA	NA
sgRBMS2_5	sgHIST1H3G_1	NA	NA	NA	NA
sgRBMX2_4	sgHIST1H3G_2	NA	NA	NA	NA
sgRBMXL1_1	sgHIST1H3G_3	NA	NA	NA	NA
sgRBMXL1_3	sgHIST1H3G_5	NA	NA	NA	NA
sgRBMX_3	sgHIST1H3I_2	NA	NA	NA	NA
sgRBMX_4	sgHIST1H3I_4	NA	NA	NA	NA
sgRBMX_5	sgHIST1H3I_5	NA	NA	NA	NA
sgRCAN1_8	sgHIST1H3J_1	NA	NA	NA	NA
sgRCC2_1	sgHIST1H3J_3	NA	NA	NA	NA
sgRCN1_2	sgHIST1H4A_4	NA	NA	NA	NA
sgRCN1_4	sgHIST1H4C_3	NA	NA	NA	NA
sgRCN1_5	sgHIST1H4E_4	NA	NA	NA	NA
sgRCOR2_5	sgHIST1H4F_5	NA	NA	NA	NA
sgRDM1_1	sgHIST1H4H_1	NA	NA	NA	NA
sgRDM1_5	sgHIST1H4H_2	NA	NA	NA	NA
sgRDX_12	sgHIST1H4H_3	NA	NA	NA	NA
sgRDX_14	sgHIST1H4I_1	NA	NA	NA	NA
sgRDX_15	sgHIST1H4I_2	NA	NA	NA	NA
sgRDX_17	sgHIST1H4I_3	NA	NA	NA	NA
sgRDX_18	sgHIST2H2AB_5	NA	NA	NA	NA
sgRDX_19	sgHIST2H2AC_2	NA	NA	NA	NA
sgRDX_2	sgHIST2H2AC_3	NA	NA	NA	NA
sgRDX_3	sgHIST2H2AC_4	NA	NA	NA	NA
sgRDX_4	sgHIST2H2BF_1	NA	NA	NA	NA
sgRDX_5	sgHIST2H3D_1	NA	NA	NA	NA
sgRDX_7	sgHIST3H2A_1	NA	NA	NA	NA
sgRDX_8	sgHIST3H2A_2	NA	NA	NA	NA
sgRDX_9	sgHIST3H2BB_3	NA	NA	NA	NA
sgREG1B_3	sgHK1_5	NA	NA	NA	NA
sgREG1B_4	sgHK2_5	NA	NA	NA	NA
sgREXO4_5	sgHK3_4	NA	NA	NA	NA
sgRFESD_1	sgHKR1_2	NA	NA	NA	NA
sgRFPL1_3	sgHLA-A_1	NA	NA	NA	NA
sgRFPL2_1	sgHLA-A_3	NA	NA	NA	NA
sgRFPL2_2	sgHLA-A_5	NA	NA	NA	NA
sgRFPL2_5	sgHLA-B_1	NA	NA	NA	NA
sgRFPL3_4	sgHLA-B_3	NA	NA	NA	NA
sgRGPD1_1	sgHLA-DOB_1	NA	NA	NA	NA
sgRGPD2_1	sgHLA-DPB1_5	NA	NA	NA	NA
sgRGPD6_1	sgHLA-DQA1_1	NA	NA	NA	NA
sgRGR_5	sgHLA-DQA1_2	NA	NA	NA	NA
sgRGS10_6	sgHLA-DQA1_4	NA	NA	NA	NA
sgRGS17_2	sgHLA-DQA2_4	NA	NA	NA	NA
sgRGS17_3	sgHLA-DQB1_1	NA	NA	NA	NA
sgRHBDD1_3	sgHLA-DQB1_5	NA	NA	NA	NA
sgRHCE_2	sgHLA-DQB2_1	NA	NA	NA	NA
sgRHCE_3	sgHLA-DQB2_5	NA	NA	NA	NA
sgRHCE_4	sgHLA-DRB1_2	NA	NA	NA	NA
sgRHD_1	sgHLA-DRB5_3	NA	NA	NA	NA
sgRHD_2	sgHLA-E_5	NA	NA	NA	NA
sgRHD_3	sgHLA-G_4	NA	NA	NA	NA
sgRHD_4	sgHLTF_2	NA	NA	NA	NA
sgRHD_5	sgHMBS_4	NA	NA	NA	NA
sgRHEB_1	sgHMGA1_5	NA	NA	NA	NA
sgRHEB_4	sgHMGB1_2	NA	NA	NA	NA
sgRHEB_5	sgHMGB2_1	NA	NA	NA	NA
sgRHOQ_3	sgHMGB2_2	NA	NA	NA	NA
sgRHOQ_4	sgHMGB2_3	NA	NA	NA	NA
sgRHOXF2B_1	sgHMGB2_5	NA	NA	NA	NA
sgRHOXF2B_2	sgHMGCS1_1	NA	NA	NA	NA
sgRHOXF2_1	sgHMGCS2_3	NA	NA	NA	NA
sgRHOXF2_2	sgHMGN1_1	NA	NA	NA	NA
sgRHOXF2_3	sgHMGN2_1	NA	NA	NA	NA
sgRHPN2_2	sgHMGN3_2	NA	NA	NA	NA
sgRIMBP3B_1	sgHMGN3_4	NA	NA	NA	NA
sgRIMBP3B_2	sgHMGN4_1	NA	NA	NA	NA
sgRIMBP3B_3	sgHMGN4_4	NA	NA	NA	NA
sgRIMBP3B_4	sgHMGN5_4	NA	NA	NA	NA
sgRIMBP3B_5	sgHMGN5_5	NA	NA	NA	NA
sgRIMKLB_3	sgHN1_4	NA	NA	NA	NA
sgRIMKLB_5	sgHNMT_5	NA	NA	NA	NA
sgRIPPLY3_1	sgHNRNPA1L2_2	NA	NA	NA	NA
sgRIT1_1	sgHNRNPA2B1_3	NA	NA	NA	NA
sgRLIM_2	sgHNRNPAB_5	NA	NA	NA	NA
sgRLIM_4	sgHNRNPF_4	NA	NA	NA	NA
sgRLN2_2	sgHNRNPH1_3	NA	NA	NA	NA
sgRLN2_3	sgHNRNPH2_2	NA	NA	NA	NA
sgRMND1_1	sgHNRNPK_3	NA	NA	NA	NA
sgRMND1_2	sgHNRNPL_3	NA	NA	NA	NA
sgRNASEH1_5	sgHNRNPR_3	NA	NA	NA	NA
sgRNASET2_4	sgHNRNPR_5	NA	NA	NA	NA
sgRNF11_4	sgHOGA1_3	NA	NA	NA	NA
sgRNF11_5	sgHOMER1_1	NA	NA	NA	NA
sgRNF138_4	sgHOMER1_2	NA	NA	NA	NA
sgRNF13_2	sgHOMER1_9	NA	NA	NA	NA
sgRNF145_2	sgHOMER2_5	NA	NA	NA	NA
sgRNF145_5	sgHOMER3_3	NA	NA	NA	NA
sgRNF181_3	sgHOMER3_4	NA	NA	NA	NA
sgRNF185_5	sgHOPX_2	NA	NA	NA	NA
sgRNF185_6	sgHORMAD1_2	NA	NA	NA	NA
sgRNF4_2	sgHORMAD1_4	NA	NA	NA	NA
sgRNF4_3	sgHORMAD1_5	NA	NA	NA	NA
sgRNF5_3	sgHORMAD2_2	NA	NA	NA	NA
sgRNF6_2	sgHOXA2_4	NA	NA	NA	NA
sgRNFT1_1	sgHOXD12_5	NA	NA	NA	NA
sgRNFT1_2	sgHOXD8_9	NA	NA	NA	NA
sgRNMTL1_3	sgHPCAL1_2	NA	NA	NA	NA
sgRNPS1_1	sgHPGDS_1	NA	NA	NA	NA
sgRNPS1_2	sgHPGDS_3	NA	NA	NA	NA
sgRNPS1_3	sgHPGD_1	NA	NA	NA	NA
sgRNPS1_5	sgHPGD_7	NA	NA	NA	NA
sgROPN1B_2	sgHPGD_8	NA	NA	NA	NA
sgROPN1B_3	sgHPRT1_4	NA	NA	NA	NA
sgROPN1B_4	sgHPR_1	NA	NA	NA	NA
sgROPN1_2	sgHPR_2	NA	NA	NA	NA
sgRP9_2	sgHP_2	NA	NA	NA	NA
sgRPA3_5	sgHRASLS2_4	NA	NA	NA	NA
sgRPAP2_4	sgHRASLS5_2	NA	NA	NA	NA
sgRPAP2_5	sgHRASLS5_5	NA	NA	NA	NA
sgRPE_4	sgHRASLS_2	NA	NA	NA	NA
sgRPE_5	sgHRAS_5	NA	NA	NA	NA
sgRPE_6	sgHRH1_5	NA	NA	NA	NA
sgRPF2_4	sgHRSP12_1	NA	NA	NA	NA
sgRPL10A_3	sgHRSP12_3	NA	NA	NA	NA
sgRPL10A_5	sgHS3ST5_2	NA	NA	NA	NA
sgRPL10_1	sgHSBP1_2	NA	NA	NA	NA
sgRPL11_3	sgHSD11B1_4	NA	NA	NA	NA
sgRPL13_3	sgHSD17B10_2	NA	NA	NA	NA
sgRPL13_4	sgHSD17B14_1	NA	NA	NA	NA
sgRPL14_1	sgHSD17B1_2	NA	NA	NA	NA
sgRPL14_3	sgHSD17B1_3	NA	NA	NA	NA
sgRPL14_4	sgHSD17B1_4	NA	NA	NA	NA
sgRPL14_5	sgHSD17B4_4	NA	NA	NA	NA
sgRPL15_1	sgHSD17B7_5	NA	NA	NA	NA
sgRPL15_2	sgHSD3B1_1	NA	NA	NA	NA
sgRPL18A_1	sgHSD3B1_4	NA	NA	NA	NA
sgRPL18A_2	sgHSD3B2_2	NA	NA	NA	NA
sgRPL18A_3	sgHSDL1_3	NA	NA	NA	NA
sgRPL19_2	sgHSDL2_5	NA	NA	NA	NA
sgRPL22L1_1	sgHSF2_3	NA	NA	NA	NA
sgRPL22_1	sgHSP90AB1_2	NA	NA	NA	NA
sgRPL22_2	sgHSP90B1_2	NA	NA	NA	NA
sgRPL23_2	sgHSPA1L_3	NA	NA	NA	NA
sgRPL23_4	sgHSPA5_1	NA	NA	NA	NA
sgRPL23_5	sgHSPA5_2	NA	NA	NA	NA
sgRPL24_1	sgHSPA5_4	NA	NA	NA	NA
sgRPL24_2	sgHSPA5_5	NA	NA	NA	NA
sgRPL26L1_1	sgHSPA8_3	NA	NA	NA	NA
sgRPL26L1_2	sgHSPA9_1	NA	NA	NA	NA
sgRPL26L1_3	sgHSPA9_3	NA	NA	NA	NA
sgRPL26L1_4	sgHSPA9_5	NA	NA	NA	NA
sgRPL27A_1	sgHSPB1_4	NA	NA	NA	NA
sgRPL27A_2	sgHSPB7_3	NA	NA	NA	NA
sgRPL27A_3	sgHSPB7_5	NA	NA	NA	NA
sgRPL27A_4	sgHSPE1-MOB4_1	NA	NA	NA	NA
sgRPL27_1	sgHTR1F_5	NA	NA	NA	NA
sgRPL28_3	sgHTR2C_4	NA	NA	NA	NA
sgRPL28_7	sgHTR3B_3	NA	NA	NA	NA
sgRPL28_8	sgHTR3D_1	NA	NA	NA	NA
sgRPL28_9	sgHTR4_2	NA	NA	NA	NA
sgRPL29_1	sgHYAL1_4	NA	NA	NA	NA
sgRPL32_1	sgHYDIN_2	NA	NA	NA	NA
sgRPL32_2	sgHYKK_3	NA	NA	NA	NA
sgRPL34_1	sgHYLS1_1	NA	NA	NA	NA
sgRPL35_5	sgHYPK_2	NA	NA	NA	NA
sgRPL36AL_1	sgHYPK_4	NA	NA	NA	NA
sgRPL36AL_3	sgHYPK_5	NA	NA	NA	NA
sgRPL36A_1	sgIAPP_4	NA	NA	NA	NA
sgRPL36A_2	sgIBSP_1	NA	NA	NA	NA
sgRPL36_2	sgICAM2_1	NA	NA	NA	NA
sgRPL36_5	sgICAM4_4	NA	NA	NA	NA
sgRPL37A_2	sgICMT_2	NA	NA	NA	NA
sgRPL37A_3	sgID2_3	NA	NA	NA	NA
sgRPL37A_4	sgIDE_2	NA	NA	NA	NA
sgRPL37_3	sgIDH1_3	NA	NA	NA	NA
sgRPL38_2	sgIER3IP1_1	NA	NA	NA	NA
sgRPL3_2	sgIER3IP1_2	NA	NA	NA	NA
sgRPL3_3	sgIER3IP1_3	NA	NA	NA	NA
sgRPL3_5	sgIER3IP1_4	NA	NA	NA	NA
sgRPL4_1	sgIFI27L2_3	NA	NA	NA	NA
sgRPL4_2	sgIFIT1B_2	NA	NA	NA	NA
sgRPL4_3	sgIFIT1_2	NA	NA	NA	NA
sgRPL6_3	sgIFIT1_4	NA	NA	NA	NA
sgRPL7_1	sgIFIT1_5	NA	NA	NA	NA
sgRPL8_2	sgIFIT2_3	NA	NA	NA	NA
sgRPLP0_3	sgIFITM2_2	NA	NA	NA	NA
sgRPLP0_5	sgIFITM2_4	NA	NA	NA	NA
sgRPLP1_1	sgIFNA10_2	NA	NA	NA	NA
sgRPLP1_2	sgIFNA14_2	NA	NA	NA	NA
sgRPLP1_4	sgIFNA14_3	NA	NA	NA	NA
sgRPLP1_5	sgIFNA14_4	NA	NA	NA	NA
sgRPLP2_1	sgIFNA16_1	NA	NA	NA	NA
sgRPS10_2	sgIFNA16_2	NA	NA	NA	NA
sgRPS11_3	sgIFNA17_1	NA	NA	NA	NA
sgRPS12_2	sgIFNA4_1	NA	NA	NA	NA
sgRPS12_4	sgIFNA4_2	NA	NA	NA	NA
sgRPS13_2	sgIFNA5_1	NA	NA	NA	NA
sgRPS13_3	sgIFNA6_3	NA	NA	NA	NA
sgRPS13_4	sgIFNA7_3	NA	NA	NA	NA
sgRPS14_1	sgIFNA8_1	NA	NA	NA	NA
sgRPS15A_1	sgIFNGR2_4	NA	NA	NA	NA
sgRPS15_1	sgIFNG_3	NA	NA	NA	NA
sgRPS15_2	sgIFNG_5	NA	NA	NA	NA
sgRPS18_3	sgIFNL1_2	NA	NA	NA	NA
sgRPS19_1	sgIFNL2_2	NA	NA	NA	NA
sgRPS19_2	sgIFNL3_1	NA	NA	NA	NA
sgRPS19_4	sgIFT20_4	NA	NA	NA	NA
sgRPS19_5	sgIFT46_5	NA	NA	NA	NA
sgRPS20_1	sgIFT52_4	NA	NA	NA	NA
sgRPS20_3	sgIFT74_5	NA	NA	NA	NA
sgRPS21_1	sgIFT80_5	NA	NA	NA	NA
sgRPS21_3	sgIFT81_5	NA	NA	NA	NA
sgRPS21_4	sgIGBP1_2	NA	NA	NA	NA
sgRPS23_2	sgIGBP1_3	NA	NA	NA	NA
sgRPS23_3	sgIGF2BP2_2	NA	NA	NA	NA
sgRPS23_4	sgIGF2BP3_4	NA	NA	NA	NA
sgRPS24_1	sgIGFBP3_1	NA	NA	NA	NA
sgRPS24_4	sgIGFL1_2	NA	NA	NA	NA
sgRPS25_1	sgIGFL1_5	NA	NA	NA	NA
sgRPS25_4	sgIGFL3_4	NA	NA	NA	NA
sgRPS27A_1	sgIGJ_2	NA	NA	NA	NA
sgRPS27A_2	sgIGLL1_2	NA	NA	NA	NA
sgRPS27A_3	sgIGSF21_4	NA	NA	NA	NA
sgRPS27L_1	sgIGSF23_3	NA	NA	NA	NA
sgRPS27L_2	sgIGSF3_1	NA	NA	NA	NA
sgRPS29_1	sgIGSF3_2	NA	NA	NA	NA
sgRPS3_1	sgIGSF3_3	NA	NA	NA	NA
sgRPS3_2	sgIGSF3_4	NA	NA	NA	NA
sgRPS3_3	sgIGSF5_4	NA	NA	NA	NA
sgRPS3_4	sgIKBIP_10	NA	NA	NA	NA
sgRPS4X_1	sgIKBIP_9	NA	NA	NA	NA
sgRPS4Y1_2	sgIK_2	NA	NA	NA	NA
sgRPS5_3	sgIK_3	NA	NA	NA	NA
sgRPS5_4	sgIL12A_2	NA	NA	NA	NA
sgRPS6KB1_3	sgIL13RA1_5	NA	NA	NA	NA
sgRPS6KB1_4	sgIL13RA2_3	NA	NA	NA	NA
sgRPS6_2	sgIL15_6	NA	NA	NA	NA
sgRPS7_1	sgIL15_7	NA	NA	NA	NA
sgRPS8_2	sgIL17B_2	NA	NA	NA	NA
sgRPS8_4	sgIL17C_2	NA	NA	NA	NA
sgRPS9_3	sgIL17C_3	NA	NA	NA	NA
sgRPS9_4	sgIL17RD_2	NA	NA	NA	NA
sgRRAS2_3	sgIL1F10_2	NA	NA	NA	NA
sgRRAS2_4	sgIL22RA2_5	NA	NA	NA	NA
sgRRAS2_5	sgIL26_2	NA	NA	NA	NA
sgRRM2_2	sgIL2RG_1	NA	NA	NA	NA
sgRRP7A_2	sgIL2_1	NA	NA	NA	NA
sgRSL24D1_1	sgIL2_4	NA	NA	NA	NA
sgRSPH10B2_1	sgIL32_3	NA	NA	NA	NA
sgRSPH10B2_2	sgIL33_5	NA	NA	NA	NA
sgRSPH10B2_3	sgIL37_2	NA	NA	NA	NA
sgRSPH10B2_4	sgIL37_4	NA	NA	NA	NA
sgRSPH10B_1	sgIL5_4	NA	NA	NA	NA
sgRSU1_3	sgIL6ST_2	NA	NA	NA	NA
sgRSU1_4	sgIL7R_2	NA	NA	NA	NA
sgRTN3_1	sgIL7R_4	NA	NA	NA	NA
sgRTN3_4	sgILDR1_4	NA	NA	NA	NA
sgRTN3_5	sgILDR2_2	NA	NA	NA	NA
sgRTN3_7	sgIMMP2L_4	NA	NA	NA	NA
sgRTN3_8	sgIMMT_1	NA	NA	NA	NA
sgRTN4IP1_3	sgIMMT_4	NA	NA	NA	NA
sgRTN4IP1_4	sgIMMT_5	NA	NA	NA	NA
sgRTN4IP1_5	sgIMPA1_1	NA	NA	NA	NA
sgRTP2_4	sgIMPA1_4	NA	NA	NA	NA
sgRUFY3_5	sgIMPDH1_1	NA	NA	NA	NA
sgRWDD4_1	sgIMPDH1_2	NA	NA	NA	NA
sgRWDD4_2	sgIMPDH1_3	NA	NA	NA	NA
sgRWDD4_3	sgINCENP_3	NA	NA	NA	NA
sgRWDD4_4	sgINHBE_2	NA	NA	NA	NA
sgS100A7A_2	sgINMT_2	NA	NA	NA	NA
sgS100A7_2	sgINPP5J_1	NA	NA	NA	NA
sgS100A7_4	sgINSL3_3	NA	NA	NA	NA
sgSAA1_1	sgINSL3_5	NA	NA	NA	NA
sgSAA1_2	sgINSL4_4	NA	NA	NA	NA
sgSAA2_1	sgINSL5_3	NA	NA	NA	NA
sgSAA2_2	sgINS_1	NA	NA	NA	NA
sgSAA2_3	sgINS_5	NA	NA	NA	NA
sgSAA2_4	sgINTS6_2	NA	NA	NA	NA
sgSAGE1_4	sgIP6K2_1	NA	NA	NA	NA
sgSAR1A_1	sgIP6K2_9	NA	NA	NA	NA
sgSARNP_3	sgIP6K3_5	NA	NA	NA	NA
sgSAV1_3	sgIPMK_1	NA	NA	NA	NA
sgSAV1_4	sgIPMK_4	NA	NA	NA	NA
sgSBDS_4	sgIPMK_5	NA	NA	NA	NA
sgSCD_2	sgIPO11_2	NA	NA	NA	NA
sgSCD_3	sgIPO7_5	NA	NA	NA	NA
sgSCGB1C1_1	sgIPO9_3	NA	NA	NA	NA
sgSCGB1C1_2	sgIQCB1_2	NA	NA	NA	NA
sgSCGB1C1_3	sgIQCE_2	NA	NA	NA	NA
sgSCGB1C1_4	sgIQCF1_3	NA	NA	NA	NA
sgSCGB1C1_5	sgIQCF2_2	NA	NA	NA	NA
sgSCOC_2	sgIQCF2_3	NA	NA	NA	NA
sgSCP2_1	sgIQCF6_1	NA	NA	NA	NA
sgSCP2_14	sgIQCF6_3	NA	NA	NA	NA
sgSCYL2_4	sgIQCJ_1	NA	NA	NA	NA
sgSDAD1_1	sgIQGAP2_1	NA	NA	NA	NA
sgSDCBP_2	sgIQSEC3_3	NA	NA	NA	NA
sgSDCBP_4	sgIRF2BPL_5	NA	NA	NA	NA
sgSDCBP_5	sgISCA2_1	NA	NA	NA	NA
sgSDCCAG3_2	sgISCU_2	NA	NA	NA	NA
sgSDF2_2	sgISL2_5	NA	NA	NA	NA
sgSDHC_3	sgISLR_5	NA	NA	NA	NA
sgSDHC_4	sgISOC1_3	NA	NA	NA	NA
sgSDHC_5	sgIST1_2	NA	NA	NA	NA
sgSDHC_7	sgIST1_5	NA	NA	NA	NA
sgSDHC_9	sgISX_5	NA	NA	NA	NA
sgSEC11A_2	sgISY1-RAB43_1	NA	NA	NA	NA
sgSEC11A_4	sgITFG1_1	NA	NA	NA	NA
sgSEC61B_5	sgITGA2_3	NA	NA	NA	NA
sgSEH1L_1	sgITGA2_4	NA	NA	NA	NA
sgSELK_2	sgITGA3_2	NA	NA	NA	NA
sgSELK_3	sgITGAM_3	NA	NA	NA	NA
sgSELK_4	sgITGB1BP1_1	NA	NA	NA	NA
sgSELK_5	sgITGB1BP2_2	NA	NA	NA	NA
sgSELT_1	sgITGB3BP_6	NA	NA	NA	NA
sgSELT_3	sgITIH4_4	NA	NA	NA	NA
sgSEMG1_4	sgITLN2_5	NA	NA	NA	NA
sgSEPHS2_3	sgITPA_3	NA	NA	NA	NA
sgSEPT10_5	sgITPK1_3	NA	NA	NA	NA
sgSEPT8_5	sgITPK1_4	NA	NA	NA	NA
sgSERBP1_2	sgIWS1_5	NA	NA	NA	NA
sgSERBP1_4	sgIYD_2	NA	NA	NA	NA
sgSERBP1_5	sgIZUMO1_5	NA	NA	NA	NA
sgSERHL2_1	sgJADE1_2	NA	NA	NA	NA
sgSETD8_2	sgJADE1_4	NA	NA	NA	NA
sgSETD8_3	sgJAM2_1	NA	NA	NA	NA
sgSETD8_5	sgJAM2_4	NA	NA	NA	NA
sgSF3A3_2	sgJAZF1_1	NA	NA	NA	NA
sgSF3A3_4	sgJPH2_4	NA	NA	NA	NA
sgSF3A3_5	sgJTB_1	NA	NA	NA	NA
sgSF3B4_3	sgJTB_2	NA	NA	NA	NA
sgSF3B4_4	sgJTB_4	NA	NA	NA	NA
sgSF3B4_5	sgKAL1_3	NA	NA	NA	NA
sgSFR1_1	sgKANSL1L_3	NA	NA	NA	NA
sgSFR1_3	sgKANSL1_1	NA	NA	NA	NA
sgSFR1_4	sgKANSL1_2	NA	NA	NA	NA
sgSFTPA1_1	sgKARS_3	NA	NA	NA	NA
sgSFTPA2_2	sgKARS_5	NA	NA	NA	NA
sgSGCE_2	sgKATNB1_5	NA	NA	NA	NA
sgSH3BGRL3_2	sgKATNBL1_3	NA	NA	NA	NA
sgSHC1_5	sgKATNBL1_4	NA	NA	NA	NA
sgSHFM1_1	sgKAZALD1_1	NA	NA	NA	NA
sgSHFM1_2	sgKBTBD12_5	NA	NA	NA	NA
sgSHISA5_1	sgKBTBD3_3	NA	NA	NA	NA
sgSHISA5_3	sgKBTBD4_5	NA	NA	NA	NA
sgSHOX_1	sgKCNAB3_5	NA	NA	NA	NA
sgSHOX_2	sgKCNE1_4	NA	NA	NA	NA
sgSHOX_3	sgKCNE3_4	NA	NA	NA	NA
sgSHOX_4	sgKCNG4_2	NA	NA	NA	NA
sgSHOX_5	sgKCNH6_2	NA	NA	NA	NA
sgSHQ1_3	sgKCNH6_5	NA	NA	NA	NA
sgSIGLEC11_1	sgKCNIP2_2	NA	NA	NA	NA
sgSIGLEC11_2	sgKCNIP4_2	NA	NA	NA	NA
sgSIGLEC11_3	sgKCNK15_2	NA	NA	NA	NA
sgSIGLEC11_4	sgKCNK7_5	NA	NA	NA	NA
sgSIGLEC14_4	sgKCNMB3_6	NA	NA	NA	NA
sgSIGLEC14_5	sgKCNMB4_1	NA	NA	NA	NA
sgSIMC1_1	sgKCNN1_1	NA	NA	NA	NA
sgSIRPA_4	sgKCNN2_8	NA	NA	NA	NA
sgSIRPG_3	sgKCNRG_5	NA	NA	NA	NA
sgSKA1_1	sgKCTD16_3	NA	NA	NA	NA
sgSKA2_2	sgKCTD17_5	NA	NA	NA	NA
sgSKA2_3	sgKCTD1_1	NA	NA	NA	NA
sgSKA2_5	sgKDELC1_3	NA	NA	NA	NA
sgSKA3_1	sgKDM3B_1	NA	NA	NA	NA
sgSKA3_2	sgKDM3B_4	NA	NA	NA	NA
sgSKA3_3	sgKDM4C_5	NA	NA	NA	NA
sgSKA3_4	sgKDM4E_5	NA	NA	NA	NA
sgSKA3_5	sgKERA_1	NA	NA	NA	NA
sgSKP1_2	sgKHDC1L_5	NA	NA	NA	NA
sgSKP1_4	sgKHDC3L_1	NA	NA	NA	NA
sgSLAMF6_3	sgKHDC3L_4	NA	NA	NA	NA
sgSLC10A5_1	sgKHNYN_1	NA	NA	NA	NA
sgSLC16A14_3	sgKHSRP_2	NA	NA	NA	NA
sgSLC16A6_2	sgKHSRP_5	NA	NA	NA	NA
sgSLC19A3_2	sgKIAA0020_2	NA	NA	NA	NA
sgSLC19A3_5	sgKIAA0020_3	NA	NA	NA	NA
sgSLC25A14_5	sgKIAA0226L_1	NA	NA	NA	NA
sgSLC25A33_1	sgKIAA0513_3	NA	NA	NA	NA
sgSLC25A33_2	sgKIAA0753_1	NA	NA	NA	NA
sgSLC25A33_4	sgKIAA0895L_1	NA	NA	NA	NA
sgSLC25A33_5	sgKIAA0895L_3	NA	NA	NA	NA
sgSLC25A38_1	sgKIAA1045_5	NA	NA	NA	NA
sgSLC25A38_3	sgKIAA1109_1	NA	NA	NA	NA
sgSLC25A38_5	sgKIAA1143_1	NA	NA	NA	NA
sgSLC25A51_3	sgKIAA1191_2	NA	NA	NA	NA
sgSLC25A51_4	sgKIAA1191_3	NA	NA	NA	NA
sgSLC25A52_4	sgKIAA1191_5	NA	NA	NA	NA
sgSLC25A53_2	sgKIAA1328_4	NA	NA	NA	NA
sgSLC25A53_4	sgKIAA1429_2	NA	NA	NA	NA
sgSLC25A53_5	sgKIAA1430_5	NA	NA	NA	NA
sgSLC25A5_1	sgKIAA1522_1	NA	NA	NA	NA
sgSLC25A5_2	sgKIAA1551_5	NA	NA	NA	NA
sgSLC25A5_4	sgKIAA1586_5	NA	NA	NA	NA
sgSLC25A6_1	sgKIAA1598_3	NA	NA	NA	NA
sgSLC25A6_2	sgKIF13A_5	NA	NA	NA	NA
sgSLC25A6_3	sgKIF13A_8	NA	NA	NA	NA
sgSLC25A6_4	sgKIF18A_4	NA	NA	NA	NA
sgSLC25A6_5	sgKIF18B_1	NA	NA	NA	NA
sgSLC29A4_5	sgKIF18B_2	NA	NA	NA	NA
sgSLC2A14_1	sgKIF22_5	NA	NA	NA	NA
sgSLC2A14_3	sgKIF2B_2	NA	NA	NA	NA
sgSLC2A3_4	sgKIF2B_4	NA	NA	NA	NA
sgSLC31A1_1	sgKIF4A_3	NA	NA	NA	NA
sgSLC31A1_2	sgKIFAP3_4	NA	NA	NA	NA
sgSLC31A1_4	sgKIFC2_1	NA	NA	NA	NA
sgSLC31A1_5	sgKIR2DL1_2	NA	NA	NA	NA
sgSLC35B4_3	sgKIR2DL1_4	NA	NA	NA	NA
sgSLC35E2_1	sgKIR2DL3_2	NA	NA	NA	NA
sgSLC35E2_2	sgKIR2DL4_1	NA	NA	NA	NA
sgSLC35E2_3	sgKIR2DL4_4	NA	NA	NA	NA
sgSLC35E2_4	sgKIR3DL1_1	NA	NA	NA	NA
sgSLC35E2_5	sgKIR3DL2_2	NA	NA	NA	NA
sgSLC35G3_4	sgKIR3DL3_3	NA	NA	NA	NA
sgSLC35G6_2	sgKITLG_1	NA	NA	NA	NA
sgSLC6A13_4	sgKLB_5	NA	NA	NA	NA
sgSLC6A6_4	sgKLC4_4	NA	NA	NA	NA
sgSLC6A8_3	sgKLF14_5	NA	NA	NA	NA
sgSLC6A8_4	sgKLF17_3	NA	NA	NA	NA
sgSLIRP_4	sgKLF7_2	NA	NA	NA	NA
sgSLIT2_1	sgKLF8_1	NA	NA	NA	NA
sgSLMO2_3	sgKLHDC7B_5	NA	NA	NA	NA
sgSLMO2_4	sgKLHDC8B_4	NA	NA	NA	NA
sgSMARCE1_4	sgKLHL10_1	NA	NA	NA	NA
sgSMIM10_4	sgKLHL10_2	NA	NA	NA	NA
sgSMIM15_2	sgKLHL12_3	NA	NA	NA	NA
sgSMIM5_5	sgKLHL12_5	NA	NA	NA	NA
sgSMPD4_1	sgKLHL13_1	NA	NA	NA	NA
sgSMPD4_4	sgKLHL31_2	NA	NA	NA	NA
sgSMPD4_5	sgKLHL38_2	NA	NA	NA	NA
sgSMPD4_6	sgKLHL4_4	NA	NA	NA	NA
sgSMR3B_5	sgKLHL5_1	NA	NA	NA	NA
sgSMS_1	sgKLK14_3	NA	NA	NA	NA
sgSMS_2	sgKLK6_1	NA	NA	NA	NA
sgSMS_5	sgKLRB1_3	NA	NA	NA	NA
sgSMU1_1	sgKLRB1_4	NA	NA	NA	NA
sgSMU1_3	sgKLRC2_2	NA	NA	NA	NA
sgSMURF2_4	sgKLRC3_2	NA	NA	NA	NA
sgSNRNP40_2	sgKLRC4_4	NA	NA	NA	NA
sgSNRNP40_4	sgKLRF2_2	NA	NA	NA	NA
sgSNRPA1_3	sgKLRF2_3	NA	NA	NA	NA
sgSNRPB2_1	sgKNCN_1	NA	NA	NA	NA
sgSNRPD1_2	sgKNG1_2	NA	NA	NA	NA
sgSNRPD1_3	sgKNOP1_2	NA	NA	NA	NA
sgSNRPD1_4	sgKNOP1_3	NA	NA	NA	NA
sgSNRPD1_5	sgKNSTRN_4	NA	NA	NA	NA
sgSNRPD2_1	sgKPNA1_1	NA	NA	NA	NA
sgSNRPD2_2	sgKPNA2_2	NA	NA	NA	NA
sgSNRPF_1	sgKPNA2_5	NA	NA	NA	NA
sgSNRPF_4	sgKPNA3_4	NA	NA	NA	NA
sgSNRPG_1	sgKPNA4_5	NA	NA	NA	NA
sgSNRPN_2	sgKPNA5_3	NA	NA	NA	NA
sgSNW1_4	sgKPNA7_2	NA	NA	NA	NA
sgSNX25_2	sgKRAS_5	NA	NA	NA	NA
sgSNX25_3	sgKRBOX4_3	NA	NA	NA	NA
sgSNX5_4	sgKRBOX4_5	NA	NA	NA	NA
sgSNX6_2	sgKRCC1_1	NA	NA	NA	NA
sgSNX6_4	sgKREMEN2_3	NA	NA	NA	NA
sgSOCS5_2	sgKRIT1_3	NA	NA	NA	NA
sgSOCS5_3	sgKRR1_3	NA	NA	NA	NA
sgSOCS5_4	sgKRT10_5	NA	NA	NA	NA
sgSOCS5_5	sgKRT13_5	NA	NA	NA	NA
sgSORD_1	sgKRT14_4	NA	NA	NA	NA
sgSORD_2	sgKRT14_5	NA	NA	NA	NA
sgSORD_3	sgKRT16_2	NA	NA	NA	NA
sgSOX30_1	sgKRT16_3	NA	NA	NA	NA
sgSP3_4	sgKRT17_1	NA	NA	NA	NA
sgSPAG11A_1	sgKRT222_3	NA	NA	NA	NA
sgSPAG11A_2	sgKRT25_4	NA	NA	NA	NA
sgSPAG11A_3	sgKRT2_5	NA	NA	NA	NA
sgSPAG11A_4	sgKRT31_1	NA	NA	NA	NA
sgSPAG11B_1	sgKRT31_2	NA	NA	NA	NA
sgSPAG11B_2	sgKRT31_4	NA	NA	NA	NA
sgSPAG11B_3	sgKRT33A_3	NA	NA	NA	NA
sgSPAG11B_4	sgKRT33A_4	NA	NA	NA	NA
sgSPANXA2_1	sgKRT35_4	NA	NA	NA	NA
sgSPANXA2_2	sgKRT38_2	NA	NA	NA	NA
sgSPANXC_1	sgKRT38_5	NA	NA	NA	NA
sgSPANXD_1	sgKRT5_1	NA	NA	NA	NA
sgSPANXD_2	sgKRT6A_2	NA	NA	NA	NA
sgSPANXN1_1	sgKRT6A_3	NA	NA	NA	NA
sgSPANXN2_1	sgKRT6B_2	NA	NA	NA	NA
sgSPANXN3_2	sgKRT6C_1	NA	NA	NA	NA
sgSPCS2_2	sgKRT72_1	NA	NA	NA	NA
sgSPCS2_3	sgKRT72_3	NA	NA	NA	NA
sgSPCS2_4	sgKRT74_3	NA	NA	NA	NA
sgSPCS2_5	sgKRT77_3	NA	NA	NA	NA
sgSPIC_1	sgKRT78_2	NA	NA	NA	NA
sgSPIC_2	sgKRT78_5	NA	NA	NA	NA
sgSPIN2A_1	sgKRT7_1	NA	NA	NA	NA
sgSPIN2A_2	sgKRT83_2	NA	NA	NA	NA
sgSPIN2B_1	sgKRT83_3	NA	NA	NA	NA
sgSPIN2B_2	sgKRT84_3	NA	NA	NA	NA
sgSPOPL_2	sgKRT85_5	NA	NA	NA	NA
sgSPPL2A_1	sgKRT8_1	NA	NA	NA	NA
sgSPPL2A_3	sgKRT8_2	NA	NA	NA	NA
sgSPPL2A_5	sgKRT8_3	NA	NA	NA	NA
sgSPRR1A_2	sgKRTAP1-1_4	NA	NA	NA	NA
sgSPRR1A_3	sgKRTAP1-1_5	NA	NA	NA	NA
sgSPRR1A_4	sgKRTAP1-3_2	NA	NA	NA	NA
sgSPRR1B_3	sgKRTAP1-4_4	NA	NA	NA	NA
sgSPRR3_4	sgKRTAP1-5_3	NA	NA	NA	NA
sgSPRY3_1	sgKRTAP10-10_1	NA	NA	NA	NA
sgSPRY3_2	sgKRTAP10-10_2	NA	NA	NA	NA
sgSPRY3_3	sgKRTAP10-10_3	NA	NA	NA	NA
sgSPRY3_5	sgKRTAP10-11_3	NA	NA	NA	NA
sgSREK1IP1_1	sgKRTAP10-12_2	NA	NA	NA	NA
sgSREK1IP1_4	sgKRTAP10-3_3	NA	NA	NA	NA
sgSRP14_2	sgKRTAP10-5_1	NA	NA	NA	NA
sgSRP14_3	sgKRTAP10-9_1	NA	NA	NA	NA
sgSRP19_1	sgKRTAP10-9_2	NA	NA	NA	NA
sgSRP19_2	sgKRTAP12-2_3	NA	NA	NA	NA
sgSRP19_6	sgKRTAP12-2_4	NA	NA	NA	NA
sgSRP72_2	sgKRTAP12-4_4	NA	NA	NA	NA
sgSRP9_1	sgKRTAP13-1_1	NA	NA	NA	NA
sgSRP9_2	sgKRTAP13-1_3	NA	NA	NA	NA
sgSRP9_3	sgKRTAP13-1_4	NA	NA	NA	NA
sgSRPK2_1	sgKRTAP13-2_2	NA	NA	NA	NA
sgSRPK2_2	sgKRTAP13-2_3	NA	NA	NA	NA
sgSRPK2_3	sgKRTAP13-4_1	NA	NA	NA	NA
sgSRSF10_2	sgKRTAP15-1_1	NA	NA	NA	NA
sgSRSF10_5	sgKRTAP17-1_2	NA	NA	NA	NA
sgSRSF3_3	sgKRTAP17-1_3	NA	NA	NA	NA
sgSRSF6_3	sgKRTAP17-1_4	NA	NA	NA	NA
sgSRSF6_5	sgKRTAP17-1_5	NA	NA	NA	NA
sgSRSF9_4	sgKRTAP19-1_1	NA	NA	NA	NA
sgSSBP3_1	sgKRTAP19-1_2	NA	NA	NA	NA
sgSSBP3_3	sgKRTAP19-1_4	NA	NA	NA	NA
sgSSBP4_5	sgKRTAP19-1_5	NA	NA	NA	NA
sgSSB_2	sgKRTAP19-2_1	NA	NA	NA	NA
sgSSB_3	sgKRTAP19-3_1	NA	NA	NA	NA
sgSSB_4	sgKRTAP19-4_1	NA	NA	NA	NA
sgSSNA1_1	sgKRTAP19-4_2	NA	NA	NA	NA
sgSSNA1_2	sgKRTAP19-4_3	NA	NA	NA	NA
sgSSX1_2	sgKRTAP19-5_1	NA	NA	NA	NA
sgSSX2B_1	sgKRTAP19-5_2	NA	NA	NA	NA
sgSSX2_1	sgKRTAP19-5_3	NA	NA	NA	NA
sgSSX2_2	sgKRTAP19-6_1	NA	NA	NA	NA
sgSSX2_3	sgKRTAP19-6_3	NA	NA	NA	NA
sgSSX3_1	sgKRTAP19-7_1	NA	NA	NA	NA
sgSSX4B_1	sgKRTAP19-7_3	NA	NA	NA	NA
sgSSX4_1	sgKRTAP19-8_1	NA	NA	NA	NA
sgSSX4_2	sgKRTAP20-1_2	NA	NA	NA	NA
sgSSX4_3	sgKRTAP21-1_2	NA	NA	NA	NA
sgSSX5_1	sgKRTAP21-1_3	NA	NA	NA	NA
sgSSX5_2	sgKRTAP21-2_1	NA	NA	NA	NA
sgSSX5_3	sgKRTAP21-2_3	NA	NA	NA	NA
sgSSX5_5	sgKRTAP21-2_4	NA	NA	NA	NA
sgSSX7_2	sgKRTAP22-1_1	NA	NA	NA	NA
sgST20_2	sgKRTAP29-1_2	NA	NA	NA	NA
sgST20_3	sgKRTAP3-1_3	NA	NA	NA	NA
sgST3GAL1_1	sgKRTAP3-2_1	NA	NA	NA	NA
sgST3GAL1_4	sgKRTAP3-2_2	NA	NA	NA	NA
sgST6GALNAC4_1	sgKRTAP3-3_2	NA	NA	NA	NA
sgSTARD5_1	sgKRTAP4-11_1	NA	NA	NA	NA
sgSTAU2_5	sgKRTAP4-11_2	NA	NA	NA	NA
sgSTEAP1B_2	sgKRTAP4-11_4	NA	NA	NA	NA
sgSTEAP1_1	sgKRTAP4-12_1	NA	NA	NA	NA
sgSTEAP1_2	sgKRTAP4-2_1	NA	NA	NA	NA
sgSTEAP1_4	sgKRTAP4-2_2	NA	NA	NA	NA
sgSTEAP1_5	sgKRTAP4-2_3	NA	NA	NA	NA
sgSTMN1_1	sgKRTAP4-5_1	NA	NA	NA	NA
sgSTMN3_1	sgKRTAP4-5_2	NA	NA	NA	NA
sgSTRADB_1	sgKRTAP4-5_3	NA	NA	NA	NA
sgSTRADB_4	sgKRTAP4-7_3	NA	NA	NA	NA
sgSTRAP_1	sgKRTAP4-8_1	NA	NA	NA	NA
sgSTRC_1	sgKRTAP4-9_1	NA	NA	NA	NA
sgSTRC_2	sgKRTAP4-9_2	NA	NA	NA	NA
sgSTRC_3	sgKRTAP5-10_1	NA	NA	NA	NA
sgSTRC_4	sgKRTAP5-11_2	NA	NA	NA	NA
sgSTRC_5	sgKRTAP5-1_1	NA	NA	NA	NA
sgSTX18_1	sgKRTAP5-2_4	NA	NA	NA	NA
sgSTX18_2	sgKRTAP5-3_1	NA	NA	NA	NA
sgSTX18_5	sgKRTAP5-3_3	NA	NA	NA	NA
sgSTX8_3	sgKRTAP5-5_1	NA	NA	NA	NA
sgSUCLA2_4	sgKRTAP5-6_2	NA	NA	NA	NA
sgSUCLA2_5	sgKRTAP5-6_3	NA	NA	NA	NA
sgSUCLG2_5	sgKRTAP5-7_1	NA	NA	NA	NA
sgSUDS3_3	sgKRTAP5-8_2	NA	NA	NA	NA
sgSUDS3_5	sgKRTAP5-9_1	NA	NA	NA	NA
sgSUGP1_1	sgKRTAP6-1_3	NA	NA	NA	NA
sgSUGT1_2	sgKRTAP6-1_4	NA	NA	NA	NA
sgSUGT1_3	sgKRTAP9-1_3	NA	NA	NA	NA
sgSULT1A1_4	sgKRTAP9-2_1	NA	NA	NA	NA
sgSULT1A2_2	sgKRTAP9-3_1	NA	NA	NA	NA
sgSUMO1_4	sgKRTAP9-6_1	NA	NA	NA	NA
sgSUMO1_6	sgKRTAP9-6_2	NA	NA	NA	NA
sgSUPT4H1_2	sgKRTAP9-9_1	NA	NA	NA	NA
sgSUZ12_2	sgKRTAP9-9_2	NA	NA	NA	NA
sgSUZ12_3	sgKRTAP9-9_3	NA	NA	NA	NA
sgSVIP_3	sgKRTAP9-9_4	NA	NA	NA	NA
sgSYNCRIP_2	sgKRTCAP2_4	NA	NA	NA	NA
sgSYNCRIP_4	sgKRTCAP3_1	NA	NA	NA	NA
sgSYNGR2_3	sgLAGE3_1	NA	NA	NA	NA
sgSYT15_1	sgLAIR2_2	NA	NA	NA	NA
sgSYT15_3	sgLALBA_2	NA	NA	NA	NA
sgSYT15_4	sgLAMB1_4	NA	NA	NA	NA
sgSYT15_5	sgLAMB4_5	NA	NA	NA	NA
sgSZRD1_4	sgLAMP2_1	NA	NA	NA	NA
sgTACC1_3	sgLAMP5_3	NA	NA	NA	NA
sgTACC1_4	sgLAMTOR3_5	NA	NA	NA	NA
sgTAF5L_3	sgLANCL2_4	NA	NA	NA	NA
sgTAF5L_4	sgLANCL3_2	NA	NA	NA	NA
sgTAF9B_3	sgLAPTM4A_3	NA	NA	NA	NA
sgTAGLN2_1	sgLAPTM4B_4	NA	NA	NA	NA
sgTAGLN2_4	sgLARP4_1	NA	NA	NA	NA
sgTAGLN2_5	sgLARP4_4	NA	NA	NA	NA
sgTARBP2_3	sgLARP4_5	NA	NA	NA	NA
sgTARDBP_3	sgLARP6_4	NA	NA	NA	NA
sgTAS2R31_4	sgLARP7_4	NA	NA	NA	NA
sgTASP1_1	sgLAYN_3	NA	NA	NA	NA
sgTASP1_2	sgLCE1A_2	NA	NA	NA	NA
sgTATDN1_5	sgLCE1B_2	NA	NA	NA	NA
sgTBC1D26_1	sgLCE1B_3	NA	NA	NA	NA
sgTBC1D26_2	sgLCE1C_1	NA	NA	NA	NA
sgTBC1D26_5	sgLCE1F_2	NA	NA	NA	NA
sgTBC1D28_2	sgLCE1F_3	NA	NA	NA	NA
sgTBC1D28_3	sgLCE2A_2	NA	NA	NA	NA
sgTBC1D29_4	sgLCE2A_3	NA	NA	NA	NA
sgTBC1D29_5	sgLCE2A_4	NA	NA	NA	NA
sgTBC1D3F_1	sgLCE2B_2	NA	NA	NA	NA
sgTBCA_2	sgLCE2C_1	NA	NA	NA	NA
sgTBCA_3	sgLCE2C_2	NA	NA	NA	NA
sgTBCA_4	sgLCE2D_1	NA	NA	NA	NA
sgTBCA_5	sgLCE3A_1	NA	NA	NA	NA
sgTBL1XR1_2	sgLCE3A_5	NA	NA	NA	NA
sgTCEA1_1	sgLCE3B_2	NA	NA	NA	NA
sgTCEA1_3	sgLCE3B_5	NA	NA	NA	NA
sgTCEA1_5	sgLCE3C_3	NA	NA	NA	NA
sgTCEAL3_1	sgLCE4A_1	NA	NA	NA	NA
sgTCEAL3_3	sgLCE4A_5	NA	NA	NA	NA
sgTCEAL3_4	sgLCE5A_2	NA	NA	NA	NA
sgTCEAL5_2	sgLCE5A_3	NA	NA	NA	NA
sgTCEAL5_4	sgLCMT1_2	NA	NA	NA	NA
sgTCEB1_2	sgLCN10_4	NA	NA	NA	NA
sgTCEB2_2	sgLCN1_3	NA	NA	NA	NA
sgTCEB2_3	sgLCN1_4	NA	NA	NA	NA
sgTCP10L2_3	sgLCN2_1	NA	NA	NA	NA
sgTCP10_1	sgLCN2_2	NA	NA	NA	NA
sgTCP10_3	sgLCN9_4	NA	NA	NA	NA
sgTCP10_4	sgLCORL_3	NA	NA	NA	NA
sgTCP10_5	sgLDHAL6B_5	NA	NA	NA	NA
sgTCP11X2_1	sgLDHA_2	NA	NA	NA	NA
sgTCP11X2_2	sgLDHB_1	NA	NA	NA	NA
sgTCP11X2_3	sgLDLRAD1_1	NA	NA	NA	NA
sgTCP11X2_4	sgLDLRAD1_3	NA	NA	NA	NA
sgTCP11X2_5	sgLDLRAD1_8	NA	NA	NA	NA
sgTCP1_2	sgLEAP2_3	NA	NA	NA	NA
sgTCP1_4	sgLEAP2_5	NA	NA	NA	NA
sgTDGF1_1	sgLECT2_3	NA	NA	NA	NA
sgTDGF1_2	sgLEFTY1_3	NA	NA	NA	NA
sgTDGF1_4	sgLEFTY2_2	NA	NA	NA	NA
sgTDG_4	sgLEKR1_3	NA	NA	NA	NA
sgTDG_5	sgLEMD1_6	NA	NA	NA	NA
sgTEC_4	sgLEMD2_5	NA	NA	NA	NA
sgTERF1_1	sgLEPREL4_3	NA	NA	NA	NA
sgTET1_3	sgLETMD1_3	NA	NA	NA	NA
sgTEX28_1	sgLGALS13_1	NA	NA	NA	NA
sgTEX28_2	sgLGALS13_5	NA	NA	NA	NA
sgTEX28_3	sgLGALS16_3	NA	NA	NA	NA
sgTEX28_4	sgLGALS16_5	NA	NA	NA	NA
sgTEX28_5	sgLGALS7_3	NA	NA	NA	NA
sgTEX9_5	sgLGALS8_3	NA	NA	NA	NA
sgTGIF2LX_1	sgLGALS9_2	NA	NA	NA	NA
sgTGIF2LX_2	sgLGALS9_5	NA	NA	NA	NA
sgTGIF2LX_3	sgLIG4_2	NA	NA	NA	NA
sgTGIF2LY_1	sgLILRA1_1	NA	NA	NA	NA
sgTGIF2LY_2	sgLILRA3_1	NA	NA	NA	NA
sgTHAP1_3	sgLILRA3_4	NA	NA	NA	NA
sgTHAP5_1	sgLILRA4_3	NA	NA	NA	NA
sgTHAP5_2	sgLILRA5_2	NA	NA	NA	NA
sgTHAP5_3	sgLILRA5_5	NA	NA	NA	NA
sgTHAP5_4	sgLILRA5_6	NA	NA	NA	NA
sgTHAP5_5	sgLILRA5_8	NA	NA	NA	NA
sgTHEM4_1	sgLILRA6_2	NA	NA	NA	NA
sgTHEM4_3	sgLILRB1_1	NA	NA	NA	NA
sgTHEM4_4	sgLILRB1_2	NA	NA	NA	NA
sgTHOC3_2	sgLILRB1_6	NA	NA	NA	NA
sgTHOC3_3	sgLILRB2_7	NA	NA	NA	NA
sgTHOC3_4	sgLILRB2_9	NA	NA	NA	NA
sgTHOC3_5	sgLIMK2_5	NA	NA	NA	NA
sgTHRAP3_3	sgLIN28A_1	NA	NA	NA	NA
sgTHUMPD1_1	sgLIN7B_2	NA	NA	NA	NA
sgTHUMPD1_2	sgLIN9_3	NA	NA	NA	NA
sgTIGD1_2	sgLIPF_2	NA	NA	NA	NA
sgTIMM23_1	sgLIPK_4	NA	NA	NA	NA
sgTIMM23_2	sgLIPT1_4	NA	NA	NA	NA
sgTIMM23_5	sgLITAF_2	NA	NA	NA	NA
sgTIMM8A_2	sgLLPH_2	NA	NA	NA	NA
sgTIMM8A_3	sgLMAN2L_1	NA	NA	NA	NA
sgTIMM8A_4	sgLMCD1_3	NA	NA	NA	NA
sgTIMM8A_5	sgLMO1_5	NA	NA	NA	NA
sgTIMM8B_1	sgLMO3_1	NA	NA	NA	NA
sgTIMM8B_3	sgLMO3_3	NA	NA	NA	NA
sgTIMM9_4	sgLMOD3_3	NA	NA	NA	NA
sgTIMP4_4	sgLNX1_1	NA	NA	NA	NA
sgTIPIN_2	sgLOC152586_2	NA	NA	NA	NA
sgTIPIN_3	sgLOC152586_3	NA	NA	NA	NA
sgTLK1_1	sgLOC729020_3	NA	NA	NA	NA
sgTLK1_4	sgLOC729020_5	NA	NA	NA	NA
sgTLK1_5	sgLOR_3	NA	NA	NA	NA
sgTLK2_1	sgLPAR4_1	NA	NA	NA	NA
sgTLK2_2	sgLPCAT2_2	NA	NA	NA	NA
sgTLK2_3	sgLPCAT3_1	NA	NA	NA	NA
sgTLK2_4	sgLPGAT1_1	NA	NA	NA	NA
sgTLK2_5	sgLPGAT1_3	NA	NA	NA	NA
sgTMA16_1	sgLPPR5_5	NA	NA	NA	NA
sgTMA7_1	sgLRCH1_1	NA	NA	NA	NA
sgTMCC1_3	sgLRG1_4	NA	NA	NA	NA
sgTMEM141_3	sgLRIF1_8	NA	NA	NA	NA
sgTMEM14B_1	sgLRIF1_9	NA	NA	NA	NA
sgTMEM14B_3	sgLRIG3_5	NA	NA	NA	NA
sgTMEM14B_4	sgLRIT1_1	NA	NA	NA	NA
sgTMEM14B_5	sgLRMP_4	NA	NA	NA	NA
sgTMEM14B_6	sgLRP3_5	NA	NA	NA	NA
sgTMEM14B_7	sgLRRC18_5	NA	NA	NA	NA
sgTMEM161B_2	sgLRRC19_1	NA	NA	NA	NA
sgTMEM161B_5	sgLRRC19_2	NA	NA	NA	NA
sgTMEM167A_2	sgLRRC23_2	NA	NA	NA	NA
sgTMEM167A_5	sgLRRC23_4	NA	NA	NA	NA
sgTMEM183A_3	sgLRRC23_5	NA	NA	NA	NA
sgTMEM183A_5	sgLRRC24_2	NA	NA	NA	NA
sgTMEM185A_1	sgLRRC25_4	NA	NA	NA	NA
sgTMEM186_1	sgLRRC2_1	NA	NA	NA	NA
sgTMEM230_2	sgLRRC32_5	NA	NA	NA	NA
sgTMEM230_3	sgLRRC34_1	NA	NA	NA	NA
sgTMEM230_4	sgLRRC37B_1	NA	NA	NA	NA
sgTMEM230_5	sgLRRC37B_4	NA	NA	NA	NA
sgTMEM230_6	sgLRRC39_4	NA	NA	NA	NA
sgTMEM230_7	sgLRRC46_1	NA	NA	NA	NA
sgTMEM231_1	sgLRRC48_4	NA	NA	NA	NA
sgTMEM233_1	sgLRRC48_5	NA	NA	NA	NA
sgTMEM242_3	sgLRRC55_4	NA	NA	NA	NA
sgTMEM242_4	sgLRRC58_3	NA	NA	NA	NA
sgTMEM251_4	sgLRRC59_3	NA	NA	NA	NA
sgTMEM251_5	sgLRRC61_2	NA	NA	NA	NA
sgTMEM47_5	sgLRRC66_4	NA	NA	NA	NA
sgTMEM50B_2	sgLRRC8E_2	NA	NA	NA	NA
sgTMEM50B_3	sgLRRD1_1	NA	NA	NA	NA
sgTMEM56_1	sgLRRD1_3	NA	NA	NA	NA
sgTMEM5_2	sgLRRFIP1_1	NA	NA	NA	NA
sgTMEM68_4	sgLRRFIP1_3	NA	NA	NA	NA
sgTMEM69_2	sgLRRFIP1_4	NA	NA	NA	NA
sgTMEM69_5	sgLRRIQ3_3	NA	NA	NA	NA
sgTMEM92_1	sgLRRK2_1	NA	NA	NA	NA
sgTMEM98_4	sgLRRTM2_4	NA	NA	NA	NA
sgTMSB15A_1	sgLRSAM1_2	NA	NA	NA	NA
sgTMSB15A_2	sgLRTM1_5	NA	NA	NA	NA
sgTMX1_4	sgLRTOMT_1	NA	NA	NA	NA
sgTMX2_3	sgLRTOMT_12	NA	NA	NA	NA
sgTMX2_5	sgLSM14A_3	NA	NA	NA	NA
sgTNFRSF25_2	sgLSM14A_4	NA	NA	NA	NA
sgTNXB_1	sgLSM1_3	NA	NA	NA	NA
sgTOMM20_1	sgLSM2_1	NA	NA	NA	NA
sgTOMM20_3	sgLSM5_4	NA	NA	NA	NA
sgTOMM20_4	sgLSM6_5	NA	NA	NA	NA
sgTOMM22_1	sgLSM7_4	NA	NA	NA	NA
sgTOMM22_2	sgLSP1_5	NA	NA	NA	NA
sgTOMM22_5	sgLSR_3	NA	NA	NA	NA
sgTOMM40_3	sgLST1_6	NA	NA	NA	NA
sgTOMM6_2	sgLTA4H_4	NA	NA	NA	NA
sgTOX4_1	sgLTA_1	NA	NA	NA	NA
sgTOX4_4	sgLTA_5	NA	NA	NA	NA
sgTPI1_3	sgLTBP1_5	NA	NA	NA	NA
sgTPI1_6	sgLTV1_1	NA	NA	NA	NA
sgTPI1_7	sgLUZP4_4	NA	NA	NA	NA
sgTPM3_1	sgLY96_6	NA	NA	NA	NA
sgTPM4_1	sgLYG2_1	NA	NA	NA	NA
sgTPMT_5	sgLYN_5	NA	NA	NA	NA
sgTPSAB1_2	sgLYPD1_3	NA	NA	NA	NA
sgTPSAB1_4	sgLYPD2_4	NA	NA	NA	NA
sgTPT1_2	sgLYPD2_5	NA	NA	NA	NA
sgTPT1_3	sgLYPLA1_1	NA	NA	NA	NA
sgTPTE2_2	sgLYPLA1_2	NA	NA	NA	NA
sgTPTE2_4	sgLYPLA2_4	NA	NA	NA	NA
sgTPTE_1	sgLYPLA2_5	NA	NA	NA	NA
sgTPTE_2	sgLYRM2_2	NA	NA	NA	NA
sgTRAF6_4	sgLYRM4_3	NA	NA	NA	NA
sgTRAPPC2_1	sgLYRM7_2	NA	NA	NA	NA
sgTRAPPC2_2	sgLYRM9_3	NA	NA	NA	NA
sgTRAPPC2_3	sgLYRM9_4	NA	NA	NA	NA
sgTRAPPC2_4	sgLYSMD2_3	NA	NA	NA	NA
sgTREML2_5	sgLYSMD3_4	NA	NA	NA	NA
sgTREML4_1	sgLYZL2_1	NA	NA	NA	NA
sgTRHR_2	sgLYZL6_3	NA	NA	NA	NA
sgTRIM13_2	sgLYZ_1	NA	NA	NA	NA
sgTRIM16L_1	sgLZIC_1	NA	NA	NA	NA
sgTRIM16L_2	sgLZIC_4	NA	NA	NA	NA
sgTRIM16L_3	sgLZTS1_2	NA	NA	NA	NA
sgTRIM16L_4	sgLZTS2_3	NA	NA	NA	NA
sgTRIM38_4	sgMACROD2_2	NA	NA	NA	NA
sgTRIM43_1	sgMAD1L1_1	NA	NA	NA	NA
sgTRIM43_4	sgMAD2L1BP_5	NA	NA	NA	NA
sgTRIM43_5	sgMAD2L1_2	NA	NA	NA	NA
sgTRIM48_1	sgMADCAM1_3	NA	NA	NA	NA
sgTRIM49D1_1	sgMAF1_5	NA	NA	NA	NA
sgTRIM49D1_2	sgMAFF_4	NA	NA	NA	NA
sgTRIM49D1_3	sgMAFG_5	NA	NA	NA	NA
sgTRIM49_1	sgMAGEA11_1	NA	NA	NA	NA
sgTRIM61_1	sgMAGEA12_3	NA	NA	NA	NA
sgTRIM61_2	sgMAGEA4_4	NA	NA	NA	NA
sgTRIM61_3	sgMAGEA8_1	NA	NA	NA	NA
sgTRIM61_5	sgMAGEB18_5	NA	NA	NA	NA
sgTRIM64B_1	sgMAGEB6_4	NA	NA	NA	NA
sgTRIM64B_2	sgMAGEC2_1	NA	NA	NA	NA
sgTRIM64B_3	sgMAGED1_5	NA	NA	NA	NA
sgTRIM64B_4	sgMAGEH1_1	NA	NA	NA	NA
sgTRIM73_1	sgMAGT1_3	NA	NA	NA	NA
sgTRIM73_2	sgMAG_4	NA	NA	NA	NA
sgTRIM73_3	sgMAK_2	NA	NA	NA	NA
sgTRIM74_1	sgMAL_15	NA	NA	NA	NA
sgTRIM74_2	sgMAL_3	NA	NA	NA	NA
sgTRIM77_2	sgMAL_4	NA	NA	NA	NA
sgTRIM77_3	sgMAL_6	NA	NA	NA	NA
sgTRMT112_1	sgMAML1_3	NA	NA	NA	NA
sgTRMT11_3	sgMANBAL_2	NA	NA	NA	NA
sgTSPY1_1	sgMANBAL_3	NA	NA	NA	NA
sgTSTD1_5	sgMANBAL_4	NA	NA	NA	NA
sgTTC3_2	sgMANBA_1	NA	NA	NA	NA
sgTTC3_5	sgMANEAL_1	NA	NA	NA	NA
sgTTC4_1	sgMANEAL_2	NA	NA	NA	NA
sgTTC4_2	sgMANEA_4	NA	NA	NA	NA
sgTTC4_5	sgMAP10_3	NA	NA	NA	NA
sgTUBA1B_1	sgMAP1LC3A_2	NA	NA	NA	NA
sgTUBA1B_3	sgMAP2K2_4	NA	NA	NA	NA
sgTUBA1C_1	sgMAP2K4_4	NA	NA	NA	NA
sgTUBA1C_2	sgMAP2K6_3	NA	NA	NA	NA
sgTUBA1C_3	sgMAP3K7CL_4	NA	NA	NA	NA
sgTUBA3D_3	sgMAP4_3	NA	NA	NA	NA
sgTUBA3D_4	sgMAPK14_5	NA	NA	NA	NA
sgTUBA3D_5	sgMAPK15_2	NA	NA	NA	NA
sgTUBA3E_1	sgMAPK1IP1L_3	NA	NA	NA	NA
sgTUBB2A_3	sgMAPK1_5	NA	NA	NA	NA
sgTUBB2B_1	sgMAPK6_2	NA	NA	NA	NA
sgTUBB3_8	sgMAPK6_3	NA	NA	NA	NA
sgTUBB4A_4	sgMAPK6_5	NA	NA	NA	NA
sgTUBB_3	sgMAPK8IP1_5	NA	NA	NA	NA
sgTUBB_4	sgMAPK9_2	NA	NA	NA	NA
sgTUBB_5	sgMAPRE1_1	NA	NA	NA	NA
sgTUBE1_5	sgMAPRE1_3	NA	NA	NA	NA
sgTUBG2_2	sgMAPRE1_4	NA	NA	NA	NA
sgTVP23B_1	sgMARC1_2	NA	NA	NA	NA
sgTVP23C-CDRT4_1	sgMARC2_5	NA	NA	NA	NA
sgTVP23C-CDRT4_2	sgMARCH11_2	NA	NA	NA	NA
sgTVP23C_3	sgMARCH2_1	NA	NA	NA	NA
sgTVP23C_4	sgMARCH4_1	NA	NA	NA	NA
sgTVP23C_5	sgMARCKSL1_1	NA	NA	NA	NA
sgTVP23C_6	sgMARCKSL1_3	NA	NA	NA	NA
sgTWF1_1	sgMARCO_5	NA	NA	NA	NA
sgTWF1_3	sgMAST1_1	NA	NA	NA	NA
sgTWF1_4	sgMAST4_4	NA	NA	NA	NA
sgTXNDC2_3	sgMAT2A_3	NA	NA	NA	NA
sgTXNDC9_2	sgMATR3_2	NA	NA	NA	NA
sgTXNDC9_5	sgMAU2_3	NA	NA	NA	NA
sgTXNL4A_2	sgMAX_5	NA	NA	NA	NA
sgTXN_1	sgMB21D1_5	NA	NA	NA	NA
sgTXN_6	sgMBD4_4	NA	NA	NA	NA
sgTXN_7	sgMBL2_2	NA	NA	NA	NA
sgTYMS_4	sgMBLAC2_5	NA	NA	NA	NA
sgTYRO3_2	sgMBOAT2_1	NA	NA	NA	NA
sgTYRO3_5	sgMBP_8	NA	NA	NA	NA
sgTYW1B_1	sgMBTD1_3	NA	NA	NA	NA
sgTYW1_2	sgMC3R_2	NA	NA	NA	NA
sgTYW1_3	sgMC4R_4	NA	NA	NA	NA
sgTYW1_4	sgMCC_5	NA	NA	NA	NA
sgU2AF1_2	sgMCFD2_1	NA	NA	NA	NA
sgUBA52_1	sgMCFD2_5	NA	NA	NA	NA
sgUBB_1	sgMCFD2_6	NA	NA	NA	NA
sgUBB_2	sgMCFD2_7	NA	NA	NA	NA
sgUBC_1	sgMCM7_2	NA	NA	NA	NA
sgUBE2C_3	sgMCMDC2_5	NA	NA	NA	NA
sgUBE2C_7	sgMCPH1_2	NA	NA	NA	NA
sgUBE2C_8	sgMCTS1_4	NA	NA	NA	NA
sgUBE2D2_3	sgMDK_3	NA	NA	NA	NA
sgUBE2D3_1	sgMDM4_8	NA	NA	NA	NA
sgUBE2D3_2	sgME2_2	NA	NA	NA	NA
sgUBE2D3_4	sgME2_4	NA	NA	NA	NA
sgUBE2D3_5	sgMEA1_4	NA	NA	NA	NA
sgUBE2E3_1	sgMED11_4	NA	NA	NA	NA
sgUBE2E3_4	sgMED20_2	NA	NA	NA	NA
sgUBE2F_4	sgMED21_2	NA	NA	NA	NA
sgUBE2H_1	sgMED27_6	NA	NA	NA	NA
sgUBE2L3_3	sgMED28_3	NA	NA	NA	NA
sgUBE2L3_4	sgMED28_5	NA	NA	NA	NA
sgUBE2M_1	sgMED6_5	NA	NA	NA	NA
sgUBE2M_3	sgMED8_1	NA	NA	NA	NA
sgUBE2NL_2	sgMED9_3	NA	NA	NA	NA
sgUBE2NL_3	sgMEDAG_3	NA	NA	NA	NA
sgUBE2NL_4	sgMEDAG_5	NA	NA	NA	NA
sgUBE2N_3	sgMEF2A_4	NA	NA	NA	NA
sgUBE2N_4	sgMEF2BNB_3	NA	NA	NA	NA
sgUBE2N_5	sgMEI4_1	NA	NA	NA	NA
sgUBE2Q2_5	sgMEI4_4	NA	NA	NA	NA
sgUBE2S_1	sgMEIS2_1	NA	NA	NA	NA
sgUBE2S_2	sgMEIS3_2	NA	NA	NA	NA
sgUBE2S_3	sgMEOX1_12	NA	NA	NA	NA
sgUBE2S_4	sgMEOX1_4	NA	NA	NA	NA
sgUBE2V1_1	sgMEOX1_5	NA	NA	NA	NA
sgUBE2V1_2	sgMEP1B_4	NA	NA	NA	NA
sgUBE2V1_3	sgMEST_3	NA	NA	NA	NA
sgUBE2V1_4	sgMETAP1D_3	NA	NA	NA	NA
sgUBE2V1_7	sgMETAP2_2	NA	NA	NA	NA
sgUBE2V1_8	sgMETTL21A_4	NA	NA	NA	NA
sgUBE2V1_9	sgMETTL23_2	NA	NA	NA	NA
sgUBE2V2_1	sgMETTL23_3	NA	NA	NA	NA
sgUBE3A_3	sgMETTL23_6	NA	NA	NA	NA
sgUBFD1_5	sgMETTL5_3	NA	NA	NA	NA
sgUBL5_2	sgMETTL7A_3	NA	NA	NA	NA
sgUBQLN1_4	sgMFAP3L_1	NA	NA	NA	NA
sgUBQLN4_2	sgMFAP3_4	NA	NA	NA	NA
sgUBQLN4_4	sgMFF_1	NA	NA	NA	NA
sgUBQLN4_5	sgMFN2_3	NA	NA	NA	NA
sgUBXN2B_5	sgMFSD1_1	NA	NA	NA	NA
sgUFD1L_4	sgMFSD8_1	NA	NA	NA	NA
sgUFM1_3	sgMGMT_2	NA	NA	NA	NA
sgUGT1A8_1	sgMGP_6	NA	NA	NA	NA
sgUGT2A3_1	sgMGST1_7	NA	NA	NA	NA
sgUGT2B11_1	sgMGST2_3	NA	NA	NA	NA
sgUGT2B11_2	sgMIA_4	NA	NA	NA	NA
sgUGT2B15_1	sgMICB_2	NA	NA	NA	NA
sgUGT2B15_3	sgMICB_3	NA	NA	NA	NA
sgUGT2B7_2	sgMIDN_3	NA	NA	NA	NA
sgULBP1_2	sgMINPP1_7	NA	NA	NA	NA
sgULBP2_1	sgMIPOL1_1	NA	NA	NA	NA
sgULBP2_2	sgMIPOL1_3	NA	NA	NA	NA
sgULBP2_3	sgMIP_4	NA	NA	NA	NA
sgULBP2_4	sgMISP_1	NA	NA	NA	NA
sgUPF3A_5	sgMITF_4	NA	NA	NA	NA
sgUPK3BL_2	sgMKI67_1	NA	NA	NA	NA
sgUPK3BL_3	sgMKKS_1	NA	NA	NA	NA
sgUPK3BL_5	sgMKLN1_4	NA	NA	NA	NA
sgUPK3B_1	sgMKRN1_1	NA	NA	NA	NA
sgUPK3B_2	sgMKRN1_5	NA	NA	NA	NA
sgUQCRB_4	sgMKX_1	NA	NA	NA	NA
sgUQCRFS1_2	sgMLC1_3	NA	NA	NA	NA
sgUQCRFS1_3	sgMLF2_2	NA	NA	NA	NA
sgUQCRFS1_4	sgMLF2_5	NA	NA	NA	NA
sgUQCRFS1_5	sgMLH1_1	NA	NA	NA	NA
sgUQCRH_1	sgMLKL_2	NA	NA	NA	NA
sgUQCRH_2	sgMLLT10_4	NA	NA	NA	NA
sgUQCRH_3	sgMMAA_4	NA	NA	NA	NA
sgUQCRH_5	sgMMD2_4	NA	NA	NA	NA
sgUSF1_1	sgMMP1_2	NA	NA	NA	NA
sgUSP10_2	sgMMP26_4	NA	NA	NA	NA
sgUSP10_3	sgMMP27_2	NA	NA	NA	NA
sgUSP12_1	sgMMP7_3	NA	NA	NA	NA
sgUSP12_3	sgMMRN2_5	NA	NA	NA	NA
sgUSP18_1	sgMMS22L_1	NA	NA	NA	NA
sgUSP18_3	sgMNAT1_2	NA	NA	NA	NA
sgUSP32_1	sgMND1_4	NA	NA	NA	NA
sgUSP32_2	sgMOB1A_5	NA	NA	NA	NA
sgUSP7_4	sgMOB1B_2	NA	NA	NA	NA
sgVAMP7_1	sgMOB2_3	NA	NA	NA	NA
sgVAMP7_2	sgMOB3A_1	NA	NA	NA	NA
sgVAMP7_3	sgMOB3B_3	NA	NA	NA	NA
sgVAMP7_4	sgMOB3B_4	NA	NA	NA	NA
sgVAMP7_5	sgMOB4_2	NA	NA	NA	NA
sgVAPA_1	sgMOBP_4	NA	NA	NA	NA
sgVAPA_3	sgMOCOS_2	NA	NA	NA	NA
sgVCPKMT_2	sgMOCOS_4	NA	NA	NA	NA
sgVCPKMT_4	sgMOCS2_6	NA	NA	NA	NA
sgVCY1B_1	sgMOCS2_9	NA	NA	NA	NA
sgVCY_1	sgMOCS3_4	NA	NA	NA	NA
sgVDAC1_2	sgMOCS3_5	NA	NA	NA	NA
sgVDAC2_2	sgMOG_5	NA	NA	NA	NA
sgVDAC2_3	sgMOG_9	NA	NA	NA	NA
sgVDAC2_4	sgMORF4L1_2	NA	NA	NA	NA
sgVDAC2_5	sgMORF4L2_5	NA	NA	NA	NA
sgVDAC3_1	sgMORN2_2	NA	NA	NA	NA
sgVDAC3_3	sgMORN4_2	NA	NA	NA	NA
sgVDAC3_5	sgMPDU1_5	NA	NA	NA	NA
sgVEZF1_1	sgMPEG1_1	NA	NA	NA	NA
sgVEZF1_2	sgMPEG1_2	NA	NA	NA	NA
sgVEZF1_3	sgMPHOSPH8_2	NA	NA	NA	NA
sgVEZF1_5	sgMPP2_5	NA	NA	NA	NA
sgVEZT_1	sgMPPED1_4	NA	NA	NA	NA
sgVKORC1L1_1	sgMPPED1_5	NA	NA	NA	NA
sgVKORC1L1_2	sgMPRIP_1	NA	NA	NA	NA
sgVKORC1L1_4	sgMPV17L_5	NA	NA	NA	NA
sgVKORC1_5	sgMPV17L_7	NA	NA	NA	NA
sgVMA21_1	sgMPV17_4	NA	NA	NA	NA
sgVN1R4_1	sgMPV17_5	NA	NA	NA	NA
sgVN1R4_3	sgMPZL1_4	NA	NA	NA	NA
sgVN1R4_4	sgMPZL1_5	NA	NA	NA	NA
sgVOPP1_2	sgMPZL1_6	NA	NA	NA	NA
sgVOPP1_3	sgMPZL3_2	NA	NA	NA	NA
sgVOPP1_4	sgMPZL3_4	NA	NA	NA	NA
sgVPS26A_2	sgMR1_5	NA	NA	NA	NA
sgVPS35_2	sgMRAP2_2	NA	NA	NA	NA
sgVPS35_5	sgMRAP_8	NA	NA	NA	NA
sgVPS37A_1	sgMRE11A_2	NA	NA	NA	NA
sgVPS37A_5	sgMRE11A_5	NA	NA	NA	NA
sgVPS53_1	sgMREG_5	NA	NA	NA	NA
sgVTCN1_6	sgMRFAP1L1_3	NA	NA	NA	NA
sgVTCN1_7	sgMRFAP1_3	NA	NA	NA	NA
sgVTI1B_1	sgMRFAP1_4	NA	NA	NA	NA
sgVTI1B_2	sgMRGPRX3_3	NA	NA	NA	NA
sgVTI1B_4	sgMRGPRX4_4	NA	NA	NA	NA
sgWASF2_2	sgMRGPRX4_5	NA	NA	NA	NA
sgWASF2_3	sgMRO_1	NA	NA	NA	NA
sgWASF2_4	sgMRP63_3	NA	NA	NA	NA
sgWBP1_1	sgMRPL12_3	NA	NA	NA	NA
sgWBP1_2	sgMRPL13_5	NA	NA	NA	NA
sgWBP1_3	sgMRPL14_1	NA	NA	NA	NA
sgWBP1_4	sgMRPL1_5	NA	NA	NA	NA
sgWBP5_5	sgMRPL20_3	NA	NA	NA	NA
sgWDR45B_2	sgMRPL21_3	NA	NA	NA	NA
sgWDR45_2	sgMRPL27_3	NA	NA	NA	NA
sgWDR45_3	sgMRPL2_5	NA	NA	NA	NA
sgWDR70_2	sgMRPL30_3	NA	NA	NA	NA
sgWDR82_3	sgMRPL34_2	NA	NA	NA	NA
sgWDR82_4	sgMRPL35_4	NA	NA	NA	NA
sgWHSC1L1_4	sgMRPL36_1	NA	NA	NA	NA
sgWHSC1L1_5	sgMRPL36_2	NA	NA	NA	NA
sgWTAP_4	sgMRPL37_4	NA	NA	NA	NA
sgWTAP_5	sgMRPL39_3	NA	NA	NA	NA
sgXAGE3_1	sgMRPL3_1	NA	NA	NA	NA
sgXCL1_1	sgMRPL3_3	NA	NA	NA	NA
sgXCL1_2	sgMRPL3_4	NA	NA	NA	NA
sgXCL2_1	sgMRPL40_5	NA	NA	NA	NA
sgXCL2_2	sgMRPL42_3	NA	NA	NA	NA
sgXCL2_3	sgMRPL45_4	NA	NA	NA	NA
sgXCL2_4	sgMRPL45_5	NA	NA	NA	NA
sgXG_4	sgMRPL48_1	NA	NA	NA	NA
sgXPO6_4	sgMRPL49_1	NA	NA	NA	NA
sgXPOT_1	sgMRPL50_2	NA	NA	NA	NA
sgXPOT_4	sgMRPL50_3	NA	NA	NA	NA
sgXPOT_5	sgMRPL51_1	NA	NA	NA	NA
sgXRCC6_1	sgMRPL51_3	NA	NA	NA	NA
sgXRCC6_2	sgMRPL52_10	NA	NA	NA	NA
sgXRCC6_3	sgMRPL52_9	NA	NA	NA	NA
sgXRCC6_4	sgMRPS10_5	NA	NA	NA	NA
sgXRCC6_5	sgMRPS11_3	NA	NA	NA	NA
sgYAF2_5	sgMRPS11_4	NA	NA	NA	NA
sgYAP1_2	sgMRPS15_2	NA	NA	NA	NA
sgYBX1_1	sgMRPS16_4	NA	NA	NA	NA
sgYBX1_2	sgMRPS16_5	NA	NA	NA	NA
sgYBX2_1	sgMRPS17_4	NA	NA	NA	NA
sgYBX2_4	sgMRPS17_5	NA	NA	NA	NA
sgYPEL5_2	sgMRPS18C_3	NA	NA	NA	NA
sgYWHAE_1	sgMRPS21_1	NA	NA	NA	NA
sgYWHAE_2	sgMRPS21_2	NA	NA	NA	NA
sgYWHAE_4	sgMRPS21_4	NA	NA	NA	NA
sgYWHAQ_2	sgMRPS22_2	NA	NA	NA	NA
sgYWHAZ_1	sgMRPS25_3	NA	NA	NA	NA
sgYWHAZ_3	sgMRPS28_1	NA	NA	NA	NA
sgZBED1_1	sgMRPS33_1	NA	NA	NA	NA
sgZBED1_2	sgMRPS33_3	NA	NA	NA	NA
sgZBED1_3	sgMRPS36_4	NA	NA	NA	NA
sgZBED1_4	sgMRPS5_1	NA	NA	NA	NA
sgZBED1_5	sgMRPS5_3	NA	NA	NA	NA
sgZBTB12_4	sgMRPS6_1	NA	NA	NA	NA
sgZBTB12_5	sgMRPS6_2	NA	NA	NA	NA
sgZBTB8OS_2	sgMRPS7_1	NA	NA	NA	NA
sgZBTB8OS_5	sgMRPS7_5	NA	NA	NA	NA
sgZCCHC10_3	sgMRRF_2	NA	NA	NA	NA
sgZCRB1_1	sgMRRF_3	NA	NA	NA	NA
sgZCRB1_4	sgMRTO4_1	NA	NA	NA	NA
sgZDHHC20_1	sgMRVI1_2	NA	NA	NA	NA
sgZDHHC2_3	sgMS4A10_5	NA	NA	NA	NA
sgZFAND1_2	sgMS4A12_2	NA	NA	NA	NA
sgZFAND5_2	sgMS4A12_4	NA	NA	NA	NA
sgZFAND5_3	sgMS4A2_4	NA	NA	NA	NA
sgZFAND5_4	sgMS4A4A_1	NA	NA	NA	NA
sgZFAND5_5	sgMS4A5_1	NA	NA	NA	NA
sgZFAND6_4	sgMS4A5_4	NA	NA	NA	NA
sgZFAND6_6	sgMS4A6A_4	NA	NA	NA	NA
sgZFP41_1	sgMS4A6E_3	NA	NA	NA	NA
sgZFP41_4	sgMSANTD3_1	NA	NA	NA	NA
sgZFX_3	sgMSANTD4_3	NA	NA	NA	NA
sgZNF100_4	sgMSANTD4_4	NA	NA	NA	NA
sgZNF135_2	sgMSC_2	NA	NA	NA	NA
sgZNF141_1	sgMSL3_3	NA	NA	NA	NA
sgZNF181_3	sgMSMO1_1	NA	NA	NA	NA
sgZNF181_5	sgMSMO1_7	NA	NA	NA	NA
sgZNF208_1	sgMSN_1	NA	NA	NA	NA
sgZNF254_2	sgMSN_4	NA	NA	NA	NA
sgZNF254_3	sgMSN_5	NA	NA	NA	NA
sgZNF254_5	sgMSR1_1	NA	NA	NA	NA
sgZNF259_2	sgMST1_4	NA	NA	NA	NA
sgZNF273_1	sgMSTO1_3	NA	NA	NA	NA
sgZNF285_1	sgMSTO1_4	NA	NA	NA	NA
sgZNF285_5	sgMSX1_4	NA	NA	NA	NA
sgZNF286B_2	sgMT1A_2	NA	NA	NA	NA
sgZNF286B_3	sgMT1B_1	NA	NA	NA	NA
sgZNF286B_4	sgMT1B_2	NA	NA	NA	NA
sgZNF286B_5	sgMT1E_1	NA	NA	NA	NA
sgZNF302_2	sgMT1F_1	NA	NA	NA	NA
sgZNF302_5	sgMT1H_1	NA	NA	NA	NA
sgZNF322_1	sgMT1M_1	NA	NA	NA	NA
sgZNF322_2	sgMT3_2	NA	NA	NA	NA
sgZNF322_3	sgMT4_1	NA	NA	NA	NA
sgZNF322_4	sgMT4_2	NA	NA	NA	NA
sgZNF322_5	sgMT4_3	NA	NA	NA	NA
sgZNF345_3	sgMTAP_3	NA	NA	NA	NA
sgZNF35_2	sgMTCH2_3	NA	NA	NA	NA
sgZNF37A_1	sgMTERF_1	NA	NA	NA	NA
sgZNF396_1	sgMTFR1_1	NA	NA	NA	NA
sgZNF417_1	sgMTFR2_5	NA	NA	NA	NA
sgZNF417_2	sgMTHFD1_1	NA	NA	NA	NA
sgZNF417_3	sgMTHFD2_2	NA	NA	NA	NA
sgZNF417_4	sgMTHFD2_4	NA	NA	NA	NA
sgZNF419_4	sgMTHFSD_4	NA	NA	NA	NA
sgZNF431_1	sgMTIF3_5	NA	NA	NA	NA
sgZNF443_2	sgMTMR12_4	NA	NA	NA	NA
sgZNF468_6	sgMTMR9_3	NA	NA	NA	NA
sgZNF468_8	sgMTNR1B_1	NA	NA	NA	NA
sgZNF479_3	sgMTPAP_4	NA	NA	NA	NA
sgZNF479_5	sgMTPN_1	NA	NA	NA	NA
sgZNF492_4	sgMTRF1L_4	NA	NA	NA	NA
sgZNF492_5	sgMTRF1_4	NA	NA	NA	NA
sgZNF493_9	sgMTX1_5	NA	NA	NA	NA
sgZNF501_2	sgMTX2_3	NA	NA	NA	NA
sgZNF506_5	sgMTX2_4	NA	NA	NA	NA
sgZNF519_5	sgMTX3_1	NA	NA	NA	NA
sgZNF559-ZNF177_2	sgMUC16_2	NA	NA	NA	NA
sgZNF559_3	sgMUC20_3	NA	NA	NA	NA
sgZNF559_5	sgMUC20_5	NA	NA	NA	NA
sgZNF561_4	sgMUC21_4	NA	NA	NA	NA
sgZNF562_1	sgMUC4_6	NA	NA	NA	NA
sgZNF562_5	sgMUC4_8	NA	NA	NA	NA
sgZNF585B_5	sgMUC7_3	NA	NA	NA	NA
sgZNF587B_1	sgMUCL1_2	NA	NA	NA	NA
sgZNF587_1	sgMUCL1_4	NA	NA	NA	NA
sgZNF625_2	sgMUCL1_5	NA	NA	NA	NA
sgZNF625_5	sgMUM1L1_2	NA	NA	NA	NA
sgZNF626_2	sgMUT_1	NA	NA	NA	NA
sgZNF652_3	sgMXD1_4	NA	NA	NA	NA
sgZNF655_5	sgMXRA5_1	NA	NA	NA	NA
sgZNF658_1	sgMXRA5_2	NA	NA	NA	NA
sgZNF658_3	sgMXRA5_3	NA	NA	NA	NA
sgZNF658_4	sgMXRA5_5	NA	NA	NA	NA
sgZNF69_1	sgMXRA7_5	NA	NA	NA	NA
sgZNF700_1	sgMYBL1_2	NA	NA	NA	NA
sgZNF700_3	sgMYBPHL_5	NA	NA	NA	NA
sgZNF705B_1	sgMYCBP_3	NA	NA	NA	NA
sgZNF705D_1	sgMYCBP_4	NA	NA	NA	NA
sgZNF705G_1	sgMYCBP_5	NA	NA	NA	NA
sgZNF705G_2	sgMYEOV_4	NA	NA	NA	NA
sgZNF705G_3	sgMYF6_4	NA	NA	NA	NA
sgZNF706_1	sgMYH15_2	NA	NA	NA	NA
sgZNF706_3	sgMYH15_3	NA	NA	NA	NA
sgZNF706_4	sgMYH2_3	NA	NA	NA	NA
sgZNF706_5	sgMYH4_2	NA	NA	NA	NA
sgZNF727_3	sgMYL12A_2	NA	NA	NA	NA
sgZNF729_1	sgMYL12A_3	NA	NA	NA	NA
sgZNF736_2	sgMYL12B_1	NA	NA	NA	NA
sgZNF736_4	sgMYL12B_3	NA	NA	NA	NA
sgZNF747_1	sgMYL12B_4	NA	NA	NA	NA
sgZNF765_3	sgMYL12B_5	NA	NA	NA	NA
sgZNF770_3	sgMYL6B_1	NA	NA	NA	NA
sgZNF770_4	sgMYL6_1	NA	NA	NA	NA
sgZNF780A_6	sgMYL6_3	NA	NA	NA	NA
sgZNF780B_2	sgMYL6_4	NA	NA	NA	NA
sgZNF799_1	sgMYL9_1	NA	NA	NA	NA
sgZNF7_1	sgMYL9_2	NA	NA	NA	NA
sgZNF805_5	sgMYL9_3	NA	NA	NA	NA
sgZNF808_2	sgMYLK_6	NA	NA	NA	NA
sgZNF812_3	sgMYLK_8	NA	NA	NA	NA
sgZNF813_2	sgMYO19_2	NA	NA	NA	NA
sgZNF814_5	sgMYO19_5	NA	NA	NA	NA
sgZNF816-ZNF321P_1	sgMYO1G_5	NA	NA	NA	NA
sgZNF816-ZNF321P_3	sgMYO3A_5	NA	NA	NA	NA
sgZNF845_1	sgMYO5C_1	NA	NA	NA	NA
sgZNF85_1	sgMYO9B_2	NA	NA	NA	NA
sgZNF878_2	sgMYOT_5	NA	NA	NA	NA
sgZNF91_1	sgMYOZ1_2	NA	NA	NA	NA
sgZNF98_1	sgMYOZ2_4	NA	NA	NA	NA
sgZNF98_4	sgMYSM1_1	NA	NA	NA	NA
sgZNF98_5	sgMZF1_4	NA	NA	NA	NA
sgZNF99_4	sgMZT2A_2	NA	NA	NA	NA
sgZSCAN23_4	sgMZT2B_1	NA	NA	NA	NA
sgZSCAN5B_1	sgN4BP1_3	NA	NA	NA	NA
sgZSCAN5B_4	sgN6AMT1_1	NA	NA	NA	NA
sgZXDB_1	sgNAA11_4	NA	NA	NA	NA
sgZXDB_2	sgNAA16_4	NA	NA	NA	NA
NA	sgNAA20_4	NA	NA	NA	NA
NA	sgNAA38_1	NA	NA	NA	NA
NA	sgNAA40_2	NA	NA	NA	NA
NA	sgNAA50_1	NA	NA	NA	NA
NA	sgNAB1_2	NA	NA	NA	NA
NA	sgNAB1_3	NA	NA	NA	NA
NA	sgNAB2_5	NA	NA	NA	NA
NA	sgNABP2_1	NA	NA	NA	NA
NA	sgNABP2_4	NA	NA	NA	NA
NA	sgNACAD_5	NA	NA	NA	NA
NA	sgNACA_4	NA	NA	NA	NA
NA	sgNAE1_4	NA	NA	NA	NA
NA	sgNAGA_2	NA	NA	NA	NA
NA	sgNAMPT_1	NA	NA	NA	NA
NA	sgNANOGNB_1	NA	NA	NA	NA
NA	sgNANOGNB_2	NA	NA	NA	NA
NA	sgNANOGNB_5	NA	NA	NA	NA
NA	sgNANOG_1	NA	NA	NA	NA
NA	sgNANOG_2	NA	NA	NA	NA
NA	sgNANOS2_3	NA	NA	NA	NA
NA	sgNANP_1	NA	NA	NA	NA
NA	sgNANP_2	NA	NA	NA	NA
NA	sgNANP_5	NA	NA	NA	NA
NA	sgNANS_2	NA	NA	NA	NA
NA	sgNAP1L1_5	NA	NA	NA	NA
NA	sgNAP1L4_2	NA	NA	NA	NA
NA	sgNAP1L4_3	NA	NA	NA	NA
NA	sgNAP1L4_4	NA	NA	NA	NA
NA	sgNAP1L5_4	NA	NA	NA	NA
NA	sgNAPB_1	NA	NA	NA	NA
NA	sgNAPSA_5	NA	NA	NA	NA
NA	sgNARG2_1	NA	NA	NA	NA
NA	sgNARS_1	NA	NA	NA	NA
NA	sgNARS_4	NA	NA	NA	NA
NA	sgNASP_3	NA	NA	NA	NA
NA	sgNASP_4	NA	NA	NA	NA
NA	sgNAT2_5	NA	NA	NA	NA
NA	sgNAT6_4	NA	NA	NA	NA
NA	sgNAT8_1	NA	NA	NA	NA
NA	sgNBPF3_6	NA	NA	NA	NA
NA	sgNCAPD3_5	NA	NA	NA	NA
NA	sgNCAPG_3	NA	NA	NA	NA
NA	sgNCAPG_4	NA	NA	NA	NA
NA	sgNCAPG_5	NA	NA	NA	NA
NA	sgNCEH1_2	NA	NA	NA	NA
NA	sgNCEH1_4	NA	NA	NA	NA
NA	sgNCKAP5_5	NA	NA	NA	NA
NA	sgNCL_3	NA	NA	NA	NA
NA	sgNCMAP_2	NA	NA	NA	NA
NA	sgNCMAP_3	NA	NA	NA	NA
NA	sgNCOA4_2	NA	NA	NA	NA
NA	sgNCOA4_5	NA	NA	NA	NA
NA	sgNCR1_4	NA	NA	NA	NA
NA	sgNCR1_5	NA	NA	NA	NA
NA	sgNDEL1_1	NA	NA	NA	NA
NA	sgNDRG2_4	NA	NA	NA	NA
NA	sgNDUFA10_5	NA	NA	NA	NA
NA	sgNDUFA2_4	NA	NA	NA	NA
NA	sgNDUFA4_2	NA	NA	NA	NA
NA	sgNDUFA5_1	NA	NA	NA	NA
NA	sgNDUFA5_3	NA	NA	NA	NA
NA	sgNDUFA6_4	NA	NA	NA	NA
NA	sgNDUFA8_5	NA	NA	NA	NA
NA	sgNDUFA9_5	NA	NA	NA	NA
NA	sgNDUFAB1_5	NA	NA	NA	NA
NA	sgNDUFAF4_2	NA	NA	NA	NA
NA	sgNDUFB1_1	NA	NA	NA	NA
NA	sgNDUFB1_4	NA	NA	NA	NA
NA	sgNDUFB1_5	NA	NA	NA	NA
NA	sgNDUFB2_4	NA	NA	NA	NA
NA	sgNDUFB3_1	NA	NA	NA	NA
NA	sgNDUFB3_2	NA	NA	NA	NA
NA	sgNDUFB3_5	NA	NA	NA	NA
NA	sgNDUFB4_5	NA	NA	NA	NA
NA	sgNDUFB5_4	NA	NA	NA	NA
NA	sgNDUFB7_3	NA	NA	NA	NA
NA	sgNDUFB8_2	NA	NA	NA	NA
NA	sgNDUFB8_3	NA	NA	NA	NA
NA	sgNDUFS3_2	NA	NA	NA	NA
NA	sgNDUFS4_4	NA	NA	NA	NA
NA	sgNDUFV2_5	NA	NA	NA	NA
NA	sgNDUFV3_2	NA	NA	NA	NA
NA	sgNEBL_10	NA	NA	NA	NA
NA	sgNECAP1_3	NA	NA	NA	NA
NA	sgNEDD8_2	NA	NA	NA	NA
NA	sgNEDD9_4	NA	NA	NA	NA
NA	sgNEIL2_2	NA	NA	NA	NA
NA	sgNEIL2_5	NA	NA	NA	NA
NA	sgNEK7_4	NA	NA	NA	NA
NA	sgNELFCD_1	NA	NA	NA	NA
NA	sgNELFE_1	NA	NA	NA	NA
NA	sgNEMF_2	NA	NA	NA	NA
NA	sgNENF_3	NA	NA	NA	NA
NA	sgNENF_4	NA	NA	NA	NA
NA	sgNETO2_1	NA	NA	NA	NA
NA	sgNEU3_1	NA	NA	NA	NA
NA	sgNEURL2_5	NA	NA	NA	NA
NA	sgNEUROD2_5	NA	NA	NA	NA
NA	sgNFATC1_8	NA	NA	NA	NA
NA	sgNFE2_1	NA	NA	NA	NA
NA	sgNFIL3_4	NA	NA	NA	NA
NA	sgNFKB2_4	NA	NA	NA	NA
NA	sgNFKBID_4	NA	NA	NA	NA
NA	sgNFU1_4	NA	NA	NA	NA
NA	sgNFU1_5	NA	NA	NA	NA
NA	sgNFU1_6	NA	NA	NA	NA
NA	sgNFXL1_4	NA	NA	NA	NA
NA	sgNFYB_1	NA	NA	NA	NA
NA	sgNFYB_3	NA	NA	NA	NA
NA	sgNGEF_4	NA	NA	NA	NA
NA	sgNGFRAP1_3	NA	NA	NA	NA
NA	sgNGFRAP1_5	NA	NA	NA	NA
NA	sgNGF_4	NA	NA	NA	NA
NA	sgNGRN_3	NA	NA	NA	NA
NA	sgNHLRC4_5	NA	NA	NA	NA
NA	sgNHP2L1_3	NA	NA	NA	NA
NA	sgNHP2_4	NA	NA	NA	NA
NA	sgNHP2_6	NA	NA	NA	NA
NA	sgNIF3L1_2	NA	NA	NA	NA
NA	sgNIF3L1_3	NA	NA	NA	NA
NA	sgNIF3L1_5	NA	NA	NA	NA
NA	sgNIFK_2	NA	NA	NA	NA
NA	sgNIFK_3	NA	NA	NA	NA
NA	sgNIP7_3	NA	NA	NA	NA
NA	sgNIPAL1_3	NA	NA	NA	NA
NA	sgNIPAL1_4	NA	NA	NA	NA
NA	sgNIPSNAP1_4	NA	NA	NA	NA
NA	sgNIPSNAP3A_1	NA	NA	NA	NA
NA	sgNIPSNAP3A_5	NA	NA	NA	NA
NA	sgNIT1_5	NA	NA	NA	NA
NA	sgNKD2_4	NA	NA	NA	NA
NA	sgNKX2-3_1	NA	NA	NA	NA
NA	sgNKX2-5_4	NA	NA	NA	NA
NA	sgNKX3-2_3	NA	NA	NA	NA
NA	sgNKX6-3_3	NA	NA	NA	NA
NA	sgNLE1_4	NA	NA	NA	NA
NA	sgNLGN2_4	NA	NA	NA	NA
NA	sgNLGN4Y_1	NA	NA	NA	NA
NA	sgNLGN4Y_10	NA	NA	NA	NA
NA	sgNLGN4Y_2	NA	NA	NA	NA
NA	sgNLGN4Y_3	NA	NA	NA	NA
NA	sgNLGN4Y_5	NA	NA	NA	NA
NA	sgNLRC5_1	NA	NA	NA	NA
NA	sgNLRP14_1	NA	NA	NA	NA
NA	sgNLRP4_1	NA	NA	NA	NA
NA	sgNMD3_4	NA	NA	NA	NA
NA	sgNME1-NME2_2	NA	NA	NA	NA
NA	sgNME5_2	NA	NA	NA	NA
NA	sgNME5_5	NA	NA	NA	NA
NA	sgNME7_3	NA	NA	NA	NA
NA	sgNMNAT1_4	NA	NA	NA	NA
NA	sgNMRAL1_3	NA	NA	NA	NA
NA	sgNMT2_1	NA	NA	NA	NA
NA	sgNMU_2	NA	NA	NA	NA
NA	sgNOB1_1	NA	NA	NA	NA
NA	sgNOB1_2	NA	NA	NA	NA
NA	sgNOB1_4	NA	NA	NA	NA
NA	sgNOD2_3	NA	NA	NA	NA
NA	sgNOL4_1	NA	NA	NA	NA
NA	sgNOL4_5	NA	NA	NA	NA
NA	sgNOL9_4	NA	NA	NA	NA
NA	sgNOLC1_3	NA	NA	NA	NA
NA	sgNOLC1_5	NA	NA	NA	NA
NA	sgNOMO2_1	NA	NA	NA	NA
NA	sgNOMO2_4	NA	NA	NA	NA
NA	sgNONO_1	NA	NA	NA	NA
NA	sgNONO_3	NA	NA	NA	NA
NA	sgNOP10_2	NA	NA	NA	NA
NA	sgNOP56_3	NA	NA	NA	NA
NA	sgNOP58_5	NA	NA	NA	NA
NA	sgNOS1AP_1	NA	NA	NA	NA
NA	sgNOTUM_2	NA	NA	NA	NA
NA	sgNOVA1_2	NA	NA	NA	NA
NA	sgNOV_5	NA	NA	NA	NA
NA	sgNOX1_5	NA	NA	NA	NA
NA	sgNOXA1_3	NA	NA	NA	NA
NA	sgNOXO1_1	NA	NA	NA	NA
NA	sgNOXRED1_3	NA	NA	NA	NA
NA	sgNPAP1_3	NA	NA	NA	NA
NA	sgNPB_3	NA	NA	NA	NA
NA	sgNPC2_3	NA	NA	NA	NA
NA	sgNPEPL1_5	NA	NA	NA	NA
NA	sgNPHP1_3	NA	NA	NA	NA
NA	sgNPM3_5	NA	NA	NA	NA
NA	sgNPNT_5	NA	NA	NA	NA
NA	sgNPPB_2	NA	NA	NA	NA
NA	sgNPTXR_1	NA	NA	NA	NA
NA	sgNPW_5	NA	NA	NA	NA
NA	sgNPY5R_1	NA	NA	NA	NA
NA	sgNPY_4	NA	NA	NA	NA
NA	sgNPY_5	NA	NA	NA	NA
NA	sgNR1D2_1	NA	NA	NA	NA
NA	sgNR1I2_4	NA	NA	NA	NA
NA	sgNR3C1_1	NA	NA	NA	NA
NA	sgNR3C1_2	NA	NA	NA	NA
NA	sgNR3C1_3	NA	NA	NA	NA
NA	sgNR4A2_4	NA	NA	NA	NA
NA	sgNRF1_1	NA	NA	NA	NA
NA	sgNRIP3_2	NA	NA	NA	NA
NA	sgNRIP3_5	NA	NA	NA	NA
NA	sgNRM_1	NA	NA	NA	NA
NA	sgNRM_3	NA	NA	NA	NA
NA	sgNRSN1_1	NA	NA	NA	NA
NA	sgNRXN2_5	NA	NA	NA	NA
NA	sgNSA2_2	NA	NA	NA	NA
NA	sgNSA2_4	NA	NA	NA	NA
NA	sgNSDHL_1	NA	NA	NA	NA
NA	sgNSFL1C_4	NA	NA	NA	NA
NA	sgNSFL1C_5	NA	NA	NA	NA
NA	sgNSF_5	NA	NA	NA	NA
NA	sgNSMCE2_1	NA	NA	NA	NA
NA	sgNSRP1_2	NA	NA	NA	NA
NA	sgNSRP1_4	NA	NA	NA	NA
NA	sgNSRP1_5	NA	NA	NA	NA
NA	sgNSUN5_3	NA	NA	NA	NA
NA	sgNSUN6_3	NA	NA	NA	NA
NA	sgNT5C3A_5	NA	NA	NA	NA
NA	sgNT5DC1_1	NA	NA	NA	NA
NA	sgNT5M_4	NA	NA	NA	NA
NA	sgNTAN1_4	NA	NA	NA	NA
NA	sgNTF3_1	NA	NA	NA	NA
NA	sgNTF4_3	NA	NA	NA	NA
NA	sgNUBP1_1	NA	NA	NA	NA
NA	sgNUBP1_3	NA	NA	NA	NA
NA	sgNUCB2_1	NA	NA	NA	NA
NA	sgNUCB2_3	NA	NA	NA	NA
NA	sgNUDCD1_1	NA	NA	NA	NA
NA	sgNUDCD3_2	NA	NA	NA	NA
NA	sgNUDC_3	NA	NA	NA	NA
NA	sgNUDC_5	NA	NA	NA	NA
NA	sgNUDT11_2	NA	NA	NA	NA
NA	sgNUDT13_1	NA	NA	NA	NA
NA	sgNUDT13_5	NA	NA	NA	NA
NA	sgNUDT14_1	NA	NA	NA	NA
NA	sgNUDT14_4	NA	NA	NA	NA
NA	sgNUDT15_5	NA	NA	NA	NA
NA	sgNUDT16_7	NA	NA	NA	NA
NA	sgNUDT21_4	NA	NA	NA	NA
NA	sgNUDT6_2	NA	NA	NA	NA
NA	sgNUDT6_4	NA	NA	NA	NA
NA	sgNUDT8_4	NA	NA	NA	NA
NA	sgNUFIP1_3	NA	NA	NA	NA
NA	sgNUMB_1	NA	NA	NA	NA
NA	sgNUP153_2	NA	NA	NA	NA
NA	sgNUP35_5	NA	NA	NA	NA
NA	sgNUP37_2	NA	NA	NA	NA
NA	sgNUP50_1	NA	NA	NA	NA
NA	sgNUP50_2	NA	NA	NA	NA
NA	sgNUP88_2	NA	NA	NA	NA
NA	sgNUPL1_5	NA	NA	NA	NA
NA	sgNUPL2_4	NA	NA	NA	NA
NA	sgNUPL2_5	NA	NA	NA	NA
NA	sgNUPR1L_1	NA	NA	NA	NA
NA	sgNUPR1L_3	NA	NA	NA	NA
NA	sgNUPR1L_5	NA	NA	NA	NA
NA	sgNUPR1_1	NA	NA	NA	NA
NA	sgNUPR1_6	NA	NA	NA	NA
NA	sgNUSAP1_2	NA	NA	NA	NA
NA	sgNUTF2_3	NA	NA	NA	NA
NA	sgNUTF2_5	NA	NA	NA	NA
NA	sgNUTM2G_1	NA	NA	NA	NA
NA	sgNUTM2G_2	NA	NA	NA	NA
NA	sgNVL_3	NA	NA	NA	NA
NA	sgNXF3_3	NA	NA	NA	NA
NA	sgNXF5_1	NA	NA	NA	NA
NA	sgNXPE2_1	NA	NA	NA	NA
NA	sgNXPE4_3	NA	NA	NA	NA
NA	sgNXPH2_3	NA	NA	NA	NA
NA	sgNXT1_3	NA	NA	NA	NA
NA	sgNXT1_5	NA	NA	NA	NA
NA	sgOARD1_1	NA	NA	NA	NA
NA	sgOASL_2	NA	NA	NA	NA
NA	sgOAZ1_2	NA	NA	NA	NA
NA	sgOAZ1_4	NA	NA	NA	NA
NA	sgOAZ2_1	NA	NA	NA	NA
NA	sgOBFC1_2	NA	NA	NA	NA
NA	sgOBP2A_1	NA	NA	NA	NA
NA	sgOC90_3	NA	NA	NA	NA
NA	sgOCEL1_4	NA	NA	NA	NA
NA	sgOCIAD1_1	NA	NA	NA	NA
NA	sgOCIAD2_1	NA	NA	NA	NA
NA	sgOCLM_1	NA	NA	NA	NA
NA	sgOCLN_1	NA	NA	NA	NA
NA	sgOCM2_2	NA	NA	NA	NA
NA	sgOCM2_4	NA	NA	NA	NA
NA	sgOCM2_5	NA	NA	NA	NA
NA	sgOCM_1	NA	NA	NA	NA
NA	sgOCM_2	NA	NA	NA	NA
NA	sgOCM_3	NA	NA	NA	NA
NA	sgOCSTAMP_5	NA	NA	NA	NA
NA	sgODC1_1	NA	NA	NA	NA
NA	sgODC1_2	NA	NA	NA	NA
NA	sgODF2_2	NA	NA	NA	NA
NA	sgOGFOD2_5	NA	NA	NA	NA
NA	sgOGN_4	NA	NA	NA	NA
NA	sgOLA1_2	NA	NA	NA	NA
NA	sgOLFM3_4	NA	NA	NA	NA
NA	sgOLFML2A_1	NA	NA	NA	NA
NA	sgOLFML3_2	NA	NA	NA	NA
NA	sgOOEP_2	NA	NA	NA	NA
NA	sgOOEP_4	NA	NA	NA	NA
NA	sgOPA3_6	NA	NA	NA	NA
NA	sgOPN1LW_1	NA	NA	NA	NA
NA	sgOPTN_1	NA	NA	NA	NA
NA	sgORC1_3	NA	NA	NA	NA
NA	sgORC6_5	NA	NA	NA	NA
NA	sgORMDL1_5	NA	NA	NA	NA
NA	sgORMDL2_4	NA	NA	NA	NA
NA	sgORMDL3_1	NA	NA	NA	NA
NA	sgOSBP2_3	NA	NA	NA	NA
NA	sgOSBPL10_5	NA	NA	NA	NA
NA	sgOSBPL9_4	NA	NA	NA	NA
NA	sgOSBPL9_5	NA	NA	NA	NA
NA	sgOSCAR_2	NA	NA	NA	NA
NA	sgOSER1_1	NA	NA	NA	NA
NA	sgOSGEP_5	NA	NA	NA	NA
NA	sgOSGIN2_3	NA	NA	NA	NA
NA	sgOSTC_5	NA	NA	NA	NA
NA	sgOSTF1_4	NA	NA	NA	NA
NA	sgOSTF1_5	NA	NA	NA	NA
NA	sgOTOG_2	NA	NA	NA	NA
NA	sgOTOL1_3	NA	NA	NA	NA
NA	sgOTOL1_4	NA	NA	NA	NA
NA	sgOTOL1_5	NA	NA	NA	NA
NA	sgOTOP1_1	NA	NA	NA	NA
NA	sgOTOP1_3	NA	NA	NA	NA
NA	sgOTOP1_4	NA	NA	NA	NA
NA	sgOTOP3_2	NA	NA	NA	NA
NA	sgOTOR_1	NA	NA	NA	NA
NA	sgOTOR_2	NA	NA	NA	NA
NA	sgOTOR_3	NA	NA	NA	NA
NA	sgOTP_2	NA	NA	NA	NA
NA	sgOTUD4_3	NA	NA	NA	NA
NA	sgOTUD4_4	NA	NA	NA	NA
NA	sgOTUD4_6	NA	NA	NA	NA
NA	sgOTUD7A_5	NA	NA	NA	NA
NA	sgOXER1_1	NA	NA	NA	NA
NA	sgOXNAD1_3	NA	NA	NA	NA
NA	sgOXR1_12	NA	NA	NA	NA
NA	sgOXR1_6	NA	NA	NA	NA
NA	sgOXSM_3	NA	NA	NA	NA
NA	sgP2RX3_3	NA	NA	NA	NA
NA	sgP2RX6_4	NA	NA	NA	NA
NA	sgP2RY10_3	NA	NA	NA	NA
NA	sgP2RY12_4	NA	NA	NA	NA
NA	sgP2RY14_2	NA	NA	NA	NA
NA	sgPABPC1_5	NA	NA	NA	NA
NA	sgPABPC3_5	NA	NA	NA	NA
NA	sgPABPN1_1	NA	NA	NA	NA
NA	sgPAEP_2	NA	NA	NA	NA
NA	sgPAEP_3	NA	NA	NA	NA
NA	sgPAFAH1B1_3	NA	NA	NA	NA
NA	sgPAG1_1	NA	NA	NA	NA
NA	sgPAGE1_3	NA	NA	NA	NA
NA	sgPAGE2B_1	NA	NA	NA	NA
NA	sgPAGE2B_2	NA	NA	NA	NA
NA	sgPAGE5_1	NA	NA	NA	NA
NA	sgPAGE5_3	NA	NA	NA	NA
NA	sgPAH_3	NA	NA	NA	NA
NA	sgPAICS_1	NA	NA	NA	NA
NA	sgPAICS_3	NA	NA	NA	NA
NA	sgPAIP2_4	NA	NA	NA	NA
NA	sgPALM_2	NA	NA	NA	NA
NA	sgPAM16_3	NA	NA	NA	NA
NA	sgPAM_2	NA	NA	NA	NA
NA	sgPANK3_2	NA	NA	NA	NA
NA	sgPANK3_3	NA	NA	NA	NA
NA	sgPANK3_5	NA	NA	NA	NA
NA	sgPAPL_5	NA	NA	NA	NA
NA	sgPAPOLA_5	NA	NA	NA	NA
NA	sgPAPOLG_3	NA	NA	NA	NA
NA	sgPAQR8_5	NA	NA	NA	NA
NA	sgPARK7_1	NA	NA	NA	NA
NA	sgPARK7_2	NA	NA	NA	NA
NA	sgPARL_1	NA	NA	NA	NA
NA	sgPARL_2	NA	NA	NA	NA
NA	sgPARL_4	NA	NA	NA	NA
NA	sgPARL_5	NA	NA	NA	NA
NA	sgPARP16_2	NA	NA	NA	NA
NA	sgPARP1_1	NA	NA	NA	NA
NA	sgPARP1_3	NA	NA	NA	NA
NA	sgPARP1_4	NA	NA	NA	NA
NA	sgPARP3_1	NA	NA	NA	NA
NA	sgPATE1_1	NA	NA	NA	NA
NA	sgPATE2_3	NA	NA	NA	NA
NA	sgPAX3_5	NA	NA	NA	NA
NA	sgPAX4_3	NA	NA	NA	NA
NA	sgPAX5_6	NA	NA	NA	NA
NA	sgPBK_5	NA	NA	NA	NA
NA	sgPBLD_1	NA	NA	NA	NA
NA	sgPBLD_2	NA	NA	NA	NA
NA	sgPBLD_4	NA	NA	NA	NA
NA	sgPBOV1_3	NA	NA	NA	NA
NA	sgPBX2_2	NA	NA	NA	NA
NA	sgPBX4_5	NA	NA	NA	NA
NA	sgPCBD2_3	NA	NA	NA	NA
NA	sgPCBP3_1	NA	NA	NA	NA
NA	sgPCBP4_2	NA	NA	NA	NA
NA	sgPCDH11Y_1	NA	NA	NA	NA
NA	sgPCDH8_3	NA	NA	NA	NA
NA	sgPCDHA11_2	NA	NA	NA	NA
NA	sgPCDHA12_2	NA	NA	NA	NA
NA	sgPCDHB12_1	NA	NA	NA	NA
NA	sgPCDHB8_1	NA	NA	NA	NA
NA	sgPCDHGA7_4	NA	NA	NA	NA
NA	sgPCDHGA9_3	NA	NA	NA	NA
NA	sgPCDHGB7_2	NA	NA	NA	NA
NA	sgPCDP1_3	NA	NA	NA	NA
NA	sgPCGF6_4	NA	NA	NA	NA
NA	sgPCK1_3	NA	NA	NA	NA
NA	sgPCK1_4	NA	NA	NA	NA
NA	sgPCNA_2	NA	NA	NA	NA
NA	sgPCNA_4	NA	NA	NA	NA
NA	sgPCNP_1	NA	NA	NA	NA
NA	sgPCNP_2	NA	NA	NA	NA
NA	sgPCNP_4	NA	NA	NA	NA
NA	sgPCTP_6	NA	NA	NA	NA
NA	sgPDCD5_1	NA	NA	NA	NA
NA	sgPDCD6_1	NA	NA	NA	NA
NA	sgPDCD6_2	NA	NA	NA	NA
NA	sgPDCD6_5	NA	NA	NA	NA
NA	sgPDE4DIP_13	NA	NA	NA	NA
NA	sgPDE4DIP_2	NA	NA	NA	NA
NA	sgPDE4D_4	NA	NA	NA	NA
NA	sgPDE6C_5	NA	NA	NA	NA
NA	sgPDE6D_2	NA	NA	NA	NA
NA	sgPDIA2_2	NA	NA	NA	NA
NA	sgPDIK1L_2	NA	NA	NA	NA
NA	sgPDK1_3	NA	NA	NA	NA
NA	sgPDLIM1_1	NA	NA	NA	NA
NA	sgPDLIM1_3	NA	NA	NA	NA
NA	sgPDLIM1_4	NA	NA	NA	NA
NA	sgPDLIM3_4	NA	NA	NA	NA
NA	sgPDLIM5_12	NA	NA	NA	NA
NA	sgPDLIM7_4	NA	NA	NA	NA
NA	sgPDSS1_4	NA	NA	NA	NA
NA	sgPDSS1_5	NA	NA	NA	NA
NA	sgPDXDC1_5	NA	NA	NA	NA
NA	sgPDZD11_3	NA	NA	NA	NA
NA	sgPDZD11_4	NA	NA	NA	NA
NA	sgPDZRN3_3	NA	NA	NA	NA
NA	sgPEA15_1	NA	NA	NA	NA
NA	sgPEA15_3	NA	NA	NA	NA
NA	sgPEBP1_2	NA	NA	NA	NA
NA	sgPEBP4_3	NA	NA	NA	NA
NA	sgPEF1_2	NA	NA	NA	NA
NA	sgPET100_1	NA	NA	NA	NA
NA	sgPET100_2	NA	NA	NA	NA
NA	sgPEX11A_1	NA	NA	NA	NA
NA	sgPEX12_5	NA	NA	NA	NA
NA	sgPEX19_1	NA	NA	NA	NA
NA	sgPEX3_2	NA	NA	NA	NA
NA	sgPEX3_4	NA	NA	NA	NA
NA	sgPEX5_2	NA	NA	NA	NA
NA	sgPEX5_5	NA	NA	NA	NA
NA	sgPFDN1_1	NA	NA	NA	NA
NA	sgPFDN4_2	NA	NA	NA	NA
NA	sgPFDN4_4	NA	NA	NA	NA
NA	sgPFDN5_4	NA	NA	NA	NA
NA	sgPFDN5_8	NA	NA	NA	NA
NA	sgPFDN6_2	NA	NA	NA	NA
NA	sgPFKFB4_2	NA	NA	NA	NA
NA	sgPFKP_5	NA	NA	NA	NA
NA	sgPFN1_5	NA	NA	NA	NA
NA	sgPGAM4_1	NA	NA	NA	NA
NA	sgPGBD3_2	NA	NA	NA	NA
NA	sgPGBD3_5	NA	NA	NA	NA
NA	sgPGC_3	NA	NA	NA	NA
NA	sgPGD_2	NA	NA	NA	NA
NA	sgPGK1_3	NA	NA	NA	NA
NA	sgPGLYRP3_4	NA	NA	NA	NA
NA	sgPHAX_4	NA	NA	NA	NA
NA	sgPHAX_5	NA	NA	NA	NA
NA	sgPHB_2	NA	NA	NA	NA
NA	sgPHB_4	NA	NA	NA	NA
NA	sgPHF10_4	NA	NA	NA	NA
NA	sgPHF10_5	NA	NA	NA	NA
NA	sgPHF11_1	NA	NA	NA	NA
NA	sgPHF11_4	NA	NA	NA	NA
NA	sgPHF14_5	NA	NA	NA	NA
NA	sgPHF5A_4	NA	NA	NA	NA
NA	sgPHF5A_5	NA	NA	NA	NA
NA	sgPHKG1_1	NA	NA	NA	NA
NA	sgPHLDB2_5	NA	NA	NA	NA
NA	sgPHLPP2_3	NA	NA	NA	NA
NA	sgPHLPP2_4	NA	NA	NA	NA
NA	sgPHLPP2_5	NA	NA	NA	NA
NA	sgPHOSPHO1_5	NA	NA	NA	NA
NA	sgPHOSPHO2_4	NA	NA	NA	NA
NA	sgPHOSPHO2_5	NA	NA	NA	NA
NA	sgPHYHIP_1	NA	NA	NA	NA
NA	sgPI3_2	NA	NA	NA	NA
NA	sgPI4K2B_1	NA	NA	NA	NA
NA	sgPI4K2B_5	NA	NA	NA	NA
NA	sgPI4KA_1	NA	NA	NA	NA
NA	sgPIANP_3	NA	NA	NA	NA
NA	sgPICALM_1	NA	NA	NA	NA
NA	sgPIGA_1	NA	NA	NA	NA
NA	sgPIGC_3	NA	NA	NA	NA
NA	sgPIGF_2	NA	NA	NA	NA
NA	sgPIGF_5	NA	NA	NA	NA
NA	sgPIGH_4	NA	NA	NA	NA
NA	sgPIGP_2	NA	NA	NA	NA
NA	sgPIGU_2	NA	NA	NA	NA
NA	sgPIGY_3	NA	NA	NA	NA
NA	sgPIGY_4	NA	NA	NA	NA
NA	sgPIGZ_1	NA	NA	NA	NA
NA	sgPIH1D2_5	NA	NA	NA	NA
NA	sgPIK3C2A_4	NA	NA	NA	NA
NA	sgPIK3R5_2	NA	NA	NA	NA
NA	sgPILRA_8	NA	NA	NA	NA
NA	sgPIP5K1A_3	NA	NA	NA	NA
NA	sgPIP5K1A_5	NA	NA	NA	NA
NA	sgPITPNB_3	NA	NA	NA	NA
NA	sgPITPNM3_5	NA	NA	NA	NA
NA	sgPITRM1_5	NA	NA	NA	NA
NA	sgPITX3_5	NA	NA	NA	NA
NA	sgPJA2_3	NA	NA	NA	NA
NA	sgPKD1_2	NA	NA	NA	NA
NA	sgPKIB_2	NA	NA	NA	NA
NA	sgPKM_1	NA	NA	NA	NA
NA	sgPKP2_2	NA	NA	NA	NA
NA	sgPKP2_4	NA	NA	NA	NA
NA	sgPLA2G15_2	NA	NA	NA	NA
NA	sgPLA2G3_1	NA	NA	NA	NA
NA	sgPLA2G4E_2	NA	NA	NA	NA
NA	sgPLA2G4E_4	NA	NA	NA	NA
NA	sgPLA2G4F_1	NA	NA	NA	NA
NA	sgPLA2G7_3	NA	NA	NA	NA
NA	sgPLAC8_2	NA	NA	NA	NA
NA	sgPLAC8_5	NA	NA	NA	NA
NA	sgPLAC9_2	NA	NA	NA	NA
NA	sgPLAC9_5	NA	NA	NA	NA
NA	sgPLAGL2_1	NA	NA	NA	NA
NA	sgPLAGL2_2	NA	NA	NA	NA
NA	sgPLAGL2_3	NA	NA	NA	NA
NA	sgPLAGL2_4	NA	NA	NA	NA
NA	sgPLAGL2_5	NA	NA	NA	NA
NA	sgPLCD4_4	NA	NA	NA	NA
NA	sgPLCG2_2	NA	NA	NA	NA
NA	sgPLD5_4	NA	NA	NA	NA
NA	sgPLEKHA3_3	NA	NA	NA	NA
NA	sgPLEKHA3_4	NA	NA	NA	NA
NA	sgPLEKHD1_4	NA	NA	NA	NA
NA	sgPLEKHM1_2	NA	NA	NA	NA
NA	sgPLGRKT_1	NA	NA	NA	NA
NA	sgPLG_2	NA	NA	NA	NA
NA	sgPLIN2_1	NA	NA	NA	NA
NA	sgPLIN2_3	NA	NA	NA	NA
NA	sgPLK1_2	NA	NA	NA	NA
NA	sgPLK1_4	NA	NA	NA	NA
NA	sgPLLP_4	NA	NA	NA	NA
NA	sgPLP2_5	NA	NA	NA	NA
NA	sgPLXDC1_4	NA	NA	NA	NA
NA	sgPLXNA4_3	NA	NA	NA	NA
NA	sgPMCH_3	NA	NA	NA	NA
NA	sgPMCH_4	NA	NA	NA	NA
NA	sgPMCH_5	NA	NA	NA	NA
NA	sgPMEPA1_2	NA	NA	NA	NA
NA	sgPMM1_1	NA	NA	NA	NA
NA	sgPMM2_2	NA	NA	NA	NA
NA	sgPMM2_5	NA	NA	NA	NA
NA	sgPMPCA_3	NA	NA	NA	NA
NA	sgPMPCB_4	NA	NA	NA	NA
NA	sgPMS1_4	NA	NA	NA	NA
NA	sgPNMA2_2	NA	NA	NA	NA
NA	sgPNMA3_1	NA	NA	NA	NA
NA	sgPNMA3_5	NA	NA	NA	NA
NA	sgPNN_2	NA	NA	NA	NA
NA	sgPNRC2_2	NA	NA	NA	NA
NA	sgPNRC2_3	NA	NA	NA	NA
NA	sgPNRC2_4	NA	NA	NA	NA
NA	sgPODXL_2	NA	NA	NA	NA
NA	sgPOFUT2_3	NA	NA	NA	NA
NA	sgPOGLUT1_3	NA	NA	NA	NA
NA	sgPOLA2_5	NA	NA	NA	NA
NA	sgPOLD2_2	NA	NA	NA	NA
NA	sgPOLD4_3	NA	NA	NA	NA
NA	sgPOLE2_1	NA	NA	NA	NA
NA	sgPOLH_3	NA	NA	NA	NA
NA	sgPOLI_5	NA	NA	NA	NA
NA	sgPOLM_2	NA	NA	NA	NA
NA	sgPOLM_4	NA	NA	NA	NA
NA	sgPOLR1B_1	NA	NA	NA	NA
NA	sgPOLR2C_3	NA	NA	NA	NA
NA	sgPOLR2D_1	NA	NA	NA	NA
NA	sgPOLR2D_4	NA	NA	NA	NA
NA	sgPOLR2E_2	NA	NA	NA	NA
NA	sgPOLR2E_3	NA	NA	NA	NA
NA	sgPOLR2E_4	NA	NA	NA	NA
NA	sgPOLR2F_5	NA	NA	NA	NA
NA	sgPOLR2I_2	NA	NA	NA	NA
NA	sgPOLR2M_3	NA	NA	NA	NA
NA	sgPOLR2M_4	NA	NA	NA	NA
NA	sgPOLR3D_2	NA	NA	NA	NA
NA	sgPOLR3F_4	NA	NA	NA	NA
NA	sgPOLR3G_5	NA	NA	NA	NA
NA	sgPOLR3K_3	NA	NA	NA	NA
NA	sgPOLRMT_2	NA	NA	NA	NA
NA	sgPOLRMT_4	NA	NA	NA	NA
NA	sgPOM121C_5	NA	NA	NA	NA
NA	sgPOM121L12_1	NA	NA	NA	NA
NA	sgPOM121L12_3	NA	NA	NA	NA
NA	sgPOM121_1	NA	NA	NA	NA
NA	sgPOM121_3	NA	NA	NA	NA
NA	sgPOMP_2	NA	NA	NA	NA
NA	sgPOMT1_4	NA	NA	NA	NA
NA	sgPOMZP3_5	NA	NA	NA	NA
NA	sgPOP4_3	NA	NA	NA	NA
NA	sgPOPDC2_1	NA	NA	NA	NA
NA	sgPOPDC2_4	NA	NA	NA	NA
NA	sgPOTED_2	NA	NA	NA	NA
NA	sgPOTED_3	NA	NA	NA	NA
NA	sgPOTED_4	NA	NA	NA	NA
NA	sgPOTEI_2	NA	NA	NA	NA
NA	sgPOU2F1_1	NA	NA	NA	NA
NA	sgPOU2F1_3	NA	NA	NA	NA
NA	sgPOU2F3_4	NA	NA	NA	NA
NA	sgPOU5F1B_1	NA	NA	NA	NA
NA	sgPOU5F1B_4	NA	NA	NA	NA
NA	sgPOU5F1_4	NA	NA	NA	NA
NA	sgPPAPDC1B_3	NA	NA	NA	NA
NA	sgPPAPDC3_5	NA	NA	NA	NA
NA	sgPPARD_5	NA	NA	NA	NA
NA	sgPPAT_1	NA	NA	NA	NA
NA	sgPPAT_5	NA	NA	NA	NA
NA	sgPPCS_8	NA	NA	NA	NA
NA	sgPPDPF_4	NA	NA	NA	NA
NA	sgPPEF1_3	NA	NA	NA	NA
NA	sgPPEF2_5	NA	NA	NA	NA
NA	sgPPFIBP1_5	NA	NA	NA	NA
NA	sgPPIAL4G_1	NA	NA	NA	NA
NA	sgPPIB_5	NA	NA	NA	NA
NA	sgPPID_1	NA	NA	NA	NA
NA	sgPPIF_5	NA	NA	NA	NA
NA	sgPPIG_1	NA	NA	NA	NA
NA	sgPPIH_3	NA	NA	NA	NA
NA	sgPPIL1_1	NA	NA	NA	NA
NA	sgPPIL1_3	NA	NA	NA	NA
NA	sgPPIL1_4	NA	NA	NA	NA
NA	sgPPIL2_3	NA	NA	NA	NA
NA	sgPPIL4_3	NA	NA	NA	NA
NA	sgPPM1A_5	NA	NA	NA	NA
NA	sgPPM1F_4	NA	NA	NA	NA
NA	sgPPP1R11_1	NA	NA	NA	NA
NA	sgPPP1R12A_1	NA	NA	NA	NA
NA	sgPPP1R12B_11	NA	NA	NA	NA
NA	sgPPP1R12B_6	NA	NA	NA	NA
NA	sgPPP1R13B_1	NA	NA	NA	NA
NA	sgPPP1R14A_3	NA	NA	NA	NA
NA	sgPPP1R14B_4	NA	NA	NA	NA
NA	sgPPP1R14B_5	NA	NA	NA	NA
NA	sgPPP1R14D_4	NA	NA	NA	NA
NA	sgPPP1R17_3	NA	NA	NA	NA
NA	sgPPP1R1A_2	NA	NA	NA	NA
NA	sgPPP1R21_1	NA	NA	NA	NA
NA	sgPPP1R26_1	NA	NA	NA	NA
NA	sgPPP1R27_1	NA	NA	NA	NA
NA	sgPPP1R2_5	NA	NA	NA	NA
NA	sgPPP1R32_1	NA	NA	NA	NA
NA	sgPPP1R36_5	NA	NA	NA	NA
NA	sgPPP1R3A_5	NA	NA	NA	NA
NA	sgPPP1R42_1	NA	NA	NA	NA
NA	sgPPP1R8_11	NA	NA	NA	NA
NA	sgPPP1R8_14	NA	NA	NA	NA
NA	sgPPP1R8_9	NA	NA	NA	NA
NA	sgPPP2CA_3	NA	NA	NA	NA
NA	sgPPP2CB_4	NA	NA	NA	NA
NA	sgPPP2R1B_4	NA	NA	NA	NA
NA	sgPPP2R2A_4	NA	NA	NA	NA
NA	sgPPP2R5C_3	NA	NA	NA	NA
NA	sgPPP2R5C_4	NA	NA	NA	NA
NA	sgPPP2R5E_1	NA	NA	NA	NA
NA	sgPPP2R5E_5	NA	NA	NA	NA
NA	sgPPP4R2_2	NA	NA	NA	NA
NA	sgPPY_4	NA	NA	NA	NA
NA	sgPPY_5	NA	NA	NA	NA
NA	sgPQBP1_4	NA	NA	NA	NA
NA	sgPRAC1_1	NA	NA	NA	NA
NA	sgPRADC1_2	NA	NA	NA	NA
NA	sgPRADC1_4	NA	NA	NA	NA
NA	sgPRAMEF12_1	NA	NA	NA	NA
NA	sgPRAMEF18_2	NA	NA	NA	NA
NA	sgPRAMEF18_3	NA	NA	NA	NA
NA	sgPRAMEF1_1	NA	NA	NA	NA
NA	sgPRAMEF22_2	NA	NA	NA	NA
NA	sgPRAME_2	NA	NA	NA	NA
NA	sgPRAME_4	NA	NA	NA	NA
NA	sgPRB1_3	NA	NA	NA	NA
NA	sgPRB4_2	NA	NA	NA	NA
NA	sgPRCP_2	NA	NA	NA	NA
NA	sgPRDM5_4	NA	NA	NA	NA
NA	sgPRDM7_2	NA	NA	NA	NA
NA	sgPRDM9_4	NA	NA	NA	NA
NA	sgPRDX1_3	NA	NA	NA	NA
NA	sgPRDX2_2	NA	NA	NA	NA
NA	sgPRDX2_5	NA	NA	NA	NA
NA	sgPRDX5_1	NA	NA	NA	NA
NA	sgPRDX5_5	NA	NA	NA	NA
NA	sgPRDX5_6	NA	NA	NA	NA
NA	sgPRDX5_7	NA	NA	NA	NA
NA	sgPRDX6_3	NA	NA	NA	NA
NA	sgPRDX6_4	NA	NA	NA	NA
NA	sgPRELID1_1	NA	NA	NA	NA
NA	sgPRELID1_2	NA	NA	NA	NA
NA	sgPRELID1_3	NA	NA	NA	NA
NA	sgPRG4_5	NA	NA	NA	NA
NA	sgPRH2_2	NA	NA	NA	NA
NA	sgPRIM1_1	NA	NA	NA	NA
NA	sgPRIM1_4	NA	NA	NA	NA
NA	sgPRIMA1_2	NA	NA	NA	NA
NA	sgPRIMPOL_5	NA	NA	NA	NA
NA	sgPRKAA1_4	NA	NA	NA	NA
NA	sgPRKAB1_3	NA	NA	NA	NA
NA	sgPRKACA_4	NA	NA	NA	NA
NA	sgPRKACB_1	NA	NA	NA	NA
NA	sgPRKAG2_4	NA	NA	NA	NA
NA	sgPRKCI_4	NA	NA	NA	NA
NA	sgPRKCI_5	NA	NA	NA	NA
NA	sgPRKD1_3	NA	NA	NA	NA
NA	sgPRKD3_5	NA	NA	NA	NA
NA	sgPRKRA_3	NA	NA	NA	NA
NA	sgPRKRIR_2	NA	NA	NA	NA
NA	sgPRKX_5	NA	NA	NA	NA
NA	sgPRM2_5	NA	NA	NA	NA
NA	sgPRMT1_4	NA	NA	NA	NA
NA	sgPROC_3	NA	NA	NA	NA
NA	sgPRODH_1	NA	NA	NA	NA
NA	sgPRODH_4	NA	NA	NA	NA
NA	sgPROK1_3	NA	NA	NA	NA
NA	sgPROK2_2	NA	NA	NA	NA
NA	sgPROP1_5	NA	NA	NA	NA
NA	sgPROS1_1	NA	NA	NA	NA
NA	sgPROS1_3	NA	NA	NA	NA
NA	sgPROS1_5	NA	NA	NA	NA
NA	sgPRPF38A_1	NA	NA	NA	NA
NA	sgPRPF38A_3	NA	NA	NA	NA
NA	sgPRPF38A_4	NA	NA	NA	NA
NA	sgPRPF3_3	NA	NA	NA	NA
NA	sgPRPF3_5	NA	NA	NA	NA
NA	sgPRPF4B_2	NA	NA	NA	NA
NA	sgPRR13_5	NA	NA	NA	NA
NA	sgPRR15_1	NA	NA	NA	NA
NA	sgPRR21_1	NA	NA	NA	NA
NA	sgPRR21_2	NA	NA	NA	NA
NA	sgPRR23A_1	NA	NA	NA	NA
NA	sgPRR23A_3	NA	NA	NA	NA
NA	sgPRR23B_2	NA	NA	NA	NA
NA	sgPRR23C_4	NA	NA	NA	NA
NA	sgPRR24_5	NA	NA	NA	NA
NA	sgPRR3_2	NA	NA	NA	NA
NA	sgPRR4_4	NA	NA	NA	NA
NA	sgPRR5L_1	NA	NA	NA	NA
NA	sgPRRC2B_2	NA	NA	NA	NA
NA	sgPRRT2_2	NA	NA	NA	NA
NA	sgPRRT4_5	NA	NA	NA	NA
NA	sgPRSS21_2	NA	NA	NA	NA
NA	sgPRSS22_3	NA	NA	NA	NA
NA	sgPRSS23_1	NA	NA	NA	NA
NA	sgPRSS27_5	NA	NA	NA	NA
NA	sgPRSS37_2	NA	NA	NA	NA
NA	sgPRSS3_5	NA	NA	NA	NA
NA	sgPRSS45_3	NA	NA	NA	NA
NA	sgPRSS55_1	NA	NA	NA	NA
NA	sgPRSS55_3	NA	NA	NA	NA
NA	sgPRTN3_4	NA	NA	NA	NA
NA	sgPRUNE_3	NA	NA	NA	NA
NA	sgPSAPL1_2	NA	NA	NA	NA
NA	sgPSAP_5	NA	NA	NA	NA
NA	sgPSAT1_1	NA	NA	NA	NA
NA	sgPSAT1_2	NA	NA	NA	NA
NA	sgPSAT1_3	NA	NA	NA	NA
NA	sgPSENEN_3	NA	NA	NA	NA
NA	sgPSG11_3	NA	NA	NA	NA
NA	sgPSG1_2	NA	NA	NA	NA
NA	sgPSG1_3	NA	NA	NA	NA
NA	sgPSG1_4	NA	NA	NA	NA
NA	sgPSG3_1	NA	NA	NA	NA
NA	sgPSG3_2	NA	NA	NA	NA
NA	sgPSG4_1	NA	NA	NA	NA
NA	sgPSG4_2	NA	NA	NA	NA
NA	sgPSG4_3	NA	NA	NA	NA
NA	sgPSG5_1	NA	NA	NA	NA
NA	sgPSG5_2	NA	NA	NA	NA
NA	sgPSG5_3	NA	NA	NA	NA
NA	sgPSG6_2	NA	NA	NA	NA
NA	sgPSG6_3	NA	NA	NA	NA
NA	sgPSG8_2	NA	NA	NA	NA
NA	sgPSG9_1	NA	NA	NA	NA
NA	sgPSG9_2	NA	NA	NA	NA
NA	sgPSG9_5	NA	NA	NA	NA
NA	sgPSMA2_3	NA	NA	NA	NA
NA	sgPSMA2_4	NA	NA	NA	NA
NA	sgPSMA3_3	NA	NA	NA	NA
NA	sgPSMA4_1	NA	NA	NA	NA
NA	sgPSMA5_4	NA	NA	NA	NA
NA	sgPSMA6_1	NA	NA	NA	NA
NA	sgPSMA6_2	NA	NA	NA	NA
NA	sgPSMA6_4	NA	NA	NA	NA
NA	sgPSMA6_5	NA	NA	NA	NA
NA	sgPSMB11_2	NA	NA	NA	NA
NA	sgPSMB3_1	NA	NA	NA	NA
NA	sgPSMB3_3	NA	NA	NA	NA
NA	sgPSMB5_4	NA	NA	NA	NA
NA	sgPSMC1_2	NA	NA	NA	NA
NA	sgPSMC3_1	NA	NA	NA	NA
NA	sgPSMC3_2	NA	NA	NA	NA
NA	sgPSMC5_5	NA	NA	NA	NA
NA	sgPSMD10_4	NA	NA	NA	NA
NA	sgPSMD11_3	NA	NA	NA	NA
NA	sgPSMD12_3	NA	NA	NA	NA
NA	sgPSMD12_4	NA	NA	NA	NA
NA	sgPSMD12_5	NA	NA	NA	NA
NA	sgPSMD13_3	NA	NA	NA	NA
NA	sgPSMD2_2	NA	NA	NA	NA
NA	sgPSMD2_4	NA	NA	NA	NA
NA	sgPSMD2_5	NA	NA	NA	NA
NA	sgPSMD4_4	NA	NA	NA	NA
NA	sgPSMD7_3	NA	NA	NA	NA
NA	sgPSME2_2	NA	NA	NA	NA
NA	sgPSMF1_1	NA	NA	NA	NA
NA	sgPSMG4_2	NA	NA	NA	NA
NA	sgPSORS1C1_5	NA	NA	NA	NA
NA	sgPSORS1C2_4	NA	NA	NA	NA
NA	sgPSPH_4	NA	NA	NA	NA
NA	sgPSTPIP2_3	NA	NA	NA	NA
NA	sgPTBP1_3	NA	NA	NA	NA
NA	sgPTBP1_4	NA	NA	NA	NA
NA	sgPTCD2_5	NA	NA	NA	NA
NA	sgPTCD3_4	NA	NA	NA	NA
NA	sgPTCD3_5	NA	NA	NA	NA
NA	sgPTCHD3_1	NA	NA	NA	NA
NA	sgPTCHD3_3	NA	NA	NA	NA
NA	sgPTCHD3_5	NA	NA	NA	NA
NA	sgPTCHD4_4	NA	NA	NA	NA
NA	sgPTCHD4_5	NA	NA	NA	NA
NA	sgPTGDR2_4	NA	NA	NA	NA
NA	sgPTGES3_2	NA	NA	NA	NA
NA	sgPTGES3_3	NA	NA	NA	NA
NA	sgPTGR1_4	NA	NA	NA	NA
NA	sgPTH2_2	NA	NA	NA	NA
NA	sgPTHLH_4	NA	NA	NA	NA
NA	sgPTMA_3	NA	NA	NA	NA
NA	sgPTMS_1	NA	NA	NA	NA
NA	sgPTMS_3	NA	NA	NA	NA
NA	sgPTMS_5	NA	NA	NA	NA
NA	sgPTOV1_1	NA	NA	NA	NA
NA	sgPTP4A1_1	NA	NA	NA	NA
NA	sgPTP4A1_5	NA	NA	NA	NA
NA	sgPTP4A2_2	NA	NA	NA	NA
NA	sgPTPLAD2_5	NA	NA	NA	NA
NA	sgPTPLA_3	NA	NA	NA	NA
NA	sgPTPN20A_1	NA	NA	NA	NA
NA	sgPTPN22_5	NA	NA	NA	NA
NA	sgPTPN2_4	NA	NA	NA	NA
NA	sgPTPN2_5	NA	NA	NA	NA
NA	sgPTPN5_3	NA	NA	NA	NA
NA	sgPTPN5_4	NA	NA	NA	NA
NA	sgPTPN6_3	NA	NA	NA	NA
NA	sgPTPRC_10	NA	NA	NA	NA
NA	sgPTPRH_4	NA	NA	NA	NA
NA	sgPTPRO_10	NA	NA	NA	NA
NA	sgPTPRO_2	NA	NA	NA	NA
NA	sgPTRF_5	NA	NA	NA	NA
NA	sgPTTG1IP_9	NA	NA	NA	NA
NA	sgPTTG1_3	NA	NA	NA	NA
NA	sgPTTG2_1	NA	NA	NA	NA
NA	sgPTTG2_2	NA	NA	NA	NA
NA	sgPTTG2_4	NA	NA	NA	NA
NA	sgPTTG2_5	NA	NA	NA	NA
NA	sgPTX3_5	NA	NA	NA	NA
NA	sgPURA_5	NA	NA	NA	NA
NA	sgPUS10_2	NA	NA	NA	NA
NA	sgPUS7L_3	NA	NA	NA	NA
NA	sgPVRIG_4	NA	NA	NA	NA
NA	sgPWWP2B_2	NA	NA	NA	NA
NA	sgPXMP4_3	NA	NA	NA	NA
NA	sgPXN_2	NA	NA	NA	NA
NA	sgPYROXD1_1	NA	NA	NA	NA
NA	sgPYROXD1_4	NA	NA	NA	NA
NA	sgPYURF_3	NA	NA	NA	NA
NA	sgPYY_5	NA	NA	NA	NA
NA	sgQPRT_4	NA	NA	NA	NA
NA	sgQRSL1_2	NA	NA	NA	NA
NA	sgQRSL1_3	NA	NA	NA	NA
NA	sgQSER1_4	NA	NA	NA	NA
NA	sgRAB11FIP2_1	NA	NA	NA	NA
NA	sgRAB12_1	NA	NA	NA	NA
NA	sgRAB13_2	NA	NA	NA	NA
NA	sgRAB13_3	NA	NA	NA	NA
NA	sgRAB17_5	NA	NA	NA	NA
NA	sgRAB18_1	NA	NA	NA	NA
NA	sgRAB1A_2	NA	NA	NA	NA
NA	sgRAB1A_4	NA	NA	NA	NA
NA	sgRAB1B_2	NA	NA	NA	NA
NA	sgRAB1B_4	NA	NA	NA	NA
NA	sgRAB1B_5	NA	NA	NA	NA
NA	sgRAB20_4	NA	NA	NA	NA
NA	sgRAB22A_4	NA	NA	NA	NA
NA	sgRAB27A_3	NA	NA	NA	NA
NA	sgRAB28_2	NA	NA	NA	NA
NA	sgRAB30_5	NA	NA	NA	NA
NA	sgRAB31_2	NA	NA	NA	NA
NA	sgRAB34_5	NA	NA	NA	NA
NA	sgRAB36_3	NA	NA	NA	NA
NA	sgRAB37_2	NA	NA	NA	NA
NA	sgRAB38_5	NA	NA	NA	NA
NA	sgRAB39A_5	NA	NA	NA	NA
NA	sgRAB3A_2	NA	NA	NA	NA
NA	sgRAB3C_3	NA	NA	NA	NA
NA	sgRAB42_3	NA	NA	NA	NA
NA	sgRAB5A_5	NA	NA	NA	NA
NA	sgRAB5C_1	NA	NA	NA	NA
NA	sgRAB6A_10	NA	NA	NA	NA
NA	sgRAB6A_5	NA	NA	NA	NA
NA	sgRAB6A_6	NA	NA	NA	NA
NA	sgRAB6A_7	NA	NA	NA	NA
NA	sgRAB7A_2	NA	NA	NA	NA
NA	sgRAB9A_1	NA	NA	NA	NA
NA	sgRAB9A_2	NA	NA	NA	NA
NA	sgRAB9A_3	NA	NA	NA	NA
NA	sgRABEPK_5	NA	NA	NA	NA
NA	sgRABGAP1L_2	NA	NA	NA	NA
NA	sgRABL2A_1	NA	NA	NA	NA
NA	sgRABL2B_1	NA	NA	NA	NA
NA	sgRAD17_3	NA	NA	NA	NA
NA	sgRAD17_4	NA	NA	NA	NA
NA	sgRAD1_5	NA	NA	NA	NA
NA	sgRAD21L1_3	NA	NA	NA	NA
NA	sgRAD21_2	NA	NA	NA	NA
NA	sgRAD23B_3	NA	NA	NA	NA
NA	sgRAD23B_4	NA	NA	NA	NA
NA	sgRAD51AP1_4	NA	NA	NA	NA
NA	sgRAD51AP1_5	NA	NA	NA	NA
NA	sgRAD51C_3	NA	NA	NA	NA
NA	sgRAD51_1	NA	NA	NA	NA
NA	sgRAD51_4	NA	NA	NA	NA
NA	sgRAET1E_2	NA	NA	NA	NA
NA	sgRAET1E_5	NA	NA	NA	NA
NA	sgRAET1L_2	NA	NA	NA	NA
NA	sgRAG2_4	NA	NA	NA	NA
NA	sgRAI2_1	NA	NA	NA	NA
NA	sgRALBP1_3	NA	NA	NA	NA
NA	sgRALGAPA1_1	NA	NA	NA	NA
NA	sgRALGPS2_5	NA	NA	NA	NA
NA	sgRANBP1_4	NA	NA	NA	NA
NA	sgRAP1GDS1_1	NA	NA	NA	NA
NA	sgRAP1GDS1_5	NA	NA	NA	NA
NA	sgRAP2A_2	NA	NA	NA	NA
NA	sgRAP2B_2	NA	NA	NA	NA
NA	sgRAP2C_2	NA	NA	NA	NA
NA	sgRAPGEF5_1	NA	NA	NA	NA
NA	sgRARA_1	NA	NA	NA	NA
NA	sgRARRES2_3	NA	NA	NA	NA
NA	sgRARRES2_5	NA	NA	NA	NA
NA	sgRASA4B_1	NA	NA	NA	NA
NA	sgRASA4_1	NA	NA	NA	NA
NA	sgRASGRP1_2	NA	NA	NA	NA
NA	sgRASGRP4_3	NA	NA	NA	NA
NA	sgRASL12_4	NA	NA	NA	NA
NA	sgRASSF6_5	NA	NA	NA	NA
NA	sgRASSF8_5	NA	NA	NA	NA
NA	sgRAVER2_5	NA	NA	NA	NA
NA	sgRAX2_3	NA	NA	NA	NA
NA	sgRAX2_5	NA	NA	NA	NA
NA	sgRBAK-RBAKDN_1	NA	NA	NA	NA
NA	sgRBBP4_3	NA	NA	NA	NA
NA	sgRBBP8_4	NA	NA	NA	NA
NA	sgRBFOX1_3	NA	NA	NA	NA
NA	sgRBM11_2	NA	NA	NA	NA
NA	sgRBM11_4	NA	NA	NA	NA
NA	sgRBM11_5	NA	NA	NA	NA
NA	sgRBM14_1	NA	NA	NA	NA
NA	sgRBM17_2	NA	NA	NA	NA
NA	sgRBM17_3	NA	NA	NA	NA
NA	sgRBM23_1	NA	NA	NA	NA
NA	sgRBM24_5	NA	NA	NA	NA
NA	sgRBM39_5	NA	NA	NA	NA
NA	sgRBM3_2	NA	NA	NA	NA
NA	sgRBM3_5	NA	NA	NA	NA
NA	sgRBM41_5	NA	NA	NA	NA
NA	sgRBM43_3	NA	NA	NA	NA
NA	sgRBM45_3	NA	NA	NA	NA
NA	sgRBM47_1	NA	NA	NA	NA
NA	sgRBM48_1	NA	NA	NA	NA
NA	sgRBM48_2	NA	NA	NA	NA
NA	sgRBM48_3	NA	NA	NA	NA
NA	sgRBM48_4	NA	NA	NA	NA
NA	sgRBM4B_2	NA	NA	NA	NA
NA	sgRBM4_3	NA	NA	NA	NA
NA	sgRBM4_4	NA	NA	NA	NA
NA	sgRBM7_1	NA	NA	NA	NA
NA	sgRBM7_5	NA	NA	NA	NA
NA	sgRBM8A_1	NA	NA	NA	NA
NA	sgRBM8A_4	NA	NA	NA	NA
NA	sgRBMS1_2	NA	NA	NA	NA
NA	sgRBP7_4	NA	NA	NA	NA
NA	sgRBP7_5	NA	NA	NA	NA
NA	sgRBX1_1	NA	NA	NA	NA
NA	sgRCC2_4	NA	NA	NA	NA
NA	sgRCC2_5	NA	NA	NA	NA
NA	sgRCHY1_3	NA	NA	NA	NA
NA	sgRCL1_1	NA	NA	NA	NA
NA	sgRCN1_1	NA	NA	NA	NA
NA	sgRCN1_3	NA	NA	NA	NA
NA	sgRCOR2_1	NA	NA	NA	NA
NA	sgRCOR3_2	NA	NA	NA	NA
NA	sgRD3_4	NA	NA	NA	NA
NA	sgRDH14_2	NA	NA	NA	NA
NA	sgRDH14_4	NA	NA	NA	NA
NA	sgRDH5_5	NA	NA	NA	NA
NA	sgRDM1_2	NA	NA	NA	NA
NA	sgRDM1_3	NA	NA	NA	NA
NA	sgRDM1_4	NA	NA	NA	NA
NA	sgRDX_10	NA	NA	NA	NA
NA	sgREEP1_10	NA	NA	NA	NA
NA	sgREEP1_4	NA	NA	NA	NA
NA	sgREG1A_1	NA	NA	NA	NA
NA	sgREG1A_2	NA	NA	NA	NA
NA	sgREG1A_3	NA	NA	NA	NA
NA	sgREG1B_2	NA	NA	NA	NA
NA	sgREG3A_3	NA	NA	NA	NA
NA	sgREG3A_4	NA	NA	NA	NA
NA	sgREG3G_1	NA	NA	NA	NA
NA	sgREG3G_2	NA	NA	NA	NA
NA	sgREPIN1_3	NA	NA	NA	NA
NA	sgRESP18_4	NA	NA	NA	NA
NA	sgREXO4_2	NA	NA	NA	NA
NA	sgRFC3_2	NA	NA	NA	NA
NA	sgRFESD_2	NA	NA	NA	NA
NA	sgRFESD_4	NA	NA	NA	NA
NA	sgRFK_1	NA	NA	NA	NA
NA	sgRFK_2	NA	NA	NA	NA
NA	sgRFK_3	NA	NA	NA	NA
NA	sgRFK_4	NA	NA	NA	NA
NA	sgRFPL1_1	NA	NA	NA	NA
NA	sgRFPL1_2	NA	NA	NA	NA
NA	sgRFPL2_3	NA	NA	NA	NA
NA	sgRFPL2_4	NA	NA	NA	NA
NA	sgRFPL2_6	NA	NA	NA	NA
NA	sgRFPL3_1	NA	NA	NA	NA
NA	sgRFPL3_3	NA	NA	NA	NA
NA	sgRFPL4AL1_1	NA	NA	NA	NA
NA	sgRFPL4A_1	NA	NA	NA	NA
NA	sgRFTN1_2	NA	NA	NA	NA
NA	sgRFTN1_3	NA	NA	NA	NA
NA	sgRFTN1_4	NA	NA	NA	NA
NA	sgRFWD2_2	NA	NA	NA	NA
NA	sgRFXAP_1	NA	NA	NA	NA
NA	sgRGMB_2	NA	NA	NA	NA
NA	sgRGP1_3	NA	NA	NA	NA
NA	sgRGS10_5	NA	NA	NA	NA
NA	sgRGS14_4	NA	NA	NA	NA
NA	sgRGS17_1	NA	NA	NA	NA
NA	sgRGS18_4	NA	NA	NA	NA
NA	sgRGS1_2	NA	NA	NA	NA
NA	sgRGS20_3	NA	NA	NA	NA
NA	sgRGS21_5	NA	NA	NA	NA
NA	sgRGS3_9	NA	NA	NA	NA
NA	sgRGS4_3	NA	NA	NA	NA
NA	sgRGS4_8	NA	NA	NA	NA
NA	sgRGS5_4	NA	NA	NA	NA
NA	sgRGS6_4	NA	NA	NA	NA
NA	sgRGS9BP_3	NA	NA	NA	NA
NA	sgRHAG_3	NA	NA	NA	NA
NA	sgRHBDD2_1	NA	NA	NA	NA
NA	sgRHBDD2_4	NA	NA	NA	NA
NA	sgRHBDF1_1	NA	NA	NA	NA
NA	sgRHBDL2_3	NA	NA	NA	NA
NA	sgRHCE_1	NA	NA	NA	NA
NA	sgRHEB_3	NA	NA	NA	NA
NA	sgRHOG_4	NA	NA	NA	NA
NA	sgRHOH_3	NA	NA	NA	NA
NA	sgRHOQ_1	NA	NA	NA	NA
NA	sgRHOXF2B_3	NA	NA	NA	NA
NA	sgRHPN2_4	NA	NA	NA	NA
NA	sgRHPN2_5	NA	NA	NA	NA
NA	sgRILPL1_2	NA	NA	NA	NA
NA	sgRIMKLA_5	NA	NA	NA	NA
NA	sgRIOK3_2	NA	NA	NA	NA
NA	sgRIPK1_1	NA	NA	NA	NA
NA	sgRIPK3_1	NA	NA	NA	NA
NA	sgRIPPLY1_2	NA	NA	NA	NA
NA	sgRIPPLY1_5	NA	NA	NA	NA
NA	sgRLIM_1	NA	NA	NA	NA
NA	sgRLIM_3	NA	NA	NA	NA
NA	sgRLIM_5	NA	NA	NA	NA
NA	sgRLN2_1	NA	NA	NA	NA
NA	sgRLN3_4	NA	NA	NA	NA
NA	sgRMI2_2	NA	NA	NA	NA
NA	sgRMND1_3	NA	NA	NA	NA
NA	sgRNASE2_1	NA	NA	NA	NA
NA	sgRNASE7_2	NA	NA	NA	NA
NA	sgRNASE7_3	NA	NA	NA	NA
NA	sgRNASE8_3	NA	NA	NA	NA
NA	sgRNASE8_4	NA	NA	NA	NA
NA	sgRNASE9_4	NA	NA	NA	NA
NA	sgRNASEH2C_3	NA	NA	NA	NA
NA	sgRNASEK_3	NA	NA	NA	NA
NA	sgRND1_3	NA	NA	NA	NA
NA	sgRNF10_1	NA	NA	NA	NA
NA	sgRNF122_4	NA	NA	NA	NA
NA	sgRNF126_4	NA	NA	NA	NA
NA	sgRNF13_1	NA	NA	NA	NA
NA	sgRNF141_2	NA	NA	NA	NA
NA	sgRNF145_3	NA	NA	NA	NA
NA	sgRNF14_1	NA	NA	NA	NA
NA	sgRNF14_2	NA	NA	NA	NA
NA	sgRNF14_3	NA	NA	NA	NA
NA	sgRNF152_1	NA	NA	NA	NA
NA	sgRNF152_5	NA	NA	NA	NA
NA	sgRNF175_5	NA	NA	NA	NA
NA	sgRNF181_2	NA	NA	NA	NA
NA	sgRNF182_5	NA	NA	NA	NA
NA	sgRNF185_3	NA	NA	NA	NA
NA	sgRNF212_1	NA	NA	NA	NA
NA	sgRNF212_4	NA	NA	NA	NA
NA	sgRNF214_5	NA	NA	NA	NA
NA	sgRNF217_3	NA	NA	NA	NA
NA	sgRNF24_3	NA	NA	NA	NA
NA	sgRNF24_5	NA	NA	NA	NA
NA	sgRNF24_6	NA	NA	NA	NA
NA	sgRNF2_3	NA	NA	NA	NA
NA	sgRNF38_1	NA	NA	NA	NA
NA	sgRNF38_2	NA	NA	NA	NA
NA	sgRNF41_2	NA	NA	NA	NA
NA	sgRNF7_1	NA	NA	NA	NA
NA	sgRNF7_2	NA	NA	NA	NA
NA	sgRNF7_4	NA	NA	NA	NA
NA	sgRNF7_5	NA	NA	NA	NA
NA	sgRNF7_7	NA	NA	NA	NA
NA	sgRNFT1_5	NA	NA	NA	NA
NA	sgRNLS_3	NA	NA	NA	NA
NA	sgRNMTL1_4	NA	NA	NA	NA
NA	sgRNPC3_4	NA	NA	NA	NA
NA	sgRNPS1_4	NA	NA	NA	NA
NA	sgROM1_3	NA	NA	NA	NA
NA	sgRORC_1	NA	NA	NA	NA
NA	sgRP1L1_1	NA	NA	NA	NA
NA	sgRP9_3	NA	NA	NA	NA
NA	sgRP9_4	NA	NA	NA	NA
NA	sgRPA2_1	NA	NA	NA	NA
NA	sgRPA2_2	NA	NA	NA	NA
NA	sgRPA3_2	NA	NA	NA	NA
NA	sgRPA3_3	NA	NA	NA	NA
NA	sgRPAIN_3	NA	NA	NA	NA
NA	sgRPAP2_2	NA	NA	NA	NA
NA	sgRPAP2_3	NA	NA	NA	NA
NA	sgRPE_2	NA	NA	NA	NA
NA	sgRPF2_1	NA	NA	NA	NA
NA	sgRPF2_2	NA	NA	NA	NA
NA	sgRPGR_5	NA	NA	NA	NA
NA	sgRPL10A_2	NA	NA	NA	NA
NA	sgRPL10A_4	NA	NA	NA	NA
NA	sgRPL10L_5	NA	NA	NA	NA
NA	sgRPL10_2	NA	NA	NA	NA
NA	sgRPL11_5	NA	NA	NA	NA
NA	sgRPL13A_4	NA	NA	NA	NA
NA	sgRPL13_2	NA	NA	NA	NA
NA	sgRPL18_2	NA	NA	NA	NA
NA	sgRPL18_3	NA	NA	NA	NA
NA	sgRPL21_2	NA	NA	NA	NA
NA	sgRPL22L1_3	NA	NA	NA	NA
NA	sgRPL22L1_5	NA	NA	NA	NA
NA	sgRPL23A_2	NA	NA	NA	NA
NA	sgRPL23_3	NA	NA	NA	NA
NA	sgRPL24_3	NA	NA	NA	NA
NA	sgRPL26L1_5	NA	NA	NA	NA
NA	sgRPL27_2	NA	NA	NA	NA
NA	sgRPL27_3	NA	NA	NA	NA
NA	sgRPL27_5	NA	NA	NA	NA
NA	sgRPL28_2	NA	NA	NA	NA
NA	sgRPL28_4	NA	NA	NA	NA
NA	sgRPL30_3	NA	NA	NA	NA
NA	sgRPL31_2	NA	NA	NA	NA
NA	sgRPL35A_2	NA	NA	NA	NA
NA	sgRPL35_2	NA	NA	NA	NA
NA	sgRPL36AL_2	NA	NA	NA	NA
NA	sgRPL36AL_4	NA	NA	NA	NA
NA	sgRPL36A_3	NA	NA	NA	NA
NA	sgRPL36_3	NA	NA	NA	NA
NA	sgRPL36_4	NA	NA	NA	NA
NA	sgRPL37A_1	NA	NA	NA	NA
NA	sgRPL37_1	NA	NA	NA	NA
NA	sgRPL38_1	NA	NA	NA	NA
NA	sgRPL39L_2	NA	NA	NA	NA
NA	sgRPL3_1	NA	NA	NA	NA
NA	sgRPL5_1	NA	NA	NA	NA
NA	sgRPL7A_2	NA	NA	NA	NA
NA	sgRPLP0_4	NA	NA	NA	NA
NA	sgRPLP1_3	NA	NA	NA	NA
NA	sgRPLP2_2	NA	NA	NA	NA
NA	sgRPLP2_4	NA	NA	NA	NA
NA	sgRPN1_5	NA	NA	NA	NA
NA	sgRPP21_5	NA	NA	NA	NA
NA	sgRPP25_5	NA	NA	NA	NA
NA	sgRPP40_1	NA	NA	NA	NA
NA	sgRPP40_2	NA	NA	NA	NA
NA	sgRPP40_4	NA	NA	NA	NA
NA	sgRPRD1A_3	NA	NA	NA	NA
NA	sgRPRD1A_5	NA	NA	NA	NA
NA	sgRPS11_1	NA	NA	NA	NA
NA	sgRPS11_2	NA	NA	NA	NA
NA	sgRPS11_4	NA	NA	NA	NA
NA	sgRPS11_5	NA	NA	NA	NA
NA	sgRPS12_1	NA	NA	NA	NA
NA	sgRPS15A_2	NA	NA	NA	NA
NA	sgRPS16_4	NA	NA	NA	NA
NA	sgRPS19_3	NA	NA	NA	NA
NA	sgRPS23_1	NA	NA	NA	NA
NA	sgRPS23_5	NA	NA	NA	NA
NA	sgRPS24_2	NA	NA	NA	NA
NA	sgRPS24_3	NA	NA	NA	NA
NA	sgRPS25_2	NA	NA	NA	NA
NA	sgRPS27L_3	NA	NA	NA	NA
NA	sgRPS27L_4	NA	NA	NA	NA
NA	sgRPS27L_5	NA	NA	NA	NA
NA	sgRPS28_1	NA	NA	NA	NA
NA	sgRPS29_2	NA	NA	NA	NA
NA	sgRPS2_2	NA	NA	NA	NA
NA	sgRPS2_3	NA	NA	NA	NA
NA	sgRPS4X_2	NA	NA	NA	NA
NA	sgRPS4X_3	NA	NA	NA	NA
NA	sgRPS4Y1_1	NA	NA	NA	NA
NA	sgRPS4Y1_3	NA	NA	NA	NA
NA	sgRPS5_1	NA	NA	NA	NA
NA	sgRPS5_2	NA	NA	NA	NA
NA	sgRPS6KB1_2	NA	NA	NA	NA
NA	sgRPS6_1	NA	NA	NA	NA
NA	sgRPS6_3	NA	NA	NA	NA
NA	sgRPS8_1	NA	NA	NA	NA
NA	sgRRAGD_2	NA	NA	NA	NA
NA	sgRRAS2_1	NA	NA	NA	NA
NA	sgRRAS_1	NA	NA	NA	NA
NA	sgRRM2B_3	NA	NA	NA	NA
NA	sgRRP15_1	NA	NA	NA	NA
NA	sgRRP36_3	NA	NA	NA	NA
NA	sgRRP7A_1	NA	NA	NA	NA
NA	sgRRP7A_4	NA	NA	NA	NA
NA	sgRSAD2_2	NA	NA	NA	NA
NA	sgRSC1A1_4	NA	NA	NA	NA
NA	sgRSPO3_5	NA	NA	NA	NA
NA	sgRTN1_7	NA	NA	NA	NA
NA	sgRTN4IP1_1	NA	NA	NA	NA
NA	sgRTN4IP1_2	NA	NA	NA	NA
NA	sgRTN4R_1	NA	NA	NA	NA
NA	sgRTN4_11	NA	NA	NA	NA
NA	sgRTN4_2	NA	NA	NA	NA
NA	sgRTN4_3	NA	NA	NA	NA
NA	sgRTP1_3	NA	NA	NA	NA
NA	sgRTP2_3	NA	NA	NA	NA
NA	sgRTP4_4	NA	NA	NA	NA
NA	sgRUFY3_4	NA	NA	NA	NA
NA	sgRUNX3_3	NA	NA	NA	NA
NA	sgRWDD1_3	NA	NA	NA	NA
NA	sgRWDD2B_2	NA	NA	NA	NA
NA	sgRWDD3_2	NA	NA	NA	NA
NA	sgS100A10_2	NA	NA	NA	NA
NA	sgS100A10_3	NA	NA	NA	NA
NA	sgS100A11_1	NA	NA	NA	NA
NA	sgS100A11_2	NA	NA	NA	NA
NA	sgS100A12_5	NA	NA	NA	NA
NA	sgS100A13_2	NA	NA	NA	NA
NA	sgS100A14_2	NA	NA	NA	NA
NA	sgS100A14_4	NA	NA	NA	NA
NA	sgS100A2_2	NA	NA	NA	NA
NA	sgS100A2_4	NA	NA	NA	NA
NA	sgS100A3_3	NA	NA	NA	NA
NA	sgS100A3_4	NA	NA	NA	NA
NA	sgS100A3_5	NA	NA	NA	NA
NA	sgS100A5_4	NA	NA	NA	NA
NA	sgS100P_2	NA	NA	NA	NA
NA	sgS100P_3	NA	NA	NA	NA
NA	sgS100P_5	NA	NA	NA	NA
NA	sgS1PR1_4	NA	NA	NA	NA
NA	sgS1PR2_2	NA	NA	NA	NA
NA	sgS1PR5_3	NA	NA	NA	NA
NA	sgSAA2_5	NA	NA	NA	NA
NA	sgSAAL1_1	NA	NA	NA	NA
NA	sgSAC3D1_1	NA	NA	NA	NA
NA	sgSALL1_1	NA	NA	NA	NA
NA	sgSALL4_3	NA	NA	NA	NA
NA	sgSAMD5_2	NA	NA	NA	NA
NA	sgSAMM50_1	NA	NA	NA	NA
NA	sgSAP18_3	NA	NA	NA	NA
NA	sgSAP25_3	NA	NA	NA	NA
NA	sgSAP30_5	NA	NA	NA	NA
NA	sgSAPCD2_2	NA	NA	NA	NA
NA	sgSAPCD2_4	NA	NA	NA	NA
NA	sgSAPCD2_5	NA	NA	NA	NA
NA	sgSAR1A_2	NA	NA	NA	NA
NA	sgSARDH_5	NA	NA	NA	NA
NA	sgSARNP_5	NA	NA	NA	NA
NA	sgSARS_4	NA	NA	NA	NA
NA	sgSASS6_4	NA	NA	NA	NA
NA	sgSAV1_5	NA	NA	NA	NA
NA	sgSAYSD1_5	NA	NA	NA	NA
NA	sgSBDS_1	NA	NA	NA	NA
NA	sgSBDS_3	NA	NA	NA	NA
NA	sgSBDS_5	NA	NA	NA	NA
NA	sgSBK2_3	NA	NA	NA	NA
NA	sgSCAF1_4	NA	NA	NA	NA
NA	sgSCAND3_4	NA	NA	NA	NA
NA	sgSCAP_1	NA	NA	NA	NA
NA	sgSCARF2_1	NA	NA	NA	NA
NA	sgSCD_5	NA	NA	NA	NA
NA	sgSCG3_6	NA	NA	NA	NA
NA	sgSCG5_5	NA	NA	NA	NA
NA	sgSCGB1D1_5	NA	NA	NA	NA
NA	sgSCGB2B2_1	NA	NA	NA	NA
NA	sgSCGB2B2_2	NA	NA	NA	NA
NA	sgSCGB2B2_3	NA	NA	NA	NA
NA	sgSCGB3A1_4	NA	NA	NA	NA
NA	sgSCIMP_4	NA	NA	NA	NA
NA	sgSCIMP_5	NA	NA	NA	NA
NA	sgSCIN_1	NA	NA	NA	NA
NA	sgSCMH1_2	NA	NA	NA	NA
NA	sgSCML4_4	NA	NA	NA	NA
NA	sgSCN2A_5	NA	NA	NA	NA
NA	sgSCN7A_4	NA	NA	NA	NA
NA	sgSCO2_5	NA	NA	NA	NA
NA	sgSCOC_1	NA	NA	NA	NA
NA	sgSCRN2_3	NA	NA	NA	NA
NA	sgSDC2_2	NA	NA	NA	NA
NA	sgSDCCAG3_1	NA	NA	NA	NA
NA	sgSDCCAG3_3	NA	NA	NA	NA
NA	sgSDCCAG3_4	NA	NA	NA	NA
NA	sgSDF4_4	NA	NA	NA	NA
NA	sgSDHC_1	NA	NA	NA	NA
NA	sgSDHC_6	NA	NA	NA	NA
NA	sgSDHC_8	NA	NA	NA	NA
NA	sgSDHD_2	NA	NA	NA	NA
NA	sgSEC11A_5	NA	NA	NA	NA
NA	sgSEC14L1_2	NA	NA	NA	NA
NA	sgSEC14L4_2	NA	NA	NA	NA
NA	sgSEC22A_3	NA	NA	NA	NA
NA	sgSEC61A1_4	NA	NA	NA	NA
NA	sgSEC61B_3	NA	NA	NA	NA
NA	sgSEC61G_1	NA	NA	NA	NA
NA	sgSEC61G_2	NA	NA	NA	NA
NA	sgSEC62_5	NA	NA	NA	NA
NA	sgSEL1L_3	NA	NA	NA	NA
NA	sgSEL1L_5	NA	NA	NA	NA
NA	sgSELL_4	NA	NA	NA	NA
NA	sgSELT_5	NA	NA	NA	NA
NA	sgSEMA4D_5	NA	NA	NA	NA
NA	sgSEMA6A_4	NA	NA	NA	NA
NA	sgSEMG1_2	NA	NA	NA	NA
NA	sgSENP1_3	NA	NA	NA	NA
NA	sgSENP6_2	NA	NA	NA	NA
NA	sgSENP7_1	NA	NA	NA	NA
NA	sgSENP7_4	NA	NA	NA	NA
NA	sgSEPHS1_2	NA	NA	NA	NA
NA	sgSEPT10_1	NA	NA	NA	NA
NA	sgSEPT10_2	NA	NA	NA	NA
NA	sgSEPT4_6	NA	NA	NA	NA
NA	sgSEPT8_1	NA	NA	NA	NA
NA	sgSEPW1_4	NA	NA	NA	NA
NA	sgSERBP1_3	NA	NA	NA	NA
NA	sgSERF2_2	NA	NA	NA	NA
NA	sgSERF2_4	NA	NA	NA	NA
NA	sgSERF2_6	NA	NA	NA	NA
NA	sgSERF2_8	NA	NA	NA	NA
NA	sgSERINC1_4	NA	NA	NA	NA
NA	sgSERP1_4	NA	NA	NA	NA
NA	sgSERPINA10_5	NA	NA	NA	NA
NA	sgSERPINB10_1	NA	NA	NA	NA
NA	sgSERPINB12_2	NA	NA	NA	NA
NA	sgSERPINB4_1	NA	NA	NA	NA
NA	sgSERPINB5_3	NA	NA	NA	NA
NA	sgSERPINB8_5	NA	NA	NA	NA
NA	sgSERPINF1_2	NA	NA	NA	NA
NA	sgSERPINF2_5	NA	NA	NA	NA
NA	sgSERPINH1_1	NA	NA	NA	NA
NA	sgSERPINH1_2	NA	NA	NA	NA
NA	sgSERPINH1_4	NA	NA	NA	NA
NA	sgSERTAD4_3	NA	NA	NA	NA
NA	sgSERTM1_5	NA	NA	NA	NA
NA	sgSETD4_3	NA	NA	NA	NA
NA	sgSETD5_3	NA	NA	NA	NA
NA	sgSET_2	NA	NA	NA	NA
NA	sgSF1_5	NA	NA	NA	NA
NA	sgSF3A3_1	NA	NA	NA	NA
NA	sgSF3A3_3	NA	NA	NA	NA
NA	sgSF3B14_1	NA	NA	NA	NA
NA	sgSF3B14_2	NA	NA	NA	NA
NA	sgSF3B5_4	NA	NA	NA	NA
NA	sgSFR1_5	NA	NA	NA	NA
NA	sgSFTA2_1	NA	NA	NA	NA
NA	sgSFTA2_2	NA	NA	NA	NA
NA	sgSFTA3_5	NA	NA	NA	NA
NA	sgSFTPA1_2	NA	NA	NA	NA
NA	sgSFTPA1_3	NA	NA	NA	NA
NA	sgSFTPA1_4	NA	NA	NA	NA
NA	sgSFTPA2_1	NA	NA	NA	NA
NA	sgSFTPA2_4	NA	NA	NA	NA
NA	sgSGCG_2	NA	NA	NA	NA
NA	sgSGK1_3	NA	NA	NA	NA
NA	sgSGOL1_1	NA	NA	NA	NA
NA	sgSH2D3C_4	NA	NA	NA	NA
NA	sgSH2D4B_4	NA	NA	NA	NA
NA	sgSH3BGRL2_1	NA	NA	NA	NA
NA	sgSH3BGRL3_1	NA	NA	NA	NA
NA	sgSH3BGRL3_3	NA	NA	NA	NA
NA	sgSH3BGRL3_4	NA	NA	NA	NA
NA	sgSH3BGR_4	NA	NA	NA	NA
NA	sgSH3BGR_7	NA	NA	NA	NA
NA	sgSH3GL3_1	NA	NA	NA	NA
NA	sgSHC1_3	NA	NA	NA	NA
NA	sgSHD_1	NA	NA	NA	NA
NA	sgSHISA4_5	NA	NA	NA	NA
NA	sgSHISA5_2	NA	NA	NA	NA
NA	sgSHOC2_3	NA	NA	NA	NA
NA	sgSHPK_5	NA	NA	NA	NA
NA	sgSHQ1_2	NA	NA	NA	NA
NA	sgSIAH1_4	NA	NA	NA	NA
NA	sgSIAH2_3	NA	NA	NA	NA
NA	sgSIGIRR_3	NA	NA	NA	NA
NA	sgSIGLEC10_1	NA	NA	NA	NA
NA	sgSIGLEC10_5	NA	NA	NA	NA
NA	sgSIGLEC12_5	NA	NA	NA	NA
NA	sgSIGLEC6_4	NA	NA	NA	NA
NA	sgSIGLEC8_1	NA	NA	NA	NA
NA	sgSIGLEC8_4	NA	NA	NA	NA
NA	sgSIGLEC8_5	NA	NA	NA	NA
NA	sgSIN3B_1	NA	NA	NA	NA
NA	sgSIRPA_2	NA	NA	NA	NA
NA	sgSIRPB1_10	NA	NA	NA	NA
NA	sgSIRPB1_4	NA	NA	NA	NA
NA	sgSIRPB1_6	NA	NA	NA	NA
NA	sgSIRPB1_8	NA	NA	NA	NA
NA	sgSIRPB1_9	NA	NA	NA	NA
NA	sgSIRPB2_4	NA	NA	NA	NA
NA	sgSIRPG_6	NA	NA	NA	NA
NA	sgSIRT1_1	NA	NA	NA	NA
NA	sgSIRT5_7	NA	NA	NA	NA
NA	sgSIVA1_4	NA	NA	NA	NA
NA	sgSKAP1_1	NA	NA	NA	NA
NA	sgSKAP2_1	NA	NA	NA	NA
NA	sgSKAP2_3	NA	NA	NA	NA
NA	sgSKAP2_4	NA	NA	NA	NA
NA	sgSKI_2	NA	NA	NA	NA
NA	sgSKP1_1	NA	NA	NA	NA
NA	sgSLAMF7_3	NA	NA	NA	NA
NA	sgSLA_7	NA	NA	NA	NA
NA	sgSLC10A3_3	NA	NA	NA	NA
NA	sgSLC10A5_2	NA	NA	NA	NA
NA	sgSLC10A5_3	NA	NA	NA	NA
NA	sgSLC10A6_5	NA	NA	NA	NA
NA	sgSLC10A7_1	NA	NA	NA	NA
NA	sgSLC12A4_4	NA	NA	NA	NA
NA	sgSLC12A5_5	NA	NA	NA	NA
NA	sgSLC14A2_2	NA	NA	NA	NA
NA	sgSLC16A14_1	NA	NA	NA	NA
NA	sgSLC16A14_2	NA	NA	NA	NA
NA	sgSLC16A6_1	NA	NA	NA	NA
NA	sgSLC16A6_3	NA	NA	NA	NA
NA	sgSLC16A9_1	NA	NA	NA	NA
NA	sgSLC17A1_4	NA	NA	NA	NA
NA	sgSLC17A4_3	NA	NA	NA	NA
NA	sgSLC17A8_2	NA	NA	NA	NA
NA	sgSLC18A1_2	NA	NA	NA	NA
NA	sgSLC19A3_4	NA	NA	NA	NA
NA	sgSLC22A12_1	NA	NA	NA	NA
NA	sgSLC22A12_3	NA	NA	NA	NA
NA	sgSLC22A15_3	NA	NA	NA	NA
NA	sgSLC22A16_4	NA	NA	NA	NA
NA	sgSLC24A2_1	NA	NA	NA	NA
NA	sgSLC24A3_1	NA	NA	NA	NA
NA	sgSLC24A4_2	NA	NA	NA	NA
NA	sgSLC25A10_1	NA	NA	NA	NA
NA	sgSLC25A12_3	NA	NA	NA	NA
NA	sgSLC25A12_5	NA	NA	NA	NA
NA	sgSLC25A13_4	NA	NA	NA	NA
NA	sgSLC25A13_5	NA	NA	NA	NA
NA	sgSLC25A19_2	NA	NA	NA	NA
NA	sgSLC25A1_2	NA	NA	NA	NA
NA	sgSLC25A24_2	NA	NA	NA	NA
NA	sgSLC25A24_5	NA	NA	NA	NA
NA	sgSLC25A30_1	NA	NA	NA	NA
NA	sgSLC25A33_3	NA	NA	NA	NA
NA	sgSLC25A38_2	NA	NA	NA	NA
NA	sgSLC25A38_4	NA	NA	NA	NA
NA	sgSLC25A3_1	NA	NA	NA	NA
NA	sgSLC25A3_2	NA	NA	NA	NA
NA	sgSLC25A51_2	NA	NA	NA	NA
NA	sgSLC25A52_1	NA	NA	NA	NA
NA	sgSLC25A52_3	NA	NA	NA	NA
NA	sgSLC25A53_1	NA	NA	NA	NA
NA	sgSLC25A53_3	NA	NA	NA	NA
NA	sgSLC25A5_3	NA	NA	NA	NA
NA	sgSLC25A5_5	NA	NA	NA	NA
NA	sgSLC28A2_4	NA	NA	NA	NA
NA	sgSLC29A4_1	NA	NA	NA	NA
NA	sgSLC29A4_3	NA	NA	NA	NA
NA	sgSLC2A14_2	NA	NA	NA	NA
NA	sgSLC2A14_5	NA	NA	NA	NA
NA	sgSLC2A3_2	NA	NA	NA	NA
NA	sgSLC30A1_1	NA	NA	NA	NA
NA	sgSLC30A5_3	NA	NA	NA	NA
NA	sgSLC30A5_8	NA	NA	NA	NA
NA	sgSLC31A1_3	NA	NA	NA	NA
NA	sgSLC34A3_1	NA	NA	NA	NA
NA	sgSLC35A4_3	NA	NA	NA	NA
NA	sgSLC35A4_4	NA	NA	NA	NA
NA	sgSLC35B1_3	NA	NA	NA	NA
NA	sgSLC35D1_4	NA	NA	NA	NA
NA	sgSLC35F5_5	NA	NA	NA	NA
NA	sgSLC35F6_1	NA	NA	NA	NA
NA	sgSLC35F6_4	NA	NA	NA	NA
NA	sgSLC35G1_5	NA	NA	NA	NA
NA	sgSLC35G3_3	NA	NA	NA	NA
NA	sgSLC37A2_2	NA	NA	NA	NA
NA	sgSLC38A11_4	NA	NA	NA	NA
NA	sgSLC38A4_5	NA	NA	NA	NA
NA	sgSLC38A6_2	NA	NA	NA	NA
NA	sgSLC39A14_5	NA	NA	NA	NA
NA	sgSLC39A2_4	NA	NA	NA	NA
NA	sgSLC39A4_1	NA	NA	NA	NA
NA	sgSLC40A1_1	NA	NA	NA	NA
NA	sgSLC43A2_2	NA	NA	NA	NA
NA	sgSLC43A3_3	NA	NA	NA	NA
NA	sgSLC44A4_3	NA	NA	NA	NA
NA	sgSLC44A4_5	NA	NA	NA	NA
NA	sgSLC4A2_5	NA	NA	NA	NA
NA	sgSLC5A12_2	NA	NA	NA	NA
NA	sgSLC5A3_2	NA	NA	NA	NA
NA	sgSLC5A3_5	NA	NA	NA	NA
NA	sgSLC6A6_1	NA	NA	NA	NA
NA	sgSLC6A6_3	NA	NA	NA	NA
NA	sgSLC6A8_5	NA	NA	NA	NA
NA	sgSLC7A13_2	NA	NA	NA	NA
NA	sgSLC7A13_3	NA	NA	NA	NA
NA	sgSLC7A13_5	NA	NA	NA	NA
NA	sgSLC9A3R1_3	NA	NA	NA	NA
NA	sgSLC9A6_4	NA	NA	NA	NA
NA	sgSLC9A7_2	NA	NA	NA	NA
NA	sgSLC9B1_1	NA	NA	NA	NA
NA	sgSLC9B1_2	NA	NA	NA	NA
NA	sgSLC9B1_3	NA	NA	NA	NA
NA	sgSLCO1B7_2	NA	NA	NA	NA
NA	sgSLCO1B7_4	NA	NA	NA	NA
NA	sgSLCO2B1_2	NA	NA	NA	NA
NA	sgSLIRP_6	NA	NA	NA	NA
NA	sgSLIT2_3	NA	NA	NA	NA
NA	sgSLMO1_1	NA	NA	NA	NA
NA	sgSLMO2_5	NA	NA	NA	NA
NA	sgSLURP1_3	NA	NA	NA	NA
NA	sgSLX4IP_4	NA	NA	NA	NA
NA	sgSMAGP_3	NA	NA	NA	NA
NA	sgSMARCAD1_5	NA	NA	NA	NA
NA	sgSMARCE1_1	NA	NA	NA	NA
NA	sgSMARCE1_5	NA	NA	NA	NA
NA	sgSMC1B_3	NA	NA	NA	NA
NA	sgSMCO4_2	NA	NA	NA	NA
NA	sgSMCP_1	NA	NA	NA	NA
NA	sgSMG1_1	NA	NA	NA	NA
NA	sgSMIM10_5	NA	NA	NA	NA
NA	sgSMIM11_1	NA	NA	NA	NA
NA	sgSMIM12_4	NA	NA	NA	NA
NA	sgSMIM13_5	NA	NA	NA	NA
NA	sgSMIM15_1	NA	NA	NA	NA
NA	sgSMIM15_3	NA	NA	NA	NA
NA	sgSMIM15_4	NA	NA	NA	NA
NA	sgSMIM15_5	NA	NA	NA	NA
NA	sgSMIM17_2	NA	NA	NA	NA
NA	sgSMIM17_4	NA	NA	NA	NA
NA	sgSMIM18_3	NA	NA	NA	NA
NA	sgSMIM1_2	NA	NA	NA	NA
NA	sgSMIM1_5	NA	NA	NA	NA
NA	sgSMIM22_4	NA	NA	NA	NA
NA	sgSMIM2_1	NA	NA	NA	NA
NA	sgSMIM2_2	NA	NA	NA	NA
NA	sgSMIM5_1	NA	NA	NA	NA
NA	sgSMIM7_1	NA	NA	NA	NA
NA	sgSMIM7_4	NA	NA	NA	NA
NA	sgSMIM9_5	NA	NA	NA	NA
NA	sgSMLR1_3	NA	NA	NA	NA
NA	sgSMNDC1_2	NA	NA	NA	NA
NA	sgSMNDC1_4	NA	NA	NA	NA
NA	sgSMPDL3B_4	NA	NA	NA	NA
NA	sgSMR3A_1	NA	NA	NA	NA
NA	sgSMR3A_3	NA	NA	NA	NA
NA	sgSMR3A_4	NA	NA	NA	NA
NA	sgSMR3B_1	NA	NA	NA	NA
NA	sgSMR3B_4	NA	NA	NA	NA
NA	sgSMS_3	NA	NA	NA	NA
NA	sgSMU1_2	NA	NA	NA	NA
NA	sgSMU1_4	NA	NA	NA	NA
NA	sgSMURF1_2	NA	NA	NA	NA
NA	sgSMYD2_3	NA	NA	NA	NA
NA	sgSNAI1_4	NA	NA	NA	NA
NA	sgSNAI1_5	NA	NA	NA	NA
NA	sgSNAI2_1	NA	NA	NA	NA
NA	sgSNAP47_5	NA	NA	NA	NA
NA	sgSNAP91_5	NA	NA	NA	NA
NA	sgSNAPC2_3	NA	NA	NA	NA
NA	sgSNAPC5_3	NA	NA	NA	NA
NA	sgSNF8_5	NA	NA	NA	NA
NA	sgSNRNP27_1	NA	NA	NA	NA
NA	sgSNRPA1_4	NA	NA	NA	NA
NA	sgSNRPB2_2	NA	NA	NA	NA
NA	sgSNRPB2_3	NA	NA	NA	NA
NA	sgSNRPB_3	NA	NA	NA	NA
NA	sgSNRPC_3	NA	NA	NA	NA
NA	sgSNRPD1_1	NA	NA	NA	NA
NA	sgSNRPD2_5	NA	NA	NA	NA
NA	sgSNRPD3_3	NA	NA	NA	NA
NA	sgSNRPE_1	NA	NA	NA	NA
NA	sgSNRPF_2	NA	NA	NA	NA
NA	sgSNRPF_5	NA	NA	NA	NA
NA	sgSNRPN_5	NA	NA	NA	NA
NA	sgSNTG1_1	NA	NA	NA	NA
NA	sgSNTG1_4	NA	NA	NA	NA
NA	sgSNTN_3	NA	NA	NA	NA
NA	sgSNUPN_4	NA	NA	NA	NA
NA	sgSNW1_2	NA	NA	NA	NA
NA	sgSNX16_3	NA	NA	NA	NA
NA	sgSNX19_1	NA	NA	NA	NA
NA	sgSNX5_1	NA	NA	NA	NA
NA	sgSNX5_2	NA	NA	NA	NA
NA	sgSNX6_3	NA	NA	NA	NA
NA	sgSNX6_5	NA	NA	NA	NA
NA	sgSOCS6_4	NA	NA	NA	NA
NA	sgSOD1_3	NA	NA	NA	NA
NA	sgSOD1_5	NA	NA	NA	NA
NA	sgSORL1_2	NA	NA	NA	NA
NA	sgSOWAHC_1	NA	NA	NA	NA
NA	sgSOWAHD_3	NA	NA	NA	NA
NA	sgSOWAHD_5	NA	NA	NA	NA
NA	sgSOX30_2	NA	NA	NA	NA
NA	sgSP140_1	NA	NA	NA	NA
NA	sgSP2_5	NA	NA	NA	NA
NA	sgSP3_3	NA	NA	NA	NA
NA	sgSP3_5	NA	NA	NA	NA
NA	sgSPA17_2	NA	NA	NA	NA
NA	sgSPA17_5	NA	NA	NA	NA
NA	sgSPACA7_2	NA	NA	NA	NA
NA	sgSPAG6_3	NA	NA	NA	NA
NA	sgSPAG8_4	NA	NA	NA	NA
NA	sgSPAM1_3	NA	NA	NA	NA
NA	sgSPANXN2_2	NA	NA	NA	NA
NA	sgSPANXN2_3	NA	NA	NA	NA
NA	sgSPANXN2_5	NA	NA	NA	NA
NA	sgSPANXN3_1	NA	NA	NA	NA
NA	sgSPANXN4_3	NA	NA	NA	NA
NA	sgSPARCL1_4	NA	NA	NA	NA
NA	sgSPAST_2	NA	NA	NA	NA
NA	sgSPATA22_4	NA	NA	NA	NA
NA	sgSPATA22_5	NA	NA	NA	NA
NA	sgSPATA2L_2	NA	NA	NA	NA
NA	sgSPATA31A3_1	NA	NA	NA	NA
NA	sgSPATA31D1_5	NA	NA	NA	NA
NA	sgSPATA31E1_2	NA	NA	NA	NA
NA	sgSPATA33_1	NA	NA	NA	NA
NA	sgSPATA3_1	NA	NA	NA	NA
NA	sgSPATA3_5	NA	NA	NA	NA
NA	sgSPATA4_2	NA	NA	NA	NA
NA	sgSPATA8_1	NA	NA	NA	NA
NA	sgSPATA8_5	NA	NA	NA	NA
NA	sgSPATC1L_1	NA	NA	NA	NA
NA	sgSPATC1L_4	NA	NA	NA	NA
NA	sgSPATS2L_3	NA	NA	NA	NA
NA	sgSPATS2L_4	NA	NA	NA	NA
NA	sgSPC24_3	NA	NA	NA	NA
NA	sgSPCS1_5	NA	NA	NA	NA
NA	sgSPDL1_4	NA	NA	NA	NA
NA	sgSPDYE1_1	NA	NA	NA	NA
NA	sgSPDYE1_2	NA	NA	NA	NA
NA	sgSPECC1L_1	NA	NA	NA	NA
NA	sgSPECC1L_3	NA	NA	NA	NA
NA	sgSPERT_2	NA	NA	NA	NA
NA	sgSPESP1_5	NA	NA	NA	NA
NA	sgSPHAR_1	NA	NA	NA	NA
NA	sgSPIB_6	NA	NA	NA	NA
NA	sgSPIC_3	NA	NA	NA	NA
NA	sgSPIC_5	NA	NA	NA	NA
NA	sgSPINK14_3	NA	NA	NA	NA
NA	sgSPINK2_3	NA	NA	NA	NA
NA	sgSPINK2_6	NA	NA	NA	NA
NA	sgSPINK6_2	NA	NA	NA	NA
NA	sgSPINK6_3	NA	NA	NA	NA
NA	sgSPINK6_4	NA	NA	NA	NA
NA	sgSPINK9_1	NA	NA	NA	NA
NA	sgSPINK9_2	NA	NA	NA	NA
NA	sgSPOCK3_3	NA	NA	NA	NA
NA	sgSPOPL_1	NA	NA	NA	NA
NA	sgSPOPL_3	NA	NA	NA	NA
NA	sgSPOPL_4	NA	NA	NA	NA
NA	sgSPOP_1	NA	NA	NA	NA
NA	sgSPP2_5	NA	NA	NA	NA
NA	sgSPPL2A_2	NA	NA	NA	NA
NA	sgSPRED1_2	NA	NA	NA	NA
NA	sgSPRN_1	NA	NA	NA	NA
NA	sgSPRN_4	NA	NA	NA	NA
NA	sgSPRR1A_1	NA	NA	NA	NA
NA	sgSPRR1B_1	NA	NA	NA	NA
NA	sgSPRR1B_2	NA	NA	NA	NA
NA	sgSPRR1B_4	NA	NA	NA	NA
NA	sgSPRR2D_1	NA	NA	NA	NA
NA	sgSPRR2F_1	NA	NA	NA	NA
NA	sgSPRR2F_2	NA	NA	NA	NA
NA	sgSPRR2G_2	NA	NA	NA	NA
NA	sgSPRY3_4	NA	NA	NA	NA
NA	sgSPRYD4_1	NA	NA	NA	NA
NA	sgSPSB3_4	NA	NA	NA	NA
NA	sgSPTLC1_1	NA	NA	NA	NA
NA	sgSPTSSA_3	NA	NA	NA	NA
NA	sgSPTSSA_4	NA	NA	NA	NA
NA	sgSPTSSB_2	NA	NA	NA	NA
NA	sgSRA1_3	NA	NA	NA	NA
NA	sgSRBD1_5	NA	NA	NA	NA
NA	sgSRC_5	NA	NA	NA	NA
NA	sgSRD5A3_2	NA	NA	NA	NA
NA	sgSRD5A3_3	NA	NA	NA	NA
NA	sgSREK1IP1_3	NA	NA	NA	NA
NA	sgSREK1IP1_5	NA	NA	NA	NA
NA	sgSRP14_1	NA	NA	NA	NA
NA	sgSRP14_4	NA	NA	NA	NA
NA	sgSRP19_3	NA	NA	NA	NA
NA	sgSRP19_5	NA	NA	NA	NA
NA	sgSRP72_1	NA	NA	NA	NA
NA	sgSRP72_3	NA	NA	NA	NA
NA	sgSRP72_4	NA	NA	NA	NA
NA	sgSRPK2_4	NA	NA	NA	NA
NA	sgSRPX_1	NA	NA	NA	NA
NA	sgSRRM1_3	NA	NA	NA	NA
NA	sgSRRM1_4	NA	NA	NA	NA
NA	sgSRSF10_3	NA	NA	NA	NA
NA	sgSRSF10_6	NA	NA	NA	NA
NA	sgSRSF11_1	NA	NA	NA	NA
NA	sgSRSF11_5	NA	NA	NA	NA
NA	sgSRSF3_1	NA	NA	NA	NA
NA	sgSRSF3_4	NA	NA	NA	NA
NA	sgSRSF5_1	NA	NA	NA	NA
NA	sgSRSF6_4	NA	NA	NA	NA
NA	sgSRSF9_1	NA	NA	NA	NA
NA	sgSRSF9_5	NA	NA	NA	NA
NA	sgSSBP1_5	NA	NA	NA	NA
NA	sgSSBP2_4	NA	NA	NA	NA
NA	sgSSBP4_4	NA	NA	NA	NA
NA	sgSSC5D_1	NA	NA	NA	NA
NA	sgSSNA1_5	NA	NA	NA	NA
NA	sgSSR3_1	NA	NA	NA	NA
NA	sgSSR3_2	NA	NA	NA	NA
NA	sgSSR3_3	NA	NA	NA	NA
NA	sgSSU72_1	NA	NA	NA	NA
NA	sgSSU72_2	NA	NA	NA	NA
NA	sgSSX1_1	NA	NA	NA	NA
NA	sgSSX1_3	NA	NA	NA	NA
NA	sgSSX2IP_5	NA	NA	NA	NA
NA	sgSSX3_2	NA	NA	NA	NA
NA	sgSSX3_3	NA	NA	NA	NA
NA	sgSSX5_4	NA	NA	NA	NA
NA	sgSSX5_6	NA	NA	NA	NA
NA	sgSSX5_7	NA	NA	NA	NA
NA	sgSSX7_1	NA	NA	NA	NA
NA	sgST20_1	NA	NA	NA	NA
NA	sgST3GAL3_12	NA	NA	NA	NA
NA	sgST3GAL4_2	NA	NA	NA	NA
NA	sgST5_3	NA	NA	NA	NA
NA	sgST6GALNAC3_2	NA	NA	NA	NA
NA	sgST6GALNAC6_3	NA	NA	NA	NA
NA	sgST7L_3	NA	NA	NA	NA
NA	sgST8SIA1_2	NA	NA	NA	NA
NA	sgST8SIA4_4	NA	NA	NA	NA
NA	sgSTAB2_2	NA	NA	NA	NA
NA	sgSTAC_3	NA	NA	NA	NA
NA	sgSTAG3_1	NA	NA	NA	NA
NA	sgSTAP1_5	NA	NA	NA	NA
NA	sgSTAP2_1	NA	NA	NA	NA
NA	sgSTARD7_2	NA	NA	NA	NA
NA	sgSTAR_4	NA	NA	NA	NA
NA	sgSTAT4_4	NA	NA	NA	NA
NA	sgSTAT5A_1	NA	NA	NA	NA
NA	sgSTAT6_1	NA	NA	NA	NA
NA	sgSTAU1_1	NA	NA	NA	NA
NA	sgSTAU2_1	NA	NA	NA	NA
NA	sgSTAU2_2	NA	NA	NA	NA
NA	sgSTAU2_3	NA	NA	NA	NA
NA	sgSTEAP1B_1	NA	NA	NA	NA
NA	sgSTEAP1B_3	NA	NA	NA	NA
NA	sgSTEAP1_3	NA	NA	NA	NA
NA	sgSTEAP4_3	NA	NA	NA	NA
NA	sgSTEAP4_4	NA	NA	NA	NA
NA	sgSTIM2_4	NA	NA	NA	NA
NA	sgSTIP1_4	NA	NA	NA	NA
NA	sgSTK24_1	NA	NA	NA	NA
NA	sgSTK24_3	NA	NA	NA	NA
NA	sgSTK3_2	NA	NA	NA	NA
NA	sgSTK3_4	NA	NA	NA	NA
NA	sgSTK4_4	NA	NA	NA	NA
NA	sgSTMN1_4	NA	NA	NA	NA
NA	sgSTMN2_3	NA	NA	NA	NA
NA	sgSTOM_2	NA	NA	NA	NA
NA	sgSTON1_3	NA	NA	NA	NA
NA	sgSTOX1_4	NA	NA	NA	NA
NA	sgSTOX1_7	NA	NA	NA	NA
NA	sgSTPG2_3	NA	NA	NA	NA
NA	sgSTRA13_3	NA	NA	NA	NA
NA	sgSTRA8_1	NA	NA	NA	NA
NA	sgSTRA8_3	NA	NA	NA	NA
NA	sgSTRADB_2	NA	NA	NA	NA
NA	sgSTRADB_3	NA	NA	NA	NA
NA	sgSTRADB_5	NA	NA	NA	NA
NA	sgSTRAP_3	NA	NA	NA	NA
NA	sgSTRAP_4	NA	NA	NA	NA
NA	sgSTRN_2	NA	NA	NA	NA
NA	sgSTRN_3	NA	NA	NA	NA
NA	sgSTT3A_5	NA	NA	NA	NA
NA	sgSTX12_2	NA	NA	NA	NA
NA	sgSTX12_3	NA	NA	NA	NA
NA	sgSTX17_4	NA	NA	NA	NA
NA	sgSTX18_4	NA	NA	NA	NA
NA	sgSTX19_2	NA	NA	NA	NA
NA	sgSTX1A_4	NA	NA	NA	NA
NA	sgSTX8_2	NA	NA	NA	NA
NA	sgSUB1_1	NA	NA	NA	NA
NA	sgSUB1_4	NA	NA	NA	NA
NA	sgSUB1_5	NA	NA	NA	NA
NA	sgSUCLA2_1	NA	NA	NA	NA
NA	sgSUCLA2_2	NA	NA	NA	NA
NA	sgSUCLG2_1	NA	NA	NA	NA
NA	sgSUCLG2_3	NA	NA	NA	NA
NA	sgSUGP1_2	NA	NA	NA	NA
NA	sgSUGP1_3	NA	NA	NA	NA
NA	sgSUGT1_5	NA	NA	NA	NA
NA	sgSULF1_4	NA	NA	NA	NA
NA	sgSULF1_5	NA	NA	NA	NA
NA	sgSULT1A1_1	NA	NA	NA	NA
NA	sgSULT1A1_3	NA	NA	NA	NA
NA	sgSULT1A2_3	NA	NA	NA	NA
NA	sgSULT1E1_5	NA	NA	NA	NA
NA	sgSULT2A1_5	NA	NA	NA	NA
NA	sgSULT4A1_2	NA	NA	NA	NA
NA	sgSUMF2_4	NA	NA	NA	NA
NA	sgSUMO1_2	NA	NA	NA	NA
NA	sgSUMO1_3	NA	NA	NA	NA
NA	sgSUMO2_1	NA	NA	NA	NA
NA	sgSUMO3_1	NA	NA	NA	NA
NA	sgSUMO4_2	NA	NA	NA	NA
NA	sgSUN5_3	NA	NA	NA	NA
NA	sgSUOX_2	NA	NA	NA	NA
NA	sgSUPT16H_3	NA	NA	NA	NA
NA	sgSUPT16H_4	NA	NA	NA	NA
NA	sgSUPT4H1_5	NA	NA	NA	NA
NA	sgSURF6_1	NA	NA	NA	NA
NA	sgSUSD4_5	NA	NA	NA	NA
NA	sgSUV39H2_1	NA	NA	NA	NA
NA	sgSUV39H2_7	NA	NA	NA	NA
NA	sgSUV39H2_8	NA	NA	NA	NA
NA	sgSUZ12_1	NA	NA	NA	NA
NA	sgSUZ12_4	NA	NA	NA	NA
NA	sgSV2C_2	NA	NA	NA	NA
NA	sgSVIP_1	NA	NA	NA	NA
NA	sgSYCE1_1	NA	NA	NA	NA
NA	sgSYCN_3	NA	NA	NA	NA
NA	sgSYCP3_1	NA	NA	NA	NA
NA	sgSYNCRIP_3	NA	NA	NA	NA
NA	sgSYNCRIP_5	NA	NA	NA	NA
NA	sgSYNC_2	NA	NA	NA	NA
NA	sgSYNDIG1L_2	NA	NA	NA	NA
NA	sgSYNE2_8	NA	NA	NA	NA
NA	sgSYNGR2_1	NA	NA	NA	NA
NA	sgSYNGR2_4	NA	NA	NA	NA
NA	sgSYNPR_1	NA	NA	NA	NA
NA	sgSYNRG_4	NA	NA	NA	NA
NA	sgSYPL1_1	NA	NA	NA	NA
NA	sgSYT15_2	NA	NA	NA	NA
NA	sgSYT1_4	NA	NA	NA	NA
NA	sgSYT2_5	NA	NA	NA	NA
NA	sgSYTL2_14	NA	NA	NA	NA
NA	sgSYTL2_16	NA	NA	NA	NA
NA	sgSYVN1_5	NA	NA	NA	NA
NA	sgSZRD1_1	NA	NA	NA	NA
NA	sgSZRD1_3	NA	NA	NA	NA
NA	sgTAAR2_1	NA	NA	NA	NA
NA	sgTAAR2_2	NA	NA	NA	NA
NA	sgTAB3_2	NA	NA	NA	NA
NA	sgTAC3_2	NA	NA	NA	NA
NA	sgTAC4_1	NA	NA	NA	NA
NA	sgTAC4_2	NA	NA	NA	NA
NA	sgTAC4_8	NA	NA	NA	NA
NA	sgTACC1_1	NA	NA	NA	NA
NA	sgTACC1_5	NA	NA	NA	NA
NA	sgTADA1_5	NA	NA	NA	NA
NA	sgTAF11_2	NA	NA	NA	NA
NA	sgTAF13_1	NA	NA	NA	NA
NA	sgTAF1B_4	NA	NA	NA	NA
NA	sgTAF5L_1	NA	NA	NA	NA
NA	sgTAF9B_4	NA	NA	NA	NA
NA	sgTAF9_2	NA	NA	NA	NA
NA	sgTAF9_3	NA	NA	NA	NA
NA	sgTAF9_5	NA	NA	NA	NA
NA	sgTAGLN2_2	NA	NA	NA	NA
NA	sgTAGLN2_3	NA	NA	NA	NA
NA	sgTAL2_5	NA	NA	NA	NA
NA	sgTANC2_4	NA	NA	NA	NA
NA	sgTANGO2_11	NA	NA	NA	NA
NA	sgTANGO2_3	NA	NA	NA	NA
NA	sgTARBP2_1	NA	NA	NA	NA
NA	sgTARBP2_2	NA	NA	NA	NA
NA	sgTARDBP_2	NA	NA	NA	NA
NA	sgTARDBP_4	NA	NA	NA	NA
NA	sgTARS_5	NA	NA	NA	NA
NA	sgTAS2R10_1	NA	NA	NA	NA
NA	sgTAS2R10_4	NA	NA	NA	NA
NA	sgTAS2R13_1	NA	NA	NA	NA
NA	sgTAS2R14_2	NA	NA	NA	NA
NA	sgTAS2R19_2	NA	NA	NA	NA
NA	sgTAS2R19_3	NA	NA	NA	NA
NA	sgTAS2R19_4	NA	NA	NA	NA
NA	sgTAS2R20_3	NA	NA	NA	NA
NA	sgTAS2R30_1	NA	NA	NA	NA
NA	sgTAS2R30_3	NA	NA	NA	NA
NA	sgTAS2R31_5	NA	NA	NA	NA
NA	sgTAS2R38_1	NA	NA	NA	NA
NA	sgTAS2R39_2	NA	NA	NA	NA
NA	sgTAS2R42_4	NA	NA	NA	NA
NA	sgTAS2R42_5	NA	NA	NA	NA
NA	sgTAS2R43_3	NA	NA	NA	NA
NA	sgTAS2R43_4	NA	NA	NA	NA
NA	sgTAS2R46_2	NA	NA	NA	NA
NA	sgTAS2R46_4	NA	NA	NA	NA
NA	sgTAS2R50_4	NA	NA	NA	NA
NA	sgTAS2R50_5	NA	NA	NA	NA
NA	sgTAS2R8_5	NA	NA	NA	NA
NA	sgTATDN1_4	NA	NA	NA	NA
NA	sgTATDN3_3	NA	NA	NA	NA
NA	sgTAX1BP3_5	NA	NA	NA	NA
NA	sgTBC1D13_5	NA	NA	NA	NA
NA	sgTBC1D14_4	NA	NA	NA	NA
NA	sgTBC1D17_1	NA	NA	NA	NA
NA	sgTBC1D21_2	NA	NA	NA	NA
NA	sgTBC1D26_3	NA	NA	NA	NA
NA	sgTBC1D26_4	NA	NA	NA	NA
NA	sgTBC1D28_1	NA	NA	NA	NA
NA	sgTBC1D29_2	NA	NA	NA	NA
NA	sgTBC1D29_3	NA	NA	NA	NA
NA	sgTBC1D2B_5	NA	NA	NA	NA
NA	sgTBC1D7_5	NA	NA	NA	NA
NA	sgTBC1D8B_3	NA	NA	NA	NA
NA	sgTBCA_1	NA	NA	NA	NA
NA	sgTBCCD1_2	NA	NA	NA	NA
NA	sgTBCC_5	NA	NA	NA	NA
NA	sgTBCD_1	NA	NA	NA	NA
NA	sgTBCK_4	NA	NA	NA	NA
NA	sgTBL1XR1_3	NA	NA	NA	NA
NA	sgTBPL2_1	NA	NA	NA	NA
NA	sgTBX20_5	NA	NA	NA	NA
NA	sgTBX5_3	NA	NA	NA	NA
NA	sgTC2N_2	NA	NA	NA	NA
NA	sgTCEAL1_5	NA	NA	NA	NA
NA	sgTCEAL3_2	NA	NA	NA	NA
NA	sgTCEAL4_3	NA	NA	NA	NA
NA	sgTCEAL6_3	NA	NA	NA	NA
NA	sgTCEAL6_4	NA	NA	NA	NA
NA	sgTCEAL7_2	NA	NA	NA	NA
NA	sgTCEAL7_4	NA	NA	NA	NA
NA	sgTCEAL7_5	NA	NA	NA	NA
NA	sgTCEANC2_4	NA	NA	NA	NA
NA	sgTCEANC_5	NA	NA	NA	NA
NA	sgTCEB1_1	NA	NA	NA	NA
NA	sgTCEB1_3	NA	NA	NA	NA
NA	sgTCEB2_1	NA	NA	NA	NA
NA	sgTCF12_4	NA	NA	NA	NA
NA	sgTCL1B_1	NA	NA	NA	NA
NA	sgTCL1B_4	NA	NA	NA	NA
NA	sgTCOF1_5	NA	NA	NA	NA
NA	sgTCP10L2_1	NA	NA	NA	NA
NA	sgTCP10L2_2	NA	NA	NA	NA
NA	sgTCP10_2	NA	NA	NA	NA
NA	sgTCP11L1_2	NA	NA	NA	NA
NA	sgTCP11L1_4	NA	NA	NA	NA
NA	sgTCP11L2_5	NA	NA	NA	NA
NA	sgTCP1_1	NA	NA	NA	NA
NA	sgTCP1_3	NA	NA	NA	NA
NA	sgTCTN1_3	NA	NA	NA	NA
NA	sgTCTN3_1	NA	NA	NA	NA
NA	sgTCTN3_4	NA	NA	NA	NA
NA	sgTDGF1_3	NA	NA	NA	NA
NA	sgTDG_3	NA	NA	NA	NA
NA	sgTDRD6_5	NA	NA	NA	NA
NA	sgTECRL_2	NA	NA	NA	NA
NA	sgTECR_2	NA	NA	NA	NA
NA	sgTECR_3	NA	NA	NA	NA
NA	sgTECTB_5	NA	NA	NA	NA
NA	sgTEDDM1_3	NA	NA	NA	NA
NA	sgTEFM_4	NA	NA	NA	NA
NA	sgTEF_3	NA	NA	NA	NA
NA	sgTEKT3_5	NA	NA	NA	NA
NA	sgTEKT4_3	NA	NA	NA	NA
NA	sgTEN1_5	NA	NA	NA	NA
NA	sgTERF1_2	NA	NA	NA	NA
NA	sgTERF2IP_3	NA	NA	NA	NA
NA	sgTEX11_3	NA	NA	NA	NA
NA	sgTEX12_1	NA	NA	NA	NA
NA	sgTEX12_3	NA	NA	NA	NA
NA	sgTEX19_1	NA	NA	NA	NA
NA	sgTEX19_5	NA	NA	NA	NA
NA	sgTEX29_5	NA	NA	NA	NA
NA	sgTFAP2A_4	NA	NA	NA	NA
NA	sgTFB1M_2	NA	NA	NA	NA
NA	sgTFB2M_3	NA	NA	NA	NA
NA	sgTFB2M_5	NA	NA	NA	NA
NA	sgTFCP2_1	NA	NA	NA	NA
NA	sgTFDP1_2	NA	NA	NA	NA
NA	sgTFDP1_4	NA	NA	NA	NA
NA	sgTFDP1_5	NA	NA	NA	NA
NA	sgTFF1_5	NA	NA	NA	NA
NA	sgTFF3_5	NA	NA	NA	NA
NA	sgTFPI_2	NA	NA	NA	NA
NA	sgTGFA_3	NA	NA	NA	NA
NA	sgTGFBR1_1	NA	NA	NA	NA
NA	sgTGFBR1_5	NA	NA	NA	NA
NA	sgTGIF1_5	NA	NA	NA	NA
NA	sgTGIF2LY_3	NA	NA	NA	NA
NA	sgTGIF2_1	NA	NA	NA	NA
NA	sgTGIF2_3	NA	NA	NA	NA
NA	sgTHBS4_1	NA	NA	NA	NA
NA	sgTHNSL2_1	NA	NA	NA	NA
NA	sgTHOC1_1	NA	NA	NA	NA
NA	sgTHOC1_3	NA	NA	NA	NA
NA	sgTHOC3_1	NA	NA	NA	NA
NA	sgTHPO_4	NA	NA	NA	NA
NA	sgTHRAP3_1	NA	NA	NA	NA
NA	sgTHRSP_3	NA	NA	NA	NA
NA	sgTHUMPD2_4	NA	NA	NA	NA
NA	sgTHY1_2	NA	NA	NA	NA
NA	sgTHYN1_1	NA	NA	NA	NA
NA	sgTIFAB_5	NA	NA	NA	NA
NA	sgTIGD1_1	NA	NA	NA	NA
NA	sgTIMM10_4	NA	NA	NA	NA
NA	sgTIMM13_1	NA	NA	NA	NA
NA	sgTIMM13_3	NA	NA	NA	NA
NA	sgTIMM17A_4	NA	NA	NA	NA
NA	sgTIMM17B_3	NA	NA	NA	NA
NA	sgTIMM23_3	NA	NA	NA	NA
NA	sgTIMM23_4	NA	NA	NA	NA
NA	sgTIMM8A_1	NA	NA	NA	NA
NA	sgTIMM8B_4	NA	NA	NA	NA
NA	sgTIMM9_1	NA	NA	NA	NA
NA	sgTIMP2_1	NA	NA	NA	NA
NA	sgTINAG_3	NA	NA	NA	NA
NA	sgTIPARP_1	NA	NA	NA	NA
NA	sgTIPARP_2	NA	NA	NA	NA
NA	sgTIPIN_1	NA	NA	NA	NA
NA	sgTIPRL_4	NA	NA	NA	NA
NA	sgTJAP1_4	NA	NA	NA	NA
NA	sgTJAP1_5	NA	NA	NA	NA
NA	sgTK1_1	NA	NA	NA	NA
NA	sgTKTL1_2	NA	NA	NA	NA
NA	sgTLCD2_2	NA	NA	NA	NA
NA	sgTLE1_1	NA	NA	NA	NA
NA	sgTLR2_2	NA	NA	NA	NA
NA	sgTLR4_1	NA	NA	NA	NA
NA	sgTLR4_4	NA	NA	NA	NA
NA	sgTLX1NB_4	NA	NA	NA	NA
NA	sgTM2D3_2	NA	NA	NA	NA
NA	sgTM2D3_3	NA	NA	NA	NA
NA	sgTM2D3_4	NA	NA	NA	NA
NA	sgTM4SF1_1	NA	NA	NA	NA
NA	sgTM4SF1_2	NA	NA	NA	NA
NA	sgTM7SF3_1	NA	NA	NA	NA
NA	sgTMA16_3	NA	NA	NA	NA
NA	sgTMA16_4	NA	NA	NA	NA
NA	sgTMA16_5	NA	NA	NA	NA
NA	sgTMC5_1	NA	NA	NA	NA
NA	sgTMC5_3	NA	NA	NA	NA
NA	sgTMCO1_1	NA	NA	NA	NA
NA	sgTMCO5A_4	NA	NA	NA	NA
NA	sgTMCO6_3	NA	NA	NA	NA
NA	sgTMED10_3	NA	NA	NA	NA
NA	sgTMED10_5	NA	NA	NA	NA
NA	sgTMED1_3	NA	NA	NA	NA
NA	sgTMED2_3	NA	NA	NA	NA
NA	sgTMED2_4	NA	NA	NA	NA
NA	sgTMED7_2	NA	NA	NA	NA
NA	sgTMEM105_2	NA	NA	NA	NA
NA	sgTMEM106B_2	NA	NA	NA	NA
NA	sgTMEM106C_2	NA	NA	NA	NA
NA	sgTMEM109_3	NA	NA	NA	NA
NA	sgTMEM116_2	NA	NA	NA	NA
NA	sgTMEM11_2	NA	NA	NA	NA
NA	sgTMEM123_1	NA	NA	NA	NA
NA	sgTMEM126B_1	NA	NA	NA	NA
NA	sgTMEM126B_3	NA	NA	NA	NA
NA	sgTMEM128_2	NA	NA	NA	NA
NA	sgTMEM130_5	NA	NA	NA	NA
NA	sgTMEM133_2	NA	NA	NA	NA
NA	sgTMEM136_4	NA	NA	NA	NA
NA	sgTMEM14B_2	NA	NA	NA	NA
NA	sgTMEM14C_1	NA	NA	NA	NA
NA	sgTMEM14C_2	NA	NA	NA	NA
NA	sgTMEM14C_4	NA	NA	NA	NA
NA	sgTMEM150A_4	NA	NA	NA	NA
NA	sgTMEM154_3	NA	NA	NA	NA
NA	sgTMEM155_3	NA	NA	NA	NA
NA	sgTMEM160_2	NA	NA	NA	NA
NA	sgTMEM160_3	NA	NA	NA	NA
NA	sgTMEM160_4	NA	NA	NA	NA
NA	sgTMEM161B_1	NA	NA	NA	NA
NA	sgTMEM161B_4	NA	NA	NA	NA
NA	sgTMEM164_4	NA	NA	NA	NA
NA	sgTMEM167B_3	NA	NA	NA	NA
NA	sgTMEM167B_4	NA	NA	NA	NA
NA	sgTMEM170A_1	NA	NA	NA	NA
NA	sgTMEM170B_4	NA	NA	NA	NA
NA	sgTMEM171_1	NA	NA	NA	NA
NA	sgTMEM171_4	NA	NA	NA	NA
NA	sgTMEM175_3	NA	NA	NA	NA
NA	sgTMEM177_3	NA	NA	NA	NA
NA	sgTMEM183A_1	NA	NA	NA	NA
NA	sgTMEM183A_2	NA	NA	NA	NA
NA	sgTMEM189_1	NA	NA	NA	NA
NA	sgTMEM18_5	NA	NA	NA	NA
NA	sgTMEM213_1	NA	NA	NA	NA
NA	sgTMEM216_3	NA	NA	NA	NA
NA	sgTMEM216_4	NA	NA	NA	NA
NA	sgTMEM217_4	NA	NA	NA	NA
NA	sgTMEM219_1	NA	NA	NA	NA
NA	sgTMEM219_5	NA	NA	NA	NA
NA	sgTMEM221_4	NA	NA	NA	NA
NA	sgTMEM222_5	NA	NA	NA	NA
NA	sgTMEM225_2	NA	NA	NA	NA
NA	sgTMEM229A_3	NA	NA	NA	NA
NA	sgTMEM229B_3	NA	NA	NA	NA
NA	sgTMEM230_1	NA	NA	NA	NA
NA	sgTMEM234_3	NA	NA	NA	NA
NA	sgTMEM235_1	NA	NA	NA	NA
NA	sgTMEM241_4	NA	NA	NA	NA
NA	sgTMEM242_1	NA	NA	NA	NA
NA	sgTMEM244_1	NA	NA	NA	NA
NA	sgTMEM244_2	NA	NA	NA	NA
NA	sgTMEM245_4	NA	NA	NA	NA
NA	sgTMEM246_3	NA	NA	NA	NA
NA	sgTMEM251_2	NA	NA	NA	NA
NA	sgTMEM251_3	NA	NA	NA	NA
NA	sgTMEM251_6	NA	NA	NA	NA
NA	sgTMEM252_4	NA	NA	NA	NA
NA	sgTMEM253_3	NA	NA	NA	NA
NA	sgTMEM253_4	NA	NA	NA	NA
NA	sgTMEM254_3	NA	NA	NA	NA
NA	sgTMEM254_4	NA	NA	NA	NA
NA	sgTMEM254_6	NA	NA	NA	NA
NA	sgTMEM257_2	NA	NA	NA	NA
NA	sgTMEM258_1	NA	NA	NA	NA
NA	sgTMEM25_1	NA	NA	NA	NA
NA	sgTMEM261_1	NA	NA	NA	NA
NA	sgTMEM261_5	NA	NA	NA	NA
NA	sgTMEM27_4	NA	NA	NA	NA
NA	sgTMEM30B_3	NA	NA	NA	NA
NA	sgTMEM35_2	NA	NA	NA	NA
NA	sgTMEM37_2	NA	NA	NA	NA
NA	sgTMEM38A_5	NA	NA	NA	NA
NA	sgTMEM44_2	NA	NA	NA	NA
NA	sgTMEM45A_2	NA	NA	NA	NA
NA	sgTMEM47_4	NA	NA	NA	NA
NA	sgTMEM50B_1	NA	NA	NA	NA
NA	sgTMEM50B_4	NA	NA	NA	NA
NA	sgTMEM52B_5	NA	NA	NA	NA
NA	sgTMEM59L_3	NA	NA	NA	NA
NA	sgTMEM5_1	NA	NA	NA	NA
NA	sgTMEM64_4	NA	NA	NA	NA
NA	sgTMEM66_1	NA	NA	NA	NA
NA	sgTMEM68_5	NA	NA	NA	NA
NA	sgTMEM69_1	NA	NA	NA	NA
NA	sgTMEM69_3	NA	NA	NA	NA
NA	sgTMEM69_4	NA	NA	NA	NA
NA	sgTMEM71_5	NA	NA	NA	NA
NA	sgTMEM74B_3	NA	NA	NA	NA
NA	sgTMEM81_1	NA	NA	NA	NA
NA	sgTMEM81_3	NA	NA	NA	NA
NA	sgTMEM82_2	NA	NA	NA	NA
NA	sgTMEM87A_5	NA	NA	NA	NA
NA	sgTMEM87A_7	NA	NA	NA	NA
NA	sgTMEM88B_1	NA	NA	NA	NA
NA	sgTMEM88_2	NA	NA	NA	NA
NA	sgTMEM89_4	NA	NA	NA	NA
NA	sgTMEM8B_4	NA	NA	NA	NA
NA	sgTMEM8C_5	NA	NA	NA	NA
NA	sgTMEM91_1	NA	NA	NA	NA
NA	sgTMEM92_2	NA	NA	NA	NA
NA	sgTMEM92_4	NA	NA	NA	NA
NA	sgTMEM92_5	NA	NA	NA	NA
NA	sgTMEM95_3	NA	NA	NA	NA
NA	sgTMEM97_5	NA	NA	NA	NA
NA	sgTMEM98_5	NA	NA	NA	NA
NA	sgTMEM9_3	NA	NA	NA	NA
NA	sgTMOD3_2	NA	NA	NA	NA
NA	sgTMPPE_5	NA	NA	NA	NA
NA	sgTMPRSS11B_2	NA	NA	NA	NA
NA	sgTMPRSS11D_1	NA	NA	NA	NA
NA	sgTMPRSS11D_5	NA	NA	NA	NA
NA	sgTMPRSS11E_3	NA	NA	NA	NA
NA	sgTMPRSS6_3	NA	NA	NA	NA
NA	sgTMPRSS6_5	NA	NA	NA	NA
NA	sgTMTC4_4	NA	NA	NA	NA
NA	sgTMUB2_3	NA	NA	NA	NA
NA	sgTMUB2_4	NA	NA	NA	NA
NA	sgTMX1_5	NA	NA	NA	NA
NA	sgTMX4_1	NA	NA	NA	NA
NA	sgTNFAIP8L1_1	NA	NA	NA	NA
NA	sgTNFRSF10A_5	NA	NA	NA	NA
NA	sgTNFRSF10C_1	NA	NA	NA	NA
NA	sgTNFRSF10D_1	NA	NA	NA	NA
NA	sgTNFRSF11A_5	NA	NA	NA	NA
NA	sgTNFRSF13B_2	NA	NA	NA	NA
NA	sgTNFRSF13B_5	NA	NA	NA	NA
NA	sgTNFRSF19_4	NA	NA	NA	NA
NA	sgTNFRSF1A_1	NA	NA	NA	NA
NA	sgTNFRSF25_1	NA	NA	NA	NA
NA	sgTNFRSF4_3	NA	NA	NA	NA
NA	sgTNFRSF6B_5	NA	NA	NA	NA
NA	sgTNFRSF8_5	NA	NA	NA	NA
NA	sgTNFSF13B_1	NA	NA	NA	NA
NA	sgTNFSF18_4	NA	NA	NA	NA
NA	sgTNFSF8_2	NA	NA	NA	NA
NA	sgTNFSF8_5	NA	NA	NA	NA
NA	sgTNNC1_4	NA	NA	NA	NA
NA	sgTNP2_3	NA	NA	NA	NA
NA	sgTNPO1_2	NA	NA	NA	NA
NA	sgTNPO1_4	NA	NA	NA	NA
NA	sgTNS4_3	NA	NA	NA	NA
NA	sgTOB2_4	NA	NA	NA	NA
NA	sgTOMM22_4	NA	NA	NA	NA
NA	sgTOMM40L_4	NA	NA	NA	NA
NA	sgTOMM40_2	NA	NA	NA	NA
NA	sgTOMM40_4	NA	NA	NA	NA
NA	sgTOMM40_5	NA	NA	NA	NA
NA	sgTOMM6_5	NA	NA	NA	NA
NA	sgTOMM70A_1	NA	NA	NA	NA
NA	sgTOR1AIP2_1	NA	NA	NA	NA
NA	sgTOR1AIP2_5	NA	NA	NA	NA
NA	sgTOR2A_1	NA	NA	NA	NA
NA	sgTOR2A_3	NA	NA	NA	NA
NA	sgTOR2A_6	NA	NA	NA	NA
NA	sgTOX4_2	NA	NA	NA	NA
NA	sgTOX4_3	NA	NA	NA	NA
NA	sgTP53I11_5	NA	NA	NA	NA
NA	sgTP53I3_3	NA	NA	NA	NA
NA	sgTPD52L1_9	NA	NA	NA	NA
NA	sgTPD52L2_1	NA	NA	NA	NA
NA	sgTPD52_5	NA	NA	NA	NA
NA	sgTPI1_1	NA	NA	NA	NA
NA	sgTPI1_4	NA	NA	NA	NA
NA	sgTPI1_5	NA	NA	NA	NA
NA	sgTPM1_3	NA	NA	NA	NA
NA	sgTPM2_3	NA	NA	NA	NA
NA	sgTPM4_2	NA	NA	NA	NA
NA	sgTPM4_3	NA	NA	NA	NA
NA	sgTPM4_4	NA	NA	NA	NA
NA	sgTPM4_5	NA	NA	NA	NA
NA	sgTPMT_2	NA	NA	NA	NA
NA	sgTPMT_4	NA	NA	NA	NA
NA	sgTPRG1L_5	NA	NA	NA	NA
NA	sgTPSAB1_1	NA	NA	NA	NA
NA	sgTPSAB1_3	NA	NA	NA	NA
NA	sgTPSD1_2	NA	NA	NA	NA
NA	sgTPST1_3	NA	NA	NA	NA
NA	sgTPT1_4	NA	NA	NA	NA
NA	sgTRAF1_4	NA	NA	NA	NA
NA	sgTRAF3IP2_3	NA	NA	NA	NA
NA	sgTRAF3IP2_4	NA	NA	NA	NA
NA	sgTRAF6_3	NA	NA	NA	NA
NA	sgTRAF6_5	NA	NA	NA	NA
NA	sgTRAM1L1_1	NA	NA	NA	NA
NA	sgTRAM1L1_2	NA	NA	NA	NA
NA	sgTRAM1L1_4	NA	NA	NA	NA
NA	sgTRAM1L1_5	NA	NA	NA	NA
NA	sgTRAPPC11_2	NA	NA	NA	NA
NA	sgTRAPPC2L_1	NA	NA	NA	NA
NA	sgTRAPPC2L_2	NA	NA	NA	NA
NA	sgTRAPPC3L_1	NA	NA	NA	NA
NA	sgTRAPPC3_1	NA	NA	NA	NA
NA	sgTREM1_5	NA	NA	NA	NA
NA	sgTRERF1_5	NA	NA	NA	NA
NA	sgTREX1_2	NA	NA	NA	NA
NA	sgTRH_4	NA	NA	NA	NA
NA	sgTRIB3_5	NA	NA	NA	NA
NA	sgTRIM10_4	NA	NA	NA	NA
NA	sgTRIM14_3	NA	NA	NA	NA
NA	sgTRIM14_5	NA	NA	NA	NA
NA	sgTRIM2_5	NA	NA	NA	NA
NA	sgTRIM34_3	NA	NA	NA	NA
NA	sgTRIM40_1	NA	NA	NA	NA
NA	sgTRIM42_2	NA	NA	NA	NA
NA	sgTRIM43_3	NA	NA	NA	NA
NA	sgTRIM47_5	NA	NA	NA	NA
NA	sgTRIM48_2	NA	NA	NA	NA
NA	sgTRIM49B_2	NA	NA	NA	NA
NA	sgTRIM49_2	NA	NA	NA	NA
NA	sgTRIM56_5	NA	NA	NA	NA
NA	sgTRIM61_4	NA	NA	NA	NA
NA	sgTRIM65_1	NA	NA	NA	NA
NA	sgTRIM65_4	NA	NA	NA	NA
NA	sgTRIM69_1	NA	NA	NA	NA
NA	sgTRIM6_3	NA	NA	NA	NA
NA	sgTRIM77_1	NA	NA	NA	NA
NA	sgTRIM77_4	NA	NA	NA	NA
NA	sgTRIM77_5	NA	NA	NA	NA
NA	sgTRIM7_1	NA	NA	NA	NA
NA	sgTRIM7_10	NA	NA	NA	NA
NA	sgTRIM7_4	NA	NA	NA	NA
NA	sgTRIM7_5	NA	NA	NA	NA
NA	sgTRIML2_2	NA	NA	NA	NA
NA	sgTRIML2_5	NA	NA	NA	NA
NA	sgTRIP13_1	NA	NA	NA	NA
NA	sgTRMT10B_2	NA	NA	NA	NA
NA	sgTRMT10B_3	NA	NA	NA	NA
NA	sgTRMT10B_5	NA	NA	NA	NA
NA	sgTRMT11_2	NA	NA	NA	NA
NA	sgTRMT11_4	NA	NA	NA	NA
NA	sgTRMT12_3	NA	NA	NA	NA
NA	sgTRMT1_1	NA	NA	NA	NA
NA	sgTRMT1_4	NA	NA	NA	NA
NA	sgTRMT5_1	NA	NA	NA	NA
NA	sgTRMT6_4	NA	NA	NA	NA
NA	sgTRMU_5	NA	NA	NA	NA
NA	sgTRNT1_4	NA	NA	NA	NA
NA	sgTRPA1_1	NA	NA	NA	NA
NA	sgTRPM3_5	NA	NA	NA	NA
NA	sgTSC22D1_1	NA	NA	NA	NA
NA	sgTSC22D3_2	NA	NA	NA	NA
NA	sgTSEN15_1	NA	NA	NA	NA
NA	sgTSEN15_5	NA	NA	NA	NA
NA	sgTSEN2_1	NA	NA	NA	NA
NA	sgTSHZ3_2	NA	NA	NA	NA
NA	sgTSN_4	NA	NA	NA	NA
NA	sgTSPAN11_3	NA	NA	NA	NA
NA	sgTSPAN19_5	NA	NA	NA	NA
NA	sgTSPAN31_1	NA	NA	NA	NA
NA	sgTSPAN32_1	NA	NA	NA	NA
NA	sgTSPAN32_3	NA	NA	NA	NA
NA	sgTSPAN7_5	NA	NA	NA	NA
NA	sgTSPAN8_5	NA	NA	NA	NA
NA	sgTSPAN9_1	NA	NA	NA	NA
NA	sgTSPO_4	NA	NA	NA	NA
NA	sgTSR1_4	NA	NA	NA	NA
NA	sgTSSK1B_4	NA	NA	NA	NA
NA	sgTSTA3_4	NA	NA	NA	NA
NA	sgTSTD1_1	NA	NA	NA	NA
NA	sgTTC13_3	NA	NA	NA	NA
NA	sgTTC19_3	NA	NA	NA	NA
NA	sgTTC23L_2	NA	NA	NA	NA
NA	sgTTC23_4	NA	NA	NA	NA
NA	sgTTC27_1	NA	NA	NA	NA
NA	sgTTC39C_9	NA	NA	NA	NA
NA	sgTTC3_1	NA	NA	NA	NA
NA	sgTTC3_3	NA	NA	NA	NA
NA	sgTTC3_4	NA	NA	NA	NA
NA	sgTTC4_4	NA	NA	NA	NA
NA	sgTTC9_4	NA	NA	NA	NA
NA	sgTTF1_5	NA	NA	NA	NA
NA	sgTTI2_5	NA	NA	NA	NA
NA	sgTTLL6_2	NA	NA	NA	NA
NA	sgTTL_5	NA	NA	NA	NA
NA	sgTUBA1A_1	NA	NA	NA	NA
NA	sgTUBA1A_2	NA	NA	NA	NA
NA	sgTUBA1B_4	NA	NA	NA	NA
NA	sgTUBA3C_4	NA	NA	NA	NA
NA	sgTUBA3D_2	NA	NA	NA	NA
NA	sgTUBA3E_2	NA	NA	NA	NA
NA	sgTUBA4A_2	NA	NA	NA	NA
NA	sgTUBAL3_3	NA	NA	NA	NA
NA	sgTUBB2B_3	NA	NA	NA	NA
NA	sgTUBB3_5	NA	NA	NA	NA
NA	sgTUBB3_7	NA	NA	NA	NA
NA	sgTUBB4A_3	NA	NA	NA	NA
NA	sgTUBB4B_2	NA	NA	NA	NA
NA	sgTUBB4B_4	NA	NA	NA	NA
NA	sgTUBB4B_5	NA	NA	NA	NA
NA	sgTUBB8_1	NA	NA	NA	NA
NA	sgTUBD1_4	NA	NA	NA	NA
NA	sgTUBE1_1	NA	NA	NA	NA
NA	sgTUBG1_1	NA	NA	NA	NA
NA	sgTUBG1_4	NA	NA	NA	NA
NA	sgTUBG2_1	NA	NA	NA	NA
NA	sgTUB_3	NA	NA	NA	NA
NA	sgTUFM_5	NA	NA	NA	NA
NA	sgTUSC1_2	NA	NA	NA	NA
NA	sgTUSC5_3	NA	NA	NA	NA
NA	sgTUSC5_5	NA	NA	NA	NA
NA	sgTVP23C_1	NA	NA	NA	NA
NA	sgTXLNG_3	NA	NA	NA	NA
NA	sgTXNDC17_5	NA	NA	NA	NA
NA	sgTXNDC2_4	NA	NA	NA	NA
NA	sgTXNDC9_1	NA	NA	NA	NA
NA	sgTXNDC9_4	NA	NA	NA	NA
NA	sgTXNL1_5	NA	NA	NA	NA
NA	sgTXNL4B_3	NA	NA	NA	NA
NA	sgTYRO3_1	NA	NA	NA	NA
NA	sgTYRO3_3	NA	NA	NA	NA
NA	sgTYRP1_5	NA	NA	NA	NA
NA	sgTYW1B_2	NA	NA	NA	NA
NA	sgTYW1B_4	NA	NA	NA	NA
NA	sgTYW1B_5	NA	NA	NA	NA
NA	sgTYW1_1	NA	NA	NA	NA
NA	sgTYW3_2	NA	NA	NA	NA
NA	sgTYW3_3	NA	NA	NA	NA
NA	sgTYW3_4	NA	NA	NA	NA
NA	sgT_1	NA	NA	NA	NA
NA	sgU2AF1_3	NA	NA	NA	NA
NA	sgUAP1L1_3	NA	NA	NA	NA
NA	sgUAP1_4	NA	NA	NA	NA
NA	sgUBA2_5	NA	NA	NA	NA
NA	sgUBA52_2	NA	NA	NA	NA
NA	sgUBA52_4	NA	NA	NA	NA
NA	sgUBA52_5	NA	NA	NA	NA
NA	sgUBAP2_4	NA	NA	NA	NA
NA	sgUBC_2	NA	NA	NA	NA
NA	sgUBC_3	NA	NA	NA	NA
NA	sgUBC_4	NA	NA	NA	NA
NA	sgUBE2B_2	NA	NA	NA	NA
NA	sgUBE2C_4	NA	NA	NA	NA
NA	sgUBE2C_5	NA	NA	NA	NA
NA	sgUBE2D2_1	NA	NA	NA	NA
NA	sgUBE2D4_2	NA	NA	NA	NA
NA	sgUBE2D4_3	NA	NA	NA	NA
NA	sgUBE2D4_4	NA	NA	NA	NA
NA	sgUBE2E2_2	NA	NA	NA	NA
NA	sgUBE2E3_5	NA	NA	NA	NA
NA	sgUBE2F_2	NA	NA	NA	NA
NA	sgUBE2F_3	NA	NA	NA	NA
NA	sgUBE2G1_3	NA	NA	NA	NA
NA	sgUBE2G1_4	NA	NA	NA	NA
NA	sgUBE2H_2	NA	NA	NA	NA
NA	sgUBE2I_2	NA	NA	NA	NA
NA	sgUBE2L3_1	NA	NA	NA	NA
NA	sgUBE2L3_2	NA	NA	NA	NA
NA	sgUBE2L3_5	NA	NA	NA	NA
NA	sgUBE2L3_6	NA	NA	NA	NA
NA	sgUBE2M_2	NA	NA	NA	NA
NA	sgUBE2N_2	NA	NA	NA	NA
NA	sgUBE2S_5	NA	NA	NA	NA
NA	sgUBE2U_5	NA	NA	NA	NA
NA	sgUBE2V2_3	NA	NA	NA	NA
NA	sgUBE2W_1	NA	NA	NA	NA
NA	sgUBE3A_2	NA	NA	NA	NA
NA	sgUBE3D_5	NA	NA	NA	NA
NA	sgUBFD1_1	NA	NA	NA	NA
NA	sgUBFD1_3	NA	NA	NA	NA
NA	sgUBL3_1	NA	NA	NA	NA
NA	sgUBL4A_1	NA	NA	NA	NA
NA	sgUBL5_1	NA	NA	NA	NA
NA	sgUBQLN4_3	NA	NA	NA	NA
NA	sgUBR7_5	NA	NA	NA	NA
NA	sgUBTD2_2	NA	NA	NA	NA
NA	sgUBTF_1	NA	NA	NA	NA
NA	sgUBXN10_2	NA	NA	NA	NA
NA	sgUBXN10_5	NA	NA	NA	NA
NA	sgUCHL1_2	NA	NA	NA	NA
NA	sgUCHL3_5	NA	NA	NA	NA
NA	sgUCK1_3	NA	NA	NA	NA
NA	sgUCMA_2	NA	NA	NA	NA
NA	sgUCN2_5	NA	NA	NA	NA
NA	sgUFD1L_1	NA	NA	NA	NA
NA	sgUFD1L_2	NA	NA	NA	NA
NA	sgUFD1L_3	NA	NA	NA	NA
NA	sgUFSP1_2	NA	NA	NA	NA
NA	sgUGT1A3_1	NA	NA	NA	NA
NA	sgUGT1A4_3	NA	NA	NA	NA
NA	sgUGT1A5_2	NA	NA	NA	NA
NA	sgUGT2A3_2	NA	NA	NA	NA
NA	sgUGT2A3_3	NA	NA	NA	NA
NA	sgUGT2B11_4	NA	NA	NA	NA
NA	sgUGT2B17_2	NA	NA	NA	NA
NA	sgUGT2B28_2	NA	NA	NA	NA
NA	sgUGT2B28_4	NA	NA	NA	NA
NA	sgUGT2B4_5	NA	NA	NA	NA
NA	sgUGT3A2_4	NA	NA	NA	NA
NA	sgUHRF2_1	NA	NA	NA	NA
NA	sgUHRF2_2	NA	NA	NA	NA
NA	sgULBP1_5	NA	NA	NA	NA
NA	sgULK1_3	NA	NA	NA	NA
NA	sgUNG_5	NA	NA	NA	NA
NA	sgUNKL_11	NA	NA	NA	NA
NA	sgUNKL_7	NA	NA	NA	NA
NA	sgUPF3B_3	NA	NA	NA	NA
NA	sgUPK1B_3	NA	NA	NA	NA
NA	sgUPK3BL_1	NA	NA	NA	NA
NA	sgUPK3BL_4	NA	NA	NA	NA
NA	sgUPK3B_3	NA	NA	NA	NA
NA	sgUPRT_5	NA	NA	NA	NA
NA	sgUQCC2_2	NA	NA	NA	NA
NA	sgUQCR11_2	NA	NA	NA	NA
NA	sgUQCR11_3	NA	NA	NA	NA
NA	sgUQCRB_6	NA	NA	NA	NA
NA	sgUQCRFS1_1	NA	NA	NA	NA
NA	sgUQCRH_4	NA	NA	NA	NA
NA	sgURGCP-MRPS24_1	NA	NA	NA	NA
NA	sgURGCP-MRPS24_5	NA	NA	NA	NA
NA	sgURI1_2	NA	NA	NA	NA
NA	sgURM1_5	NA	NA	NA	NA
NA	sgUSP10_4	NA	NA	NA	NA
NA	sgUSP10_5	NA	NA	NA	NA
NA	sgUSP14_1	NA	NA	NA	NA
NA	sgUSP15_3	NA	NA	NA	NA
NA	sgUSP15_5	NA	NA	NA	NA
NA	sgUSP17L10_1	NA	NA	NA	NA
NA	sgUSP17L10_2	NA	NA	NA	NA
NA	sgUSP17L10_3	NA	NA	NA	NA
NA	sgUSP17L13_1	NA	NA	NA	NA
NA	sgUSP17L2_1	NA	NA	NA	NA
NA	sgUSP17L5_1	NA	NA	NA	NA
NA	sgUSP18_2	NA	NA	NA	NA
NA	sgUSP18_5	NA	NA	NA	NA
NA	sgUSP1_2	NA	NA	NA	NA
NA	sgUSP20_1	NA	NA	NA	NA
NA	sgUSP29_1	NA	NA	NA	NA
NA	sgUSP2_3	NA	NA	NA	NA
NA	sgUSP40_2	NA	NA	NA	NA
NA	sgUSP45_3	NA	NA	NA	NA
NA	sgUSP45_4	NA	NA	NA	NA
NA	sgUSP46_2	NA	NA	NA	NA
NA	sgUSP46_4	NA	NA	NA	NA
NA	sgUSP5_3	NA	NA	NA	NA
NA	sgUTP15_1	NA	NA	NA	NA
NA	sgUTP18_1	NA	NA	NA	NA
NA	sgUTP18_5	NA	NA	NA	NA
NA	sgUTP20_5	NA	NA	NA	NA
NA	sgUTP23_4	NA	NA	NA	NA
NA	sgUTP23_5	NA	NA	NA	NA
NA	sgUTP6_2	NA	NA	NA	NA
NA	sgUTP6_4	NA	NA	NA	NA
NA	sgUTY_1	NA	NA	NA	NA
NA	sgVBP1_5	NA	NA	NA	NA
NA	sgVCX2_1	NA	NA	NA	NA
NA	sgVCX_1	NA	NA	NA	NA
NA	sgVDAC1_1	NA	NA	NA	NA
NA	sgVDAC1_3	NA	NA	NA	NA
NA	sgVDAC3_4	NA	NA	NA	NA
NA	sgVENTX_1	NA	NA	NA	NA
NA	sgVEPH1_3	NA	NA	NA	NA
NA	sgVEZF1_4	NA	NA	NA	NA
NA	sgVEZT_2	NA	NA	NA	NA
NA	sgVEZT_5	NA	NA	NA	NA
NA	sgVGLL2_2	NA	NA	NA	NA
NA	sgVGLL2_5	NA	NA	NA	NA
NA	sgVGLL2_7	NA	NA	NA	NA
NA	sgVIPAS39_3	NA	NA	NA	NA
NA	sgVIPR2_3	NA	NA	NA	NA
NA	sgVIT_3	NA	NA	NA	NA
NA	sgVKORC1L1_3	NA	NA	NA	NA
NA	sgVKORC1_1	NA	NA	NA	NA
NA	sgVKORC1_2	NA	NA	NA	NA
NA	sgVKORC1_4	NA	NA	NA	NA
NA	sgVMAC_3	NA	NA	NA	NA
NA	sgVMAC_5	NA	NA	NA	NA
NA	sgVMO1_10	NA	NA	NA	NA
NA	sgVMO1_3	NA	NA	NA	NA
NA	sgVN1R2_5	NA	NA	NA	NA
NA	sgVN1R4_5	NA	NA	NA	NA
NA	sgVOPP1_1	NA	NA	NA	NA
NA	sgVOPP1_5	NA	NA	NA	NA
NA	sgVPS25_2	NA	NA	NA	NA
NA	sgVPS25_5	NA	NA	NA	NA
NA	sgVPS26A_5	NA	NA	NA	NA
NA	sgVPS35_3	NA	NA	NA	NA
NA	sgVPS37C_2	NA	NA	NA	NA
NA	sgVSIG1_4	NA	NA	NA	NA
NA	sgVSIG4_1	NA	NA	NA	NA
NA	sgVSTM1_4	NA	NA	NA	NA
NA	sgVSTM1_5	NA	NA	NA	NA
NA	sgVSTM2L_5	NA	NA	NA	NA
NA	sgVSX2_3	NA	NA	NA	NA
NA	sgVTA1_4	NA	NA	NA	NA
NA	sgVTCN1_5	NA	NA	NA	NA
NA	sgVTCN1_8	NA	NA	NA	NA
NA	sgVTI1B_3	NA	NA	NA	NA
NA	sgWARS2_2	NA	NA	NA	NA
NA	sgWASL_1	NA	NA	NA	NA
NA	sgWASL_3	NA	NA	NA	NA
NA	sgWBP1L_1	NA	NA	NA	NA
NA	sgWBP1L_2	NA	NA	NA	NA
NA	sgWBP1L_4	NA	NA	NA	NA
NA	sgWBP1_5	NA	NA	NA	NA
NA	sgWBP2NL_5	NA	NA	NA	NA
NA	sgWBSCR27_1	NA	NA	NA	NA
NA	sgWDR12_1	NA	NA	NA	NA
NA	sgWDR12_2	NA	NA	NA	NA
NA	sgWDR12_5	NA	NA	NA	NA
NA	sgWDR34_5	NA	NA	NA	NA
NA	sgWDR49_3	NA	NA	NA	NA
NA	sgWDR52_4	NA	NA	NA	NA
NA	sgWDR53_1	NA	NA	NA	NA
NA	sgWDR5B_3	NA	NA	NA	NA
NA	sgWDR5B_4	NA	NA	NA	NA
NA	sgWDR5_1	NA	NA	NA	NA
NA	sgWDR60_5	NA	NA	NA	NA
NA	sgWDR61_3	NA	NA	NA	NA
NA	sgWDR61_4	NA	NA	NA	NA
NA	sgWDR77_3	NA	NA	NA	NA
NA	sgWDR78_1	NA	NA	NA	NA
NA	sgWDR78_5	NA	NA	NA	NA
NA	sgWDR82_1	NA	NA	NA	NA
NA	sgWDR82_2	NA	NA	NA	NA
NA	sgWDR82_5	NA	NA	NA	NA
NA	sgWDR83OS_1	NA	NA	NA	NA
NA	sgWDR86_4	NA	NA	NA	NA
NA	sgWDR93_4	NA	NA	NA	NA
NA	sgWDYHV1_2	NA	NA	NA	NA
NA	sgWDYHV1_4	NA	NA	NA	NA
NA	sgWEE1_5	NA	NA	NA	NA
NA	sgWFDC10A_1	NA	NA	NA	NA
NA	sgWFDC10B_3	NA	NA	NA	NA
NA	sgWFDC10B_7	NA	NA	NA	NA
NA	sgWFDC13_1	NA	NA	NA	NA
NA	sgWFDC3_5	NA	NA	NA	NA
NA	sgWFDC8_5	NA	NA	NA	NA
NA	sgWFDC9_3	NA	NA	NA	NA
NA	sgWHSC1L1_2	NA	NA	NA	NA
NA	sgWIBG_1	NA	NA	NA	NA
NA	sgWIF1_2	NA	NA	NA	NA
NA	sgWIPF1_1	NA	NA	NA	NA
NA	sgWISP1_10	NA	NA	NA	NA
NA	sgWISP1_3	NA	NA	NA	NA
NA	sgWNT3A_4	NA	NA	NA	NA
NA	sgWNT8A_5	NA	NA	NA	NA
NA	sgWNT8B_5	NA	NA	NA	NA
NA	sgWNT9A_3	NA	NA	NA	NA
NA	sgWNT9B_2	NA	NA	NA	NA
NA	sgWRAP53_4	NA	NA	NA	NA
NA	sgWRB_5	NA	NA	NA	NA
NA	sgWSB2_1	NA	NA	NA	NA
NA	sgWSB2_4	NA	NA	NA	NA
NA	sgWT1_2	NA	NA	NA	NA
NA	sgWTAP_1	NA	NA	NA	NA
NA	sgWTAP_3	NA	NA	NA	NA
NA	sgXAGE2_3	NA	NA	NA	NA
NA	sgXAGE2_4	NA	NA	NA	NA
NA	sgXAGE3_2	NA	NA	NA	NA
NA	sgXAGE3_3	NA	NA	NA	NA
NA	sgXAGE5_1	NA	NA	NA	NA
NA	sgXAGE5_2	NA	NA	NA	NA
NA	sgXCR1_4	NA	NA	NA	NA
NA	sgXG_1	NA	NA	NA	NA
NA	sgXIAP_1	NA	NA	NA	NA
NA	sgXKR3_5	NA	NA	NA	NA
NA	sgXKR8_5	NA	NA	NA	NA
NA	sgXPO1_5	NA	NA	NA	NA
NA	sgXPOT_3	NA	NA	NA	NA
NA	sgXRCC4_4	NA	NA	NA	NA
NA	sgXRRA1_1	NA	NA	NA	NA
NA	sgXYLB_3	NA	NA	NA	NA
NA	sgYAF2_3	NA	NA	NA	NA
NA	sgYBX2_3	NA	NA	NA	NA
NA	sgYBX3_3	NA	NA	NA	NA
NA	sgYEATS4_2	NA	NA	NA	NA
NA	sgYEATS4_5	NA	NA	NA	NA
NA	sgYES1_1	NA	NA	NA	NA
NA	sgYES1_3	NA	NA	NA	NA
NA	sgYES1_5	NA	NA	NA	NA
NA	sgYIF1B_3	NA	NA	NA	NA
NA	sgYIPF6_4	NA	NA	NA	NA
NA	sgYIPF6_5	NA	NA	NA	NA
NA	sgYKT6_4	NA	NA	NA	NA
NA	sgYKT6_5	NA	NA	NA	NA
NA	sgYPEL1_2	NA	NA	NA	NA
NA	sgYPEL1_3	NA	NA	NA	NA
NA	sgYPEL2_1	NA	NA	NA	NA
NA	sgYPEL2_5	NA	NA	NA	NA
NA	sgYPEL3_2	NA	NA	NA	NA
NA	sgYPEL5_3	NA	NA	NA	NA
NA	sgYPEL5_5	NA	NA	NA	NA
NA	sgYTHDC1_1	NA	NA	NA	NA
NA	sgYTHDC1_5	NA	NA	NA	NA
NA	sgYTHDF2_2	NA	NA	NA	NA
NA	sgYTHDF2_3	NA	NA	NA	NA
NA	sgYTHDF2_4	NA	NA	NA	NA
NA	sgYWHAB_2	NA	NA	NA	NA
NA	sgYWHAB_3	NA	NA	NA	NA
NA	sgYWHAE_3	NA	NA	NA	NA
NA	sgYWHAQ_3	NA	NA	NA	NA
NA	sgYY1AP1_1	NA	NA	NA	NA
NA	sgZACN_4	NA	NA	NA	NA
NA	sgZAR1L_1	NA	NA	NA	NA
NA	sgZBED3_3	NA	NA	NA	NA
NA	sgZBTB12_1	NA	NA	NA	NA
NA	sgZBTB12_2	NA	NA	NA	NA
NA	sgZBTB12_3	NA	NA	NA	NA
NA	sgZBTB18_4	NA	NA	NA	NA
NA	sgZBTB1_2	NA	NA	NA	NA
NA	sgZBTB25_5	NA	NA	NA	NA
NA	sgZBTB33_3	NA	NA	NA	NA
NA	sgZBTB38_3	NA	NA	NA	NA
NA	sgZBTB41_2	NA	NA	NA	NA
NA	sgZBTB42_4	NA	NA	NA	NA
NA	sgZBTB43_2	NA	NA	NA	NA
NA	sgZBTB44_4	NA	NA	NA	NA
NA	sgZBTB47_5	NA	NA	NA	NA
NA	sgZBTB7C_3	NA	NA	NA	NA
NA	sgZBTB8OS_1	NA	NA	NA	NA
NA	sgZC3H11A_4	NA	NA	NA	NA
NA	sgZC3H4_4	NA	NA	NA	NA
NA	sgZC3HAV1L_2	NA	NA	NA	NA
NA	sgZC4H2_1	NA	NA	NA	NA
NA	sgZCCHC10_1	NA	NA	NA	NA
NA	sgZCCHC10_4	NA	NA	NA	NA
NA	sgZCCHC10_5	NA	NA	NA	NA
NA	sgZCCHC12_5	NA	NA	NA	NA
NA	sgZCCHC14_1	NA	NA	NA	NA
NA	sgZCCHC17_5	NA	NA	NA	NA
NA	sgZCCHC2_2	NA	NA	NA	NA
NA	sgZCCHC7_1	NA	NA	NA	NA
NA	sgZCCHC7_2	NA	NA	NA	NA
NA	sgZCCHC7_4	NA	NA	NA	NA
NA	sgZCCHC9_3	NA	NA	NA	NA
NA	sgZCCHC9_5	NA	NA	NA	NA
NA	sgZCRB1_2	NA	NA	NA	NA
NA	sgZCWPW2_5	NA	NA	NA	NA
NA	sgZDHHC2_2	NA	NA	NA	NA
NA	sgZDHHC3_3	NA	NA	NA	NA
NA	sgZDHHC5_4	NA	NA	NA	NA
NA	sgZFAND1_5	NA	NA	NA	NA
NA	sgZFAND3_3	NA	NA	NA	NA
NA	sgZFAND4_4	NA	NA	NA	NA
NA	sgZFAND5_1	NA	NA	NA	NA
NA	sgZFAND6_5	NA	NA	NA	NA
NA	sgZFAT_2	NA	NA	NA	NA
NA	sgZFP1_5	NA	NA	NA	NA
NA	sgZFP2_3	NA	NA	NA	NA
NA	sgZFP41_5	NA	NA	NA	NA
NA	sgZFP57_5	NA	NA	NA	NA
NA	sgZFP64_1	NA	NA	NA	NA
NA	sgZFP69B_1	NA	NA	NA	NA
NA	sgZFP90_4	NA	NA	NA	NA
NA	sgZFP91_1	NA	NA	NA	NA
NA	sgZFP91_3	NA	NA	NA	NA
NA	sgZFR2_5	NA	NA	NA	NA
NA	sgZFYVE19_2	NA	NA	NA	NA
NA	sgZFYVE21_3	NA	NA	NA	NA
NA	sgZFYVE28_9	NA	NA	NA	NA
NA	sgZGPAT_3	NA	NA	NA	NA
NA	sgZIC4_11	NA	NA	NA	NA
NA	sgZIC5_3	NA	NA	NA	NA
NA	sgZIK1_2	NA	NA	NA	NA
NA	sgZIM2_2	NA	NA	NA	NA
NA	sgZIM3_1	NA	NA	NA	NA
NA	sgZIM3_2	NA	NA	NA	NA
NA	sgZIM3_4	NA	NA	NA	NA
NA	sgZKSCAN5_4	NA	NA	NA	NA
NA	sgZMAT1_4	NA	NA	NA	NA
NA	sgZMAT4_3	NA	NA	NA	NA
NA	sgZMIZ2_5	NA	NA	NA	NA
NA	sgZMYM5_2	NA	NA	NA	NA
NA	sgZMYM5_3	NA	NA	NA	NA
NA	sgZMYM5_4	NA	NA	NA	NA
NA	sgZMYM6NB_1	NA	NA	NA	NA
NA	sgZNF100_3	NA	NA	NA	NA
NA	sgZNF100_5	NA	NA	NA	NA
NA	sgZNF101_3	NA	NA	NA	NA
NA	sgZNF106_3	NA	NA	NA	NA
NA	sgZNF107_2	NA	NA	NA	NA
NA	sgZNF107_4	NA	NA	NA	NA
NA	sgZNF107_5	NA	NA	NA	NA
NA	sgZNF121_1	NA	NA	NA	NA
NA	sgZNF124_7	NA	NA	NA	NA
NA	sgZNF124_8	NA	NA	NA	NA
NA	sgZNF124_9	NA	NA	NA	NA
NA	sgZNF12_5	NA	NA	NA	NA
NA	sgZNF131_2	NA	NA	NA	NA
NA	sgZNF131_3	NA	NA	NA	NA
NA	sgZNF131_4	NA	NA	NA	NA
NA	sgZNF132_2	NA	NA	NA	NA
NA	sgZNF135_1	NA	NA	NA	NA
NA	sgZNF138_1	NA	NA	NA	NA
NA	sgZNF138_2	NA	NA	NA	NA
NA	sgZNF138_3	NA	NA	NA	NA
NA	sgZNF138_4	NA	NA	NA	NA
NA	sgZNF138_5	NA	NA	NA	NA
NA	sgZNF138_6	NA	NA	NA	NA
NA	sgZNF138_7	NA	NA	NA	NA
NA	sgZNF141_2	NA	NA	NA	NA
NA	sgZNF141_4	NA	NA	NA	NA
NA	sgZNF143_1	NA	NA	NA	NA
NA	sgZNF14_2	NA	NA	NA	NA
NA	sgZNF14_4	NA	NA	NA	NA
NA	sgZNF154_2	NA	NA	NA	NA
NA	sgZNF154_4	NA	NA	NA	NA
NA	sgZNF154_5	NA	NA	NA	NA
NA	sgZNF155_1	NA	NA	NA	NA
NA	sgZNF160_4	NA	NA	NA	NA
NA	sgZNF160_5	NA	NA	NA	NA
NA	sgZNF16_4	NA	NA	NA	NA
NA	sgZNF16_5	NA	NA	NA	NA
NA	sgZNF177_3	NA	NA	NA	NA
NA	sgZNF177_4	NA	NA	NA	NA
NA	sgZNF17_2	NA	NA	NA	NA
NA	sgZNF17_5	NA	NA	NA	NA
NA	sgZNF180_3	NA	NA	NA	NA
NA	sgZNF181_1	NA	NA	NA	NA
NA	sgZNF181_2	NA	NA	NA	NA
NA	sgZNF181_4	NA	NA	NA	NA
NA	sgZNF182_5	NA	NA	NA	NA
NA	sgZNF185_3	NA	NA	NA	NA
NA	sgZNF185_8	NA	NA	NA	NA
NA	sgZNF185_9	NA	NA	NA	NA
NA	sgZNF195_4	NA	NA	NA	NA
NA	sgZNF195_5	NA	NA	NA	NA
NA	sgZNF19_4	NA	NA	NA	NA
NA	sgZNF207_1	NA	NA	NA	NA
NA	sgZNF207_2	NA	NA	NA	NA
NA	sgZNF207_3	NA	NA	NA	NA
NA	sgZNF207_4	NA	NA	NA	NA
NA	sgZNF20_5	NA	NA	NA	NA
NA	sgZNF212_3	NA	NA	NA	NA
NA	sgZNF213_2	NA	NA	NA	NA
NA	sgZNF215_1	NA	NA	NA	NA
NA	sgZNF215_2	NA	NA	NA	NA
NA	sgZNF221_4	NA	NA	NA	NA
NA	sgZNF223_3	NA	NA	NA	NA
NA	sgZNF225_3	NA	NA	NA	NA
NA	sgZNF226_1	NA	NA	NA	NA
NA	sgZNF226_2	NA	NA	NA	NA
NA	sgZNF226_3	NA	NA	NA	NA
NA	sgZNF226_4	NA	NA	NA	NA
NA	sgZNF229_3	NA	NA	NA	NA
NA	sgZNF232_2	NA	NA	NA	NA
NA	sgZNF23_1	NA	NA	NA	NA
NA	sgZNF248_4	NA	NA	NA	NA
NA	sgZNF248_6	NA	NA	NA	NA
NA	sgZNF24_1	NA	NA	NA	NA
NA	sgZNF24_4	NA	NA	NA	NA
NA	sgZNF24_5	NA	NA	NA	NA
NA	sgZNF254_1	NA	NA	NA	NA
NA	sgZNF254_10	NA	NA	NA	NA
NA	sgZNF254_4	NA	NA	NA	NA
NA	sgZNF254_6	NA	NA	NA	NA
NA	sgZNF254_8	NA	NA	NA	NA
NA	sgZNF257_4	NA	NA	NA	NA
NA	sgZNF257_5	NA	NA	NA	NA
NA	sgZNF259_3	NA	NA	NA	NA
NA	sgZNF25_5	NA	NA	NA	NA
NA	sgZNF260_2	NA	NA	NA	NA
NA	sgZNF264_1	NA	NA	NA	NA
NA	sgZNF264_5	NA	NA	NA	NA
NA	sgZNF267_5	NA	NA	NA	NA
NA	sgZNF268_3	NA	NA	NA	NA
NA	sgZNF268_8	NA	NA	NA	NA
NA	sgZNF26_3	NA	NA	NA	NA
NA	sgZNF273_2	NA	NA	NA	NA
NA	sgZNF276_5	NA	NA	NA	NA
NA	sgZNF277_2	NA	NA	NA	NA
NA	sgZNF280A_3	NA	NA	NA	NA
NA	sgZNF280C_3	NA	NA	NA	NA
NA	sgZNF280D_5	NA	NA	NA	NA
NA	sgZNF284_2	NA	NA	NA	NA
NA	sgZNF285_2	NA	NA	NA	NA
NA	sgZNF285_3	NA	NA	NA	NA
NA	sgZNF285_4	NA	NA	NA	NA
NA	sgZNF286A_2	NA	NA	NA	NA
NA	sgZNF28_3	NA	NA	NA	NA
NA	sgZNF28_4	NA	NA	NA	NA
NA	sgZNF296_2	NA	NA	NA	NA
NA	sgZNF2_5	NA	NA	NA	NA
NA	sgZNF300_2	NA	NA	NA	NA
NA	sgZNF302_1	NA	NA	NA	NA
NA	sgZNF302_4	NA	NA	NA	NA
NA	sgZNF311_1	NA	NA	NA	NA
NA	sgZNF320_5	NA	NA	NA	NA
NA	sgZNF324_4	NA	NA	NA	NA
NA	sgZNF329_5	NA	NA	NA	NA
NA	sgZNF32_5	NA	NA	NA	NA
NA	sgZNF330_2	NA	NA	NA	NA
NA	sgZNF331_3	NA	NA	NA	NA
NA	sgZNF33B_4	NA	NA	NA	NA
NA	sgZNF341_1	NA	NA	NA	NA
NA	sgZNF341_5	NA	NA	NA	NA
NA	sgZNF350_1	NA	NA	NA	NA
NA	sgZNF365_3	NA	NA	NA	NA
NA	sgZNF365_6	NA	NA	NA	NA
NA	sgZNF365_7	NA	NA	NA	NA
NA	sgZNF367_2	NA	NA	NA	NA
NA	sgZNF37A_2	NA	NA	NA	NA
NA	sgZNF37A_3	NA	NA	NA	NA
NA	sgZNF382_2	NA	NA	NA	NA
NA	sgZNF382_3	NA	NA	NA	NA
NA	sgZNF383_2	NA	NA	NA	NA
NA	sgZNF385B_3	NA	NA	NA	NA
NA	sgZNF385D_2	NA	NA	NA	NA
NA	sgZNF398_1	NA	NA	NA	NA
NA	sgZNF404_3	NA	NA	NA	NA
NA	sgZNF410_3	NA	NA	NA	NA
NA	sgZNF414_4	NA	NA	NA	NA
NA	sgZNF414_5	NA	NA	NA	NA
NA	sgZNF419_1	NA	NA	NA	NA
NA	sgZNF419_2	NA	NA	NA	NA
NA	sgZNF419_6	NA	NA	NA	NA
NA	sgZNF41_5	NA	NA	NA	NA
NA	sgZNF429_1	NA	NA	NA	NA
NA	sgZNF430_1	NA	NA	NA	NA
NA	sgZNF431_3	NA	NA	NA	NA
NA	sgZNF436_3	NA	NA	NA	NA
NA	sgZNF439_3	NA	NA	NA	NA
NA	sgZNF43_5	NA	NA	NA	NA
NA	sgZNF440_3	NA	NA	NA	NA
NA	sgZNF440_4	NA	NA	NA	NA
NA	sgZNF444_1	NA	NA	NA	NA
NA	sgZNF449_4	NA	NA	NA	NA
NA	sgZNF461_5	NA	NA	NA	NA
NA	sgZNF468_4	NA	NA	NA	NA
NA	sgZNF468_5	NA	NA	NA	NA
NA	sgZNF479_1	NA	NA	NA	NA
NA	sgZNF479_2	NA	NA	NA	NA
NA	sgZNF479_4	NA	NA	NA	NA
NA	sgZNF483_4	NA	NA	NA	NA
NA	sgZNF485_5	NA	NA	NA	NA
NA	sgZNF486_1	NA	NA	NA	NA
NA	sgZNF486_2	NA	NA	NA	NA
NA	sgZNF490_3	NA	NA	NA	NA
NA	sgZNF491_1	NA	NA	NA	NA
NA	sgZNF492_1	NA	NA	NA	NA
NA	sgZNF492_2	NA	NA	NA	NA
NA	sgZNF492_3	NA	NA	NA	NA
NA	sgZNF493_1	NA	NA	NA	NA
NA	sgZNF493_3	NA	NA	NA	NA
NA	sgZNF493_8	NA	NA	NA	NA
NA	sgZNF496_2	NA	NA	NA	NA
NA	sgZNF501_1	NA	NA	NA	NA
NA	sgZNF501_3	NA	NA	NA	NA
NA	sgZNF501_4	NA	NA	NA	NA
NA	sgZNF501_5	NA	NA	NA	NA
NA	sgZNF502_3	NA	NA	NA	NA
NA	sgZNF506_4	NA	NA	NA	NA
NA	sgZNF514_4	NA	NA	NA	NA
NA	sgZNF519_1	NA	NA	NA	NA
NA	sgZNF524_2	NA	NA	NA	NA
NA	sgZNF524_4	NA	NA	NA	NA
NA	sgZNF528_2	NA	NA	NA	NA
NA	sgZNF532_3	NA	NA	NA	NA
NA	sgZNF532_5	NA	NA	NA	NA
NA	sgZNF534_2	NA	NA	NA	NA
NA	sgZNF547_1	NA	NA	NA	NA
NA	sgZNF551_4	NA	NA	NA	NA
NA	sgZNF552_3	NA	NA	NA	NA
NA	sgZNF552_4	NA	NA	NA	NA
NA	sgZNF555_1	NA	NA	NA	NA
NA	sgZNF559-ZNF177_1	NA	NA	NA	NA
NA	sgZNF559-ZNF177_3	NA	NA	NA	NA
NA	sgZNF559_2	NA	NA	NA	NA
NA	sgZNF559_4	NA	NA	NA	NA
NA	sgZNF560_4	NA	NA	NA	NA
NA	sgZNF562_3	NA	NA	NA	NA
NA	sgZNF562_6	NA	NA	NA	NA
NA	sgZNF563_3	NA	NA	NA	NA
NA	sgZNF573_1	NA	NA	NA	NA
NA	sgZNF573_2	NA	NA	NA	NA
NA	sgZNF573_3	NA	NA	NA	NA
NA	sgZNF577_1	NA	NA	NA	NA
NA	sgZNF578_3	NA	NA	NA	NA
NA	sgZNF578_4	NA	NA	NA	NA
NA	sgZNF57_2	NA	NA	NA	NA
NA	sgZNF585B_2	NA	NA	NA	NA
NA	sgZNF585B_4	NA	NA	NA	NA
NA	sgZNF589_4	NA	NA	NA	NA
NA	sgZNF599_3	NA	NA	NA	NA
NA	sgZNF600_1	NA	NA	NA	NA
NA	sgZNF610_3	NA	NA	NA	NA
NA	sgZNF611_2	NA	NA	NA	NA
NA	sgZNF611_3	NA	NA	NA	NA
NA	sgZNF613_1	NA	NA	NA	NA
NA	sgZNF614_2	NA	NA	NA	NA
NA	sgZNF614_3	NA	NA	NA	NA
NA	sgZNF616_3	NA	NA	NA	NA
NA	sgZNF618_4	NA	NA	NA	NA
NA	sgZNF619_4	NA	NA	NA	NA
NA	sgZNF620_4	NA	NA	NA	NA
NA	sgZNF623_1	NA	NA	NA	NA
NA	sgZNF624_2	NA	NA	NA	NA
NA	sgZNF624_4	NA	NA	NA	NA
NA	sgZNF625_3	NA	NA	NA	NA
NA	sgZNF630_5	NA	NA	NA	NA
NA	sgZNF639_5	NA	NA	NA	NA
NA	sgZNF641_5	NA	NA	NA	NA
NA	sgZNF654_5	NA	NA	NA	NA
NA	sgZNF655_1	NA	NA	NA	NA
NA	sgZNF655_11	NA	NA	NA	NA
NA	sgZNF655_9	NA	NA	NA	NA
NA	sgZNF658_2	NA	NA	NA	NA
NA	sgZNF658_5	NA	NA	NA	NA
NA	sgZNF664_3	NA	NA	NA	NA
NA	sgZNF665_3	NA	NA	NA	NA
NA	sgZNF667_1	NA	NA	NA	NA
NA	sgZNF675_3	NA	NA	NA	NA
NA	sgZNF675_4	NA	NA	NA	NA
NA	sgZNF675_5	NA	NA	NA	NA
NA	sgZNF676_1	NA	NA	NA	NA
NA	sgZNF676_3	NA	NA	NA	NA
NA	sgZNF676_4	NA	NA	NA	NA
NA	sgZNF680_4	NA	NA	NA	NA
NA	sgZNF680_6	NA	NA	NA	NA
NA	sgZNF684_4	NA	NA	NA	NA
NA	sgZNF687_5	NA	NA	NA	NA
NA	sgZNF695_6	NA	NA	NA	NA
NA	sgZNF695_7	NA	NA	NA	NA
NA	sgZNF699_1	NA	NA	NA	NA
NA	sgZNF69_2	NA	NA	NA	NA
NA	sgZNF701_2	NA	NA	NA	NA
NA	sgZNF705A_1	NA	NA	NA	NA
NA	sgZNF708_1	NA	NA	NA	NA
NA	sgZNF708_2	NA	NA	NA	NA
NA	sgZNF708_4	NA	NA	NA	NA
NA	sgZNF709_4	NA	NA	NA	NA
NA	sgZNF70_1	NA	NA	NA	NA
NA	sgZNF70_3	NA	NA	NA	NA
NA	sgZNF714_3	NA	NA	NA	NA
NA	sgZNF716_3	NA	NA	NA	NA
NA	sgZNF720_3	NA	NA	NA	NA
NA	sgZNF721_3	NA	NA	NA	NA
NA	sgZNF726_3	NA	NA	NA	NA
NA	sgZNF727_2	NA	NA	NA	NA
NA	sgZNF727_4	NA	NA	NA	NA
NA	sgZNF727_5	NA	NA	NA	NA
NA	sgZNF729_4	NA	NA	NA	NA
NA	sgZNF730_1	NA	NA	NA	NA
NA	sgZNF736_1	NA	NA	NA	NA
NA	sgZNF736_3	NA	NA	NA	NA
NA	sgZNF737_1	NA	NA	NA	NA
NA	sgZNF747_2	NA	NA	NA	NA
NA	sgZNF747_3	NA	NA	NA	NA
NA	sgZNF763_3	NA	NA	NA	NA
NA	sgZNF763_4	NA	NA	NA	NA
NA	sgZNF765_1	NA	NA	NA	NA
NA	sgZNF765_2	NA	NA	NA	NA
NA	sgZNF765_4	NA	NA	NA	NA
NA	sgZNF766_1	NA	NA	NA	NA
NA	sgZNF766_3	NA	NA	NA	NA
NA	sgZNF768_1	NA	NA	NA	NA
NA	sgZNF770_1	NA	NA	NA	NA
NA	sgZNF770_2	NA	NA	NA	NA
NA	sgZNF770_5	NA	NA	NA	NA
NA	sgZNF772_3	NA	NA	NA	NA
NA	sgZNF773_4	NA	NA	NA	NA
NA	sgZNF780A_4	NA	NA	NA	NA
NA	sgZNF780A_8	NA	NA	NA	NA
NA	sgZNF780B_1	NA	NA	NA	NA
NA	sgZNF781_2	NA	NA	NA	NA
NA	sgZNF782_2	NA	NA	NA	NA
NA	sgZNF789_2	NA	NA	NA	NA
NA	sgZNF808_3	NA	NA	NA	NA
NA	sgZNF812_2	NA	NA	NA	NA
NA	sgZNF813_1	NA	NA	NA	NA
NA	sgZNF813_3	NA	NA	NA	NA
NA	sgZNF830_4	NA	NA	NA	NA
NA	sgZNF836_5	NA	NA	NA	NA
NA	sgZNF839_5	NA	NA	NA	NA
NA	sgZNF845_2	NA	NA	NA	NA
NA	sgZNF845_3	NA	NA	NA	NA
NA	sgZNF845_4	NA	NA	NA	NA
NA	sgZNF845_5	NA	NA	NA	NA
NA	sgZNF846_3	NA	NA	NA	NA
NA	sgZNF846_5	NA	NA	NA	NA
NA	sgZNF850_5	NA	NA	NA	NA
NA	sgZNF85_2	NA	NA	NA	NA
NA	sgZNF85_3	NA	NA	NA	NA
NA	sgZNF880_3	NA	NA	NA	NA
NA	sgZNF90_1	NA	NA	NA	NA
NA	sgZNF91_2	NA	NA	NA	NA
NA	sgZNF92_1	NA	NA	NA	NA
NA	sgZNF92_4	NA	NA	NA	NA
NA	sgZNF93_5	NA	NA	NA	NA
NA	sgZNF98_3	NA	NA	NA	NA
NA	sgZNF99_3	NA	NA	NA	NA
NA	sgZNFX1_4	NA	NA	NA	NA
NA	sgZNHIT1_3	NA	NA	NA	NA
NA	sgZNHIT1_5	NA	NA	NA	NA
NA	sgZNHIT3_5	NA	NA	NA	NA
NA	sgZNRF2_1	NA	NA	NA	NA
NA	sgZNRF2_2	NA	NA	NA	NA
NA	sgZNRF2_4	NA	NA	NA	NA
NA	sgZP1_5	NA	NA	NA	NA
NA	sgZPBP_1	NA	NA	NA	NA
NA	sgZPBP_3	NA	NA	NA	NA
NA	sgZRANB2_4	NA	NA	NA	NA
NA	sgZSCAN30_1	NA	NA	NA	NA
NA	sgZSCAN31_4	NA	NA	NA	NA
NA	sgZSCAN31_7	NA	NA	NA	NA
NA	sgZSCAN32_1	NA	NA	NA	NA
NA	sgZSCAN4_3	NA	NA	NA	NA
NA	sgZSCAN5A_5	NA	NA	NA	NA
NA	sgZSCAN5B_3	NA	NA	NA	NA
NA	sgZSCAN9_4	NA	NA	NA	NA
NA	sgZSWIM1_5	NA	NA	NA	NA
NA	sgZSWIM7_2	NA	NA	NA	NA
NA	sgZSWIM7_4	NA	NA	NA	NA
NA	sgZW10_2	NA	NA	NA	NA
NA	sgZXDA_2	NA	NA	NA	NA
